[0.194s] Invoking command in '/home/meta/Documents/robotics_workspace_new/build/robokpy_interfaces': CMAKE_PREFIX_PATH=${CMAKE_PREFIX_PATH}:/home/meta/Documents/robotics_workspace_new/install/robokpy_controller:/home/meta/Documents/robotics_workspace_new/install/robokpy:/opt/ros/jazzy DEBUGINFOD_URLS=https://debuginfod.ubuntu.com /bin/cmake --build /home/meta/Documents/robotics_workspace_new/build/robokpy_interfaces -- -j4 -l4
[3.026s] [  1%] Built target robokpy_interfaces__rosidl_generator_type_description
[4.913s] [  1%] Built target ament_cmake_python_copy_robokpy_interfaces
[7.215s] [ 29%] Built target robokpy_interfaces__rosidl_generator_c
[8.388s] running egg_info
[8.477s] writing robokpy_interfaces.egg-info/PKG-INFO
[8.479s] writing dependency_links to robokpy_interfaces.egg-info/dependency_links.txt
[8.479s] writing top-level names to robokpy_interfaces.egg-info/top_level.txt
[8.749s] reading manifest file 'robokpy_interfaces.egg-info/SOURCES.txt'
[8.751s] writing manifest file 'robokpy_interfaces.egg-info/SOURCES.txt'
[8.815s] [ 29%] Built target ament_cmake_python_build_robokpy_interfaces_egg
[9.518s] [ 39%] Built target robokpy_interfaces__rosidl_typesupport_introspection_c
[10.544s] [ 49%] Built target robokpy_interfaces__rosidl_typesupport_c
[11.879s] [ 59%] Built target robokpy_interfaces__rosidl_typesupport_fastrtps_c
[12.197s] [ 59%] Built target robokpy_interfaces__cpp
[13.105s] [ 68%] Built target robokpy_interfaces__rosidl_typesupport_cpp
[13.629s] [ 78%] Built target robokpy_interfaces__rosidl_typesupport_introspection_cpp
[14.252s] [ 88%] Built target robokpy_interfaces__rosidl_typesupport_fastrtps_cpp
[14.445s] [ 88%] Built target robokpy_interfaces
[14.649s] [ 88%] Built target robokpy_interfaces__py
[15.669s] [ 97%] Built target robokpy_interfaces__rosidl_generator_py
[15.954s] [ 98%] Built target robokpy_interfaces_s__rosidl_typesupport_fastrtps_c
[16.177s] [ 99%] Built target robokpy_interfaces_s__rosidl_typesupport_c
[16.371s] [100%] Built target robokpy_interfaces_s__rosidl_typesupport_introspection_c
[16.408s] Invoked command in '/home/meta/Documents/robotics_workspace_new/build/robokpy_interfaces' returned '0': CMAKE_PREFIX_PATH=${CMAKE_PREFIX_PATH}:/home/meta/Documents/robotics_workspace_new/install/robokpy_controller:/home/meta/Documents/robotics_workspace_new/install/robokpy:/opt/ros/jazzy DEBUGINFOD_URLS=https://debuginfod.ubuntu.com /bin/cmake --build /home/meta/Documents/robotics_workspace_new/build/robokpy_interfaces -- -j4 -l4
[18.320s] Invoking command in '/home/meta/Documents/robotics_workspace_new/build/robokpy_interfaces': CMAKE_PREFIX_PATH=${CMAKE_PREFIX_PATH}:/home/meta/Documents/robotics_workspace_new/install/robokpy_controller:/home/meta/Documents/robotics_workspace_new/install/robokpy:/opt/ros/jazzy DEBUGINFOD_URLS=https://debuginfod.ubuntu.com /bin/cmake --install /home/meta/Documents/robotics_workspace_new/build/robokpy_interfaces
[18.447s] -- Install configuration: ""
[18.476s] -- Up-to-date: /home/meta/Documents/robotics_workspace_new/install/robokpy_interfaces/share/ament_index/resource_index/rosidl_interfaces/robokpy_interfaces
[18.476s] -- Up-to-date: /home/meta/Documents/robotics_workspace_new/install/robokpy_interfaces/share/robokpy_interfaces/srv/ExecutionState.json
[18.477s] -- Up-to-date: /home/meta/Documents/robotics_workspace_new/install/robokpy_interfaces/share/robokpy_interfaces/srv/SystemMode.json
[18.478s] -- Up-to-date: /home/meta/Documents/robotics_workspace_new/install/robokpy_interfaces/share/robokpy_interfaces/srv/FK.json
[18.479s] -- Up-to-date: /home/meta/Documents/robotics_workspace_new/install/robokpy_interfaces/share/robokpy_interfaces/srv/IK.json
[18.480s] -- Up-to-date: /home/meta/Documents/robotics_workspace_new/install/robokpy_interfaces/share/robokpy_interfaces/srv/Jacobian.json
[18.480s] -- Up-to-date: /home/meta/Documents/robotics_workspace_new/install/robokpy_interfaces/share/robokpy_interfaces/srv/Reachable.json
[18.481s] -- Up-to-date: /home/meta/Documents/robotics_workspace_new/install/robokpy_interfaces/share/robokpy_interfaces/srv/ChainFK.json
[18.481s] -- Up-to-date: /home/meta/Documents/robotics_workspace_new/install/robokpy_interfaces/share/robokpy_interfaces/srv/SetPlanningTipLink.json
[18.481s] -- Up-to-date: /home/meta/Documents/robotics_workspace_new/install/robokpy_interfaces/share/robokpy_interfaces/srv/GraspAttach.json
[18.482s] -- Up-to-date: /home/meta/Documents/robotics_workspace_new/install/robokpy_interfaces/share/robokpy_interfaces/srv/ResumeExecution.json
[18.483s] -- Up-to-date: /home/meta/Documents/robotics_workspace_new/install/robokpy_interfaces/share/robokpy_interfaces/srv/LoadRecipe.json
[18.483s] -- Up-to-date: /home/meta/Documents/robotics_workspace_new/install/robokpy_interfaces/share/robokpy_interfaces/srv/SpawnObject.json
[18.483s] -- Up-to-date: /home/meta/Documents/robotics_workspace_new/install/robokpy_interfaces/share/robokpy_interfaces/srv/DespawnObject.json
[18.484s] -- Up-to-date: /home/meta/Documents/robotics_workspace_new/install/robokpy_interfaces/share/robokpy_interfaces/srv/ResolveObjectPose.json
[18.484s] -- Up-to-date: /home/meta/Documents/robotics_workspace_new/install/robokpy_interfaces/share/robokpy_interfaces/msg/CellState.json
[18.484s] -- Up-to-date: /home/meta/Documents/robotics_workspace_new/install/robokpy_interfaces/share/robokpy_interfaces/action/ExecuteMotion.json
[18.485s] -- Up-to-date: /home/meta/Documents/robotics_workspace_new/install/robokpy_interfaces/share/robokpy_interfaces/action/ExecuteToolOp.json
[18.485s] -- Up-to-date: /home/meta/Documents/robotics_workspace_new/install/robokpy_interfaces/share/robokpy_interfaces/action/ExecuteVisionOp.json
[18.485s] -- Up-to-date: /home/meta/Documents/robotics_workspace_new/install/robokpy_interfaces/share/robokpy_interfaces/action/SetJointTarget.json
[18.486s] -- Up-to-date: /home/meta/Documents/robotics_workspace_new/install/robokpy_interfaces/include/robokpy_interfaces/robokpy_interfaces
[18.486s] -- Up-to-date: /home/meta/Documents/robotics_workspace_new/install/robokpy_interfaces/include/robokpy_interfaces/robokpy_interfaces/srv
[18.487s] -- Up-to-date: /home/meta/Documents/robotics_workspace_new/install/robokpy_interfaces/include/robokpy_interfaces/robokpy_interfaces/srv/set_planning_tip_link.h
[18.487s] -- Up-to-date: /home/meta/Documents/robotics_workspace_new/install/robokpy_interfaces/include/robokpy_interfaces/robokpy_interfaces/srv/execution_state.h
[18.487s] -- Up-to-date: /home/meta/Documents/robotics_workspace_new/install/robokpy_interfaces/include/robokpy_interfaces/robokpy_interfaces/srv/ik.h
[18.488s] -- Up-to-date: /home/meta/Documents/robotics_workspace_new/install/robokpy_interfaces/include/robokpy_interfaces/robokpy_interfaces/srv/system_mode.h
[18.488s] -- Up-to-date: /home/meta/Documents/robotics_workspace_new/install/robokpy_interfaces/include/robokpy_interfaces/robokpy_interfaces/srv/fk.h
[18.488s] -- Up-to-date: /home/meta/Documents/robotics_workspace_new/install/robokpy_interfaces/include/robokpy_interfaces/robokpy_interfaces/srv/detail
[18.488s] -- Installing: /home/meta/Documents/robotics_workspace_new/install/robokpy_interfaces/include/robokpy_interfaces/robokpy_interfaces/srv/detail/spawn_object__type_support.c
[18.509s] -- Up-to-date: /home/meta/Documents/robotics_workspace_new/install/robokpy_interfaces/include/robokpy_interfaces/robokpy_interfaces/srv/detail/despawnobject__struct.h
[18.509s] -- Up-to-date: /home/meta/Documents/robotics_workspace_new/install/robokpy_interfaces/include/robokpy_interfaces/robokpy_interfaces/srv/detail/jacobian__struct.h
[18.509s] -- Up-to-date: /home/meta/Documents/robotics_workspace_new/install/robokpy_interfaces/include/robokpy_interfaces/robokpy_interfaces/srv/detail/chain_fk__struct.h
[18.509s] -- Up-to-date: /home/meta/Documents/robotics_workspace_new/install/robokpy_interfaces/include/robokpy_interfaces/robokpy_interfaces/srv/detail/jacobian__functions.h
[18.510s] -- Installing: /home/meta/Documents/robotics_workspace_new/install/robokpy_interfaces/include/robokpy_interfaces/robokpy_interfaces/srv/detail/system_mode__type_support.c
[18.543s] -- Up-to-date: /home/meta/Documents/robotics_workspace_new/install/robokpy_interfaces/include/robokpy_interfaces/robokpy_interfaces/srv/detail/resume_execution__functions.c
[18.544s] -- Up-to-date: /home/meta/Documents/robotics_workspace_new/install/robokpy_interfaces/include/robokpy_interfaces/robokpy_interfaces/srv/detail/ik__functions.h
[18.544s] -- Up-to-date: /home/meta/Documents/robotics_workspace_new/install/robokpy_interfaces/include/robokpy_interfaces/robokpy_interfaces/srv/detail/fk__struct.h
[18.544s] -- Up-to-date: /home/meta/Documents/robotics_workspace_new/install/robokpy_interfaces/include/robokpy_interfaces/robokpy_interfaces/srv/detail/execution_state__description.c
[18.545s] -- Up-to-date: /home/meta/Documents/robotics_workspace_new/install/robokpy_interfaces/include/robokpy_interfaces/robokpy_interfaces/srv/detail/chain_fk__functions.h
[18.545s] -- Up-to-date: /home/meta/Documents/robotics_workspace_new/install/robokpy_interfaces/include/robokpy_interfaces/robokpy_interfaces/srv/detail/fk__functions.h
[18.545s] -- Up-to-date: /home/meta/Documents/robotics_workspace_new/install/robokpy_interfaces/include/robokpy_interfaces/robokpy_interfaces/srv/detail/execution_state__functions.c
[18.545s] -- Installing: /home/meta/Documents/robotics_workspace_new/install/robokpy_interfaces/include/robokpy_interfaces/robokpy_interfaces/srv/detail/despawn_object__type_support.c
[18.575s] -- Up-to-date: /home/meta/Documents/robotics_workspace_new/install/robokpy_interfaces/include/robokpy_interfaces/robokpy_interfaces/srv/detail/resolve_object_pose__functions.h
[18.575s] -- Up-to-date: /home/meta/Documents/robotics_workspace_new/install/robokpy_interfaces/include/robokpy_interfaces/robokpy_interfaces/srv/detail/chain_fk__type_support.h
[18.575s] -- Up-to-date: /home/meta/Documents/robotics_workspace_new/install/robokpy_interfaces/include/robokpy_interfaces/robokpy_interfaces/srv/detail/despawnobject__description.c
[18.576s] -- Up-to-date: /home/meta/Documents/robotics_workspace_new/install/robokpy_interfaces/include/robokpy_interfaces/robokpy_interfaces/srv/detail/system_mode__type_support.h
[18.576s] -- Up-to-date: /home/meta/Documents/robotics_workspace_new/install/robokpy_interfaces/include/robokpy_interfaces/robokpy_interfaces/srv/detail/chain_fk__description.c
[18.576s] -- Up-to-date: /home/meta/Documents/robotics_workspace_new/install/robokpy_interfaces/include/robokpy_interfaces/robokpy_interfaces/srv/detail/system_mode__functions.c
[18.577s] -- Up-to-date: /home/meta/Documents/robotics_workspace_new/install/robokpy_interfaces/include/robokpy_interfaces/robokpy_interfaces/srv/detail/set_planning_tip_link__type_support.h
[18.577s] -- Up-to-date: /home/meta/Documents/robotics_workspace_new/install/robokpy_interfaces/include/robokpy_interfaces/robokpy_interfaces/srv/detail/spawn_object__functions.c
[18.577s] -- Up-to-date: /home/meta/Documents/robotics_workspace_new/install/robokpy_interfaces/include/robokpy_interfaces/robokpy_interfaces/srv/detail/grasp_attach__functions.h
[18.578s] -- Installing: /home/meta/Documents/robotics_workspace_new/install/robokpy_interfaces/include/robokpy_interfaces/robokpy_interfaces/srv/detail/chain_fk__type_support.c
[18.629s] -- Up-to-date: /home/meta/Documents/robotics_workspace_new/install/robokpy_interfaces/include/robokpy_interfaces/robokpy_interfaces/srv/detail/despawn_object__description.c
[18.629s] -- Up-to-date: /home/meta/Documents/robotics_workspace_new/install/robokpy_interfaces/include/robokpy_interfaces/robokpy_interfaces/srv/detail/set_planning_tip_link__description.c
[18.629s] -- Up-to-date: /home/meta/Documents/robotics_workspace_new/install/robokpy_interfaces/include/robokpy_interfaces/robokpy_interfaces/srv/detail/reachable__functions.h
[18.629s] -- Up-to-date: /home/meta/Documents/robotics_workspace_new/install/robokpy_interfaces/include/robokpy_interfaces/robokpy_interfaces/srv/detail/ik__struct.h
[18.629s] -- Installing: /home/meta/Documents/robotics_workspace_new/install/robokpy_interfaces/include/robokpy_interfaces/robokpy_interfaces/srv/detail/despawnobject__type_support.c
[18.672s] -- Up-to-date: /home/meta/Documents/robotics_workspace_new/install/robokpy_interfaces/include/robokpy_interfaces/robokpy_interfaces/srv/detail/spawn_object__functions.h
[18.672s] -- Up-to-date: /home/meta/Documents/robotics_workspace_new/install/robokpy_interfaces/include/robokpy_interfaces/robokpy_interfaces/srv/detail/resume_execution__type_support.h
[18.672s] -- Up-to-date: /home/meta/Documents/robotics_workspace_new/install/robokpy_interfaces/include/robokpy_interfaces/robokpy_interfaces/srv/detail/spawn_object__type_support.h
[18.672s] -- Up-to-date: /home/meta/Documents/robotics_workspace_new/install/robokpy_interfaces/include/robokpy_interfaces/robokpy_interfaces/srv/detail/load_recipe__struct.h
[18.672s] -- Up-to-date: /home/meta/Documents/robotics_workspace_new/install/robokpy_interfaces/include/robokpy_interfaces/robokpy_interfaces/srv/detail/set_planning_tip_link__struct.h
[18.672s] -- Installing: /home/meta/Documents/robotics_workspace_new/install/robokpy_interfaces/include/robokpy_interfaces/robokpy_interfaces/srv/detail/reachable__type_support.c
[18.715s] -- Installing: /home/meta/Documents/robotics_workspace_new/install/robokpy_interfaces/include/robokpy_interfaces/robokpy_interfaces/srv/detail/resolve_object_pose__type_support.c
[18.754s] -- Up-to-date: /home/meta/Documents/robotics_workspace_new/install/robokpy_interfaces/include/robokpy_interfaces/robokpy_interfaces/srv/detail/jacobian__description.c
[18.754s] -- Up-to-date: /home/meta/Documents/robotics_workspace_new/install/robokpy_interfaces/include/robokpy_interfaces/robokpy_interfaces/srv/detail/despawn_object__functions.h
[18.754s] -- Up-to-date: /home/meta/Documents/robotics_workspace_new/install/robokpy_interfaces/include/robokpy_interfaces/robokpy_interfaces/srv/detail/spawnobject__functions.h
[18.754s] -- Installing: /home/meta/Documents/robotics_workspace_new/install/robokpy_interfaces/include/robokpy_interfaces/robokpy_interfaces/srv/detail/spawnobject__type_support.c
[18.810s] -- Up-to-date: /home/meta/Documents/robotics_workspace_new/install/robokpy_interfaces/include/robokpy_interfaces/robokpy_interfaces/srv/detail/resolve_object_pose__struct.h
[18.810s] -- Up-to-date: /home/meta/Documents/robotics_workspace_new/install/robokpy_interfaces/include/robokpy_interfaces/robokpy_interfaces/srv/detail/spawn_object__struct.h
[18.811s] -- Up-to-date: /home/meta/Documents/robotics_workspace_new/install/robokpy_interfaces/include/robokpy_interfaces/robokpy_interfaces/srv/detail/despawnobject__functions.h
[18.811s] -- Up-to-date: /home/meta/Documents/robotics_workspace_new/install/robokpy_interfaces/include/robokpy_interfaces/robokpy_interfaces/srv/detail/load_recipe__functions.c
[18.811s] -- Installing: /home/meta/Documents/robotics_workspace_new/install/robokpy_interfaces/include/robokpy_interfaces/robokpy_interfaces/srv/detail/ik__type_support.c
[18.857s] -- Up-to-date: /home/meta/Documents/robotics_workspace_new/install/robokpy_interfaces/include/robokpy_interfaces/robokpy_interfaces/srv/detail/fk__functions.c
[18.857s] -- Installing: /home/meta/Documents/robotics_workspace_new/install/robokpy_interfaces/include/robokpy_interfaces/robokpy_interfaces/srv/detail/fk__type_support.c
[18.898s] -- Installing: /home/meta/Documents/robotics_workspace_new/install/robokpy_interfaces/include/robokpy_interfaces/robokpy_interfaces/srv/detail/resume_execution__type_support.c
[18.939s] -- Installing: /home/meta/Documents/robotics_workspace_new/install/robokpy_interfaces/include/robokpy_interfaces/robokpy_interfaces/srv/detail/set_planning_tip_link__type_support.c
[18.993s] -- Up-to-date: /home/meta/Documents/robotics_workspace_new/install/robokpy_interfaces/include/robokpy_interfaces/robokpy_interfaces/srv/detail/spawnobject__type_support.h
[18.993s] -- Up-to-date: /home/meta/Documents/robotics_workspace_new/install/robokpy_interfaces/include/robokpy_interfaces/robokpy_interfaces/srv/detail/grasp_attach__description.c
[18.994s] -- Up-to-date: /home/meta/Documents/robotics_workspace_new/install/robokpy_interfaces/include/robokpy_interfaces/robokpy_interfaces/srv/detail/despawnobject__type_support.h
[18.994s] -- Up-to-date: /home/meta/Documents/robotics_workspace_new/install/robokpy_interfaces/include/robokpy_interfaces/robokpy_interfaces/srv/detail/execution_state__struct.h
[18.994s] -- Up-to-date: /home/meta/Documents/robotics_workspace_new/install/robokpy_interfaces/include/robokpy_interfaces/robokpy_interfaces/srv/detail/ik__type_support.h
[18.994s] -- Up-to-date: /home/meta/Documents/robotics_workspace_new/install/robokpy_interfaces/include/robokpy_interfaces/robokpy_interfaces/srv/detail/grasp_attach__struct.h
[18.994s] -- Up-to-date: /home/meta/Documents/robotics_workspace_new/install/robokpy_interfaces/include/robokpy_interfaces/robokpy_interfaces/srv/detail/ik__functions.c
[18.994s] -- Up-to-date: /home/meta/Documents/robotics_workspace_new/install/robokpy_interfaces/include/robokpy_interfaces/robokpy_interfaces/srv/detail/set_planning_tip_link__functions.h
[18.994s] -- Up-to-date: /home/meta/Documents/robotics_workspace_new/install/robokpy_interfaces/include/robokpy_interfaces/robokpy_interfaces/srv/detail/resume_execution__description.c
[18.994s] -- Up-to-date: /home/meta/Documents/robotics_workspace_new/install/robokpy_interfaces/include/robokpy_interfaces/robokpy_interfaces/srv/detail/load_recipe__description.c
[18.995s] -- Up-to-date: /home/meta/Documents/robotics_workspace_new/install/robokpy_interfaces/include/robokpy_interfaces/robokpy_interfaces/srv/detail/resolve_object_pose__type_support.h
[18.995s] -- Installing: /home/meta/Documents/robotics_workspace_new/install/robokpy_interfaces/include/robokpy_interfaces/robokpy_interfaces/srv/detail/load_recipe__type_support.c
[19.010s] -- Up-to-date: /home/meta/Documents/robotics_workspace_new/install/robokpy_interfaces/include/robokpy_interfaces/robokpy_interfaces/srv/detail/reachable__type_support.h
[19.011s] -- Up-to-date: /home/meta/Documents/robotics_workspace_new/install/robokpy_interfaces/include/robokpy_interfaces/robokpy_interfaces/srv/detail/chain_fk__functions.c
[19.011s] -- Installing: /home/meta/Documents/robotics_workspace_new/install/robokpy_interfaces/include/robokpy_interfaces/robokpy_interfaces/srv/detail/jacobian__type_support.c
[19.033s] -- Up-to-date: /home/meta/Documents/robotics_workspace_new/install/robokpy_interfaces/include/robokpy_interfaces/robokpy_interfaces/srv/detail/resolve_object_pose__description.c
[19.033s] -- Up-to-date: /home/meta/Documents/robotics_workspace_new/install/robokpy_interfaces/include/robokpy_interfaces/robokpy_interfaces/srv/detail/spawnobject__functions.c
[19.034s] -- Up-to-date: /home/meta/Documents/robotics_workspace_new/install/robokpy_interfaces/include/robokpy_interfaces/robokpy_interfaces/srv/detail/reachable__description.c
[19.034s] -- Up-to-date: /home/meta/Documents/robotics_workspace_new/install/robokpy_interfaces/include/robokpy_interfaces/robokpy_interfaces/srv/detail/reachable__functions.c
[19.034s] -- Up-to-date: /home/meta/Documents/robotics_workspace_new/install/robokpy_interfaces/include/robokpy_interfaces/robokpy_interfaces/srv/detail/despawn_object__functions.c
[19.034s] -- Up-to-date: /home/meta/Documents/robotics_workspace_new/install/robokpy_interfaces/include/robokpy_interfaces/robokpy_interfaces/srv/detail/jacobian__functions.c
[19.034s] -- Up-to-date: /home/meta/Documents/robotics_workspace_new/install/robokpy_interfaces/include/robokpy_interfaces/robokpy_interfaces/srv/detail/resolve_object_pose__functions.c
[19.034s] -- Installing: /home/meta/Documents/robotics_workspace_new/install/robokpy_interfaces/include/robokpy_interfaces/robokpy_interfaces/srv/detail/grasp_attach__type_support.c
[19.073s] -- Up-to-date: /home/meta/Documents/robotics_workspace_new/install/robokpy_interfaces/include/robokpy_interfaces/robokpy_interfaces/srv/detail/execution_state__type_support.h
[19.073s] -- Up-to-date: /home/meta/Documents/robotics_workspace_new/install/robokpy_interfaces/include/robokpy_interfaces/robokpy_interfaces/srv/detail/spawn_object__description.c
[19.074s] -- Up-to-date: /home/meta/Documents/robotics_workspace_new/install/robokpy_interfaces/include/robokpy_interfaces/robokpy_interfaces/srv/detail/despawn_object__struct.h
[19.074s] -- Up-to-date: /home/meta/Documents/robotics_workspace_new/install/robokpy_interfaces/include/robokpy_interfaces/robokpy_interfaces/srv/detail/load_recipe__type_support.h
[19.074s] -- Up-to-date: /home/meta/Documents/robotics_workspace_new/install/robokpy_interfaces/include/robokpy_interfaces/robokpy_interfaces/srv/detail/resume_execution__functions.h
[19.075s] -- Up-to-date: /home/meta/Documents/robotics_workspace_new/install/robokpy_interfaces/include/robokpy_interfaces/robokpy_interfaces/srv/detail/ik__description.c
[19.075s] -- Up-to-date: /home/meta/Documents/robotics_workspace_new/install/robokpy_interfaces/include/robokpy_interfaces/robokpy_interfaces/srv/detail/grasp_attach__type_support.h
[19.075s] -- Up-to-date: /home/meta/Documents/robotics_workspace_new/install/robokpy_interfaces/include/robokpy_interfaces/robokpy_interfaces/srv/detail/spawnobject__struct.h
[19.076s] -- Up-to-date: /home/meta/Documents/robotics_workspace_new/install/robokpy_interfaces/include/robokpy_interfaces/robokpy_interfaces/srv/detail/set_planning_tip_link__functions.c
[19.076s] -- Up-to-date: /home/meta/Documents/robotics_workspace_new/install/robokpy_interfaces/include/robokpy_interfaces/robokpy_interfaces/srv/detail/grasp_attach__functions.c
[19.076s] -- Up-to-date: /home/meta/Documents/robotics_workspace_new/install/robokpy_interfaces/include/robokpy_interfaces/robokpy_interfaces/srv/detail/fk__description.c
[19.076s] -- Up-to-date: /home/meta/Documents/robotics_workspace_new/install/robokpy_interfaces/include/robokpy_interfaces/robokpy_interfaces/srv/detail/load_recipe__functions.h
[19.077s] -- Up-to-date: /home/meta/Documents/robotics_workspace_new/install/robokpy_interfaces/include/robokpy_interfaces/robokpy_interfaces/srv/detail/despawn_object__type_support.h
[19.077s] -- Up-to-date: /home/meta/Documents/robotics_workspace_new/install/robokpy_interfaces/include/robokpy_interfaces/robokpy_interfaces/srv/detail/reachable__struct.h
[19.077s] -- Installing: /home/meta/Documents/robotics_workspace_new/install/robokpy_interfaces/include/robokpy_interfaces/robokpy_interfaces/srv/detail/execution_state__type_support.c
[19.105s] -- Up-to-date: /home/meta/Documents/robotics_workspace_new/install/robokpy_interfaces/include/robokpy_interfaces/robokpy_interfaces/srv/detail/fk__type_support.h
[19.106s] -- Up-to-date: /home/meta/Documents/robotics_workspace_new/install/robokpy_interfaces/include/robokpy_interfaces/robokpy_interfaces/srv/detail/resume_execution__struct.h
[19.106s] -- Up-to-date: /home/meta/Documents/robotics_workspace_new/install/robokpy_interfaces/include/robokpy_interfaces/robokpy_interfaces/srv/detail/system_mode__description.c
[19.108s] -- Up-to-date: /home/meta/Documents/robotics_workspace_new/install/robokpy_interfaces/include/robokpy_interfaces/robokpy_interfaces/srv/detail/system_mode__struct.h
[19.109s] -- Up-to-date: /home/meta/Documents/robotics_workspace_new/install/robokpy_interfaces/include/robokpy_interfaces/robokpy_interfaces/srv/detail/despawnobject__functions.c
[19.109s] -- Up-to-date: /home/meta/Documents/robotics_workspace_new/install/robokpy_interfaces/include/robokpy_interfaces/robokpy_interfaces/srv/detail/spawnobject__description.c
[19.109s] -- Up-to-date: /home/meta/Documents/robotics_workspace_new/install/robokpy_interfaces/include/robokpy_interfaces/robokpy_interfaces/srv/detail/system_mode__functions.h
[19.109s] -- Up-to-date: /home/meta/Documents/robotics_workspace_new/install/robokpy_interfaces/include/robokpy_interfaces/robokpy_interfaces/srv/detail/jacobian__type_support.h
[19.110s] -- Up-to-date: /home/meta/Documents/robotics_workspace_new/install/robokpy_interfaces/include/robokpy_interfaces/robokpy_interfaces/srv/detail/execution_state__functions.h
[19.110s] -- Up-to-date: /home/meta/Documents/robotics_workspace_new/install/robokpy_interfaces/include/robokpy_interfaces/robokpy_interfaces/srv/grasp_attach.h
[19.111s] -- Up-to-date: /home/meta/Documents/robotics_workspace_new/install/robokpy_interfaces/include/robokpy_interfaces/robokpy_interfaces/srv/reachable.h
[19.111s] -- Up-to-date: /home/meta/Documents/robotics_workspace_new/install/robokpy_interfaces/include/robokpy_interfaces/robokpy_interfaces/srv/chain_fk.h
[19.111s] -- Up-to-date: /home/meta/Documents/robotics_workspace_new/install/robokpy_interfaces/include/robokpy_interfaces/robokpy_interfaces/srv/spawnobject.h
[19.111s] -- Up-to-date: /home/meta/Documents/robotics_workspace_new/install/robokpy_interfaces/include/robokpy_interfaces/robokpy_interfaces/srv/resolve_object_pose.h
[19.112s] -- Up-to-date: /home/meta/Documents/robotics_workspace_new/install/robokpy_interfaces/include/robokpy_interfaces/robokpy_interfaces/srv/jacobian.h
[19.112s] -- Up-to-date: /home/meta/Documents/robotics_workspace_new/install/robokpy_interfaces/include/robokpy_interfaces/robokpy_interfaces/srv/resume_execution.h
[19.112s] -- Up-to-date: /home/meta/Documents/robotics_workspace_new/install/robokpy_interfaces/include/robokpy_interfaces/robokpy_interfaces/srv/spawn_object.h
[19.114s] -- Up-to-date: /home/meta/Documents/robotics_workspace_new/install/robokpy_interfaces/include/robokpy_interfaces/robokpy_interfaces/srv/despawn_object.h
[19.114s] -- Up-to-date: /home/meta/Documents/robotics_workspace_new/install/robokpy_interfaces/include/robokpy_interfaces/robokpy_interfaces/srv/load_recipe.h
[19.115s] -- Up-to-date: /home/meta/Documents/robotics_workspace_new/install/robokpy_interfaces/include/robokpy_interfaces/robokpy_interfaces/srv/despawnobject.h
[19.116s] -- Up-to-date: /home/meta/Documents/robotics_workspace_new/install/robokpy_interfaces/include/robokpy_interfaces/robokpy_interfaces/action
[19.117s] -- Up-to-date: /home/meta/Documents/robotics_workspace_new/install/robokpy_interfaces/include/robokpy_interfaces/robokpy_interfaces/action/robot_trajectory.h
[19.117s] -- Up-to-date: /home/meta/Documents/robotics_workspace_new/install/robokpy_interfaces/include/robokpy_interfaces/robokpy_interfaces/action/detail
[19.118s] -- Up-to-date: /home/meta/Documents/robotics_workspace_new/install/robokpy_interfaces/include/robokpy_interfaces/robokpy_interfaces/action/detail/tool_execution__type_support.h
[19.119s] -- Up-to-date: /home/meta/Documents/robotics_workspace_new/install/robokpy_interfaces/include/robokpy_interfaces/robokpy_interfaces/action/detail/execute_vision_op__type_support.h
[19.119s] -- Up-to-date: /home/meta/Documents/robotics_workspace_new/install/robokpy_interfaces/include/robokpy_interfaces/robokpy_interfaces/action/detail/robot_trajectory__type_support.h
[19.119s] -- Up-to-date: /home/meta/Documents/robotics_workspace_new/install/robokpy_interfaces/include/robokpy_interfaces/robokpy_interfaces/action/detail/tool_execution__description.c
[19.120s] -- Installing: /home/meta/Documents/robotics_workspace_new/install/robokpy_interfaces/include/robokpy_interfaces/robokpy_interfaces/action/detail/set_joint_target__type_support.c
[19.198s] -- Up-to-date: /home/meta/Documents/robotics_workspace_new/install/robokpy_interfaces/include/robokpy_interfaces/robokpy_interfaces/action/detail/robot_trajectory__functions.h
[19.199s] -- Up-to-date: /home/meta/Documents/robotics_workspace_new/install/robokpy_interfaces/include/robokpy_interfaces/robokpy_interfaces/action/detail/execute_vision_op__struct.h
[19.199s] -- Installing: /home/meta/Documents/robotics_workspace_new/install/robokpy_interfaces/include/robokpy_interfaces/robokpy_interfaces/action/detail/execute_vision_op__type_support.c
[19.244s] -- Up-to-date: /home/meta/Documents/robotics_workspace_new/install/robokpy_interfaces/include/robokpy_interfaces/robokpy_interfaces/action/detail/robot_trajectory__functions.c
[19.244s] -- Up-to-date: /home/meta/Documents/robotics_workspace_new/install/robokpy_interfaces/include/robokpy_interfaces/robokpy_interfaces/action/detail/set_joint_target__struct.h
[19.244s] -- Installing: /home/meta/Documents/robotics_workspace_new/install/robokpy_interfaces/include/robokpy_interfaces/robokpy_interfaces/action/detail/execute_tool_op__type_support.c
[19.258s] -- Up-to-date: /home/meta/Documents/robotics_workspace_new/install/robokpy_interfaces/include/robokpy_interfaces/robokpy_interfaces/action/detail/execute_tool_op__struct.h
[19.259s] -- Up-to-date: /home/meta/Documents/robotics_workspace_new/install/robokpy_interfaces/include/robokpy_interfaces/robokpy_interfaces/action/detail/set_joint_target__functions.h
[19.259s] -- Up-to-date: /home/meta/Documents/robotics_workspace_new/install/robokpy_interfaces/include/robokpy_interfaces/robokpy_interfaces/action/detail/execute_tool_op__functions.h
[19.259s] -- Up-to-date: /home/meta/Documents/robotics_workspace_new/install/robokpy_interfaces/include/robokpy_interfaces/robokpy_interfaces/action/detail/execute_motion__type_support.h
[19.259s] -- Up-to-date: /home/meta/Documents/robotics_workspace_new/install/robokpy_interfaces/include/robokpy_interfaces/robokpy_interfaces/action/detail/set_joint_target__functions.c
[19.260s] -- Installing: /home/meta/Documents/robotics_workspace_new/install/robokpy_interfaces/include/robokpy_interfaces/robokpy_interfaces/action/detail/robot_trajectory__type_support.c
[19.295s] -- Up-to-date: /home/meta/Documents/robotics_workspace_new/install/robokpy_interfaces/include/robokpy_interfaces/robokpy_interfaces/action/detail/robot_trajectory__struct.h
[19.295s] -- Up-to-date: /home/meta/Documents/robotics_workspace_new/install/robokpy_interfaces/include/robokpy_interfaces/robokpy_interfaces/action/detail/set_joint_target__description.c
[19.295s] -- Up-to-date: /home/meta/Documents/robotics_workspace_new/install/robokpy_interfaces/include/robokpy_interfaces/robokpy_interfaces/action/detail/execute_tool_op__type_support.h
[19.295s] -- Up-to-date: /home/meta/Documents/robotics_workspace_new/install/robokpy_interfaces/include/robokpy_interfaces/robokpy_interfaces/action/detail/execute_vision_op__functions.c
[19.295s] -- Up-to-date: /home/meta/Documents/robotics_workspace_new/install/robokpy_interfaces/include/robokpy_interfaces/robokpy_interfaces/action/detail/execute_vision_op__functions.h
[19.296s] -- Up-to-date: /home/meta/Documents/robotics_workspace_new/install/robokpy_interfaces/include/robokpy_interfaces/robokpy_interfaces/action/detail/execute_vision_op__description.c
[19.296s] -- Up-to-date: /home/meta/Documents/robotics_workspace_new/install/robokpy_interfaces/include/robokpy_interfaces/robokpy_interfaces/action/detail/tool_execution__functions.h
[19.296s] -- Up-to-date: /home/meta/Documents/robotics_workspace_new/install/robokpy_interfaces/include/robokpy_interfaces/robokpy_interfaces/action/detail/robot_trajectory__description.c
[19.296s] -- Installing: /home/meta/Documents/robotics_workspace_new/install/robokpy_interfaces/include/robokpy_interfaces/robokpy_interfaces/action/detail/tool_execution__type_support.c
[19.329s] -- Up-to-date: /home/meta/Documents/robotics_workspace_new/install/robokpy_interfaces/include/robokpy_interfaces/robokpy_interfaces/action/detail/execute_motion__functions.h
[19.329s] -- Installing: /home/meta/Documents/robotics_workspace_new/install/robokpy_interfaces/include/robokpy_interfaces/robokpy_interfaces/action/detail/execute_motion__type_support.c
[19.389s] -- Up-to-date: /home/meta/Documents/robotics_workspace_new/install/robokpy_interfaces/include/robokpy_interfaces/robokpy_interfaces/action/detail/execute_motion__struct.h
[19.389s] -- Up-to-date: /home/meta/Documents/robotics_workspace_new/install/robokpy_interfaces/include/robokpy_interfaces/robokpy_interfaces/action/detail/set_joint_target__type_support.h
[19.390s] -- Up-to-date: /home/meta/Documents/robotics_workspace_new/install/robokpy_interfaces/include/robokpy_interfaces/robokpy_interfaces/action/detail/tool_execution__functions.c
[19.390s] -- Up-to-date: /home/meta/Documents/robotics_workspace_new/install/robokpy_interfaces/include/robokpy_interfaces/robokpy_interfaces/action/detail/tool_execution__struct.h
[19.390s] -- Up-to-date: /home/meta/Documents/robotics_workspace_new/install/robokpy_interfaces/include/robokpy_interfaces/robokpy_interfaces/action/detail/execute_tool_op__functions.c
[19.390s] -- Up-to-date: /home/meta/Documents/robotics_workspace_new/install/robokpy_interfaces/include/robokpy_interfaces/robokpy_interfaces/action/detail/execute_motion__functions.c
[19.391s] -- Up-to-date: /home/meta/Documents/robotics_workspace_new/install/robokpy_interfaces/include/robokpy_interfaces/robokpy_interfaces/action/detail/execute_tool_op__description.c
[19.391s] -- Up-to-date: /home/meta/Documents/robotics_workspace_new/install/robokpy_interfaces/include/robokpy_interfaces/robokpy_interfaces/action/detail/execute_motion__description.c
[19.391s] -- Up-to-date: /home/meta/Documents/robotics_workspace_new/install/robokpy_interfaces/include/robokpy_interfaces/robokpy_interfaces/action/tool_execution.h
[19.392s] -- Up-to-date: /home/meta/Documents/robotics_workspace_new/install/robokpy_interfaces/include/robokpy_interfaces/robokpy_interfaces/action/set_joint_target.h
[19.392s] -- Up-to-date: /home/meta/Documents/robotics_workspace_new/install/robokpy_interfaces/include/robokpy_interfaces/robokpy_interfaces/action/execute_motion.h
[19.392s] -- Up-to-date: /home/meta/Documents/robotics_workspace_new/install/robokpy_interfaces/include/robokpy_interfaces/robokpy_interfaces/action/execute_vision_op.h
[19.392s] -- Up-to-date: /home/meta/Documents/robotics_workspace_new/install/robokpy_interfaces/include/robokpy_interfaces/robokpy_interfaces/action/execute_tool_op.h
[19.393s] -- Up-to-date: /home/meta/Documents/robotics_workspace_new/install/robokpy_interfaces/include/robokpy_interfaces/robokpy_interfaces/msg
[19.393s] -- Up-to-date: /home/meta/Documents/robotics_workspace_new/install/robokpy_interfaces/include/robokpy_interfaces/robokpy_interfaces/msg/cell_state.h
[19.393s] -- Up-to-date: /home/meta/Documents/robotics_workspace_new/install/robokpy_interfaces/include/robokpy_interfaces/robokpy_interfaces/msg/detail
[19.393s] -- Up-to-date: /home/meta/Documents/robotics_workspace_new/install/robokpy_interfaces/include/robokpy_interfaces/robokpy_interfaces/msg/detail/cell_state__functions.h
[19.395s] -- Up-to-date: /home/meta/Documents/robotics_workspace_new/install/robokpy_interfaces/include/robokpy_interfaces/robokpy_interfaces/msg/detail/cell_state__functions.c
[19.396s] -- Up-to-date: /home/meta/Documents/robotics_workspace_new/install/robokpy_interfaces/include/robokpy_interfaces/robokpy_interfaces/msg/detail/cell_state__type_support.h
[19.396s] -- Up-to-date: /home/meta/Documents/robotics_workspace_new/install/robokpy_interfaces/include/robokpy_interfaces/robokpy_interfaces/msg/detail/cell_state__struct.h
[19.396s] -- Installing: /home/meta/Documents/robotics_workspace_new/install/robokpy_interfaces/include/robokpy_interfaces/robokpy_interfaces/msg/detail/cell_state__type_support.c
[19.408s] -- Up-to-date: /home/meta/Documents/robotics_workspace_new/install/robokpy_interfaces/include/robokpy_interfaces/robokpy_interfaces/msg/detail/cell_state__description.c
[19.409s] -- Up-to-date: /home/meta/Documents/robotics_workspace_new/install/robokpy_interfaces/include/robokpy_interfaces/robokpy_interfaces/msg/rosidl_generator_c__visibility_control.h
[19.411s] -- Up-to-date: /home/meta/Documents/robotics_workspace_new/install/robokpy_interfaces/share/robokpy_interfaces/environment/library_path.sh
[19.412s] -- Up-to-date: /home/meta/Documents/robotics_workspace_new/install/robokpy_interfaces/share/robokpy_interfaces/environment/library_path.dsv
[19.443s] -- Up-to-date: /home/meta/Documents/robotics_workspace_new/install/robokpy_interfaces/lib/librobokpy_interfaces__rosidl_generator_c.so
[19.444s] -- Up-to-date: /home/meta/Documents/robotics_workspace_new/install/robokpy_interfaces/include/robokpy_interfaces/robokpy_interfaces
[19.444s] -- Up-to-date: /home/meta/Documents/robotics_workspace_new/install/robokpy_interfaces/include/robokpy_interfaces/robokpy_interfaces/srv
[19.445s] -- Up-to-date: /home/meta/Documents/robotics_workspace_new/install/robokpy_interfaces/include/robokpy_interfaces/robokpy_interfaces/srv/detail
[19.446s] -- Up-to-date: /home/meta/Documents/robotics_workspace_new/install/robokpy_interfaces/include/robokpy_interfaces/robokpy_interfaces/srv/detail/despawn_object__rosidl_typesupport_fastrtps_c.h
[19.448s] -- Up-to-date: /home/meta/Documents/robotics_workspace_new/install/robokpy_interfaces/include/robokpy_interfaces/robokpy_interfaces/srv/detail/grasp_attach__rosidl_typesupport_fastrtps_c.h
[19.450s] -- Up-to-date: /home/meta/Documents/robotics_workspace_new/install/robokpy_interfaces/include/robokpy_interfaces/robokpy_interfaces/srv/detail/spawn_object__rosidl_typesupport_fastrtps_c.h
[19.450s] -- Up-to-date: /home/meta/Documents/robotics_workspace_new/install/robokpy_interfaces/include/robokpy_interfaces/robokpy_interfaces/srv/detail/system_mode__rosidl_typesupport_fastrtps_c.h
[19.450s] -- Up-to-date: /home/meta/Documents/robotics_workspace_new/install/robokpy_interfaces/include/robokpy_interfaces/robokpy_interfaces/srv/detail/jacobian__rosidl_typesupport_fastrtps_c.h
[19.451s] -- Up-to-date: /home/meta/Documents/robotics_workspace_new/install/robokpy_interfaces/include/robokpy_interfaces/robokpy_interfaces/srv/detail/fk__rosidl_typesupport_fastrtps_c.h
[19.451s] -- Up-to-date: /home/meta/Documents/robotics_workspace_new/install/robokpy_interfaces/include/robokpy_interfaces/robokpy_interfaces/srv/detail/ik__rosidl_typesupport_fastrtps_c.h
[19.451s] -- Up-to-date: /home/meta/Documents/robotics_workspace_new/install/robokpy_interfaces/include/robokpy_interfaces/robokpy_interfaces/srv/detail/resolve_object_pose__rosidl_typesupport_fastrtps_c.h
[19.451s] -- Up-to-date: /home/meta/Documents/robotics_workspace_new/install/robokpy_interfaces/include/robokpy_interfaces/robokpy_interfaces/srv/detail/despawnobject__rosidl_typesupport_fastrtps_c.h
[19.455s] -- Up-to-date: /home/meta/Documents/robotics_workspace_new/install/robokpy_interfaces/include/robokpy_interfaces/robokpy_interfaces/srv/detail/execution_state__rosidl_typesupport_fastrtps_c.h
[19.455s] -- Up-to-date: /home/meta/Documents/robotics_workspace_new/install/robokpy_interfaces/include/robokpy_interfaces/robokpy_interfaces/srv/detail/reachable__rosidl_typesupport_fastrtps_c.h
[19.455s] -- Up-to-date: /home/meta/Documents/robotics_workspace_new/install/robokpy_interfaces/include/robokpy_interfaces/robokpy_interfaces/srv/detail/chain_fk__rosidl_typesupport_fastrtps_c.h
[19.456s] -- Up-to-date: /home/meta/Documents/robotics_workspace_new/install/robokpy_interfaces/include/robokpy_interfaces/robokpy_interfaces/srv/detail/set_planning_tip_link__rosidl_typesupport_fastrtps_c.h
[19.456s] -- Up-to-date: /home/meta/Documents/robotics_workspace_new/install/robokpy_interfaces/include/robokpy_interfaces/robokpy_interfaces/srv/detail/load_recipe__rosidl_typesupport_fastrtps_c.h
[19.456s] -- Up-to-date: /home/meta/Documents/robotics_workspace_new/install/robokpy_interfaces/include/robokpy_interfaces/robokpy_interfaces/srv/detail/spawnobject__rosidl_typesupport_fastrtps_c.h
[19.456s] -- Up-to-date: /home/meta/Documents/robotics_workspace_new/install/robokpy_interfaces/include/robokpy_interfaces/robokpy_interfaces/srv/detail/resume_execution__rosidl_typesupport_fastrtps_c.h
[19.460s] -- Up-to-date: /home/meta/Documents/robotics_workspace_new/install/robokpy_interfaces/include/robokpy_interfaces/robokpy_interfaces/action
[19.460s] -- Up-to-date: /home/meta/Documents/robotics_workspace_new/install/robokpy_interfaces/include/robokpy_interfaces/robokpy_interfaces/action/detail
[19.460s] -- Up-to-date: /home/meta/Documents/robotics_workspace_new/install/robokpy_interfaces/include/robokpy_interfaces/robokpy_interfaces/action/detail/execute_tool_op__rosidl_typesupport_fastrtps_c.h
[19.461s] -- Up-to-date: /home/meta/Documents/robotics_workspace_new/install/robokpy_interfaces/include/robokpy_interfaces/robokpy_interfaces/action/detail/tool_execution__rosidl_typesupport_fastrtps_c.h
[19.461s] -- Up-to-date: /home/meta/Documents/robotics_workspace_new/install/robokpy_interfaces/include/robokpy_interfaces/robokpy_interfaces/action/detail/set_joint_target__rosidl_typesupport_fastrtps_c.h
[19.461s] -- Up-to-date: /home/meta/Documents/robotics_workspace_new/install/robokpy_interfaces/include/robokpy_interfaces/robokpy_interfaces/action/detail/execute_vision_op__rosidl_typesupport_fastrtps_c.h
[19.461s] -- Up-to-date: /home/meta/Documents/robotics_workspace_new/install/robokpy_interfaces/include/robokpy_interfaces/robokpy_interfaces/action/detail/execute_motion__rosidl_typesupport_fastrtps_c.h
[19.462s] -- Up-to-date: /home/meta/Documents/robotics_workspace_new/install/robokpy_interfaces/include/robokpy_interfaces/robokpy_interfaces/action/detail/robot_trajectory__rosidl_typesupport_fastrtps_c.h
[19.462s] -- Up-to-date: /home/meta/Documents/robotics_workspace_new/install/robokpy_interfaces/include/robokpy_interfaces/robokpy_interfaces/msg
[19.462s] -- Up-to-date: /home/meta/Documents/robotics_workspace_new/install/robokpy_interfaces/include/robokpy_interfaces/robokpy_interfaces/msg/detail
[19.462s] -- Up-to-date: /home/meta/Documents/robotics_workspace_new/install/robokpy_interfaces/include/robokpy_interfaces/robokpy_interfaces/msg/detail/cell_state__rosidl_typesupport_fastrtps_c.h
[19.463s] -- Up-to-date: /home/meta/Documents/robotics_workspace_new/install/robokpy_interfaces/include/robokpy_interfaces/robokpy_interfaces/msg/rosidl_typesupport_fastrtps_c__visibility_control.h
[19.463s] -- Up-to-date: /home/meta/Documents/robotics_workspace_new/install/robokpy_interfaces/lib/librobokpy_interfaces__rosidl_typesupport_fastrtps_c.so
[19.463s] -- Up-to-date: /home/meta/Documents/robotics_workspace_new/install/robokpy_interfaces/include/robokpy_interfaces/robokpy_interfaces
[19.463s] -- Up-to-date: /home/meta/Documents/robotics_workspace_new/install/robokpy_interfaces/include/robokpy_interfaces/robokpy_interfaces/srv
[19.464s] -- Up-to-date: /home/meta/Documents/robotics_workspace_new/install/robokpy_interfaces/include/robokpy_interfaces/robokpy_interfaces/srv/detail
[19.464s] -- Installing: /home/meta/Documents/robotics_workspace_new/install/robokpy_interfaces/include/robokpy_interfaces/robokpy_interfaces/srv/detail/spawn_object__type_support.c
[19.510s] -- Installing: /home/meta/Documents/robotics_workspace_new/install/robokpy_interfaces/include/robokpy_interfaces/robokpy_interfaces/srv/detail/system_mode__type_support.c
[19.526s] -- Installing: /home/meta/Documents/robotics_workspace_new/install/robokpy_interfaces/include/robokpy_interfaces/robokpy_interfaces/srv/detail/despawn_object__type_support.c
[19.632s] -- Up-to-date: /home/meta/Documents/robotics_workspace_new/install/robokpy_interfaces/include/robokpy_interfaces/robokpy_interfaces/srv/detail/fk__rosidl_typesupport_introspection_c.h
[19.633s] -- Installing: /home/meta/Documents/robotics_workspace_new/install/robokpy_interfaces/include/robokpy_interfaces/robokpy_interfaces/srv/detail/chain_fk__type_support.c
[19.695s] -- Up-to-date: /home/meta/Documents/robotics_workspace_new/install/robokpy_interfaces/include/robokpy_interfaces/robokpy_interfaces/srv/detail/spawnobject__rosidl_typesupport_introspection_c.h
[19.696s] -- Installing: /home/meta/Documents/robotics_workspace_new/install/robokpy_interfaces/include/robokpy_interfaces/robokpy_interfaces/srv/detail/despawnobject__type_support.c
[19.845s] -- Up-to-date: /home/meta/Documents/robotics_workspace_new/install/robokpy_interfaces/include/robokpy_interfaces/robokpy_interfaces/srv/detail/grasp_attach__rosidl_typesupport_introspection_c.h
[19.845s] -- Installing: /home/meta/Documents/robotics_workspace_new/install/robokpy_interfaces/include/robokpy_interfaces/robokpy_interfaces/srv/detail/reachable__type_support.c
[19.869s] -- Installing: /home/meta/Documents/robotics_workspace_new/install/robokpy_interfaces/include/robokpy_interfaces/robokpy_interfaces/srv/detail/resolve_object_pose__type_support.c
[19.965s] -- Installing: /home/meta/Documents/robotics_workspace_new/install/robokpy_interfaces/include/robokpy_interfaces/robokpy_interfaces/srv/detail/spawnobject__type_support.c
[19.977s] -- Up-to-date: /home/meta/Documents/robotics_workspace_new/install/robokpy_interfaces/include/robokpy_interfaces/robokpy_interfaces/srv/detail/ik__rosidl_typesupport_introspection_c.h
[19.978s] -- Up-to-date: /home/meta/Documents/robotics_workspace_new/install/robokpy_interfaces/include/robokpy_interfaces/robokpy_interfaces/srv/detail/set_planning_tip_link__rosidl_typesupport_introspection_c.h
[19.978s] -- Installing: /home/meta/Documents/robotics_workspace_new/install/robokpy_interfaces/include/robokpy_interfaces/robokpy_interfaces/srv/detail/ik__type_support.c
[20.025s] -- Installing: /home/meta/Documents/robotics_workspace_new/install/robokpy_interfaces/include/robokpy_interfaces/robokpy_interfaces/srv/detail/fk__type_support.c
[20.038s] -- Installing: /home/meta/Documents/robotics_workspace_new/install/robokpy_interfaces/include/robokpy_interfaces/robokpy_interfaces/srv/detail/resume_execution__type_support.c
[20.062s] -- Installing: /home/meta/Documents/robotics_workspace_new/install/robokpy_interfaces/include/robokpy_interfaces/robokpy_interfaces/srv/detail/set_planning_tip_link__type_support.c
[20.081s] -- Up-to-date: /home/meta/Documents/robotics_workspace_new/install/robokpy_interfaces/include/robokpy_interfaces/robokpy_interfaces/srv/detail/despawn_object__rosidl_typesupport_introspection_c.h
[20.081s] -- Up-to-date: /home/meta/Documents/robotics_workspace_new/install/robokpy_interfaces/include/robokpy_interfaces/robokpy_interfaces/srv/detail/jacobian__rosidl_typesupport_introspection_c.h
[20.082s] -- Installing: /home/meta/Documents/robotics_workspace_new/install/robokpy_interfaces/include/robokpy_interfaces/robokpy_interfaces/srv/detail/load_recipe__type_support.c
[20.100s] -- Installing: /home/meta/Documents/robotics_workspace_new/install/robokpy_interfaces/include/robokpy_interfaces/robokpy_interfaces/srv/detail/jacobian__type_support.c
[20.118s] -- Up-to-date: /home/meta/Documents/robotics_workspace_new/install/robokpy_interfaces/include/robokpy_interfaces/robokpy_interfaces/srv/detail/resolve_object_pose__rosidl_typesupport_introspection_c.h
[20.119s] -- Up-to-date: /home/meta/Documents/robotics_workspace_new/install/robokpy_interfaces/include/robokpy_interfaces/robokpy_interfaces/srv/detail/reachable__rosidl_typesupport_introspection_c.h
[20.119s] -- Up-to-date: /home/meta/Documents/robotics_workspace_new/install/robokpy_interfaces/include/robokpy_interfaces/robokpy_interfaces/srv/detail/load_recipe__rosidl_typesupport_introspection_c.h
[20.120s] -- Installing: /home/meta/Documents/robotics_workspace_new/install/robokpy_interfaces/include/robokpy_interfaces/robokpy_interfaces/srv/detail/grasp_attach__type_support.c
[20.202s] -- Up-to-date: /home/meta/Documents/robotics_workspace_new/install/robokpy_interfaces/include/robokpy_interfaces/robokpy_interfaces/srv/detail/despawnobject__rosidl_typesupport_introspection_c.h
[20.203s] -- Installing: /home/meta/Documents/robotics_workspace_new/install/robokpy_interfaces/include/robokpy_interfaces/robokpy_interfaces/srv/detail/execution_state__type_support.c
[20.291s] -- Up-to-date: /home/meta/Documents/robotics_workspace_new/install/robokpy_interfaces/include/robokpy_interfaces/robokpy_interfaces/srv/detail/chain_fk__rosidl_typesupport_introspection_c.h
[20.291s] -- Up-to-date: /home/meta/Documents/robotics_workspace_new/install/robokpy_interfaces/include/robokpy_interfaces/robokpy_interfaces/srv/detail/resume_execution__rosidl_typesupport_introspection_c.h
[20.294s] -- Up-to-date: /home/meta/Documents/robotics_workspace_new/install/robokpy_interfaces/include/robokpy_interfaces/robokpy_interfaces/srv/detail/execution_state__rosidl_typesupport_introspection_c.h
[20.294s] -- Up-to-date: /home/meta/Documents/robotics_workspace_new/install/robokpy_interfaces/include/robokpy_interfaces/robokpy_interfaces/srv/detail/system_mode__rosidl_typesupport_introspection_c.h
[20.294s] -- Up-to-date: /home/meta/Documents/robotics_workspace_new/install/robokpy_interfaces/include/robokpy_interfaces/robokpy_interfaces/srv/detail/spawn_object__rosidl_typesupport_introspection_c.h
[20.297s] -- Up-to-date: /home/meta/Documents/robotics_workspace_new/install/robokpy_interfaces/include/robokpy_interfaces/robokpy_interfaces/action
[20.297s] -- Up-to-date: /home/meta/Documents/robotics_workspace_new/install/robokpy_interfaces/include/robokpy_interfaces/robokpy_interfaces/action/detail
[20.297s] -- Up-to-date: /home/meta/Documents/robotics_workspace_new/install/robokpy_interfaces/include/robokpy_interfaces/robokpy_interfaces/action/detail/robot_trajectory__rosidl_typesupport_introspection_c.h
[20.298s] -- Up-to-date: /home/meta/Documents/robotics_workspace_new/install/robokpy_interfaces/include/robokpy_interfaces/robokpy_interfaces/action/detail/execute_tool_op__rosidl_typesupport_introspection_c.h
[20.298s] -- Installing: /home/meta/Documents/robotics_workspace_new/install/robokpy_interfaces/include/robokpy_interfaces/robokpy_interfaces/action/detail/set_joint_target__type_support.c
[20.388s] -- Installing: /home/meta/Documents/robotics_workspace_new/install/robokpy_interfaces/include/robokpy_interfaces/robokpy_interfaces/action/detail/execute_vision_op__type_support.c
[20.411s] -- Installing: /home/meta/Documents/robotics_workspace_new/install/robokpy_interfaces/include/robokpy_interfaces/robokpy_interfaces/action/detail/execute_tool_op__type_support.c
[20.507s] -- Up-to-date: /home/meta/Documents/robotics_workspace_new/install/robokpy_interfaces/include/robokpy_interfaces/robokpy_interfaces/action/detail/tool_execution__rosidl_typesupport_introspection_c.h
[20.508s] -- Installing: /home/meta/Documents/robotics_workspace_new/install/robokpy_interfaces/include/robokpy_interfaces/robokpy_interfaces/action/detail/robot_trajectory__type_support.c
[20.519s] -- Installing: /home/meta/Documents/robotics_workspace_new/install/robokpy_interfaces/include/robokpy_interfaces/robokpy_interfaces/action/detail/tool_execution__type_support.c
[20.544s] -- Up-to-date: /home/meta/Documents/robotics_workspace_new/install/robokpy_interfaces/include/robokpy_interfaces/robokpy_interfaces/action/detail/execute_vision_op__rosidl_typesupport_introspection_c.h
[20.544s] -- Installing: /home/meta/Documents/robotics_workspace_new/install/robokpy_interfaces/include/robokpy_interfaces/robokpy_interfaces/action/detail/execute_motion__type_support.c
[20.568s] -- Up-to-date: /home/meta/Documents/robotics_workspace_new/install/robokpy_interfaces/include/robokpy_interfaces/robokpy_interfaces/action/detail/set_joint_target__rosidl_typesupport_introspection_c.h
[20.568s] -- Up-to-date: /home/meta/Documents/robotics_workspace_new/install/robokpy_interfaces/include/robokpy_interfaces/robokpy_interfaces/action/detail/execute_motion__rosidl_typesupport_introspection_c.h
[20.568s] -- Up-to-date: /home/meta/Documents/robotics_workspace_new/install/robokpy_interfaces/include/robokpy_interfaces/robokpy_interfaces/msg
[20.569s] -- Up-to-date: /home/meta/Documents/robotics_workspace_new/install/robokpy_interfaces/include/robokpy_interfaces/robokpy_interfaces/msg/detail
[20.571s] -- Installing: /home/meta/Documents/robotics_workspace_new/install/robokpy_interfaces/include/robokpy_interfaces/robokpy_interfaces/msg/detail/cell_state__type_support.c
[20.574s] -- Up-to-date: /home/meta/Documents/robotics_workspace_new/install/robokpy_interfaces/include/robokpy_interfaces/robokpy_interfaces/msg/detail/cell_state__rosidl_typesupport_introspection_c.h
[20.575s] -- Up-to-date: /home/meta/Documents/robotics_workspace_new/install/robokpy_interfaces/include/robokpy_interfaces/robokpy_interfaces/msg/rosidl_typesupport_introspection_c__visibility_control.h
[20.576s] -- Up-to-date: /home/meta/Documents/robotics_workspace_new/install/robokpy_interfaces/lib/librobokpy_interfaces__rosidl_typesupport_introspection_c.so
[20.579s] -- Up-to-date: /home/meta/Documents/robotics_workspace_new/install/robokpy_interfaces/lib/librobokpy_interfaces__rosidl_typesupport_c.so
[20.583s] -- Up-to-date: /home/meta/Documents/robotics_workspace_new/install/robokpy_interfaces/include/robokpy_interfaces/robokpy_interfaces
[20.583s] -- Up-to-date: /home/meta/Documents/robotics_workspace_new/install/robokpy_interfaces/include/robokpy_interfaces/robokpy_interfaces/srv
[20.584s] -- Up-to-date: /home/meta/Documents/robotics_workspace_new/install/robokpy_interfaces/include/robokpy_interfaces/robokpy_interfaces/srv/spawn_object.hpp
[20.584s] -- Up-to-date: /home/meta/Documents/robotics_workspace_new/install/robokpy_interfaces/include/robokpy_interfaces/robokpy_interfaces/srv/system_mode.hpp
[20.584s] -- Up-to-date: /home/meta/Documents/robotics_workspace_new/install/robokpy_interfaces/include/robokpy_interfaces/robokpy_interfaces/srv/set_planning_tip_link.hpp
[20.589s] -- Up-to-date: /home/meta/Documents/robotics_workspace_new/install/robokpy_interfaces/include/robokpy_interfaces/robokpy_interfaces/srv/execution_state.hpp
[20.590s] -- Up-to-date: /home/meta/Documents/robotics_workspace_new/install/robokpy_interfaces/include/robokpy_interfaces/robokpy_interfaces/srv/jacobian.hpp
[20.590s] -- Up-to-date: /home/meta/Documents/robotics_workspace_new/install/robokpy_interfaces/include/robokpy_interfaces/robokpy_interfaces/srv/grasp_attach.hpp
[20.590s] -- Up-to-date: /home/meta/Documents/robotics_workspace_new/install/robokpy_interfaces/include/robokpy_interfaces/robokpy_interfaces/srv/load_recipe.hpp
[20.590s] -- Up-to-date: /home/meta/Documents/robotics_workspace_new/install/robokpy_interfaces/include/robokpy_interfaces/robokpy_interfaces/srv/detail
[20.591s] -- Up-to-date: /home/meta/Documents/robotics_workspace_new/install/robokpy_interfaces/include/robokpy_interfaces/robokpy_interfaces/srv/detail/grasp_attach__struct.hpp
[20.591s] -- Up-to-date: /home/meta/Documents/robotics_workspace_new/install/robokpy_interfaces/include/robokpy_interfaces/robokpy_interfaces/srv/detail/resume_execution__type_support.hpp
[20.591s] -- Up-to-date: /home/meta/Documents/robotics_workspace_new/install/robokpy_interfaces/include/robokpy_interfaces/robokpy_interfaces/srv/detail/ik__struct.hpp
[20.596s] -- Up-to-date: /home/meta/Documents/robotics_workspace_new/install/robokpy_interfaces/include/robokpy_interfaces/robokpy_interfaces/srv/detail/reachable__type_support.hpp
[20.597s] -- Up-to-date: /home/meta/Documents/robotics_workspace_new/install/robokpy_interfaces/include/robokpy_interfaces/robokpy_interfaces/srv/detail/system_mode__type_support.hpp
[20.597s] -- Up-to-date: /home/meta/Documents/robotics_workspace_new/install/robokpy_interfaces/include/robokpy_interfaces/robokpy_interfaces/srv/detail/despawnobject__builder.hpp
[20.597s] -- Up-to-date: /home/meta/Documents/robotics_workspace_new/install/robokpy_interfaces/include/robokpy_interfaces/robokpy_interfaces/srv/detail/despawnobject__type_support.hpp
[20.599s] -- Up-to-date: /home/meta/Documents/robotics_workspace_new/install/robokpy_interfaces/include/robokpy_interfaces/robokpy_interfaces/srv/detail/execution_state__type_support.hpp
[20.602s] -- Up-to-date: /home/meta/Documents/robotics_workspace_new/install/robokpy_interfaces/include/robokpy_interfaces/robokpy_interfaces/srv/detail/fk__type_support.hpp
[20.604s] -- Up-to-date: /home/meta/Documents/robotics_workspace_new/install/robokpy_interfaces/include/robokpy_interfaces/robokpy_interfaces/srv/detail/jacobian__struct.hpp
[20.604s] -- Up-to-date: /home/meta/Documents/robotics_workspace_new/install/robokpy_interfaces/include/robokpy_interfaces/robokpy_interfaces/srv/detail/ik__traits.hpp
[20.604s] -- Up-to-date: /home/meta/Documents/robotics_workspace_new/install/robokpy_interfaces/include/robokpy_interfaces/robokpy_interfaces/srv/detail/fk__struct.hpp
[20.604s] -- Up-to-date: /home/meta/Documents/robotics_workspace_new/install/robokpy_interfaces/include/robokpy_interfaces/robokpy_interfaces/srv/detail/grasp_attach__type_support.hpp
[20.605s] -- Up-to-date: /home/meta/Documents/robotics_workspace_new/install/robokpy_interfaces/include/robokpy_interfaces/robokpy_interfaces/srv/detail/execution_state__struct.hpp
[20.605s] -- Up-to-date: /home/meta/Documents/robotics_workspace_new/install/robokpy_interfaces/include/robokpy_interfaces/robokpy_interfaces/srv/detail/resume_execution__builder.hpp
[20.605s] -- Up-to-date: /home/meta/Documents/robotics_workspace_new/install/robokpy_interfaces/include/robokpy_interfaces/robokpy_interfaces/srv/detail/despawnobject__traits.hpp
[20.606s] -- Up-to-date: /home/meta/Documents/robotics_workspace_new/install/robokpy_interfaces/include/robokpy_interfaces/robokpy_interfaces/srv/detail/execution_state__traits.hpp
[20.606s] -- Up-to-date: /home/meta/Documents/robotics_workspace_new/install/robokpy_interfaces/include/robokpy_interfaces/robokpy_interfaces/srv/detail/chain_fk__type_support.hpp
[20.606s] -- Up-to-date: /home/meta/Documents/robotics_workspace_new/install/robokpy_interfaces/include/robokpy_interfaces/robokpy_interfaces/srv/detail/resolve_object_pose__builder.hpp
[20.606s] -- Up-to-date: /home/meta/Documents/robotics_workspace_new/install/robokpy_interfaces/include/robokpy_interfaces/robokpy_interfaces/srv/detail/resolve_object_pose__type_support.hpp
[20.612s] -- Up-to-date: /home/meta/Documents/robotics_workspace_new/install/robokpy_interfaces/include/robokpy_interfaces/robokpy_interfaces/srv/detail/fk__traits.hpp
[20.613s] -- Up-to-date: /home/meta/Documents/robotics_workspace_new/install/robokpy_interfaces/include/robokpy_interfaces/robokpy_interfaces/srv/detail/jacobian__type_support.hpp
[20.615s] -- Up-to-date: /home/meta/Documents/robotics_workspace_new/install/robokpy_interfaces/include/robokpy_interfaces/robokpy_interfaces/srv/detail/resolve_object_pose__struct.hpp
[20.616s] -- Up-to-date: /home/meta/Documents/robotics_workspace_new/install/robokpy_interfaces/include/robokpy_interfaces/robokpy_interfaces/srv/detail/despawn_object__traits.hpp
[20.616s] -- Up-to-date: /home/meta/Documents/robotics_workspace_new/install/robokpy_interfaces/include/robokpy_interfaces/robokpy_interfaces/srv/detail/load_recipe__type_support.hpp
[20.617s] -- Up-to-date: /home/meta/Documents/robotics_workspace_new/install/robokpy_interfaces/include/robokpy_interfaces/robokpy_interfaces/srv/detail/reachable__traits.hpp
[20.617s] -- Up-to-date: /home/meta/Documents/robotics_workspace_new/install/robokpy_interfaces/include/robokpy_interfaces/robokpy_interfaces/srv/detail/spawnobject__struct.hpp
[20.617s] -- Up-to-date: /home/meta/Documents/robotics_workspace_new/install/robokpy_interfaces/include/robokpy_interfaces/robokpy_interfaces/srv/detail/system_mode__builder.hpp
[20.617s] -- Up-to-date: /home/meta/Documents/robotics_workspace_new/install/robokpy_interfaces/include/robokpy_interfaces/robokpy_interfaces/srv/detail/set_planning_tip_link__builder.hpp
[20.618s] -- Up-to-date: /home/meta/Documents/robotics_workspace_new/install/robokpy_interfaces/include/robokpy_interfaces/robokpy_interfaces/srv/detail/resolve_object_pose__traits.hpp
[20.618s] -- Up-to-date: /home/meta/Documents/robotics_workspace_new/install/robokpy_interfaces/include/robokpy_interfaces/robokpy_interfaces/srv/detail/set_planning_tip_link__type_support.hpp
[20.618s] -- Up-to-date: /home/meta/Documents/robotics_workspace_new/install/robokpy_interfaces/include/robokpy_interfaces/robokpy_interfaces/srv/detail/reachable__struct.hpp
[20.621s] -- Up-to-date: /home/meta/Documents/robotics_workspace_new/install/robokpy_interfaces/include/robokpy_interfaces/robokpy_interfaces/srv/detail/resume_execution__struct.hpp
[20.622s] -- Up-to-date: /home/meta/Documents/robotics_workspace_new/install/robokpy_interfaces/include/robokpy_interfaces/robokpy_interfaces/srv/detail/spawn_object__type_support.hpp
[20.622s] -- Up-to-date: /home/meta/Documents/robotics_workspace_new/install/robokpy_interfaces/include/robokpy_interfaces/robokpy_interfaces/srv/detail/spawnobject__builder.hpp
[20.623s] -- Up-to-date: /home/meta/Documents/robotics_workspace_new/install/robokpy_interfaces/include/robokpy_interfaces/robokpy_interfaces/srv/detail/despawn_object__type_support.hpp
[20.623s] -- Up-to-date: /home/meta/Documents/robotics_workspace_new/install/robokpy_interfaces/include/robokpy_interfaces/robokpy_interfaces/srv/detail/system_mode__traits.hpp
[20.623s] -- Up-to-date: /home/meta/Documents/robotics_workspace_new/install/robokpy_interfaces/include/robokpy_interfaces/robokpy_interfaces/srv/detail/spawnobject__type_support.hpp
[20.623s] -- Up-to-date: /home/meta/Documents/robotics_workspace_new/install/robokpy_interfaces/include/robokpy_interfaces/robokpy_interfaces/srv/detail/spawn_object__struct.hpp
[20.624s] -- Up-to-date: /home/meta/Documents/robotics_workspace_new/install/robokpy_interfaces/include/robokpy_interfaces/robokpy_interfaces/srv/detail/ik__builder.hpp
[20.625s] -- Up-to-date: /home/meta/Documents/robotics_workspace_new/install/robokpy_interfaces/include/robokpy_interfaces/robokpy_interfaces/srv/detail/chain_fk__traits.hpp
[20.625s] -- Up-to-date: /home/meta/Documents/robotics_workspace_new/install/robokpy_interfaces/include/robokpy_interfaces/robokpy_interfaces/srv/detail/ik__type_support.hpp
[20.626s] -- Up-to-date: /home/meta/Documents/robotics_workspace_new/install/robokpy_interfaces/include/robokpy_interfaces/robokpy_interfaces/srv/detail/load_recipe__traits.hpp
[20.626s] -- Up-to-date: /home/meta/Documents/robotics_workspace_new/install/robokpy_interfaces/include/robokpy_interfaces/robokpy_interfaces/srv/detail/jacobian__traits.hpp
[20.626s] -- Up-to-date: /home/meta/Documents/robotics_workspace_new/install/robokpy_interfaces/include/robokpy_interfaces/robokpy_interfaces/srv/detail/despawnobject__struct.hpp
[20.627s] -- Up-to-date: /home/meta/Documents/robotics_workspace_new/install/robokpy_interfaces/include/robokpy_interfaces/robokpy_interfaces/srv/detail/execution_state__builder.hpp
[20.627s] -- Up-to-date: /home/meta/Documents/robotics_workspace_new/install/robokpy_interfaces/include/robokpy_interfaces/robokpy_interfaces/srv/detail/grasp_attach__builder.hpp
[20.627s] -- Up-to-date: /home/meta/Documents/robotics_workspace_new/install/robokpy_interfaces/include/robokpy_interfaces/robokpy_interfaces/srv/detail/jacobian__builder.hpp
[20.627s] -- Up-to-date: /home/meta/Documents/robotics_workspace_new/install/robokpy_interfaces/include/robokpy_interfaces/robokpy_interfaces/srv/detail/spawn_object__builder.hpp
[20.628s] -- Up-to-date: /home/meta/Documents/robotics_workspace_new/install/robokpy_interfaces/include/robokpy_interfaces/robokpy_interfaces/srv/detail/spawnobject__traits.hpp
[20.628s] -- Up-to-date: /home/meta/Documents/robotics_workspace_new/install/robokpy_interfaces/include/robokpy_interfaces/robokpy_interfaces/srv/detail/reachable__builder.hpp
[20.628s] -- Up-to-date: /home/meta/Documents/robotics_workspace_new/install/robokpy_interfaces/include/robokpy_interfaces/robokpy_interfaces/srv/detail/chain_fk__builder.hpp
[20.628s] -- Up-to-date: /home/meta/Documents/robotics_workspace_new/install/robokpy_interfaces/include/robokpy_interfaces/robokpy_interfaces/srv/detail/system_mode__struct.hpp
[20.629s] -- Up-to-date: /home/meta/Documents/robotics_workspace_new/install/robokpy_interfaces/include/robokpy_interfaces/robokpy_interfaces/srv/detail/grasp_attach__traits.hpp
[20.629s] -- Up-to-date: /home/meta/Documents/robotics_workspace_new/install/robokpy_interfaces/include/robokpy_interfaces/robokpy_interfaces/srv/detail/spawn_object__traits.hpp
[20.629s] -- Up-to-date: /home/meta/Documents/robotics_workspace_new/install/robokpy_interfaces/include/robokpy_interfaces/robokpy_interfaces/srv/detail/fk__builder.hpp
[20.629s] -- Up-to-date: /home/meta/Documents/robotics_workspace_new/install/robokpy_interfaces/include/robokpy_interfaces/robokpy_interfaces/srv/detail/load_recipe__builder.hpp
[20.630s] -- Up-to-date: /home/meta/Documents/robotics_workspace_new/install/robokpy_interfaces/include/robokpy_interfaces/robokpy_interfaces/srv/detail/resume_execution__traits.hpp
[20.630s] -- Up-to-date: /home/meta/Documents/robotics_workspace_new/install/robokpy_interfaces/include/robokpy_interfaces/robokpy_interfaces/srv/detail/chain_fk__struct.hpp
[20.630s] -- Up-to-date: /home/meta/Documents/robotics_workspace_new/install/robokpy_interfaces/include/robokpy_interfaces/robokpy_interfaces/srv/detail/set_planning_tip_link__traits.hpp
[20.631s] -- Up-to-date: /home/meta/Documents/robotics_workspace_new/install/robokpy_interfaces/include/robokpy_interfaces/robokpy_interfaces/srv/detail/despawn_object__builder.hpp
[20.631s] -- Up-to-date: /home/meta/Documents/robotics_workspace_new/install/robokpy_interfaces/include/robokpy_interfaces/robokpy_interfaces/srv/detail/despawn_object__struct.hpp
[20.631s] -- Up-to-date: /home/meta/Documents/robotics_workspace_new/install/robokpy_interfaces/include/robokpy_interfaces/robokpy_interfaces/srv/detail/load_recipe__struct.hpp
[20.632s] -- Up-to-date: /home/meta/Documents/robotics_workspace_new/install/robokpy_interfaces/include/robokpy_interfaces/robokpy_interfaces/srv/detail/set_planning_tip_link__struct.hpp
[20.632s] -- Up-to-date: /home/meta/Documents/robotics_workspace_new/install/robokpy_interfaces/include/robokpy_interfaces/robokpy_interfaces/srv/despawnobject.hpp
[20.632s] -- Up-to-date: /home/meta/Documents/robotics_workspace_new/install/robokpy_interfaces/include/robokpy_interfaces/robokpy_interfaces/srv/ik.hpp
[20.632s] -- Up-to-date: /home/meta/Documents/robotics_workspace_new/install/robokpy_interfaces/include/robokpy_interfaces/robokpy_interfaces/srv/spawnobject.hpp
[20.633s] -- Up-to-date: /home/meta/Documents/robotics_workspace_new/install/robokpy_interfaces/include/robokpy_interfaces/robokpy_interfaces/srv/resume_execution.hpp
[20.633s] -- Up-to-date: /home/meta/Documents/robotics_workspace_new/install/robokpy_interfaces/include/robokpy_interfaces/robokpy_interfaces/srv/reachable.hpp
[20.633s] -- Up-to-date: /home/meta/Documents/robotics_workspace_new/install/robokpy_interfaces/include/robokpy_interfaces/robokpy_interfaces/srv/fk.hpp
[20.634s] -- Up-to-date: /home/meta/Documents/robotics_workspace_new/install/robokpy_interfaces/include/robokpy_interfaces/robokpy_interfaces/srv/despawn_object.hpp
[20.634s] -- Up-to-date: /home/meta/Documents/robotics_workspace_new/install/robokpy_interfaces/include/robokpy_interfaces/robokpy_interfaces/srv/resolve_object_pose.hpp
[20.634s] -- Up-to-date: /home/meta/Documents/robotics_workspace_new/install/robokpy_interfaces/include/robokpy_interfaces/robokpy_interfaces/srv/chain_fk.hpp
[20.635s] -- Up-to-date: /home/meta/Documents/robotics_workspace_new/install/robokpy_interfaces/include/robokpy_interfaces/robokpy_interfaces/action
[20.636s] -- Up-to-date: /home/meta/Documents/robotics_workspace_new/install/robokpy_interfaces/include/robokpy_interfaces/robokpy_interfaces/action/robot_trajectory.hpp
[20.636s] -- Up-to-date: /home/meta/Documents/robotics_workspace_new/install/robokpy_interfaces/include/robokpy_interfaces/robokpy_interfaces/action/set_joint_target.hpp
[20.637s] -- Up-to-date: /home/meta/Documents/robotics_workspace_new/install/robokpy_interfaces/include/robokpy_interfaces/robokpy_interfaces/action/tool_execution.hpp
[20.638s] -- Up-to-date: /home/meta/Documents/robotics_workspace_new/install/robokpy_interfaces/include/robokpy_interfaces/robokpy_interfaces/action/detail
[20.639s] -- Up-to-date: /home/meta/Documents/robotics_workspace_new/install/robokpy_interfaces/include/robokpy_interfaces/robokpy_interfaces/action/detail/execute_motion__type_support.hpp
[20.640s] -- Up-to-date: /home/meta/Documents/robotics_workspace_new/install/robokpy_interfaces/include/robokpy_interfaces/robokpy_interfaces/action/detail/execute_tool_op__traits.hpp
[20.640s] -- Up-to-date: /home/meta/Documents/robotics_workspace_new/install/robokpy_interfaces/include/robokpy_interfaces/robokpy_interfaces/action/detail/robot_trajectory__type_support.hpp
[20.640s] -- Up-to-date: /home/meta/Documents/robotics_workspace_new/install/robokpy_interfaces/include/robokpy_interfaces/robokpy_interfaces/action/detail/robot_trajectory__struct.hpp
[20.640s] -- Up-to-date: /home/meta/Documents/robotics_workspace_new/install/robokpy_interfaces/include/robokpy_interfaces/robokpy_interfaces/action/detail/execute_vision_op__struct.hpp
[20.641s] -- Up-to-date: /home/meta/Documents/robotics_workspace_new/install/robokpy_interfaces/include/robokpy_interfaces/robokpy_interfaces/action/detail/execute_motion__traits.hpp
[20.641s] -- Up-to-date: /home/meta/Documents/robotics_workspace_new/install/robokpy_interfaces/include/robokpy_interfaces/robokpy_interfaces/action/detail/set_joint_target__builder.hpp
[20.642s] -- Up-to-date: /home/meta/Documents/robotics_workspace_new/install/robokpy_interfaces/include/robokpy_interfaces/robokpy_interfaces/action/detail/execute_vision_op__builder.hpp
[20.642s] -- Up-to-date: /home/meta/Documents/robotics_workspace_new/install/robokpy_interfaces/include/robokpy_interfaces/robokpy_interfaces/action/detail/execute_tool_op__type_support.hpp
[20.642s] -- Up-to-date: /home/meta/Documents/robotics_workspace_new/install/robokpy_interfaces/include/robokpy_interfaces/robokpy_interfaces/action/detail/tool_execution__builder.hpp
[20.643s] -- Up-to-date: /home/meta/Documents/robotics_workspace_new/install/robokpy_interfaces/include/robokpy_interfaces/robokpy_interfaces/action/detail/set_joint_target__traits.hpp
[20.643s] -- Up-to-date: /home/meta/Documents/robotics_workspace_new/install/robokpy_interfaces/include/robokpy_interfaces/robokpy_interfaces/action/detail/execute_vision_op__traits.hpp
[20.643s] -- Up-to-date: /home/meta/Documents/robotics_workspace_new/install/robokpy_interfaces/include/robokpy_interfaces/robokpy_interfaces/action/detail/execute_tool_op__struct.hpp
[20.644s] -- Up-to-date: /home/meta/Documents/robotics_workspace_new/install/robokpy_interfaces/include/robokpy_interfaces/robokpy_interfaces/action/detail/tool_execution__struct.hpp
[20.644s] -- Up-to-date: /home/meta/Documents/robotics_workspace_new/install/robokpy_interfaces/include/robokpy_interfaces/robokpy_interfaces/action/detail/set_joint_target__struct.hpp
[20.644s] -- Up-to-date: /home/meta/Documents/robotics_workspace_new/install/robokpy_interfaces/include/robokpy_interfaces/robokpy_interfaces/action/detail/execute_motion__builder.hpp
[20.644s] -- Up-to-date: /home/meta/Documents/robotics_workspace_new/install/robokpy_interfaces/include/robokpy_interfaces/robokpy_interfaces/action/detail/tool_execution__type_support.hpp
[20.645s] -- Up-to-date: /home/meta/Documents/robotics_workspace_new/install/robokpy_interfaces/include/robokpy_interfaces/robokpy_interfaces/action/detail/execute_tool_op__builder.hpp
[20.645s] -- Up-to-date: /home/meta/Documents/robotics_workspace_new/install/robokpy_interfaces/include/robokpy_interfaces/robokpy_interfaces/action/detail/tool_execution__traits.hpp
[20.645s] -- Up-to-date: /home/meta/Documents/robotics_workspace_new/install/robokpy_interfaces/include/robokpy_interfaces/robokpy_interfaces/action/detail/robot_trajectory__traits.hpp
[20.646s] -- Up-to-date: /home/meta/Documents/robotics_workspace_new/install/robokpy_interfaces/include/robokpy_interfaces/robokpy_interfaces/action/detail/robot_trajectory__builder.hpp
[20.646s] -- Up-to-date: /home/meta/Documents/robotics_workspace_new/install/robokpy_interfaces/include/robokpy_interfaces/robokpy_interfaces/action/detail/execute_vision_op__type_support.hpp
[20.646s] -- Up-to-date: /home/meta/Documents/robotics_workspace_new/install/robokpy_interfaces/include/robokpy_interfaces/robokpy_interfaces/action/detail/execute_motion__struct.hpp
[20.647s] -- Up-to-date: /home/meta/Documents/robotics_workspace_new/install/robokpy_interfaces/include/robokpy_interfaces/robokpy_interfaces/action/detail/set_joint_target__type_support.hpp
[20.647s] -- Up-to-date: /home/meta/Documents/robotics_workspace_new/install/robokpy_interfaces/include/robokpy_interfaces/robokpy_interfaces/action/execute_vision_op.hpp
[20.647s] -- Up-to-date: /home/meta/Documents/robotics_workspace_new/install/robokpy_interfaces/include/robokpy_interfaces/robokpy_interfaces/action/execute_motion.hpp
[20.647s] -- Up-to-date: /home/meta/Documents/robotics_workspace_new/install/robokpy_interfaces/include/robokpy_interfaces/robokpy_interfaces/action/execute_tool_op.hpp
[20.648s] -- Up-to-date: /home/meta/Documents/robotics_workspace_new/install/robokpy_interfaces/include/robokpy_interfaces/robokpy_interfaces/msg
[20.648s] -- Up-to-date: /home/meta/Documents/robotics_workspace_new/install/robokpy_interfaces/include/robokpy_interfaces/robokpy_interfaces/msg/rosidl_generator_cpp__visibility_control.hpp
[20.648s] -- Up-to-date: /home/meta/Documents/robotics_workspace_new/install/robokpy_interfaces/include/robokpy_interfaces/robokpy_interfaces/msg/cell_state.hpp
[20.649s] -- Up-to-date: /home/meta/Documents/robotics_workspace_new/install/robokpy_interfaces/include/robokpy_interfaces/robokpy_interfaces/msg/detail
[20.649s] -- Up-to-date: /home/meta/Documents/robotics_workspace_new/install/robokpy_interfaces/include/robokpy_interfaces/robokpy_interfaces/msg/detail/cell_state__traits.hpp
[20.649s] -- Up-to-date: /home/meta/Documents/robotics_workspace_new/install/robokpy_interfaces/include/robokpy_interfaces/robokpy_interfaces/msg/detail/cell_state__struct.hpp
[20.649s] -- Up-to-date: /home/meta/Documents/robotics_workspace_new/install/robokpy_interfaces/include/robokpy_interfaces/robokpy_interfaces/msg/detail/cell_state__type_support.hpp
[20.650s] -- Up-to-date: /home/meta/Documents/robotics_workspace_new/install/robokpy_interfaces/include/robokpy_interfaces/robokpy_interfaces/msg/detail/cell_state__builder.hpp
[20.650s] -- Up-to-date: /home/meta/Documents/robotics_workspace_new/install/robokpy_interfaces/include/robokpy_interfaces/robokpy_interfaces
[20.650s] -- Up-to-date: /home/meta/Documents/robotics_workspace_new/install/robokpy_interfaces/include/robokpy_interfaces/robokpy_interfaces/srv
[20.650s] -- Up-to-date: /home/meta/Documents/robotics_workspace_new/install/robokpy_interfaces/include/robokpy_interfaces/robokpy_interfaces/srv/detail
[20.651s] -- Up-to-date: /home/meta/Documents/robotics_workspace_new/install/robokpy_interfaces/include/robokpy_interfaces/robokpy_interfaces/srv/detail/spawn_object__rosidl_typesupport_fastrtps_cpp.hpp
[20.651s] -- Up-to-date: /home/meta/Documents/robotics_workspace_new/install/robokpy_interfaces/include/robokpy_interfaces/robokpy_interfaces/srv/detail/spawnobject__rosidl_typesupport_fastrtps_cpp.hpp
[20.651s] -- Up-to-date: /home/meta/Documents/robotics_workspace_new/install/robokpy_interfaces/include/robokpy_interfaces/robokpy_interfaces/srv/detail/reachable__rosidl_typesupport_fastrtps_cpp.hpp
[20.652s] -- Up-to-date: /home/meta/Documents/robotics_workspace_new/install/robokpy_interfaces/include/robokpy_interfaces/robokpy_interfaces/srv/detail/fk__rosidl_typesupport_fastrtps_cpp.hpp
[20.652s] -- Up-to-date: /home/meta/Documents/robotics_workspace_new/install/robokpy_interfaces/include/robokpy_interfaces/robokpy_interfaces/srv/detail/ik__rosidl_typesupport_fastrtps_cpp.hpp
[20.652s] -- Up-to-date: /home/meta/Documents/robotics_workspace_new/install/robokpy_interfaces/include/robokpy_interfaces/robokpy_interfaces/srv/detail/resolve_object_pose__rosidl_typesupport_fastrtps_cpp.hpp
[20.653s] -- Up-to-date: /home/meta/Documents/robotics_workspace_new/install/robokpy_interfaces/include/robokpy_interfaces/robokpy_interfaces/srv/detail/execution_state__rosidl_typesupport_fastrtps_cpp.hpp
[20.653s] -- Up-to-date: /home/meta/Documents/robotics_workspace_new/install/robokpy_interfaces/include/robokpy_interfaces/robokpy_interfaces/srv/detail/grasp_attach__rosidl_typesupport_fastrtps_cpp.hpp
[20.654s] -- Up-to-date: /home/meta/Documents/robotics_workspace_new/install/robokpy_interfaces/include/robokpy_interfaces/robokpy_interfaces/srv/detail/resume_execution__rosidl_typesupport_fastrtps_cpp.hpp
[20.654s] -- Up-to-date: /home/meta/Documents/robotics_workspace_new/install/robokpy_interfaces/include/robokpy_interfaces/robokpy_interfaces/srv/detail/chain_fk__rosidl_typesupport_fastrtps_cpp.hpp
[20.654s] -- Up-to-date: /home/meta/Documents/robotics_workspace_new/install/robokpy_interfaces/include/robokpy_interfaces/robokpy_interfaces/srv/detail/system_mode__rosidl_typesupport_fastrtps_cpp.hpp
[20.655s] -- Up-to-date: /home/meta/Documents/robotics_workspace_new/install/robokpy_interfaces/include/robokpy_interfaces/robokpy_interfaces/srv/detail/load_recipe__rosidl_typesupport_fastrtps_cpp.hpp
[20.655s] -- Up-to-date: /home/meta/Documents/robotics_workspace_new/install/robokpy_interfaces/include/robokpy_interfaces/robokpy_interfaces/srv/detail/despawn_object__rosidl_typesupport_fastrtps_cpp.hpp
[20.655s] -- Up-to-date: /home/meta/Documents/robotics_workspace_new/install/robokpy_interfaces/include/robokpy_interfaces/robokpy_interfaces/srv/detail/dds_fastrtps
[20.655s] -- Up-to-date: /home/meta/Documents/robotics_workspace_new/install/robokpy_interfaces/include/robokpy_interfaces/robokpy_interfaces/srv/detail/jacobian__rosidl_typesupport_fastrtps_cpp.hpp
[20.656s] -- Up-to-date: /home/meta/Documents/robotics_workspace_new/install/robokpy_interfaces/include/robokpy_interfaces/robokpy_interfaces/srv/detail/set_planning_tip_link__rosidl_typesupport_fastrtps_cpp.hpp
[20.656s] -- Up-to-date: /home/meta/Documents/robotics_workspace_new/install/robokpy_interfaces/include/robokpy_interfaces/robokpy_interfaces/srv/detail/despawnobject__rosidl_typesupport_fastrtps_cpp.hpp
[20.656s] -- Up-to-date: /home/meta/Documents/robotics_workspace_new/install/robokpy_interfaces/include/robokpy_interfaces/robokpy_interfaces/action
[20.657s] -- Up-to-date: /home/meta/Documents/robotics_workspace_new/install/robokpy_interfaces/include/robokpy_interfaces/robokpy_interfaces/action/detail
[20.657s] -- Up-to-date: /home/meta/Documents/robotics_workspace_new/install/robokpy_interfaces/include/robokpy_interfaces/robokpy_interfaces/action/detail/set_joint_target__rosidl_typesupport_fastrtps_cpp.hpp
[20.657s] -- Up-to-date: /home/meta/Documents/robotics_workspace_new/install/robokpy_interfaces/include/robokpy_interfaces/robokpy_interfaces/action/detail/robot_trajectory__rosidl_typesupport_fastrtps_cpp.hpp
[20.658s] -- Up-to-date: /home/meta/Documents/robotics_workspace_new/install/robokpy_interfaces/include/robokpy_interfaces/robokpy_interfaces/action/detail/tool_execution__rosidl_typesupport_fastrtps_cpp.hpp
[20.658s] -- Up-to-date: /home/meta/Documents/robotics_workspace_new/install/robokpy_interfaces/include/robokpy_interfaces/robokpy_interfaces/action/detail/execute_vision_op__rosidl_typesupport_fastrtps_cpp.hpp
[20.658s] -- Up-to-date: /home/meta/Documents/robotics_workspace_new/install/robokpy_interfaces/include/robokpy_interfaces/robokpy_interfaces/action/detail/dds_fastrtps
[20.659s] -- Up-to-date: /home/meta/Documents/robotics_workspace_new/install/robokpy_interfaces/include/robokpy_interfaces/robokpy_interfaces/action/detail/execute_motion__rosidl_typesupport_fastrtps_cpp.hpp
[20.659s] -- Up-to-date: /home/meta/Documents/robotics_workspace_new/install/robokpy_interfaces/include/robokpy_interfaces/robokpy_interfaces/action/detail/execute_tool_op__rosidl_typesupport_fastrtps_cpp.hpp
[20.659s] -- Up-to-date: /home/meta/Documents/robotics_workspace_new/install/robokpy_interfaces/include/robokpy_interfaces/robokpy_interfaces/msg
[20.660s] -- Up-to-date: /home/meta/Documents/robotics_workspace_new/install/robokpy_interfaces/include/robokpy_interfaces/robokpy_interfaces/msg/rosidl_typesupport_fastrtps_cpp__visibility_control.h
[20.660s] -- Up-to-date: /home/meta/Documents/robotics_workspace_new/install/robokpy_interfaces/include/robokpy_interfaces/robokpy_interfaces/msg/detail
[20.660s] -- Up-to-date: /home/meta/Documents/robotics_workspace_new/install/robokpy_interfaces/include/robokpy_interfaces/robokpy_interfaces/msg/detail/cell_state__rosidl_typesupport_fastrtps_cpp.hpp
[20.660s] -- Up-to-date: /home/meta/Documents/robotics_workspace_new/install/robokpy_interfaces/include/robokpy_interfaces/robokpy_interfaces/msg/detail/dds_fastrtps
[20.661s] -- Up-to-date: /home/meta/Documents/robotics_workspace_new/install/robokpy_interfaces/lib/librobokpy_interfaces__rosidl_typesupport_fastrtps_cpp.so
[20.661s] -- Up-to-date: /home/meta/Documents/robotics_workspace_new/install/robokpy_interfaces/include/robokpy_interfaces/robokpy_interfaces
[20.661s] -- Up-to-date: /home/meta/Documents/robotics_workspace_new/install/robokpy_interfaces/include/robokpy_interfaces/robokpy_interfaces/srv
[20.662s] -- Up-to-date: /home/meta/Documents/robotics_workspace_new/install/robokpy_interfaces/include/robokpy_interfaces/robokpy_interfaces/srv/detail
[20.662s] -- Up-to-date: /home/meta/Documents/robotics_workspace_new/install/robokpy_interfaces/include/robokpy_interfaces/robokpy_interfaces/srv/detail/spawnobject__rosidl_typesupport_introspection_cpp.hpp
[20.662s] -- Up-to-date: /home/meta/Documents/robotics_workspace_new/install/robokpy_interfaces/include/robokpy_interfaces/robokpy_interfaces/srv/detail/despawnobject__rosidl_typesupport_introspection_cpp.hpp
[20.663s] -- Up-to-date: /home/meta/Documents/robotics_workspace_new/install/robokpy_interfaces/include/robokpy_interfaces/robokpy_interfaces/srv/detail/ik__rosidl_typesupport_introspection_cpp.hpp
[20.663s] -- Up-to-date: /home/meta/Documents/robotics_workspace_new/install/robokpy_interfaces/include/robokpy_interfaces/robokpy_interfaces/srv/detail/ik__type_support.cpp
[20.663s] -- Up-to-date: /home/meta/Documents/robotics_workspace_new/install/robokpy_interfaces/include/robokpy_interfaces/robokpy_interfaces/srv/detail/jacobian__type_support.cpp
[20.664s] -- Up-to-date: /home/meta/Documents/robotics_workspace_new/install/robokpy_interfaces/include/robokpy_interfaces/robokpy_interfaces/srv/detail/despawn_object__type_support.cpp
[20.664s] -- Up-to-date: /home/meta/Documents/robotics_workspace_new/install/robokpy_interfaces/include/robokpy_interfaces/robokpy_interfaces/srv/detail/system_mode__rosidl_typesupport_introspection_cpp.hpp
[20.665s] -- Up-to-date: /home/meta/Documents/robotics_workspace_new/install/robokpy_interfaces/include/robokpy_interfaces/robokpy_interfaces/srv/detail/fk__type_support.cpp
[20.665s] -- Up-to-date: /home/meta/Documents/robotics_workspace_new/install/robokpy_interfaces/include/robokpy_interfaces/robokpy_interfaces/srv/detail/despawn_object__rosidl_typesupport_introspection_cpp.hpp
[20.665s] -- Up-to-date: /home/meta/Documents/robotics_workspace_new/install/robokpy_interfaces/include/robokpy_interfaces/robokpy_interfaces/srv/detail/despawnobject__type_support.cpp
[20.665s] -- Up-to-date: /home/meta/Documents/robotics_workspace_new/install/robokpy_interfaces/include/robokpy_interfaces/robokpy_interfaces/srv/detail/system_mode__type_support.cpp
[20.666s] -- Up-to-date: /home/meta/Documents/robotics_workspace_new/install/robokpy_interfaces/include/robokpy_interfaces/robokpy_interfaces/srv/detail/load_recipe__type_support.cpp
[20.666s] -- Up-to-date: /home/meta/Documents/robotics_workspace_new/install/robokpy_interfaces/include/robokpy_interfaces/robokpy_interfaces/srv/detail/set_planning_tip_link__type_support.cpp
[20.666s] -- Up-to-date: /home/meta/Documents/robotics_workspace_new/install/robokpy_interfaces/include/robokpy_interfaces/robokpy_interfaces/srv/detail/grasp_attach__rosidl_typesupport_introspection_cpp.hpp
[20.667s] -- Up-to-date: /home/meta/Documents/robotics_workspace_new/install/robokpy_interfaces/include/robokpy_interfaces/robokpy_interfaces/srv/detail/jacobian__rosidl_typesupport_introspection_cpp.hpp
[20.667s] -- Up-to-date: /home/meta/Documents/robotics_workspace_new/install/robokpy_interfaces/include/robokpy_interfaces/robokpy_interfaces/srv/detail/resume_execution__rosidl_typesupport_introspection_cpp.hpp
[20.667s] -- Up-to-date: /home/meta/Documents/robotics_workspace_new/install/robokpy_interfaces/include/robokpy_interfaces/robokpy_interfaces/srv/detail/chain_fk__rosidl_typesupport_introspection_cpp.hpp
[20.667s] -- Up-to-date: /home/meta/Documents/robotics_workspace_new/install/robokpy_interfaces/include/robokpy_interfaces/robokpy_interfaces/srv/detail/spawn_object__rosidl_typesupport_introspection_cpp.hpp
[20.668s] -- Up-to-date: /home/meta/Documents/robotics_workspace_new/install/robokpy_interfaces/include/robokpy_interfaces/robokpy_interfaces/srv/detail/reachable__type_support.cpp
[20.668s] -- Up-to-date: /home/meta/Documents/robotics_workspace_new/install/robokpy_interfaces/include/robokpy_interfaces/robokpy_interfaces/srv/detail/execution_state__rosidl_typesupport_introspection_cpp.hpp
[20.668s] -- Up-to-date: /home/meta/Documents/robotics_workspace_new/install/robokpy_interfaces/include/robokpy_interfaces/robokpy_interfaces/srv/detail/resume_execution__type_support.cpp
[20.668s] -- Up-to-date: /home/meta/Documents/robotics_workspace_new/install/robokpy_interfaces/include/robokpy_interfaces/robokpy_interfaces/srv/detail/resolve_object_pose__type_support.cpp
[20.669s] -- Up-to-date: /home/meta/Documents/robotics_workspace_new/install/robokpy_interfaces/include/robokpy_interfaces/robokpy_interfaces/srv/detail/grasp_attach__type_support.cpp
[20.669s] -- Up-to-date: /home/meta/Documents/robotics_workspace_new/install/robokpy_interfaces/include/robokpy_interfaces/robokpy_interfaces/srv/detail/execution_state__type_support.cpp
[20.669s] -- Up-to-date: /home/meta/Documents/robotics_workspace_new/install/robokpy_interfaces/include/robokpy_interfaces/robokpy_interfaces/srv/detail/spawnobject__type_support.cpp
[20.670s] -- Up-to-date: /home/meta/Documents/robotics_workspace_new/install/robokpy_interfaces/include/robokpy_interfaces/robokpy_interfaces/srv/detail/set_planning_tip_link__rosidl_typesupport_introspection_cpp.hpp
[20.670s] -- Up-to-date: /home/meta/Documents/robotics_workspace_new/install/robokpy_interfaces/include/robokpy_interfaces/robokpy_interfaces/srv/detail/reachable__rosidl_typesupport_introspection_cpp.hpp
[20.670s] -- Up-to-date: /home/meta/Documents/robotics_workspace_new/install/robokpy_interfaces/include/robokpy_interfaces/robokpy_interfaces/srv/detail/load_recipe__rosidl_typesupport_introspection_cpp.hpp
[20.670s] -- Up-to-date: /home/meta/Documents/robotics_workspace_new/install/robokpy_interfaces/include/robokpy_interfaces/robokpy_interfaces/srv/detail/fk__rosidl_typesupport_introspection_cpp.hpp
[20.671s] -- Up-to-date: /home/meta/Documents/robotics_workspace_new/install/robokpy_interfaces/include/robokpy_interfaces/robokpy_interfaces/srv/detail/spawn_object__type_support.cpp
[20.671s] -- Up-to-date: /home/meta/Documents/robotics_workspace_new/install/robokpy_interfaces/include/robokpy_interfaces/robokpy_interfaces/srv/detail/resolve_object_pose__rosidl_typesupport_introspection_cpp.hpp
[20.671s] -- Up-to-date: /home/meta/Documents/robotics_workspace_new/install/robokpy_interfaces/include/robokpy_interfaces/robokpy_interfaces/srv/detail/chain_fk__type_support.cpp
[20.672s] -- Up-to-date: /home/meta/Documents/robotics_workspace_new/install/robokpy_interfaces/include/robokpy_interfaces/robokpy_interfaces/action
[20.672s] -- Up-to-date: /home/meta/Documents/robotics_workspace_new/install/robokpy_interfaces/include/robokpy_interfaces/robokpy_interfaces/action/detail
[20.672s] -- Up-to-date: /home/meta/Documents/robotics_workspace_new/install/robokpy_interfaces/include/robokpy_interfaces/robokpy_interfaces/action/detail/execute_tool_op__type_support.cpp
[20.672s] -- Up-to-date: /home/meta/Documents/robotics_workspace_new/install/robokpy_interfaces/include/robokpy_interfaces/robokpy_interfaces/action/detail/execute_vision_op__type_support.cpp
[20.673s] -- Up-to-date: /home/meta/Documents/robotics_workspace_new/install/robokpy_interfaces/include/robokpy_interfaces/robokpy_interfaces/action/detail/execute_vision_op__rosidl_typesupport_introspection_cpp.hpp
[20.673s] -- Up-to-date: /home/meta/Documents/robotics_workspace_new/install/robokpy_interfaces/include/robokpy_interfaces/robokpy_interfaces/action/detail/set_joint_target__type_support.cpp
[20.673s] -- Up-to-date: /home/meta/Documents/robotics_workspace_new/install/robokpy_interfaces/include/robokpy_interfaces/robokpy_interfaces/action/detail/robot_trajectory__rosidl_typesupport_introspection_cpp.hpp
[20.674s] -- Up-to-date: /home/meta/Documents/robotics_workspace_new/install/robokpy_interfaces/include/robokpy_interfaces/robokpy_interfaces/action/detail/set_joint_target__rosidl_typesupport_introspection_cpp.hpp
[20.674s] -- Up-to-date: /home/meta/Documents/robotics_workspace_new/install/robokpy_interfaces/include/robokpy_interfaces/robokpy_interfaces/action/detail/execute_tool_op__rosidl_typesupport_introspection_cpp.hpp
[20.675s] -- Up-to-date: /home/meta/Documents/robotics_workspace_new/install/robokpy_interfaces/include/robokpy_interfaces/robokpy_interfaces/action/detail/tool_execution__rosidl_typesupport_introspection_cpp.hpp
[20.675s] -- Up-to-date: /home/meta/Documents/robotics_workspace_new/install/robokpy_interfaces/include/robokpy_interfaces/robokpy_interfaces/action/detail/tool_execution__type_support.cpp
[20.675s] -- Up-to-date: /home/meta/Documents/robotics_workspace_new/install/robokpy_interfaces/include/robokpy_interfaces/robokpy_interfaces/action/detail/execute_motion__rosidl_typesupport_introspection_cpp.hpp
[20.675s] -- Up-to-date: /home/meta/Documents/robotics_workspace_new/install/robokpy_interfaces/include/robokpy_interfaces/robokpy_interfaces/action/detail/robot_trajectory__type_support.cpp
[20.676s] -- Up-to-date: /home/meta/Documents/robotics_workspace_new/install/robokpy_interfaces/include/robokpy_interfaces/robokpy_interfaces/action/detail/execute_motion__type_support.cpp
[20.676s] -- Up-to-date: /home/meta/Documents/robotics_workspace_new/install/robokpy_interfaces/include/robokpy_interfaces/robokpy_interfaces/msg
[20.677s] -- Up-to-date: /home/meta/Documents/robotics_workspace_new/install/robokpy_interfaces/include/robokpy_interfaces/robokpy_interfaces/msg/detail
[20.677s] -- Up-to-date: /home/meta/Documents/robotics_workspace_new/install/robokpy_interfaces/include/robokpy_interfaces/robokpy_interfaces/msg/detail/cell_state__type_support.cpp
[20.677s] -- Up-to-date: /home/meta/Documents/robotics_workspace_new/install/robokpy_interfaces/include/robokpy_interfaces/robokpy_interfaces/msg/detail/cell_state__rosidl_typesupport_introspection_cpp.hpp
[20.678s] -- Up-to-date: /home/meta/Documents/robotics_workspace_new/install/robokpy_interfaces/lib/librobokpy_interfaces__rosidl_typesupport_introspection_cpp.so
[20.678s] -- Up-to-date: /home/meta/Documents/robotics_workspace_new/install/robokpy_interfaces/lib/librobokpy_interfaces__rosidl_typesupport_cpp.so
[20.678s] -- Up-to-date: /home/meta/Documents/robotics_workspace_new/install/robokpy_interfaces/share/robokpy_interfaces/environment/pythonpath.sh
[20.679s] -- Up-to-date: /home/meta/Documents/robotics_workspace_new/install/robokpy_interfaces/share/robokpy_interfaces/environment/pythonpath.dsv
[20.679s] -- Up-to-date: /home/meta/Documents/robotics_workspace_new/install/robokpy_interfaces/lib/python3.12/site-packages/robokpy_interfaces-0.0.0-py3.12.egg-info
[20.679s] -- Installing: /home/meta/Documents/robotics_workspace_new/install/robokpy_interfaces/lib/python3.12/site-packages/robokpy_interfaces-0.0.0-py3.12.egg-info/dependency_links.txt
[20.679s] -- Installing: /home/meta/Documents/robotics_workspace_new/install/robokpy_interfaces/lib/python3.12/site-packages/robokpy_interfaces-0.0.0-py3.12.egg-info/SOURCES.txt
[20.680s] -- Installing: /home/meta/Documents/robotics_workspace_new/install/robokpy_interfaces/lib/python3.12/site-packages/robokpy_interfaces-0.0.0-py3.12.egg-info/PKG-INFO
[20.680s] -- Installing: /home/meta/Documents/robotics_workspace_new/install/robokpy_interfaces/lib/python3.12/site-packages/robokpy_interfaces-0.0.0-py3.12.egg-info/top_level.txt
[20.680s] -- Up-to-date: /home/meta/Documents/robotics_workspace_new/install/robokpy_interfaces/lib/python3.12/site-packages/robokpy_interfaces
[20.681s] -- Up-to-date: /home/meta/Documents/robotics_workspace_new/install/robokpy_interfaces/lib/python3.12/site-packages/robokpy_interfaces/srv
[20.681s] -- Up-to-date: /home/meta/Documents/robotics_workspace_new/install/robokpy_interfaces/lib/python3.12/site-packages/robokpy_interfaces/srv/_resolve_object_pose_s.c
[20.681s] -- Up-to-date: /home/meta/Documents/robotics_workspace_new/install/robokpy_interfaces/lib/python3.12/site-packages/robokpy_interfaces/srv/_jacobian.py
[20.681s] -- Up-to-date: /home/meta/Documents/robotics_workspace_new/install/robokpy_interfaces/lib/python3.12/site-packages/robokpy_interfaces/srv/_resume_execution.py
[20.682s] -- Up-to-date: /home/meta/Documents/robotics_workspace_new/install/robokpy_interfaces/lib/python3.12/site-packages/robokpy_interfaces/srv/_despawnobject.py
[20.682s] -- Up-to-date: /home/meta/Documents/robotics_workspace_new/install/robokpy_interfaces/lib/python3.12/site-packages/robokpy_interfaces/srv/_grasp_attach_s.c
[20.682s] -- Up-to-date: /home/meta/Documents/robotics_workspace_new/install/robokpy_interfaces/lib/python3.12/site-packages/robokpy_interfaces/srv/_spawnobject.py
[20.683s] -- Up-to-date: /home/meta/Documents/robotics_workspace_new/install/robokpy_interfaces/lib/python3.12/site-packages/robokpy_interfaces/srv/_despawn_object_s.c
[20.683s] -- Up-to-date: /home/meta/Documents/robotics_workspace_new/install/robokpy_interfaces/lib/python3.12/site-packages/robokpy_interfaces/srv/_load_recipe_s.c
[20.683s] -- Up-to-date: /home/meta/Documents/robotics_workspace_new/install/robokpy_interfaces/lib/python3.12/site-packages/robokpy_interfaces/srv/_resume_execution_s.c
[20.684s] -- Up-to-date: /home/meta/Documents/robotics_workspace_new/install/robokpy_interfaces/lib/python3.12/site-packages/robokpy_interfaces/srv/_execution_state_s.c
[20.684s] -- Up-to-date: /home/meta/Documents/robotics_workspace_new/install/robokpy_interfaces/lib/python3.12/site-packages/robokpy_interfaces/srv/_spawnobject_s.c
[20.684s] -- Up-to-date: /home/meta/Documents/robotics_workspace_new/install/robokpy_interfaces/lib/python3.12/site-packages/robokpy_interfaces/srv/_fk_s.c
[20.684s] -- Up-to-date: /home/meta/Documents/robotics_workspace_new/install/robokpy_interfaces/lib/python3.12/site-packages/robokpy_interfaces/srv/_reachable_s.c
[20.685s] -- Up-to-date: /home/meta/Documents/robotics_workspace_new/install/robokpy_interfaces/lib/python3.12/site-packages/robokpy_interfaces/srv/_despawn_object.py
[20.685s] -- Up-to-date: /home/meta/Documents/robotics_workspace_new/install/robokpy_interfaces/lib/python3.12/site-packages/robokpy_interfaces/srv/_spawn_object.py
[20.686s] -- Up-to-date: /home/meta/Documents/robotics_workspace_new/install/robokpy_interfaces/lib/python3.12/site-packages/robokpy_interfaces/srv/_load_recipe.py
[20.686s] -- Up-to-date: /home/meta/Documents/robotics_workspace_new/install/robokpy_interfaces/lib/python3.12/site-packages/robokpy_interfaces/srv/_fk.py
[20.686s] -- Up-to-date: /home/meta/Documents/robotics_workspace_new/install/robokpy_interfaces/lib/python3.12/site-packages/robokpy_interfaces/srv/_execution_state.py
[20.687s] -- Up-to-date: /home/meta/Documents/robotics_workspace_new/install/robokpy_interfaces/lib/python3.12/site-packages/robokpy_interfaces/srv/_resolve_object_pose.py
[20.687s] -- Up-to-date: /home/meta/Documents/robotics_workspace_new/install/robokpy_interfaces/lib/python3.12/site-packages/robokpy_interfaces/srv/_jacobian_s.c
[20.687s] -- Up-to-date: /home/meta/Documents/robotics_workspace_new/install/robokpy_interfaces/lib/python3.12/site-packages/robokpy_interfaces/srv/_system_mode.py
[20.687s] -- Up-to-date: /home/meta/Documents/robotics_workspace_new/install/robokpy_interfaces/lib/python3.12/site-packages/robokpy_interfaces/srv/_chain_fk.py
[20.688s] -- Up-to-date: /home/meta/Documents/robotics_workspace_new/install/robokpy_interfaces/lib/python3.12/site-packages/robokpy_interfaces/srv/_reachable.py
[20.688s] -- Up-to-date: /home/meta/Documents/robotics_workspace_new/install/robokpy_interfaces/lib/python3.12/site-packages/robokpy_interfaces/srv/_system_mode_s.c
[20.688s] -- Up-to-date: /home/meta/Documents/robotics_workspace_new/install/robokpy_interfaces/lib/python3.12/site-packages/robokpy_interfaces/srv/_ik_s.c
[20.689s] -- Up-to-date: /home/meta/Documents/robotics_workspace_new/install/robokpy_interfaces/lib/python3.12/site-packages/robokpy_interfaces/srv/__init__.py
[20.689s] -- Up-to-date: /home/meta/Documents/robotics_workspace_new/install/robokpy_interfaces/lib/python3.12/site-packages/robokpy_interfaces/srv/_ik.py
[20.689s] -- Up-to-date: /home/meta/Documents/robotics_workspace_new/install/robokpy_interfaces/lib/python3.12/site-packages/robokpy_interfaces/srv/_grasp_attach.py
[20.690s] -- Up-to-date: /home/meta/Documents/robotics_workspace_new/install/robokpy_interfaces/lib/python3.12/site-packages/robokpy_interfaces/srv/_despawnobject_s.c
[20.690s] -- Up-to-date: /home/meta/Documents/robotics_workspace_new/install/robokpy_interfaces/lib/python3.12/site-packages/robokpy_interfaces/srv/_set_planning_tip_link_s.c
[20.690s] -- Up-to-date: /home/meta/Documents/robotics_workspace_new/install/robokpy_interfaces/lib/python3.12/site-packages/robokpy_interfaces/srv/_spawn_object_s.c
[20.690s] -- Up-to-date: /home/meta/Documents/robotics_workspace_new/install/robokpy_interfaces/lib/python3.12/site-packages/robokpy_interfaces/srv/_set_planning_tip_link.py
[20.691s] -- Up-to-date: /home/meta/Documents/robotics_workspace_new/install/robokpy_interfaces/lib/python3.12/site-packages/robokpy_interfaces/srv/_chain_fk_s.c
[20.691s] -- Up-to-date: /home/meta/Documents/robotics_workspace_new/install/robokpy_interfaces/lib/python3.12/site-packages/robokpy_interfaces/robokpy_interfaces_s__rosidl_typesupport_c.so
[20.691s] -- Up-to-date: /home/meta/Documents/robotics_workspace_new/install/robokpy_interfaces/lib/python3.12/site-packages/robokpy_interfaces/_robokpy_interfaces_s.ep.rosidl_typesupport_introspection_c.c
[20.692s] -- Up-to-date: /home/meta/Documents/robotics_workspace_new/install/robokpy_interfaces/lib/python3.12/site-packages/robokpy_interfaces/action
[20.692s] -- Up-to-date: /home/meta/Documents/robotics_workspace_new/install/robokpy_interfaces/lib/python3.12/site-packages/robokpy_interfaces/action/_execute_tool_op_s.c
[20.692s] -- Up-to-date: /home/meta/Documents/robotics_workspace_new/install/robokpy_interfaces/lib/python3.12/site-packages/robokpy_interfaces/action/_execute_vision_op.py
[20.693s] -- Up-to-date: /home/meta/Documents/robotics_workspace_new/install/robokpy_interfaces/lib/python3.12/site-packages/robokpy_interfaces/action/_tool_execution.py
[20.693s] -- Up-to-date: /home/meta/Documents/robotics_workspace_new/install/robokpy_interfaces/lib/python3.12/site-packages/robokpy_interfaces/action/_robot_trajectory.py
[20.693s] -- Up-to-date: /home/meta/Documents/robotics_workspace_new/install/robokpy_interfaces/lib/python3.12/site-packages/robokpy_interfaces/action/_tool_execution_s.c
[20.693s] -- Up-to-date: /home/meta/Documents/robotics_workspace_new/install/robokpy_interfaces/lib/python3.12/site-packages/robokpy_interfaces/action/_execute_tool_op.py
[20.694s] -- Up-to-date: /home/meta/Documents/robotics_workspace_new/install/robokpy_interfaces/lib/python3.12/site-packages/robokpy_interfaces/action/_set_joint_target.py
[20.694s] -- Up-to-date: /home/meta/Documents/robotics_workspace_new/install/robokpy_interfaces/lib/python3.12/site-packages/robokpy_interfaces/action/_execute_motion_s.c
[20.695s] -- Up-to-date: /home/meta/Documents/robotics_workspace_new/install/robokpy_interfaces/lib/python3.12/site-packages/robokpy_interfaces/action/__init__.py
[20.695s] -- Up-to-date: /home/meta/Documents/robotics_workspace_new/install/robokpy_interfaces/lib/python3.12/site-packages/robokpy_interfaces/action/_execute_vision_op_s.c
[20.695s] -- Up-to-date: /home/meta/Documents/robotics_workspace_new/install/robokpy_interfaces/lib/python3.12/site-packages/robokpy_interfaces/action/_set_joint_target_s.c
[20.696s] -- Up-to-date: /home/meta/Documents/robotics_workspace_new/install/robokpy_interfaces/lib/python3.12/site-packages/robokpy_interfaces/action/_execute_motion.py
[20.696s] -- Up-to-date: /home/meta/Documents/robotics_workspace_new/install/robokpy_interfaces/lib/python3.12/site-packages/robokpy_interfaces/action/_robot_trajectory_s.c
[20.696s] -- Up-to-date: /home/meta/Documents/robotics_workspace_new/install/robokpy_interfaces/lib/python3.12/site-packages/robokpy_interfaces/msg
[20.697s] -- Up-to-date: /home/meta/Documents/robotics_workspace_new/install/robokpy_interfaces/lib/python3.12/site-packages/robokpy_interfaces/msg/_cell_state_s.c
[20.697s] -- Up-to-date: /home/meta/Documents/robotics_workspace_new/install/robokpy_interfaces/lib/python3.12/site-packages/robokpy_interfaces/msg/__init__.py
[20.697s] -- Up-to-date: /home/meta/Documents/robotics_workspace_new/install/robokpy_interfaces/lib/python3.12/site-packages/robokpy_interfaces/msg/_cell_state.py
[20.697s] -- Up-to-date: /home/meta/Documents/robotics_workspace_new/install/robokpy_interfaces/lib/python3.12/site-packages/robokpy_interfaces/robokpy_interfaces_s__rosidl_typesupport_fastrtps_c.so
[20.698s] -- Up-to-date: /home/meta/Documents/robotics_workspace_new/install/robokpy_interfaces/lib/python3.12/site-packages/robokpy_interfaces/_robokpy_interfaces_s.ep.rosidl_typesupport_c.c
[20.698s] -- Up-to-date: /home/meta/Documents/robotics_workspace_new/install/robokpy_interfaces/lib/python3.12/site-packages/robokpy_interfaces/robokpy_interfaces_s__rosidl_typesupport_introspection_c.so
[20.698s] -- Up-to-date: /home/meta/Documents/robotics_workspace_new/install/robokpy_interfaces/lib/python3.12/site-packages/robokpy_interfaces/__init__.py
[20.699s] -- Up-to-date: /home/meta/Documents/robotics_workspace_new/install/robokpy_interfaces/lib/python3.12/site-packages/robokpy_interfaces/_robokpy_interfaces_s.ep.rosidl_typesupport_fastrtps_c.c
[21.714s] Listing '/home/meta/Documents/robotics_workspace_new/install/robokpy_interfaces/lib/python3.12/site-packages/robokpy_interfaces'...
[21.715s] Listing '/home/meta/Documents/robotics_workspace_new/install/robokpy_interfaces/lib/python3.12/site-packages/robokpy_interfaces/action'...
[21.715s] Listing '/home/meta/Documents/robotics_workspace_new/install/robokpy_interfaces/lib/python3.12/site-packages/robokpy_interfaces/msg'...
[21.715s] Listing '/home/meta/Documents/robotics_workspace_new/install/robokpy_interfaces/lib/python3.12/site-packages/robokpy_interfaces/srv'...
[21.738s] -- Up-to-date: /home/meta/Documents/robotics_workspace_new/install/robokpy_interfaces/lib/python3.12/site-packages/robokpy_interfaces/robokpy_interfaces_s__rosidl_typesupport_fastrtps_c.so
[21.739s] -- Up-to-date: /home/meta/Documents/robotics_workspace_new/install/robokpy_interfaces/lib/python3.12/site-packages/robokpy_interfaces/robokpy_interfaces_s__rosidl_typesupport_introspection_c.so
[21.739s] -- Up-to-date: /home/meta/Documents/robotics_workspace_new/install/robokpy_interfaces/lib/python3.12/site-packages/robokpy_interfaces/robokpy_interfaces_s__rosidl_typesupport_c.so
[21.741s] -- Up-to-date: /home/meta/Documents/robotics_workspace_new/install/robokpy_interfaces/lib/librobokpy_interfaces__rosidl_generator_py.so
[21.742s] -- Up-to-date: /home/meta/Documents/robotics_workspace_new/install/robokpy_interfaces/share/robokpy_interfaces/srv/ExecutionState.idl
[21.744s] -- Up-to-date: /home/meta/Documents/robotics_workspace_new/install/robokpy_interfaces/share/robokpy_interfaces/srv/SystemMode.idl
[21.745s] -- Up-to-date: /home/meta/Documents/robotics_workspace_new/install/robokpy_interfaces/share/robokpy_interfaces/srv/FK.idl
[21.747s] -- Up-to-date: /home/meta/Documents/robotics_workspace_new/install/robokpy_interfaces/share/robokpy_interfaces/srv/IK.idl
[21.750s] -- Up-to-date: /home/meta/Documents/robotics_workspace_new/install/robokpy_interfaces/share/robokpy_interfaces/srv/Jacobian.idl
[21.751s] -- Up-to-date: /home/meta/Documents/robotics_workspace_new/install/robokpy_interfaces/share/robokpy_interfaces/srv/Reachable.idl
[21.752s] -- Up-to-date: /home/meta/Documents/robotics_workspace_new/install/robokpy_interfaces/share/robokpy_interfaces/srv/ChainFK.idl
[21.752s] -- Up-to-date: /home/meta/Documents/robotics_workspace_new/install/robokpy_interfaces/share/robokpy_interfaces/srv/SetPlanningTipLink.idl
[21.752s] -- Up-to-date: /home/meta/Documents/robotics_workspace_new/install/robokpy_interfaces/share/robokpy_interfaces/srv/GraspAttach.idl
[21.755s] -- Up-to-date: /home/meta/Documents/robotics_workspace_new/install/robokpy_interfaces/share/robokpy_interfaces/srv/ResumeExecution.idl
[21.755s] -- Up-to-date: /home/meta/Documents/robotics_workspace_new/install/robokpy_interfaces/share/robokpy_interfaces/srv/LoadRecipe.idl
[21.756s] -- Up-to-date: /home/meta/Documents/robotics_workspace_new/install/robokpy_interfaces/share/robokpy_interfaces/srv/SpawnObject.idl
[21.756s] -- Up-to-date: /home/meta/Documents/robotics_workspace_new/install/robokpy_interfaces/share/robokpy_interfaces/srv/DespawnObject.idl
[21.756s] -- Up-to-date: /home/meta/Documents/robotics_workspace_new/install/robokpy_interfaces/share/robokpy_interfaces/srv/ResolveObjectPose.idl
[21.757s] -- Up-to-date: /home/meta/Documents/robotics_workspace_new/install/robokpy_interfaces/share/robokpy_interfaces/msg/CellState.idl
[21.757s] -- Up-to-date: /home/meta/Documents/robotics_workspace_new/install/robokpy_interfaces/share/robokpy_interfaces/action/ExecuteMotion.idl
[21.757s] -- Up-to-date: /home/meta/Documents/robotics_workspace_new/install/robokpy_interfaces/share/robokpy_interfaces/action/ExecuteToolOp.idl
[21.757s] -- Up-to-date: /home/meta/Documents/robotics_workspace_new/install/robokpy_interfaces/share/robokpy_interfaces/action/ExecuteVisionOp.idl
[21.759s] -- Up-to-date: /home/meta/Documents/robotics_workspace_new/install/robokpy_interfaces/share/robokpy_interfaces/action/SetJointTarget.idl
[21.759s] -- Up-to-date: /home/meta/Documents/robotics_workspace_new/install/robokpy_interfaces/share/robokpy_interfaces/srv/ExecutionState.srv
[21.759s] -- Up-to-date: /home/meta/Documents/robotics_workspace_new/install/robokpy_interfaces/share/robokpy_interfaces/srv/SystemMode.srv
[21.759s] -- Up-to-date: /home/meta/Documents/robotics_workspace_new/install/robokpy_interfaces/share/robokpy_interfaces/srv/FK.srv
[21.760s] -- Up-to-date: /home/meta/Documents/robotics_workspace_new/install/robokpy_interfaces/share/robokpy_interfaces/srv/IK.srv
[21.760s] -- Up-to-date: /home/meta/Documents/robotics_workspace_new/install/robokpy_interfaces/share/robokpy_interfaces/srv/Jacobian.srv
[21.760s] -- Up-to-date: /home/meta/Documents/robotics_workspace_new/install/robokpy_interfaces/share/robokpy_interfaces/srv/Reachable.srv
[21.760s] -- Up-to-date: /home/meta/Documents/robotics_workspace_new/install/robokpy_interfaces/share/robokpy_interfaces/srv/ChainFK.srv
[21.761s] -- Up-to-date: /home/meta/Documents/robotics_workspace_new/install/robokpy_interfaces/share/robokpy_interfaces/srv/SetPlanningTipLink.srv
[21.762s] -- Up-to-date: /home/meta/Documents/robotics_workspace_new/install/robokpy_interfaces/share/robokpy_interfaces/srv/GraspAttach.srv
[21.762s] -- Up-to-date: /home/meta/Documents/robotics_workspace_new/install/robokpy_interfaces/share/robokpy_interfaces/srv/ResumeExecution.srv
[21.762s] -- Up-to-date: /home/meta/Documents/robotics_workspace_new/install/robokpy_interfaces/share/robokpy_interfaces/srv/LoadRecipe.srv
[21.763s] -- Up-to-date: /home/meta/Documents/robotics_workspace_new/install/robokpy_interfaces/share/robokpy_interfaces/srv/SpawnObject.srv
[21.763s] -- Up-to-date: /home/meta/Documents/robotics_workspace_new/install/robokpy_interfaces/share/robokpy_interfaces/srv/DespawnObject.srv
[21.763s] -- Up-to-date: /home/meta/Documents/robotics_workspace_new/install/robokpy_interfaces/share/robokpy_interfaces/srv/ResolveObjectPose.srv
[21.763s] -- Up-to-date: /home/meta/Documents/robotics_workspace_new/install/robokpy_interfaces/share/robokpy_interfaces/msg/CellState.msg
[21.764s] -- Up-to-date: /home/meta/Documents/robotics_workspace_new/install/robokpy_interfaces/share/robokpy_interfaces/action/ExecuteMotion.action
[21.764s] -- Up-to-date: /home/meta/Documents/robotics_workspace_new/install/robokpy_interfaces/share/robokpy_interfaces/action/ExecuteToolOp.action
[21.764s] -- Up-to-date: /home/meta/Documents/robotics_workspace_new/install/robokpy_interfaces/share/robokpy_interfaces/action/ExecuteVisionOp.action
[21.765s] -- Up-to-date: /home/meta/Documents/robotics_workspace_new/install/robokpy_interfaces/share/robokpy_interfaces/action/SetJointTarget.action
[21.765s] -- Up-to-date: /home/meta/Documents/robotics_workspace_new/install/robokpy_interfaces/include
[21.785s] -- Up-to-date: /home/meta/Documents/robotics_workspace_new/install/robokpy_interfaces/include/robokpy_interfaces
[21.785s] -- Up-to-date: /home/meta/Documents/robotics_workspace_new/install/robokpy_interfaces/share/ament_index/resource_index/package_run_dependencies/robokpy_interfaces
[21.786s] -- Up-to-date: /home/meta/Documents/robotics_workspace_new/install/robokpy_interfaces/share/ament_index/resource_index/parent_prefix_path/robokpy_interfaces
[21.787s] -- Up-to-date: /home/meta/Documents/robotics_workspace_new/install/robokpy_interfaces/share/robokpy_interfaces/environment/ament_prefix_path.sh
[21.787s] -- Up-to-date: /home/meta/Documents/robotics_workspace_new/install/robokpy_interfaces/share/robokpy_interfaces/environment/ament_prefix_path.dsv
[21.787s] -- Up-to-date: /home/meta/Documents/robotics_workspace_new/install/robokpy_interfaces/share/robokpy_interfaces/environment/path.sh
[21.788s] -- Up-to-date: /home/meta/Documents/robotics_workspace_new/install/robokpy_interfaces/share/robokpy_interfaces/environment/path.dsv
[21.788s] -- Up-to-date: /home/meta/Documents/robotics_workspace_new/install/robokpy_interfaces/share/robokpy_interfaces/local_setup.bash
[21.789s] -- Up-to-date: /home/meta/Documents/robotics_workspace_new/install/robokpy_interfaces/share/robokpy_interfaces/local_setup.sh
[21.789s] -- Up-to-date: /home/meta/Documents/robotics_workspace_new/install/robokpy_interfaces/share/robokpy_interfaces/local_setup.zsh
[21.789s] -- Up-to-date: /home/meta/Documents/robotics_workspace_new/install/robokpy_interfaces/share/robokpy_interfaces/local_setup.dsv
[21.790s] -- Installing: /home/meta/Documents/robotics_workspace_new/install/robokpy_interfaces/share/robokpy_interfaces/package.dsv
[21.806s] -- Up-to-date: /home/meta/Documents/robotics_workspace_new/install/robokpy_interfaces/share/ament_index/resource_index/packages/robokpy_interfaces
[21.844s] -- Up-to-date: /home/meta/Documents/robotics_workspace_new/install/robokpy_interfaces/share/robokpy_interfaces/cmake/export_robokpy_interfaces__rosidl_generator_cExport.cmake
[21.845s] -- Up-to-date: /home/meta/Documents/robotics_workspace_new/install/robokpy_interfaces/share/robokpy_interfaces/cmake/export_robokpy_interfaces__rosidl_generator_cExport-noconfig.cmake
[21.890s] -- Up-to-date: /home/meta/Documents/robotics_workspace_new/install/robokpy_interfaces/share/robokpy_interfaces/cmake/export_robokpy_interfaces__rosidl_typesupport_fastrtps_cExport.cmake
[21.892s] -- Up-to-date: /home/meta/Documents/robotics_workspace_new/install/robokpy_interfaces/share/robokpy_interfaces/cmake/export_robokpy_interfaces__rosidl_typesupport_fastrtps_cExport-noconfig.cmake
[21.911s] -- Up-to-date: /home/meta/Documents/robotics_workspace_new/install/robokpy_interfaces/share/robokpy_interfaces/cmake/robokpy_interfaces__rosidl_typesupport_introspection_cExport.cmake
[21.912s] -- Up-to-date: /home/meta/Documents/robotics_workspace_new/install/robokpy_interfaces/share/robokpy_interfaces/cmake/robokpy_interfaces__rosidl_typesupport_introspection_cExport-noconfig.cmake
[21.932s] -- Up-to-date: /home/meta/Documents/robotics_workspace_new/install/robokpy_interfaces/share/robokpy_interfaces/cmake/robokpy_interfaces__rosidl_typesupport_cExport.cmake
[21.935s] -- Up-to-date: /home/meta/Documents/robotics_workspace_new/install/robokpy_interfaces/share/robokpy_interfaces/cmake/robokpy_interfaces__rosidl_typesupport_cExport-noconfig.cmake
[21.951s] -- Up-to-date: /home/meta/Documents/robotics_workspace_new/install/robokpy_interfaces/share/robokpy_interfaces/cmake/export_robokpy_interfaces__rosidl_generator_cppExport.cmake
[21.967s] -- Up-to-date: /home/meta/Documents/robotics_workspace_new/install/robokpy_interfaces/share/robokpy_interfaces/cmake/export_robokpy_interfaces__rosidl_typesupport_fastrtps_cppExport.cmake
[21.968s] -- Up-to-date: /home/meta/Documents/robotics_workspace_new/install/robokpy_interfaces/share/robokpy_interfaces/cmake/export_robokpy_interfaces__rosidl_typesupport_fastrtps_cppExport-noconfig.cmake
[21.995s] -- Up-to-date: /home/meta/Documents/robotics_workspace_new/install/robokpy_interfaces/share/robokpy_interfaces/cmake/robokpy_interfaces__rosidl_typesupport_introspection_cppExport.cmake
[21.996s] -- Up-to-date: /home/meta/Documents/robotics_workspace_new/install/robokpy_interfaces/share/robokpy_interfaces/cmake/robokpy_interfaces__rosidl_typesupport_introspection_cppExport-noconfig.cmake
[22.025s] -- Up-to-date: /home/meta/Documents/robotics_workspace_new/install/robokpy_interfaces/share/robokpy_interfaces/cmake/robokpy_interfaces__rosidl_typesupport_cppExport.cmake
[22.027s] -- Up-to-date: /home/meta/Documents/robotics_workspace_new/install/robokpy_interfaces/share/robokpy_interfaces/cmake/robokpy_interfaces__rosidl_typesupport_cppExport-noconfig.cmake
[22.061s] -- Up-to-date: /home/meta/Documents/robotics_workspace_new/install/robokpy_interfaces/share/robokpy_interfaces/cmake/export_robokpy_interfaces__rosidl_generator_pyExport.cmake
[22.062s] -- Up-to-date: /home/meta/Documents/robotics_workspace_new/install/robokpy_interfaces/share/robokpy_interfaces/cmake/export_robokpy_interfaces__rosidl_generator_pyExport-noconfig.cmake
[22.062s] -- Up-to-date: /home/meta/Documents/robotics_workspace_new/install/robokpy_interfaces/share/robokpy_interfaces/cmake/rosidl_cmake-extras.cmake
[22.062s] -- Up-to-date: /home/meta/Documents/robotics_workspace_new/install/robokpy_interfaces/share/robokpy_interfaces/cmake/ament_cmake_export_dependencies-extras.cmake
[22.063s] -- Up-to-date: /home/meta/Documents/robotics_workspace_new/install/robokpy_interfaces/share/robokpy_interfaces/cmake/ament_cmake_export_include_directories-extras.cmake
[22.063s] -- Up-to-date: /home/meta/Documents/robotics_workspace_new/install/robokpy_interfaces/share/robokpy_interfaces/cmake/ament_cmake_export_libraries-extras.cmake
[22.064s] -- Up-to-date: /home/meta/Documents/robotics_workspace_new/install/robokpy_interfaces/share/robokpy_interfaces/cmake/ament_cmake_export_targets-extras.cmake
[22.064s] -- Up-to-date: /home/meta/Documents/robotics_workspace_new/install/robokpy_interfaces/share/robokpy_interfaces/cmake/rosidl_cmake_export_typesupport_targets-extras.cmake
[22.064s] -- Up-to-date: /home/meta/Documents/robotics_workspace_new/install/robokpy_interfaces/share/robokpy_interfaces/cmake/rosidl_cmake_export_typesupport_libraries-extras.cmake
[22.065s] -- Up-to-date: /home/meta/Documents/robotics_workspace_new/install/robokpy_interfaces/share/robokpy_interfaces/cmake/robokpy_interfacesConfig.cmake
[22.065s] -- Up-to-date: /home/meta/Documents/robotics_workspace_new/install/robokpy_interfaces/share/robokpy_interfaces/cmake/robokpy_interfacesConfig-version.cmake
[22.065s] -- Up-to-date: /home/meta/Documents/robotics_workspace_new/install/robokpy_interfaces/share/robokpy_interfaces/package.xml
[22.091s] Invoked command in '/home/meta/Documents/robotics_workspace_new/build/robokpy_interfaces' returned '0': CMAKE_PREFIX_PATH=${CMAKE_PREFIX_PATH}:/home/meta/Documents/robotics_workspace_new/install/robokpy_controller:/home/meta/Documents/robotics_workspace_new/install/robokpy:/opt/ros/jazzy DEBUGINFOD_URLS=https://debuginfod.ubuntu.com /bin/cmake --install /home/meta/Documents/robotics_workspace_new/build/robokpy_interfaces
