[0.903s] Invoking command in '/home/meta/Documents/robotics_workspace_new/build/robokpy_interfaces': CMAKE_PREFIX_PATH=${CMAKE_PREFIX_PATH}:/home/meta/Documents/robotics_workspace_new/install/robokpy_controller:/home/meta/Documents/robotics_workspace_new/install/robokpy:/opt/ros/jazzy DEBUGINFOD_URLS=https://debuginfod.ubuntu.com /bin/cmake --build /home/meta/Documents/robotics_workspace_new/build/robokpy_interfaces -- -j4 -l4
[2.130s] [  1%] Built target robokpy_interfaces__rosidl_generator_type_description
[2.610s] [  1%] Built target robokpy_interfaces__cpp
[2.774s] [ 29%] Built target robokpy_interfaces__rosidl_generator_c
[3.235s] [ 38%] Built target robokpy_interfaces__rosidl_typesupport_cpp
[3.246s] [ 48%] Built target robokpy_interfaces__rosidl_typesupport_introspection_c
[3.341s] [ 58%] Built target robokpy_interfaces__rosidl_typesupport_fastrtps_c
[3.564s] [ 68%] Built target robokpy_interfaces__rosidl_typesupport_fastrtps_cpp
[3.644s] [ 78%] Built target robokpy_interfaces__rosidl_typesupport_c
[3.775s] [ 88%] Built target robokpy_interfaces__rosidl_typesupport_introspection_cpp
[3.835s] [ 88%] Built target robokpy_interfaces
[4.118s] [ 88%] Built target robokpy_interfaces__py
[4.502s] [ 97%] Built target robokpy_interfaces__rosidl_generator_py
[4.912s] [ 98%] Built target robokpy_interfaces_s__rosidl_typesupport_introspection_c
[4.973s] [ 98%] Built target ament_cmake_python_copy_robokpy_interfaces
[5.014s] [ 99%] Built target robokpy_interfaces_s__rosidl_typesupport_c
[5.015s] [100%] Built target robokpy_interfaces_s__rosidl_typesupport_fastrtps_c
[5.904s] running egg_info
[6.013s] writing robokpy_interfaces.egg-info/PKG-INFO
[6.014s] writing dependency_links to robokpy_interfaces.egg-info/dependency_links.txt
[6.014s] writing top-level names to robokpy_interfaces.egg-info/top_level.txt
[6.307s] reading manifest file 'robokpy_interfaces.egg-info/SOURCES.txt'
[6.327s] writing manifest file 'robokpy_interfaces.egg-info/SOURCES.txt'
[6.397s] [100%] Built target ament_cmake_python_build_robokpy_interfaces_egg
[6.426s] Invoked command in '/home/meta/Documents/robotics_workspace_new/build/robokpy_interfaces' returned '0': CMAKE_PREFIX_PATH=${CMAKE_PREFIX_PATH}:/home/meta/Documents/robotics_workspace_new/install/robokpy_controller:/home/meta/Documents/robotics_workspace_new/install/robokpy:/opt/ros/jazzy DEBUGINFOD_URLS=https://debuginfod.ubuntu.com /bin/cmake --build /home/meta/Documents/robotics_workspace_new/build/robokpy_interfaces -- -j4 -l4
[7.469s] Invoking command in '/home/meta/Documents/robotics_workspace_new/build/robokpy_interfaces': CMAKE_PREFIX_PATH=${CMAKE_PREFIX_PATH}:/home/meta/Documents/robotics_workspace_new/install/robokpy_controller:/home/meta/Documents/robotics_workspace_new/install/robokpy:/opt/ros/jazzy DEBUGINFOD_URLS=https://debuginfod.ubuntu.com /bin/cmake --install /home/meta/Documents/robotics_workspace_new/build/robokpy_interfaces
[7.527s] -- Install configuration: ""
[7.528s] -- Up-to-date: /home/meta/Documents/robotics_workspace_new/install/robokpy_interfaces/share/ament_index/resource_index/rosidl_interfaces/robokpy_interfaces
[7.528s] -- Up-to-date: /home/meta/Documents/robotics_workspace_new/install/robokpy_interfaces/share/robokpy_interfaces/srv/ExecutionState.json
[7.529s] -- Up-to-date: /home/meta/Documents/robotics_workspace_new/install/robokpy_interfaces/share/robokpy_interfaces/srv/SystemMode.json
[7.530s] -- Up-to-date: /home/meta/Documents/robotics_workspace_new/install/robokpy_interfaces/share/robokpy_interfaces/srv/FK.json
[7.530s] -- Up-to-date: /home/meta/Documents/robotics_workspace_new/install/robokpy_interfaces/share/robokpy_interfaces/srv/IK.json
[7.530s] -- Up-to-date: /home/meta/Documents/robotics_workspace_new/install/robokpy_interfaces/share/robokpy_interfaces/srv/Jacobian.json
[7.531s] -- Up-to-date: /home/meta/Documents/robotics_workspace_new/install/robokpy_interfaces/share/robokpy_interfaces/srv/Reachable.json
[7.531s] -- Up-to-date: /home/meta/Documents/robotics_workspace_new/install/robokpy_interfaces/share/robokpy_interfaces/srv/ChainFK.json
[7.531s] -- Up-to-date: /home/meta/Documents/robotics_workspace_new/install/robokpy_interfaces/share/robokpy_interfaces/srv/SetPlanningTipLink.json
[7.532s] -- Up-to-date: /home/meta/Documents/robotics_workspace_new/install/robokpy_interfaces/share/robokpy_interfaces/srv/GraspAttach.json
[7.532s] -- Up-to-date: /home/meta/Documents/robotics_workspace_new/install/robokpy_interfaces/share/robokpy_interfaces/srv/ResumeExecution.json
[7.532s] -- Up-to-date: /home/meta/Documents/robotics_workspace_new/install/robokpy_interfaces/share/robokpy_interfaces/srv/LoadRecipe.json
[7.532s] -- Up-to-date: /home/meta/Documents/robotics_workspace_new/install/robokpy_interfaces/share/robokpy_interfaces/srv/SpawnObject.json
[7.533s] -- Up-to-date: /home/meta/Documents/robotics_workspace_new/install/robokpy_interfaces/share/robokpy_interfaces/srv/DespawnObject.json
[7.533s] -- Up-to-date: /home/meta/Documents/robotics_workspace_new/install/robokpy_interfaces/share/robokpy_interfaces/srv/ResolveObjectPose.json
[7.533s] -- Up-to-date: /home/meta/Documents/robotics_workspace_new/install/robokpy_interfaces/share/robokpy_interfaces/msg/CellState.json
[7.534s] -- Up-to-date: /home/meta/Documents/robotics_workspace_new/install/robokpy_interfaces/share/robokpy_interfaces/action/ExecuteMotion.json
[7.534s] -- Up-to-date: /home/meta/Documents/robotics_workspace_new/install/robokpy_interfaces/share/robokpy_interfaces/action/ExecuteToolOp.json
[7.534s] -- Up-to-date: /home/meta/Documents/robotics_workspace_new/install/robokpy_interfaces/share/robokpy_interfaces/action/ExecuteVisionOp.json
[7.535s] -- Up-to-date: /home/meta/Documents/robotics_workspace_new/install/robokpy_interfaces/share/robokpy_interfaces/action/SetJointTarget.json
[7.535s] -- Up-to-date: /home/meta/Documents/robotics_workspace_new/install/robokpy_interfaces/include/robokpy_interfaces/robokpy_interfaces
[7.546s] -- Up-to-date: /home/meta/Documents/robotics_workspace_new/install/robokpy_interfaces/include/robokpy_interfaces/robokpy_interfaces/srv
[7.547s] -- Up-to-date: /home/meta/Documents/robotics_workspace_new/install/robokpy_interfaces/include/robokpy_interfaces/robokpy_interfaces/srv/set_planning_tip_link.h
[7.547s] -- Up-to-date: /home/meta/Documents/robotics_workspace_new/install/robokpy_interfaces/include/robokpy_interfaces/robokpy_interfaces/srv/execution_state.h
[7.547s] -- Up-to-date: /home/meta/Documents/robotics_workspace_new/install/robokpy_interfaces/include/robokpy_interfaces/robokpy_interfaces/srv/ik.h
[7.548s] -- Up-to-date: /home/meta/Documents/robotics_workspace_new/install/robokpy_interfaces/include/robokpy_interfaces/robokpy_interfaces/srv/system_mode.h
[7.548s] -- Up-to-date: /home/meta/Documents/robotics_workspace_new/install/robokpy_interfaces/include/robokpy_interfaces/robokpy_interfaces/srv/fk.h
[7.548s] -- Up-to-date: /home/meta/Documents/robotics_workspace_new/install/robokpy_interfaces/include/robokpy_interfaces/robokpy_interfaces/srv/detail
[7.549s] -- Installing: /home/meta/Documents/robotics_workspace_new/install/robokpy_interfaces/include/robokpy_interfaces/robokpy_interfaces/srv/detail/spawn_object__type_support.c
[7.567s] -- Up-to-date: /home/meta/Documents/robotics_workspace_new/install/robokpy_interfaces/include/robokpy_interfaces/robokpy_interfaces/srv/detail/despawnobject__struct.h
[7.590s] -- Up-to-date: /home/meta/Documents/robotics_workspace_new/install/robokpy_interfaces/include/robokpy_interfaces/robokpy_interfaces/srv/detail/jacobian__struct.h
[7.590s] -- Up-to-date: /home/meta/Documents/robotics_workspace_new/install/robokpy_interfaces/include/robokpy_interfaces/robokpy_interfaces/srv/detail/chain_fk__struct.h
[7.590s] -- Up-to-date: /home/meta/Documents/robotics_workspace_new/install/robokpy_interfaces/include/robokpy_interfaces/robokpy_interfaces/srv/detail/jacobian__functions.h
[7.591s] -- Installing: /home/meta/Documents/robotics_workspace_new/install/robokpy_interfaces/include/robokpy_interfaces/robokpy_interfaces/srv/detail/system_mode__type_support.c
[7.603s] -- Up-to-date: /home/meta/Documents/robotics_workspace_new/install/robokpy_interfaces/include/robokpy_interfaces/robokpy_interfaces/srv/detail/resume_execution__functions.c
[7.604s] -- Up-to-date: /home/meta/Documents/robotics_workspace_new/install/robokpy_interfaces/include/robokpy_interfaces/robokpy_interfaces/srv/detail/ik__functions.h
[7.604s] -- Up-to-date: /home/meta/Documents/robotics_workspace_new/install/robokpy_interfaces/include/robokpy_interfaces/robokpy_interfaces/srv/detail/fk__struct.h
[7.604s] -- Up-to-date: /home/meta/Documents/robotics_workspace_new/install/robokpy_interfaces/include/robokpy_interfaces/robokpy_interfaces/srv/detail/execution_state__description.c
[7.605s] -- Up-to-date: /home/meta/Documents/robotics_workspace_new/install/robokpy_interfaces/include/robokpy_interfaces/robokpy_interfaces/srv/detail/chain_fk__functions.h
[7.605s] -- Up-to-date: /home/meta/Documents/robotics_workspace_new/install/robokpy_interfaces/include/robokpy_interfaces/robokpy_interfaces/srv/detail/fk__functions.h
[7.605s] -- Up-to-date: /home/meta/Documents/robotics_workspace_new/install/robokpy_interfaces/include/robokpy_interfaces/robokpy_interfaces/srv/detail/execution_state__functions.c
[7.605s] -- Installing: /home/meta/Documents/robotics_workspace_new/install/robokpy_interfaces/include/robokpy_interfaces/robokpy_interfaces/srv/detail/despawn_object__type_support.c
[7.625s] -- Up-to-date: /home/meta/Documents/robotics_workspace_new/install/robokpy_interfaces/include/robokpy_interfaces/robokpy_interfaces/srv/detail/resolve_object_pose__functions.h
[7.625s] -- Up-to-date: /home/meta/Documents/robotics_workspace_new/install/robokpy_interfaces/include/robokpy_interfaces/robokpy_interfaces/srv/detail/chain_fk__type_support.h
[7.626s] -- Up-to-date: /home/meta/Documents/robotics_workspace_new/install/robokpy_interfaces/include/robokpy_interfaces/robokpy_interfaces/srv/detail/despawnobject__description.c
[7.626s] -- Up-to-date: /home/meta/Documents/robotics_workspace_new/install/robokpy_interfaces/include/robokpy_interfaces/robokpy_interfaces/srv/detail/system_mode__type_support.h
[7.626s] -- Up-to-date: /home/meta/Documents/robotics_workspace_new/install/robokpy_interfaces/include/robokpy_interfaces/robokpy_interfaces/srv/detail/chain_fk__description.c
[7.627s] -- Up-to-date: /home/meta/Documents/robotics_workspace_new/install/robokpy_interfaces/include/robokpy_interfaces/robokpy_interfaces/srv/detail/system_mode__functions.c
[7.627s] -- Up-to-date: /home/meta/Documents/robotics_workspace_new/install/robokpy_interfaces/include/robokpy_interfaces/robokpy_interfaces/srv/detail/set_planning_tip_link__type_support.h
[7.627s] -- Up-to-date: /home/meta/Documents/robotics_workspace_new/install/robokpy_interfaces/include/robokpy_interfaces/robokpy_interfaces/srv/detail/spawn_object__functions.c
[7.649s] -- Up-to-date: /home/meta/Documents/robotics_workspace_new/install/robokpy_interfaces/include/robokpy_interfaces/robokpy_interfaces/srv/detail/grasp_attach__functions.h
[7.649s] -- Installing: /home/meta/Documents/robotics_workspace_new/install/robokpy_interfaces/include/robokpy_interfaces/robokpy_interfaces/srv/detail/chain_fk__type_support.c
[7.660s] -- Up-to-date: /home/meta/Documents/robotics_workspace_new/install/robokpy_interfaces/include/robokpy_interfaces/robokpy_interfaces/srv/detail/despawn_object__description.c
[7.660s] -- Up-to-date: /home/meta/Documents/robotics_workspace_new/install/robokpy_interfaces/include/robokpy_interfaces/robokpy_interfaces/srv/detail/set_planning_tip_link__description.c
[7.660s] -- Up-to-date: /home/meta/Documents/robotics_workspace_new/install/robokpy_interfaces/include/robokpy_interfaces/robokpy_interfaces/srv/detail/reachable__functions.h
[7.660s] -- Up-to-date: /home/meta/Documents/robotics_workspace_new/install/robokpy_interfaces/include/robokpy_interfaces/robokpy_interfaces/srv/detail/ik__struct.h
[7.661s] -- Installing: /home/meta/Documents/robotics_workspace_new/install/robokpy_interfaces/include/robokpy_interfaces/robokpy_interfaces/srv/detail/despawnobject__type_support.c
[7.683s] -- Up-to-date: /home/meta/Documents/robotics_workspace_new/install/robokpy_interfaces/include/robokpy_interfaces/robokpy_interfaces/srv/detail/spawn_object__functions.h
[7.683s] -- Up-to-date: /home/meta/Documents/robotics_workspace_new/install/robokpy_interfaces/include/robokpy_interfaces/robokpy_interfaces/srv/detail/resume_execution__type_support.h
[7.683s] -- Up-to-date: /home/meta/Documents/robotics_workspace_new/install/robokpy_interfaces/include/robokpy_interfaces/robokpy_interfaces/srv/detail/spawn_object__type_support.h
[7.684s] -- Up-to-date: /home/meta/Documents/robotics_workspace_new/install/robokpy_interfaces/include/robokpy_interfaces/robokpy_interfaces/srv/detail/load_recipe__struct.h
[7.684s] -- Up-to-date: /home/meta/Documents/robotics_workspace_new/install/robokpy_interfaces/include/robokpy_interfaces/robokpy_interfaces/srv/detail/set_planning_tip_link__struct.h
[7.684s] -- Installing: /home/meta/Documents/robotics_workspace_new/install/robokpy_interfaces/include/robokpy_interfaces/robokpy_interfaces/srv/detail/reachable__type_support.c
[7.698s] -- Installing: /home/meta/Documents/robotics_workspace_new/install/robokpy_interfaces/include/robokpy_interfaces/robokpy_interfaces/srv/detail/resolve_object_pose__type_support.c
[7.717s] -- Up-to-date: /home/meta/Documents/robotics_workspace_new/install/robokpy_interfaces/include/robokpy_interfaces/robokpy_interfaces/srv/detail/jacobian__description.c
[7.718s] -- Up-to-date: /home/meta/Documents/robotics_workspace_new/install/robokpy_interfaces/include/robokpy_interfaces/robokpy_interfaces/srv/detail/despawn_object__functions.h
[7.718s] -- Up-to-date: /home/meta/Documents/robotics_workspace_new/install/robokpy_interfaces/include/robokpy_interfaces/robokpy_interfaces/srv/detail/spawnobject__functions.h
[7.718s] -- Installing: /home/meta/Documents/robotics_workspace_new/install/robokpy_interfaces/include/robokpy_interfaces/robokpy_interfaces/srv/detail/spawnobject__type_support.c
[7.741s] -- Up-to-date: /home/meta/Documents/robotics_workspace_new/install/robokpy_interfaces/include/robokpy_interfaces/robokpy_interfaces/srv/detail/resolve_object_pose__struct.h
[7.741s] -- Up-to-date: /home/meta/Documents/robotics_workspace_new/install/robokpy_interfaces/include/robokpy_interfaces/robokpy_interfaces/srv/detail/spawn_object__struct.h
[7.741s] -- Up-to-date: /home/meta/Documents/robotics_workspace_new/install/robokpy_interfaces/include/robokpy_interfaces/robokpy_interfaces/srv/detail/despawnobject__functions.h
[7.742s] -- Up-to-date: /home/meta/Documents/robotics_workspace_new/install/robokpy_interfaces/include/robokpy_interfaces/robokpy_interfaces/srv/detail/load_recipe__functions.c
[7.742s] -- Installing: /home/meta/Documents/robotics_workspace_new/install/robokpy_interfaces/include/robokpy_interfaces/robokpy_interfaces/srv/detail/ik__type_support.c
[7.762s] -- Up-to-date: /home/meta/Documents/robotics_workspace_new/install/robokpy_interfaces/include/robokpy_interfaces/robokpy_interfaces/srv/detail/fk__functions.c
[7.763s] -- Installing: /home/meta/Documents/robotics_workspace_new/install/robokpy_interfaces/include/robokpy_interfaces/robokpy_interfaces/srv/detail/fk__type_support.c
[7.763s] -- Installing: /home/meta/Documents/robotics_workspace_new/install/robokpy_interfaces/include/robokpy_interfaces/robokpy_interfaces/srv/detail/resume_execution__type_support.c
[7.776s] -- Installing: /home/meta/Documents/robotics_workspace_new/install/robokpy_interfaces/include/robokpy_interfaces/robokpy_interfaces/srv/detail/set_planning_tip_link__type_support.c
[7.776s] -- Up-to-date: /home/meta/Documents/robotics_workspace_new/install/robokpy_interfaces/include/robokpy_interfaces/robokpy_interfaces/srv/detail/spawnobject__type_support.h
[7.777s] -- Up-to-date: /home/meta/Documents/robotics_workspace_new/install/robokpy_interfaces/include/robokpy_interfaces/robokpy_interfaces/srv/detail/grasp_attach__description.c
[7.777s] -- Up-to-date: /home/meta/Documents/robotics_workspace_new/install/robokpy_interfaces/include/robokpy_interfaces/robokpy_interfaces/srv/detail/despawnobject__type_support.h
[7.778s] -- Up-to-date: /home/meta/Documents/robotics_workspace_new/install/robokpy_interfaces/include/robokpy_interfaces/robokpy_interfaces/srv/detail/execution_state__struct.h
[7.778s] -- Up-to-date: /home/meta/Documents/robotics_workspace_new/install/robokpy_interfaces/include/robokpy_interfaces/robokpy_interfaces/srv/detail/ik__type_support.h
[7.779s] -- Up-to-date: /home/meta/Documents/robotics_workspace_new/install/robokpy_interfaces/include/robokpy_interfaces/robokpy_interfaces/srv/detail/grasp_attach__struct.h
[7.779s] -- Up-to-date: /home/meta/Documents/robotics_workspace_new/install/robokpy_interfaces/include/robokpy_interfaces/robokpy_interfaces/srv/detail/ik__functions.c
[7.779s] -- Up-to-date: /home/meta/Documents/robotics_workspace_new/install/robokpy_interfaces/include/robokpy_interfaces/robokpy_interfaces/srv/detail/set_planning_tip_link__functions.h
[7.780s] -- Up-to-date: /home/meta/Documents/robotics_workspace_new/install/robokpy_interfaces/include/robokpy_interfaces/robokpy_interfaces/srv/detail/resume_execution__description.c
[7.780s] -- Up-to-date: /home/meta/Documents/robotics_workspace_new/install/robokpy_interfaces/include/robokpy_interfaces/robokpy_interfaces/srv/detail/load_recipe__description.c
[7.781s] -- Up-to-date: /home/meta/Documents/robotics_workspace_new/install/robokpy_interfaces/include/robokpy_interfaces/robokpy_interfaces/srv/detail/resolve_object_pose__type_support.h
[7.781s] -- Installing: /home/meta/Documents/robotics_workspace_new/install/robokpy_interfaces/include/robokpy_interfaces/robokpy_interfaces/srv/detail/load_recipe__type_support.c
[7.782s] -- Up-to-date: /home/meta/Documents/robotics_workspace_new/install/robokpy_interfaces/include/robokpy_interfaces/robokpy_interfaces/srv/detail/reachable__type_support.h
[7.782s] -- Up-to-date: /home/meta/Documents/robotics_workspace_new/install/robokpy_interfaces/include/robokpy_interfaces/robokpy_interfaces/srv/detail/chain_fk__functions.c
[7.783s] -- Installing: /home/meta/Documents/robotics_workspace_new/install/robokpy_interfaces/include/robokpy_interfaces/robokpy_interfaces/srv/detail/jacobian__type_support.c
[7.783s] -- Up-to-date: /home/meta/Documents/robotics_workspace_new/install/robokpy_interfaces/include/robokpy_interfaces/robokpy_interfaces/srv/detail/resolve_object_pose__description.c
[7.784s] -- Up-to-date: /home/meta/Documents/robotics_workspace_new/install/robokpy_interfaces/include/robokpy_interfaces/robokpy_interfaces/srv/detail/spawnobject__functions.c
[7.784s] -- Up-to-date: /home/meta/Documents/robotics_workspace_new/install/robokpy_interfaces/include/robokpy_interfaces/robokpy_interfaces/srv/detail/reachable__description.c
[7.784s] -- Up-to-date: /home/meta/Documents/robotics_workspace_new/install/robokpy_interfaces/include/robokpy_interfaces/robokpy_interfaces/srv/detail/reachable__functions.c
[7.785s] -- Up-to-date: /home/meta/Documents/robotics_workspace_new/install/robokpy_interfaces/include/robokpy_interfaces/robokpy_interfaces/srv/detail/despawn_object__functions.c
[7.785s] -- Up-to-date: /home/meta/Documents/robotics_workspace_new/install/robokpy_interfaces/include/robokpy_interfaces/robokpy_interfaces/srv/detail/jacobian__functions.c
[7.785s] -- Up-to-date: /home/meta/Documents/robotics_workspace_new/install/robokpy_interfaces/include/robokpy_interfaces/robokpy_interfaces/srv/detail/resolve_object_pose__functions.c
[7.786s] -- Installing: /home/meta/Documents/robotics_workspace_new/install/robokpy_interfaces/include/robokpy_interfaces/robokpy_interfaces/srv/detail/grasp_attach__type_support.c
[7.786s] -- Up-to-date: /home/meta/Documents/robotics_workspace_new/install/robokpy_interfaces/include/robokpy_interfaces/robokpy_interfaces/srv/detail/execution_state__type_support.h
[7.786s] -- Up-to-date: /home/meta/Documents/robotics_workspace_new/install/robokpy_interfaces/include/robokpy_interfaces/robokpy_interfaces/srv/detail/spawn_object__description.c
[7.786s] -- Up-to-date: /home/meta/Documents/robotics_workspace_new/install/robokpy_interfaces/include/robokpy_interfaces/robokpy_interfaces/srv/detail/despawn_object__struct.h
[7.787s] -- Up-to-date: /home/meta/Documents/robotics_workspace_new/install/robokpy_interfaces/include/robokpy_interfaces/robokpy_interfaces/srv/detail/load_recipe__type_support.h
[7.787s] -- Up-to-date: /home/meta/Documents/robotics_workspace_new/install/robokpy_interfaces/include/robokpy_interfaces/robokpy_interfaces/srv/detail/resume_execution__functions.h
[7.787s] -- Up-to-date: /home/meta/Documents/robotics_workspace_new/install/robokpy_interfaces/include/robokpy_interfaces/robokpy_interfaces/srv/detail/ik__description.c
[7.788s] -- Up-to-date: /home/meta/Documents/robotics_workspace_new/install/robokpy_interfaces/include/robokpy_interfaces/robokpy_interfaces/srv/detail/grasp_attach__type_support.h
[7.788s] -- Up-to-date: /home/meta/Documents/robotics_workspace_new/install/robokpy_interfaces/include/robokpy_interfaces/robokpy_interfaces/srv/detail/spawnobject__struct.h
[7.788s] -- Up-to-date: /home/meta/Documents/robotics_workspace_new/install/robokpy_interfaces/include/robokpy_interfaces/robokpy_interfaces/srv/detail/set_planning_tip_link__functions.c
[7.789s] -- Up-to-date: /home/meta/Documents/robotics_workspace_new/install/robokpy_interfaces/include/robokpy_interfaces/robokpy_interfaces/srv/detail/grasp_attach__functions.c
[7.789s] -- Up-to-date: /home/meta/Documents/robotics_workspace_new/install/robokpy_interfaces/include/robokpy_interfaces/robokpy_interfaces/srv/detail/fk__description.c
[7.789s] -- Up-to-date: /home/meta/Documents/robotics_workspace_new/install/robokpy_interfaces/include/robokpy_interfaces/robokpy_interfaces/srv/detail/load_recipe__functions.h
[7.789s] -- Up-to-date: /home/meta/Documents/robotics_workspace_new/install/robokpy_interfaces/include/robokpy_interfaces/robokpy_interfaces/srv/detail/despawn_object__type_support.h
[7.790s] -- Up-to-date: /home/meta/Documents/robotics_workspace_new/install/robokpy_interfaces/include/robokpy_interfaces/robokpy_interfaces/srv/detail/reachable__struct.h
[7.790s] -- Installing: /home/meta/Documents/robotics_workspace_new/install/robokpy_interfaces/include/robokpy_interfaces/robokpy_interfaces/srv/detail/execution_state__type_support.c
[7.790s] -- Up-to-date: /home/meta/Documents/robotics_workspace_new/install/robokpy_interfaces/include/robokpy_interfaces/robokpy_interfaces/srv/detail/fk__type_support.h
[7.791s] -- Up-to-date: /home/meta/Documents/robotics_workspace_new/install/robokpy_interfaces/include/robokpy_interfaces/robokpy_interfaces/srv/detail/resume_execution__struct.h
[7.791s] -- Up-to-date: /home/meta/Documents/robotics_workspace_new/install/robokpy_interfaces/include/robokpy_interfaces/robokpy_interfaces/srv/detail/system_mode__description.c
[7.791s] -- Up-to-date: /home/meta/Documents/robotics_workspace_new/install/robokpy_interfaces/include/robokpy_interfaces/robokpy_interfaces/srv/detail/system_mode__struct.h
[7.792s] -- Up-to-date: /home/meta/Documents/robotics_workspace_new/install/robokpy_interfaces/include/robokpy_interfaces/robokpy_interfaces/srv/detail/despawnobject__functions.c
[7.792s] -- Up-to-date: /home/meta/Documents/robotics_workspace_new/install/robokpy_interfaces/include/robokpy_interfaces/robokpy_interfaces/srv/detail/spawnobject__description.c
[7.792s] -- Up-to-date: /home/meta/Documents/robotics_workspace_new/install/robokpy_interfaces/include/robokpy_interfaces/robokpy_interfaces/srv/detail/system_mode__functions.h
[7.792s] -- Up-to-date: /home/meta/Documents/robotics_workspace_new/install/robokpy_interfaces/include/robokpy_interfaces/robokpy_interfaces/srv/detail/jacobian__type_support.h
[7.793s] -- Up-to-date: /home/meta/Documents/robotics_workspace_new/install/robokpy_interfaces/include/robokpy_interfaces/robokpy_interfaces/srv/detail/execution_state__functions.h
[7.793s] -- Up-to-date: /home/meta/Documents/robotics_workspace_new/install/robokpy_interfaces/include/robokpy_interfaces/robokpy_interfaces/srv/grasp_attach.h
[7.793s] -- Up-to-date: /home/meta/Documents/robotics_workspace_new/install/robokpy_interfaces/include/robokpy_interfaces/robokpy_interfaces/srv/reachable.h
[7.793s] -- Up-to-date: /home/meta/Documents/robotics_workspace_new/install/robokpy_interfaces/include/robokpy_interfaces/robokpy_interfaces/srv/chain_fk.h
[7.794s] -- Up-to-date: /home/meta/Documents/robotics_workspace_new/install/robokpy_interfaces/include/robokpy_interfaces/robokpy_interfaces/srv/spawnobject.h
[7.794s] -- Up-to-date: /home/meta/Documents/robotics_workspace_new/install/robokpy_interfaces/include/robokpy_interfaces/robokpy_interfaces/srv/resolve_object_pose.h
[7.794s] -- Up-to-date: /home/meta/Documents/robotics_workspace_new/install/robokpy_interfaces/include/robokpy_interfaces/robokpy_interfaces/srv/jacobian.h
[7.794s] -- Up-to-date: /home/meta/Documents/robotics_workspace_new/install/robokpy_interfaces/include/robokpy_interfaces/robokpy_interfaces/srv/resume_execution.h
[7.795s] -- Up-to-date: /home/meta/Documents/robotics_workspace_new/install/robokpy_interfaces/include/robokpy_interfaces/robokpy_interfaces/srv/spawn_object.h
[7.795s] -- Up-to-date: /home/meta/Documents/robotics_workspace_new/install/robokpy_interfaces/include/robokpy_interfaces/robokpy_interfaces/srv/despawn_object.h
[7.795s] -- Up-to-date: /home/meta/Documents/robotics_workspace_new/install/robokpy_interfaces/include/robokpy_interfaces/robokpy_interfaces/srv/load_recipe.h
[7.795s] -- Up-to-date: /home/meta/Documents/robotics_workspace_new/install/robokpy_interfaces/include/robokpy_interfaces/robokpy_interfaces/srv/despawnobject.h
[7.796s] -- Up-to-date: /home/meta/Documents/robotics_workspace_new/install/robokpy_interfaces/include/robokpy_interfaces/robokpy_interfaces/action
[7.796s] -- Up-to-date: /home/meta/Documents/robotics_workspace_new/install/robokpy_interfaces/include/robokpy_interfaces/robokpy_interfaces/action/robot_trajectory.h
[7.796s] -- Up-to-date: /home/meta/Documents/robotics_workspace_new/install/robokpy_interfaces/include/robokpy_interfaces/robokpy_interfaces/action/detail
[7.797s] -- Up-to-date: /home/meta/Documents/robotics_workspace_new/install/robokpy_interfaces/include/robokpy_interfaces/robokpy_interfaces/action/detail/tool_execution__type_support.h
[7.797s] -- Up-to-date: /home/meta/Documents/robotics_workspace_new/install/robokpy_interfaces/include/robokpy_interfaces/robokpy_interfaces/action/detail/execute_vision_op__type_support.h
[7.797s] -- Up-to-date: /home/meta/Documents/robotics_workspace_new/install/robokpy_interfaces/include/robokpy_interfaces/robokpy_interfaces/action/detail/robot_trajectory__type_support.h
[7.797s] -- Up-to-date: /home/meta/Documents/robotics_workspace_new/install/robokpy_interfaces/include/robokpy_interfaces/robokpy_interfaces/action/detail/tool_execution__description.c
[7.798s] -- Installing: /home/meta/Documents/robotics_workspace_new/install/robokpy_interfaces/include/robokpy_interfaces/robokpy_interfaces/action/detail/set_joint_target__type_support.c
[7.802s] -- Up-to-date: /home/meta/Documents/robotics_workspace_new/install/robokpy_interfaces/include/robokpy_interfaces/robokpy_interfaces/action/detail/robot_trajectory__functions.h
[7.802s] -- Up-to-date: /home/meta/Documents/robotics_workspace_new/install/robokpy_interfaces/include/robokpy_interfaces/robokpy_interfaces/action/detail/execute_vision_op__struct.h
[7.803s] -- Installing: /home/meta/Documents/robotics_workspace_new/install/robokpy_interfaces/include/robokpy_interfaces/robokpy_interfaces/action/detail/execute_vision_op__type_support.c
[7.803s] -- Up-to-date: /home/meta/Documents/robotics_workspace_new/install/robokpy_interfaces/include/robokpy_interfaces/robokpy_interfaces/action/detail/robot_trajectory__functions.c
[7.803s] -- Up-to-date: /home/meta/Documents/robotics_workspace_new/install/robokpy_interfaces/include/robokpy_interfaces/robokpy_interfaces/action/detail/set_joint_target__struct.h
[7.804s] -- Installing: /home/meta/Documents/robotics_workspace_new/install/robokpy_interfaces/include/robokpy_interfaces/robokpy_interfaces/action/detail/execute_tool_op__type_support.c
[7.804s] -- Up-to-date: /home/meta/Documents/robotics_workspace_new/install/robokpy_interfaces/include/robokpy_interfaces/robokpy_interfaces/action/detail/execute_tool_op__struct.h
[7.804s] -- Up-to-date: /home/meta/Documents/robotics_workspace_new/install/robokpy_interfaces/include/robokpy_interfaces/robokpy_interfaces/action/detail/set_joint_target__functions.h
[7.805s] -- Up-to-date: /home/meta/Documents/robotics_workspace_new/install/robokpy_interfaces/include/robokpy_interfaces/robokpy_interfaces/action/detail/execute_tool_op__functions.h
[7.805s] -- Up-to-date: /home/meta/Documents/robotics_workspace_new/install/robokpy_interfaces/include/robokpy_interfaces/robokpy_interfaces/action/detail/execute_motion__type_support.h
[7.805s] -- Up-to-date: /home/meta/Documents/robotics_workspace_new/install/robokpy_interfaces/include/robokpy_interfaces/robokpy_interfaces/action/detail/set_joint_target__functions.c
[7.806s] -- Installing: /home/meta/Documents/robotics_workspace_new/install/robokpy_interfaces/include/robokpy_interfaces/robokpy_interfaces/action/detail/robot_trajectory__type_support.c
[7.817s] -- Up-to-date: /home/meta/Documents/robotics_workspace_new/install/robokpy_interfaces/include/robokpy_interfaces/robokpy_interfaces/action/detail/robot_trajectory__struct.h
[7.817s] -- Up-to-date: /home/meta/Documents/robotics_workspace_new/install/robokpy_interfaces/include/robokpy_interfaces/robokpy_interfaces/action/detail/set_joint_target__description.c
[7.818s] -- Up-to-date: /home/meta/Documents/robotics_workspace_new/install/robokpy_interfaces/include/robokpy_interfaces/robokpy_interfaces/action/detail/execute_tool_op__type_support.h
[7.818s] -- Up-to-date: /home/meta/Documents/robotics_workspace_new/install/robokpy_interfaces/include/robokpy_interfaces/robokpy_interfaces/action/detail/execute_vision_op__functions.c
[7.819s] -- Up-to-date: /home/meta/Documents/robotics_workspace_new/install/robokpy_interfaces/include/robokpy_interfaces/robokpy_interfaces/action/detail/execute_vision_op__functions.h
[7.819s] -- Up-to-date: /home/meta/Documents/robotics_workspace_new/install/robokpy_interfaces/include/robokpy_interfaces/robokpy_interfaces/action/detail/execute_vision_op__description.c
[7.819s] -- Up-to-date: /home/meta/Documents/robotics_workspace_new/install/robokpy_interfaces/include/robokpy_interfaces/robokpy_interfaces/action/detail/tool_execution__functions.h
[7.819s] -- Up-to-date: /home/meta/Documents/robotics_workspace_new/install/robokpy_interfaces/include/robokpy_interfaces/robokpy_interfaces/action/detail/robot_trajectory__description.c
[7.820s] -- Installing: /home/meta/Documents/robotics_workspace_new/install/robokpy_interfaces/include/robokpy_interfaces/robokpy_interfaces/action/detail/tool_execution__type_support.c
[7.820s] -- Up-to-date: /home/meta/Documents/robotics_workspace_new/install/robokpy_interfaces/include/robokpy_interfaces/robokpy_interfaces/action/detail/execute_motion__functions.h
[7.821s] -- Installing: /home/meta/Documents/robotics_workspace_new/install/robokpy_interfaces/include/robokpy_interfaces/robokpy_interfaces/action/detail/execute_motion__type_support.c
[7.821s] -- Up-to-date: /home/meta/Documents/robotics_workspace_new/install/robokpy_interfaces/include/robokpy_interfaces/robokpy_interfaces/action/detail/execute_motion__struct.h
[7.822s] -- Up-to-date: /home/meta/Documents/robotics_workspace_new/install/robokpy_interfaces/include/robokpy_interfaces/robokpy_interfaces/action/detail/set_joint_target__type_support.h
[7.822s] -- Up-to-date: /home/meta/Documents/robotics_workspace_new/install/robokpy_interfaces/include/robokpy_interfaces/robokpy_interfaces/action/detail/tool_execution__functions.c
[7.822s] -- Up-to-date: /home/meta/Documents/robotics_workspace_new/install/robokpy_interfaces/include/robokpy_interfaces/robokpy_interfaces/action/detail/tool_execution__struct.h
[7.823s] -- Up-to-date: /home/meta/Documents/robotics_workspace_new/install/robokpy_interfaces/include/robokpy_interfaces/robokpy_interfaces/action/detail/execute_tool_op__functions.c
[7.823s] -- Up-to-date: /home/meta/Documents/robotics_workspace_new/install/robokpy_interfaces/include/robokpy_interfaces/robokpy_interfaces/action/detail/execute_motion__functions.c
[7.824s] -- Up-to-date: /home/meta/Documents/robotics_workspace_new/install/robokpy_interfaces/include/robokpy_interfaces/robokpy_interfaces/action/detail/execute_tool_op__description.c
[7.824s] -- Up-to-date: /home/meta/Documents/robotics_workspace_new/install/robokpy_interfaces/include/robokpy_interfaces/robokpy_interfaces/action/detail/execute_motion__description.c
[7.825s] -- Up-to-date: /home/meta/Documents/robotics_workspace_new/install/robokpy_interfaces/include/robokpy_interfaces/robokpy_interfaces/action/tool_execution.h
[7.826s] -- Up-to-date: /home/meta/Documents/robotics_workspace_new/install/robokpy_interfaces/include/robokpy_interfaces/robokpy_interfaces/action/set_joint_target.h
[7.827s] -- Up-to-date: /home/meta/Documents/robotics_workspace_new/install/robokpy_interfaces/include/robokpy_interfaces/robokpy_interfaces/action/execute_motion.h
[7.827s] -- Up-to-date: /home/meta/Documents/robotics_workspace_new/install/robokpy_interfaces/include/robokpy_interfaces/robokpy_interfaces/action/execute_vision_op.h
[7.828s] -- Up-to-date: /home/meta/Documents/robotics_workspace_new/install/robokpy_interfaces/include/robokpy_interfaces/robokpy_interfaces/action/execute_tool_op.h
[7.828s] -- Up-to-date: /home/meta/Documents/robotics_workspace_new/install/robokpy_interfaces/include/robokpy_interfaces/robokpy_interfaces/msg
[7.829s] -- Up-to-date: /home/meta/Documents/robotics_workspace_new/install/robokpy_interfaces/include/robokpy_interfaces/robokpy_interfaces/msg/cell_state.h
[7.829s] -- Up-to-date: /home/meta/Documents/robotics_workspace_new/install/robokpy_interfaces/include/robokpy_interfaces/robokpy_interfaces/msg/detail
[7.829s] -- Up-to-date: /home/meta/Documents/robotics_workspace_new/install/robokpy_interfaces/include/robokpy_interfaces/robokpy_interfaces/msg/detail/cell_state__functions.h
[7.830s] -- Up-to-date: /home/meta/Documents/robotics_workspace_new/install/robokpy_interfaces/include/robokpy_interfaces/robokpy_interfaces/msg/detail/cell_state__functions.c
[7.830s] -- Up-to-date: /home/meta/Documents/robotics_workspace_new/install/robokpy_interfaces/include/robokpy_interfaces/robokpy_interfaces/msg/detail/cell_state__type_support.h
[7.830s] -- Up-to-date: /home/meta/Documents/robotics_workspace_new/install/robokpy_interfaces/include/robokpy_interfaces/robokpy_interfaces/msg/detail/cell_state__struct.h
[7.831s] -- Installing: /home/meta/Documents/robotics_workspace_new/install/robokpy_interfaces/include/robokpy_interfaces/robokpy_interfaces/msg/detail/cell_state__type_support.c
[7.831s] -- Up-to-date: /home/meta/Documents/robotics_workspace_new/install/robokpy_interfaces/include/robokpy_interfaces/robokpy_interfaces/msg/detail/cell_state__description.c
[7.831s] -- Up-to-date: /home/meta/Documents/robotics_workspace_new/install/robokpy_interfaces/include/robokpy_interfaces/robokpy_interfaces/msg/rosidl_generator_c__visibility_control.h
[7.831s] -- Up-to-date: /home/meta/Documents/robotics_workspace_new/install/robokpy_interfaces/share/robokpy_interfaces/environment/library_path.sh
[7.832s] -- Up-to-date: /home/meta/Documents/robotics_workspace_new/install/robokpy_interfaces/share/robokpy_interfaces/environment/library_path.dsv
[7.832s] -- Up-to-date: /home/meta/Documents/robotics_workspace_new/install/robokpy_interfaces/lib/librobokpy_interfaces__rosidl_generator_c.so
[7.832s] -- Up-to-date: /home/meta/Documents/robotics_workspace_new/install/robokpy_interfaces/include/robokpy_interfaces/robokpy_interfaces
[7.833s] -- Up-to-date: /home/meta/Documents/robotics_workspace_new/install/robokpy_interfaces/include/robokpy_interfaces/robokpy_interfaces/srv
[7.833s] -- Up-to-date: /home/meta/Documents/robotics_workspace_new/install/robokpy_interfaces/include/robokpy_interfaces/robokpy_interfaces/srv/detail
[7.833s] -- Up-to-date: /home/meta/Documents/robotics_workspace_new/install/robokpy_interfaces/include/robokpy_interfaces/robokpy_interfaces/srv/detail/despawn_object__rosidl_typesupport_fastrtps_c.h
[7.834s] -- Up-to-date: /home/meta/Documents/robotics_workspace_new/install/robokpy_interfaces/include/robokpy_interfaces/robokpy_interfaces/srv/detail/grasp_attach__rosidl_typesupport_fastrtps_c.h
[7.834s] -- Up-to-date: /home/meta/Documents/robotics_workspace_new/install/robokpy_interfaces/include/robokpy_interfaces/robokpy_interfaces/srv/detail/spawn_object__rosidl_typesupport_fastrtps_c.h
[7.834s] -- Up-to-date: /home/meta/Documents/robotics_workspace_new/install/robokpy_interfaces/include/robokpy_interfaces/robokpy_interfaces/srv/detail/system_mode__rosidl_typesupport_fastrtps_c.h
[7.835s] -- Up-to-date: /home/meta/Documents/robotics_workspace_new/install/robokpy_interfaces/include/robokpy_interfaces/robokpy_interfaces/srv/detail/jacobian__rosidl_typesupport_fastrtps_c.h
[7.835s] -- Up-to-date: /home/meta/Documents/robotics_workspace_new/install/robokpy_interfaces/include/robokpy_interfaces/robokpy_interfaces/srv/detail/fk__rosidl_typesupport_fastrtps_c.h
[7.835s] -- Up-to-date: /home/meta/Documents/robotics_workspace_new/install/robokpy_interfaces/include/robokpy_interfaces/robokpy_interfaces/srv/detail/ik__rosidl_typesupport_fastrtps_c.h
[7.836s] -- Up-to-date: /home/meta/Documents/robotics_workspace_new/install/robokpy_interfaces/include/robokpy_interfaces/robokpy_interfaces/srv/detail/resolve_object_pose__rosidl_typesupport_fastrtps_c.h
[7.836s] -- Up-to-date: /home/meta/Documents/robotics_workspace_new/install/robokpy_interfaces/include/robokpy_interfaces/robokpy_interfaces/srv/detail/despawnobject__rosidl_typesupport_fastrtps_c.h
[7.836s] -- Up-to-date: /home/meta/Documents/robotics_workspace_new/install/robokpy_interfaces/include/robokpy_interfaces/robokpy_interfaces/srv/detail/execution_state__rosidl_typesupport_fastrtps_c.h
[7.836s] -- Up-to-date: /home/meta/Documents/robotics_workspace_new/install/robokpy_interfaces/include/robokpy_interfaces/robokpy_interfaces/srv/detail/reachable__rosidl_typesupport_fastrtps_c.h
[7.837s] -- Up-to-date: /home/meta/Documents/robotics_workspace_new/install/robokpy_interfaces/include/robokpy_interfaces/robokpy_interfaces/srv/detail/chain_fk__rosidl_typesupport_fastrtps_c.h
[7.837s] -- Up-to-date: /home/meta/Documents/robotics_workspace_new/install/robokpy_interfaces/include/robokpy_interfaces/robokpy_interfaces/srv/detail/set_planning_tip_link__rosidl_typesupport_fastrtps_c.h
[7.837s] -- Up-to-date: /home/meta/Documents/robotics_workspace_new/install/robokpy_interfaces/include/robokpy_interfaces/robokpy_interfaces/srv/detail/load_recipe__rosidl_typesupport_fastrtps_c.h
[7.838s] -- Up-to-date: /home/meta/Documents/robotics_workspace_new/install/robokpy_interfaces/include/robokpy_interfaces/robokpy_interfaces/srv/detail/spawnobject__rosidl_typesupport_fastrtps_c.h
[7.838s] -- Up-to-date: /home/meta/Documents/robotics_workspace_new/install/robokpy_interfaces/include/robokpy_interfaces/robokpy_interfaces/srv/detail/resume_execution__rosidl_typesupport_fastrtps_c.h
[7.838s] -- Up-to-date: /home/meta/Documents/robotics_workspace_new/install/robokpy_interfaces/include/robokpy_interfaces/robokpy_interfaces/action
[7.839s] -- Up-to-date: /home/meta/Documents/robotics_workspace_new/install/robokpy_interfaces/include/robokpy_interfaces/robokpy_interfaces/action/detail
[7.839s] -- Up-to-date: /home/meta/Documents/robotics_workspace_new/install/robokpy_interfaces/include/robokpy_interfaces/robokpy_interfaces/action/detail/execute_tool_op__rosidl_typesupport_fastrtps_c.h
[7.839s] -- Up-to-date: /home/meta/Documents/robotics_workspace_new/install/robokpy_interfaces/include/robokpy_interfaces/robokpy_interfaces/action/detail/tool_execution__rosidl_typesupport_fastrtps_c.h
[7.839s] -- Up-to-date: /home/meta/Documents/robotics_workspace_new/install/robokpy_interfaces/include/robokpy_interfaces/robokpy_interfaces/action/detail/set_joint_target__rosidl_typesupport_fastrtps_c.h
[7.840s] -- Up-to-date: /home/meta/Documents/robotics_workspace_new/install/robokpy_interfaces/include/robokpy_interfaces/robokpy_interfaces/action/detail/execute_vision_op__rosidl_typesupport_fastrtps_c.h
[7.840s] -- Up-to-date: /home/meta/Documents/robotics_workspace_new/install/robokpy_interfaces/include/robokpy_interfaces/robokpy_interfaces/action/detail/execute_motion__rosidl_typesupport_fastrtps_c.h
[7.840s] -- Up-to-date: /home/meta/Documents/robotics_workspace_new/install/robokpy_interfaces/include/robokpy_interfaces/robokpy_interfaces/action/detail/robot_trajectory__rosidl_typesupport_fastrtps_c.h
[7.841s] -- Up-to-date: /home/meta/Documents/robotics_workspace_new/install/robokpy_interfaces/include/robokpy_interfaces/robokpy_interfaces/msg
[7.841s] -- Up-to-date: /home/meta/Documents/robotics_workspace_new/install/robokpy_interfaces/include/robokpy_interfaces/robokpy_interfaces/msg/detail
[7.841s] -- Up-to-date: /home/meta/Documents/robotics_workspace_new/install/robokpy_interfaces/include/robokpy_interfaces/robokpy_interfaces/msg/detail/cell_state__rosidl_typesupport_fastrtps_c.h
[7.842s] -- Up-to-date: /home/meta/Documents/robotics_workspace_new/install/robokpy_interfaces/include/robokpy_interfaces/robokpy_interfaces/msg/rosidl_typesupport_fastrtps_c__visibility_control.h
[7.842s] -- Up-to-date: /home/meta/Documents/robotics_workspace_new/install/robokpy_interfaces/lib/librobokpy_interfaces__rosidl_typesupport_fastrtps_c.so
[7.842s] -- Up-to-date: /home/meta/Documents/robotics_workspace_new/install/robokpy_interfaces/include/robokpy_interfaces/robokpy_interfaces
[7.842s] -- Up-to-date: /home/meta/Documents/robotics_workspace_new/install/robokpy_interfaces/include/robokpy_interfaces/robokpy_interfaces/srv
[7.843s] -- Up-to-date: /home/meta/Documents/robotics_workspace_new/install/robokpy_interfaces/include/robokpy_interfaces/robokpy_interfaces/srv/detail
[7.843s] -- Installing: /home/meta/Documents/robotics_workspace_new/install/robokpy_interfaces/include/robokpy_interfaces/robokpy_interfaces/srv/detail/spawn_object__type_support.c
[7.849s] -- Installing: /home/meta/Documents/robotics_workspace_new/install/robokpy_interfaces/include/robokpy_interfaces/robokpy_interfaces/srv/detail/system_mode__type_support.c
[7.855s] -- Installing: /home/meta/Documents/robotics_workspace_new/install/robokpy_interfaces/include/robokpy_interfaces/robokpy_interfaces/srv/detail/despawn_object__type_support.c
[7.858s] -- Up-to-date: /home/meta/Documents/robotics_workspace_new/install/robokpy_interfaces/include/robokpy_interfaces/robokpy_interfaces/srv/detail/fk__rosidl_typesupport_introspection_c.h
[7.859s] -- Installing: /home/meta/Documents/robotics_workspace_new/install/robokpy_interfaces/include/robokpy_interfaces/robokpy_interfaces/srv/detail/chain_fk__type_support.c
[7.864s] -- Up-to-date: /home/meta/Documents/robotics_workspace_new/install/robokpy_interfaces/include/robokpy_interfaces/robokpy_interfaces/srv/detail/spawnobject__rosidl_typesupport_introspection_c.h
[7.865s] -- Installing: /home/meta/Documents/robotics_workspace_new/install/robokpy_interfaces/include/robokpy_interfaces/robokpy_interfaces/srv/detail/despawnobject__type_support.c
[7.879s] -- Up-to-date: /home/meta/Documents/robotics_workspace_new/install/robokpy_interfaces/include/robokpy_interfaces/robokpy_interfaces/srv/detail/grasp_attach__rosidl_typesupport_introspection_c.h
[7.879s] -- Installing: /home/meta/Documents/robotics_workspace_new/install/robokpy_interfaces/include/robokpy_interfaces/robokpy_interfaces/srv/detail/reachable__type_support.c
[7.901s] -- Installing: /home/meta/Documents/robotics_workspace_new/install/robokpy_interfaces/include/robokpy_interfaces/robokpy_interfaces/srv/detail/resolve_object_pose__type_support.c
[7.921s] -- Installing: /home/meta/Documents/robotics_workspace_new/install/robokpy_interfaces/include/robokpy_interfaces/robokpy_interfaces/srv/detail/spawnobject__type_support.c
[7.934s] -- Up-to-date: /home/meta/Documents/robotics_workspace_new/install/robokpy_interfaces/include/robokpy_interfaces/robokpy_interfaces/srv/detail/ik__rosidl_typesupport_introspection_c.h
[7.935s] -- Up-to-date: /home/meta/Documents/robotics_workspace_new/install/robokpy_interfaces/include/robokpy_interfaces/robokpy_interfaces/srv/detail/set_planning_tip_link__rosidl_typesupport_introspection_c.h
[7.935s] -- Installing: /home/meta/Documents/robotics_workspace_new/install/robokpy_interfaces/include/robokpy_interfaces/robokpy_interfaces/srv/detail/ik__type_support.c
[7.935s] -- Installing: /home/meta/Documents/robotics_workspace_new/install/robokpy_interfaces/include/robokpy_interfaces/robokpy_interfaces/srv/detail/fk__type_support.c
[7.938s] -- Installing: /home/meta/Documents/robotics_workspace_new/install/robokpy_interfaces/include/robokpy_interfaces/robokpy_interfaces/srv/detail/resume_execution__type_support.c
[7.940s] -- Installing: /home/meta/Documents/robotics_workspace_new/install/robokpy_interfaces/include/robokpy_interfaces/robokpy_interfaces/srv/detail/set_planning_tip_link__type_support.c
[7.943s] -- Up-to-date: /home/meta/Documents/robotics_workspace_new/install/robokpy_interfaces/include/robokpy_interfaces/robokpy_interfaces/srv/detail/despawn_object__rosidl_typesupport_introspection_c.h
[7.944s] -- Up-to-date: /home/meta/Documents/robotics_workspace_new/install/robokpy_interfaces/include/robokpy_interfaces/robokpy_interfaces/srv/detail/jacobian__rosidl_typesupport_introspection_c.h
[7.945s] -- Installing: /home/meta/Documents/robotics_workspace_new/install/robokpy_interfaces/include/robokpy_interfaces/robokpy_interfaces/srv/detail/load_recipe__type_support.c
[7.945s] -- Installing: /home/meta/Documents/robotics_workspace_new/install/robokpy_interfaces/include/robokpy_interfaces/robokpy_interfaces/srv/detail/jacobian__type_support.c
[7.947s] -- Up-to-date: /home/meta/Documents/robotics_workspace_new/install/robokpy_interfaces/include/robokpy_interfaces/robokpy_interfaces/srv/detail/resolve_object_pose__rosidl_typesupport_introspection_c.h
[7.947s] -- Up-to-date: /home/meta/Documents/robotics_workspace_new/install/robokpy_interfaces/include/robokpy_interfaces/robokpy_interfaces/srv/detail/reachable__rosidl_typesupport_introspection_c.h
[7.947s] -- Up-to-date: /home/meta/Documents/robotics_workspace_new/install/robokpy_interfaces/include/robokpy_interfaces/robokpy_interfaces/srv/detail/load_recipe__rosidl_typesupport_introspection_c.h
[7.948s] -- Installing: /home/meta/Documents/robotics_workspace_new/install/robokpy_interfaces/include/robokpy_interfaces/robokpy_interfaces/srv/detail/grasp_attach__type_support.c
[7.948s] -- Up-to-date: /home/meta/Documents/robotics_workspace_new/install/robokpy_interfaces/include/robokpy_interfaces/robokpy_interfaces/srv/detail/despawnobject__rosidl_typesupport_introspection_c.h
[7.948s] -- Installing: /home/meta/Documents/robotics_workspace_new/install/robokpy_interfaces/include/robokpy_interfaces/robokpy_interfaces/srv/detail/execution_state__type_support.c
[7.961s] -- Up-to-date: /home/meta/Documents/robotics_workspace_new/install/robokpy_interfaces/include/robokpy_interfaces/robokpy_interfaces/srv/detail/chain_fk__rosidl_typesupport_introspection_c.h
[7.961s] -- Up-to-date: /home/meta/Documents/robotics_workspace_new/install/robokpy_interfaces/include/robokpy_interfaces/robokpy_interfaces/srv/detail/resume_execution__rosidl_typesupport_introspection_c.h
[7.961s] -- Up-to-date: /home/meta/Documents/robotics_workspace_new/install/robokpy_interfaces/include/robokpy_interfaces/robokpy_interfaces/srv/detail/execution_state__rosidl_typesupport_introspection_c.h
[7.962s] -- Up-to-date: /home/meta/Documents/robotics_workspace_new/install/robokpy_interfaces/include/robokpy_interfaces/robokpy_interfaces/srv/detail/system_mode__rosidl_typesupport_introspection_c.h
[7.962s] -- Up-to-date: /home/meta/Documents/robotics_workspace_new/install/robokpy_interfaces/include/robokpy_interfaces/robokpy_interfaces/srv/detail/spawn_object__rosidl_typesupport_introspection_c.h
[7.962s] -- Up-to-date: /home/meta/Documents/robotics_workspace_new/install/robokpy_interfaces/include/robokpy_interfaces/robokpy_interfaces/action
[7.962s] -- Up-to-date: /home/meta/Documents/robotics_workspace_new/install/robokpy_interfaces/include/robokpy_interfaces/robokpy_interfaces/action/detail
[7.968s] -- Up-to-date: /home/meta/Documents/robotics_workspace_new/install/robokpy_interfaces/include/robokpy_interfaces/robokpy_interfaces/action/detail/robot_trajectory__rosidl_typesupport_introspection_c.h
[7.969s] -- Up-to-date: /home/meta/Documents/robotics_workspace_new/install/robokpy_interfaces/include/robokpy_interfaces/robokpy_interfaces/action/detail/execute_tool_op__rosidl_typesupport_introspection_c.h
[7.969s] -- Installing: /home/meta/Documents/robotics_workspace_new/install/robokpy_interfaces/include/robokpy_interfaces/robokpy_interfaces/action/detail/set_joint_target__type_support.c
[7.973s] -- Installing: /home/meta/Documents/robotics_workspace_new/install/robokpy_interfaces/include/robokpy_interfaces/robokpy_interfaces/action/detail/execute_vision_op__type_support.c
[8.001s] -- Installing: /home/meta/Documents/robotics_workspace_new/install/robokpy_interfaces/include/robokpy_interfaces/robokpy_interfaces/action/detail/execute_tool_op__type_support.c
[8.015s] -- Up-to-date: /home/meta/Documents/robotics_workspace_new/install/robokpy_interfaces/include/robokpy_interfaces/robokpy_interfaces/action/detail/tool_execution__rosidl_typesupport_introspection_c.h
[8.015s] -- Installing: /home/meta/Documents/robotics_workspace_new/install/robokpy_interfaces/include/robokpy_interfaces/robokpy_interfaces/action/detail/robot_trajectory__type_support.c
[8.032s] -- Installing: /home/meta/Documents/robotics_workspace_new/install/robokpy_interfaces/include/robokpy_interfaces/robokpy_interfaces/action/detail/tool_execution__type_support.c
[8.045s] -- Up-to-date: /home/meta/Documents/robotics_workspace_new/install/robokpy_interfaces/include/robokpy_interfaces/robokpy_interfaces/action/detail/execute_vision_op__rosidl_typesupport_introspection_c.h
[8.045s] -- Installing: /home/meta/Documents/robotics_workspace_new/install/robokpy_interfaces/include/robokpy_interfaces/robokpy_interfaces/action/detail/execute_motion__type_support.c
[8.087s] -- Up-to-date: /home/meta/Documents/robotics_workspace_new/install/robokpy_interfaces/include/robokpy_interfaces/robokpy_interfaces/action/detail/set_joint_target__rosidl_typesupport_introspection_c.h
[8.087s] -- Up-to-date: /home/meta/Documents/robotics_workspace_new/install/robokpy_interfaces/include/robokpy_interfaces/robokpy_interfaces/action/detail/execute_motion__rosidl_typesupport_introspection_c.h
[8.090s] -- Up-to-date: /home/meta/Documents/robotics_workspace_new/install/robokpy_interfaces/include/robokpy_interfaces/robokpy_interfaces/msg
[8.090s] -- Up-to-date: /home/meta/Documents/robotics_workspace_new/install/robokpy_interfaces/include/robokpy_interfaces/robokpy_interfaces/msg/detail
[8.091s] -- Installing: /home/meta/Documents/robotics_workspace_new/install/robokpy_interfaces/include/robokpy_interfaces/robokpy_interfaces/msg/detail/cell_state__type_support.c
[8.091s] -- Up-to-date: /home/meta/Documents/robotics_workspace_new/install/robokpy_interfaces/include/robokpy_interfaces/robokpy_interfaces/msg/detail/cell_state__rosidl_typesupport_introspection_c.h
[8.091s] -- Up-to-date: /home/meta/Documents/robotics_workspace_new/install/robokpy_interfaces/include/robokpy_interfaces/robokpy_interfaces/msg/rosidl_typesupport_introspection_c__visibility_control.h
[8.092s] -- Up-to-date: /home/meta/Documents/robotics_workspace_new/install/robokpy_interfaces/lib/librobokpy_interfaces__rosidl_typesupport_introspection_c.so
[8.092s] -- Up-to-date: /home/meta/Documents/robotics_workspace_new/install/robokpy_interfaces/lib/librobokpy_interfaces__rosidl_typesupport_c.so
[8.093s] -- Up-to-date: /home/meta/Documents/robotics_workspace_new/install/robokpy_interfaces/include/robokpy_interfaces/robokpy_interfaces
[8.094s] -- Up-to-date: /home/meta/Documents/robotics_workspace_new/install/robokpy_interfaces/include/robokpy_interfaces/robokpy_interfaces/srv
[8.094s] -- Up-to-date: /home/meta/Documents/robotics_workspace_new/install/robokpy_interfaces/include/robokpy_interfaces/robokpy_interfaces/srv/spawn_object.hpp
[8.095s] -- Up-to-date: /home/meta/Documents/robotics_workspace_new/install/robokpy_interfaces/include/robokpy_interfaces/robokpy_interfaces/srv/system_mode.hpp
[8.096s] -- Up-to-date: /home/meta/Documents/robotics_workspace_new/install/robokpy_interfaces/include/robokpy_interfaces/robokpy_interfaces/srv/set_planning_tip_link.hpp
[8.096s] -- Up-to-date: /home/meta/Documents/robotics_workspace_new/install/robokpy_interfaces/include/robokpy_interfaces/robokpy_interfaces/srv/execution_state.hpp
[8.099s] -- Up-to-date: /home/meta/Documents/robotics_workspace_new/install/robokpy_interfaces/include/robokpy_interfaces/robokpy_interfaces/srv/jacobian.hpp
[8.099s] -- Up-to-date: /home/meta/Documents/robotics_workspace_new/install/robokpy_interfaces/include/robokpy_interfaces/robokpy_interfaces/srv/grasp_attach.hpp
[8.101s] -- Up-to-date: /home/meta/Documents/robotics_workspace_new/install/robokpy_interfaces/include/robokpy_interfaces/robokpy_interfaces/srv/load_recipe.hpp
[8.101s] -- Up-to-date: /home/meta/Documents/robotics_workspace_new/install/robokpy_interfaces/include/robokpy_interfaces/robokpy_interfaces/srv/detail
[8.101s] -- Up-to-date: /home/meta/Documents/robotics_workspace_new/install/robokpy_interfaces/include/robokpy_interfaces/robokpy_interfaces/srv/detail/grasp_attach__struct.hpp
[8.102s] -- Up-to-date: /home/meta/Documents/robotics_workspace_new/install/robokpy_interfaces/include/robokpy_interfaces/robokpy_interfaces/srv/detail/resume_execution__type_support.hpp
[8.102s] -- Up-to-date: /home/meta/Documents/robotics_workspace_new/install/robokpy_interfaces/include/robokpy_interfaces/robokpy_interfaces/srv/detail/ik__struct.hpp
[8.102s] -- Up-to-date: /home/meta/Documents/robotics_workspace_new/install/robokpy_interfaces/include/robokpy_interfaces/robokpy_interfaces/srv/detail/reachable__type_support.hpp
[8.102s] -- Up-to-date: /home/meta/Documents/robotics_workspace_new/install/robokpy_interfaces/include/robokpy_interfaces/robokpy_interfaces/srv/detail/system_mode__type_support.hpp
[8.108s] -- Up-to-date: /home/meta/Documents/robotics_workspace_new/install/robokpy_interfaces/include/robokpy_interfaces/robokpy_interfaces/srv/detail/despawnobject__builder.hpp
[8.109s] -- Up-to-date: /home/meta/Documents/robotics_workspace_new/install/robokpy_interfaces/include/robokpy_interfaces/robokpy_interfaces/srv/detail/despawnobject__type_support.hpp
[8.109s] -- Up-to-date: /home/meta/Documents/robotics_workspace_new/install/robokpy_interfaces/include/robokpy_interfaces/robokpy_interfaces/srv/detail/execution_state__type_support.hpp
[8.109s] -- Up-to-date: /home/meta/Documents/robotics_workspace_new/install/robokpy_interfaces/include/robokpy_interfaces/robokpy_interfaces/srv/detail/fk__type_support.hpp
[8.110s] -- Up-to-date: /home/meta/Documents/robotics_workspace_new/install/robokpy_interfaces/include/robokpy_interfaces/robokpy_interfaces/srv/detail/jacobian__struct.hpp
[8.110s] -- Up-to-date: /home/meta/Documents/robotics_workspace_new/install/robokpy_interfaces/include/robokpy_interfaces/robokpy_interfaces/srv/detail/ik__traits.hpp
[8.110s] -- Up-to-date: /home/meta/Documents/robotics_workspace_new/install/robokpy_interfaces/include/robokpy_interfaces/robokpy_interfaces/srv/detail/fk__struct.hpp
[8.110s] -- Up-to-date: /home/meta/Documents/robotics_workspace_new/install/robokpy_interfaces/include/robokpy_interfaces/robokpy_interfaces/srv/detail/grasp_attach__type_support.hpp
[8.113s] -- Up-to-date: /home/meta/Documents/robotics_workspace_new/install/robokpy_interfaces/include/robokpy_interfaces/robokpy_interfaces/srv/detail/execution_state__struct.hpp
[8.113s] -- Up-to-date: /home/meta/Documents/robotics_workspace_new/install/robokpy_interfaces/include/robokpy_interfaces/robokpy_interfaces/srv/detail/resume_execution__builder.hpp
[8.113s] -- Up-to-date: /home/meta/Documents/robotics_workspace_new/install/robokpy_interfaces/include/robokpy_interfaces/robokpy_interfaces/srv/detail/despawnobject__traits.hpp
[8.114s] -- Up-to-date: /home/meta/Documents/robotics_workspace_new/install/robokpy_interfaces/include/robokpy_interfaces/robokpy_interfaces/srv/detail/execution_state__traits.hpp
[8.114s] -- Up-to-date: /home/meta/Documents/robotics_workspace_new/install/robokpy_interfaces/include/robokpy_interfaces/robokpy_interfaces/srv/detail/chain_fk__type_support.hpp
[8.114s] -- Up-to-date: /home/meta/Documents/robotics_workspace_new/install/robokpy_interfaces/include/robokpy_interfaces/robokpy_interfaces/srv/detail/resolve_object_pose__builder.hpp
[8.115s] -- Up-to-date: /home/meta/Documents/robotics_workspace_new/install/robokpy_interfaces/include/robokpy_interfaces/robokpy_interfaces/srv/detail/resolve_object_pose__type_support.hpp
[8.115s] -- Up-to-date: /home/meta/Documents/robotics_workspace_new/install/robokpy_interfaces/include/robokpy_interfaces/robokpy_interfaces/srv/detail/fk__traits.hpp
[8.115s] -- Up-to-date: /home/meta/Documents/robotics_workspace_new/install/robokpy_interfaces/include/robokpy_interfaces/robokpy_interfaces/srv/detail/jacobian__type_support.hpp
[8.115s] -- Up-to-date: /home/meta/Documents/robotics_workspace_new/install/robokpy_interfaces/include/robokpy_interfaces/robokpy_interfaces/srv/detail/resolve_object_pose__struct.hpp
[8.120s] -- Up-to-date: /home/meta/Documents/robotics_workspace_new/install/robokpy_interfaces/include/robokpy_interfaces/robokpy_interfaces/srv/detail/despawn_object__traits.hpp
[8.121s] -- Up-to-date: /home/meta/Documents/robotics_workspace_new/install/robokpy_interfaces/include/robokpy_interfaces/robokpy_interfaces/srv/detail/load_recipe__type_support.hpp
[8.121s] -- Up-to-date: /home/meta/Documents/robotics_workspace_new/install/robokpy_interfaces/include/robokpy_interfaces/robokpy_interfaces/srv/detail/reachable__traits.hpp
[8.121s] -- Up-to-date: /home/meta/Documents/robotics_workspace_new/install/robokpy_interfaces/include/robokpy_interfaces/robokpy_interfaces/srv/detail/spawnobject__struct.hpp
[8.122s] -- Up-to-date: /home/meta/Documents/robotics_workspace_new/install/robokpy_interfaces/include/robokpy_interfaces/robokpy_interfaces/srv/detail/system_mode__builder.hpp
[8.122s] -- Up-to-date: /home/meta/Documents/robotics_workspace_new/install/robokpy_interfaces/include/robokpy_interfaces/robokpy_interfaces/srv/detail/set_planning_tip_link__builder.hpp
[8.122s] -- Up-to-date: /home/meta/Documents/robotics_workspace_new/install/robokpy_interfaces/include/robokpy_interfaces/robokpy_interfaces/srv/detail/resolve_object_pose__traits.hpp
[8.122s] -- Up-to-date: /home/meta/Documents/robotics_workspace_new/install/robokpy_interfaces/include/robokpy_interfaces/robokpy_interfaces/srv/detail/set_planning_tip_link__type_support.hpp
[8.123s] -- Up-to-date: /home/meta/Documents/robotics_workspace_new/install/robokpy_interfaces/include/robokpy_interfaces/robokpy_interfaces/srv/detail/reachable__struct.hpp
[8.123s] -- Up-to-date: /home/meta/Documents/robotics_workspace_new/install/robokpy_interfaces/include/robokpy_interfaces/robokpy_interfaces/srv/detail/resume_execution__struct.hpp
[8.123s] -- Up-to-date: /home/meta/Documents/robotics_workspace_new/install/robokpy_interfaces/include/robokpy_interfaces/robokpy_interfaces/srv/detail/spawn_object__type_support.hpp
[8.123s] -- Up-to-date: /home/meta/Documents/robotics_workspace_new/install/robokpy_interfaces/include/robokpy_interfaces/robokpy_interfaces/srv/detail/spawnobject__builder.hpp
[8.124s] -- Up-to-date: /home/meta/Documents/robotics_workspace_new/install/robokpy_interfaces/include/robokpy_interfaces/robokpy_interfaces/srv/detail/despawn_object__type_support.hpp
[8.124s] -- Up-to-date: /home/meta/Documents/robotics_workspace_new/install/robokpy_interfaces/include/robokpy_interfaces/robokpy_interfaces/srv/detail/system_mode__traits.hpp
[8.124s] -- Up-to-date: /home/meta/Documents/robotics_workspace_new/install/robokpy_interfaces/include/robokpy_interfaces/robokpy_interfaces/srv/detail/spawnobject__type_support.hpp
[8.128s] -- Up-to-date: /home/meta/Documents/robotics_workspace_new/install/robokpy_interfaces/include/robokpy_interfaces/robokpy_interfaces/srv/detail/spawn_object__struct.hpp
[8.129s] -- Up-to-date: /home/meta/Documents/robotics_workspace_new/install/robokpy_interfaces/include/robokpy_interfaces/robokpy_interfaces/srv/detail/ik__builder.hpp
[8.129s] -- Up-to-date: /home/meta/Documents/robotics_workspace_new/install/robokpy_interfaces/include/robokpy_interfaces/robokpy_interfaces/srv/detail/chain_fk__traits.hpp
[8.130s] -- Up-to-date: /home/meta/Documents/robotics_workspace_new/install/robokpy_interfaces/include/robokpy_interfaces/robokpy_interfaces/srv/detail/ik__type_support.hpp
[8.130s] -- Up-to-date: /home/meta/Documents/robotics_workspace_new/install/robokpy_interfaces/include/robokpy_interfaces/robokpy_interfaces/srv/detail/load_recipe__traits.hpp
[8.152s] -- Up-to-date: /home/meta/Documents/robotics_workspace_new/install/robokpy_interfaces/include/robokpy_interfaces/robokpy_interfaces/srv/detail/jacobian__traits.hpp
[8.153s] -- Up-to-date: /home/meta/Documents/robotics_workspace_new/install/robokpy_interfaces/include/robokpy_interfaces/robokpy_interfaces/srv/detail/despawnobject__struct.hpp
[8.153s] -- Up-to-date: /home/meta/Documents/robotics_workspace_new/install/robokpy_interfaces/include/robokpy_interfaces/robokpy_interfaces/srv/detail/execution_state__builder.hpp
[8.154s] -- Up-to-date: /home/meta/Documents/robotics_workspace_new/install/robokpy_interfaces/include/robokpy_interfaces/robokpy_interfaces/srv/detail/grasp_attach__builder.hpp
[8.154s] -- Up-to-date: /home/meta/Documents/robotics_workspace_new/install/robokpy_interfaces/include/robokpy_interfaces/robokpy_interfaces/srv/detail/jacobian__builder.hpp
[8.155s] -- Up-to-date: /home/meta/Documents/robotics_workspace_new/install/robokpy_interfaces/include/robokpy_interfaces/robokpy_interfaces/srv/detail/spawn_object__builder.hpp
[8.155s] -- Up-to-date: /home/meta/Documents/robotics_workspace_new/install/robokpy_interfaces/include/robokpy_interfaces/robokpy_interfaces/srv/detail/spawnobject__traits.hpp
[8.156s] -- Up-to-date: /home/meta/Documents/robotics_workspace_new/install/robokpy_interfaces/include/robokpy_interfaces/robokpy_interfaces/srv/detail/reachable__builder.hpp
[8.157s] -- Up-to-date: /home/meta/Documents/robotics_workspace_new/install/robokpy_interfaces/include/robokpy_interfaces/robokpy_interfaces/srv/detail/chain_fk__builder.hpp
[8.157s] -- Up-to-date: /home/meta/Documents/robotics_workspace_new/install/robokpy_interfaces/include/robokpy_interfaces/robokpy_interfaces/srv/detail/system_mode__struct.hpp
[8.158s] -- Up-to-date: /home/meta/Documents/robotics_workspace_new/install/robokpy_interfaces/include/robokpy_interfaces/robokpy_interfaces/srv/detail/grasp_attach__traits.hpp
[8.161s] -- Up-to-date: /home/meta/Documents/robotics_workspace_new/install/robokpy_interfaces/include/robokpy_interfaces/robokpy_interfaces/srv/detail/spawn_object__traits.hpp
[8.162s] -- Up-to-date: /home/meta/Documents/robotics_workspace_new/install/robokpy_interfaces/include/robokpy_interfaces/robokpy_interfaces/srv/detail/fk__builder.hpp
[8.163s] -- Up-to-date: /home/meta/Documents/robotics_workspace_new/install/robokpy_interfaces/include/robokpy_interfaces/robokpy_interfaces/srv/detail/load_recipe__builder.hpp
[8.164s] -- Up-to-date: /home/meta/Documents/robotics_workspace_new/install/robokpy_interfaces/include/robokpy_interfaces/robokpy_interfaces/srv/detail/resume_execution__traits.hpp
[8.165s] -- Up-to-date: /home/meta/Documents/robotics_workspace_new/install/robokpy_interfaces/include/robokpy_interfaces/robokpy_interfaces/srv/detail/chain_fk__struct.hpp
[8.165s] -- Up-to-date: /home/meta/Documents/robotics_workspace_new/install/robokpy_interfaces/include/robokpy_interfaces/robokpy_interfaces/srv/detail/set_planning_tip_link__traits.hpp
[8.166s] -- Up-to-date: /home/meta/Documents/robotics_workspace_new/install/robokpy_interfaces/include/robokpy_interfaces/robokpy_interfaces/srv/detail/despawn_object__builder.hpp
[8.166s] -- Up-to-date: /home/meta/Documents/robotics_workspace_new/install/robokpy_interfaces/include/robokpy_interfaces/robokpy_interfaces/srv/detail/despawn_object__struct.hpp
[8.166s] -- Up-to-date: /home/meta/Documents/robotics_workspace_new/install/robokpy_interfaces/include/robokpy_interfaces/robokpy_interfaces/srv/detail/load_recipe__struct.hpp
[8.167s] -- Up-to-date: /home/meta/Documents/robotics_workspace_new/install/robokpy_interfaces/include/robokpy_interfaces/robokpy_interfaces/srv/detail/set_planning_tip_link__struct.hpp
[8.167s] -- Up-to-date: /home/meta/Documents/robotics_workspace_new/install/robokpy_interfaces/include/robokpy_interfaces/robokpy_interfaces/srv/despawnobject.hpp
[8.170s] -- Up-to-date: /home/meta/Documents/robotics_workspace_new/install/robokpy_interfaces/include/robokpy_interfaces/robokpy_interfaces/srv/ik.hpp
[8.171s] -- Up-to-date: /home/meta/Documents/robotics_workspace_new/install/robokpy_interfaces/include/robokpy_interfaces/robokpy_interfaces/srv/spawnobject.hpp
[8.171s] -- Up-to-date: /home/meta/Documents/robotics_workspace_new/install/robokpy_interfaces/include/robokpy_interfaces/robokpy_interfaces/srv/resume_execution.hpp
[8.172s] -- Up-to-date: /home/meta/Documents/robotics_workspace_new/install/robokpy_interfaces/include/robokpy_interfaces/robokpy_interfaces/srv/reachable.hpp
[8.172s] -- Up-to-date: /home/meta/Documents/robotics_workspace_new/install/robokpy_interfaces/include/robokpy_interfaces/robokpy_interfaces/srv/fk.hpp
[8.172s] -- Up-to-date: /home/meta/Documents/robotics_workspace_new/install/robokpy_interfaces/include/robokpy_interfaces/robokpy_interfaces/srv/despawn_object.hpp
[8.173s] -- Up-to-date: /home/meta/Documents/robotics_workspace_new/install/robokpy_interfaces/include/robokpy_interfaces/robokpy_interfaces/srv/resolve_object_pose.hpp
[8.173s] -- Up-to-date: /home/meta/Documents/robotics_workspace_new/install/robokpy_interfaces/include/robokpy_interfaces/robokpy_interfaces/srv/chain_fk.hpp
[8.173s] -- Up-to-date: /home/meta/Documents/robotics_workspace_new/install/robokpy_interfaces/include/robokpy_interfaces/robokpy_interfaces/action
[8.174s] -- Up-to-date: /home/meta/Documents/robotics_workspace_new/install/robokpy_interfaces/include/robokpy_interfaces/robokpy_interfaces/action/robot_trajectory.hpp
[8.174s] -- Up-to-date: /home/meta/Documents/robotics_workspace_new/install/robokpy_interfaces/include/robokpy_interfaces/robokpy_interfaces/action/set_joint_target.hpp
[8.175s] -- Up-to-date: /home/meta/Documents/robotics_workspace_new/install/robokpy_interfaces/include/robokpy_interfaces/robokpy_interfaces/action/tool_execution.hpp
[8.175s] -- Up-to-date: /home/meta/Documents/robotics_workspace_new/install/robokpy_interfaces/include/robokpy_interfaces/robokpy_interfaces/action/detail
[8.175s] -- Up-to-date: /home/meta/Documents/robotics_workspace_new/install/robokpy_interfaces/include/robokpy_interfaces/robokpy_interfaces/action/detail/execute_motion__type_support.hpp
[8.176s] -- Up-to-date: /home/meta/Documents/robotics_workspace_new/install/robokpy_interfaces/include/robokpy_interfaces/robokpy_interfaces/action/detail/execute_tool_op__traits.hpp
[8.176s] -- Up-to-date: /home/meta/Documents/robotics_workspace_new/install/robokpy_interfaces/include/robokpy_interfaces/robokpy_interfaces/action/detail/robot_trajectory__type_support.hpp
[8.177s] -- Up-to-date: /home/meta/Documents/robotics_workspace_new/install/robokpy_interfaces/include/robokpy_interfaces/robokpy_interfaces/action/detail/robot_trajectory__struct.hpp
[8.178s] -- Up-to-date: /home/meta/Documents/robotics_workspace_new/install/robokpy_interfaces/include/robokpy_interfaces/robokpy_interfaces/action/detail/execute_vision_op__struct.hpp
[8.179s] -- Up-to-date: /home/meta/Documents/robotics_workspace_new/install/robokpy_interfaces/include/robokpy_interfaces/robokpy_interfaces/action/detail/execute_motion__traits.hpp
[8.179s] -- Up-to-date: /home/meta/Documents/robotics_workspace_new/install/robokpy_interfaces/include/robokpy_interfaces/robokpy_interfaces/action/detail/set_joint_target__builder.hpp
[8.180s] -- Up-to-date: /home/meta/Documents/robotics_workspace_new/install/robokpy_interfaces/include/robokpy_interfaces/robokpy_interfaces/action/detail/execute_vision_op__builder.hpp
[8.180s] -- Up-to-date: /home/meta/Documents/robotics_workspace_new/install/robokpy_interfaces/include/robokpy_interfaces/robokpy_interfaces/action/detail/execute_tool_op__type_support.hpp
[8.180s] -- Up-to-date: /home/meta/Documents/robotics_workspace_new/install/robokpy_interfaces/include/robokpy_interfaces/robokpy_interfaces/action/detail/tool_execution__builder.hpp
[8.180s] -- Up-to-date: /home/meta/Documents/robotics_workspace_new/install/robokpy_interfaces/include/robokpy_interfaces/robokpy_interfaces/action/detail/set_joint_target__traits.hpp
[8.180s] -- Up-to-date: /home/meta/Documents/robotics_workspace_new/install/robokpy_interfaces/include/robokpy_interfaces/robokpy_interfaces/action/detail/execute_vision_op__traits.hpp
[8.180s] -- Up-to-date: /home/meta/Documents/robotics_workspace_new/install/robokpy_interfaces/include/robokpy_interfaces/robokpy_interfaces/action/detail/execute_tool_op__struct.hpp
[8.180s] -- Up-to-date: /home/meta/Documents/robotics_workspace_new/install/robokpy_interfaces/include/robokpy_interfaces/robokpy_interfaces/action/detail/tool_execution__struct.hpp
[8.181s] -- Up-to-date: /home/meta/Documents/robotics_workspace_new/install/robokpy_interfaces/include/robokpy_interfaces/robokpy_interfaces/action/detail/set_joint_target__struct.hpp
[8.181s] -- Up-to-date: /home/meta/Documents/robotics_workspace_new/install/robokpy_interfaces/include/robokpy_interfaces/robokpy_interfaces/action/detail/execute_motion__builder.hpp
[8.181s] -- Up-to-date: /home/meta/Documents/robotics_workspace_new/install/robokpy_interfaces/include/robokpy_interfaces/robokpy_interfaces/action/detail/tool_execution__type_support.hpp
[8.181s] -- Up-to-date: /home/meta/Documents/robotics_workspace_new/install/robokpy_interfaces/include/robokpy_interfaces/robokpy_interfaces/action/detail/execute_tool_op__builder.hpp
[8.181s] -- Up-to-date: /home/meta/Documents/robotics_workspace_new/install/robokpy_interfaces/include/robokpy_interfaces/robokpy_interfaces/action/detail/tool_execution__traits.hpp
[8.181s] -- Up-to-date: /home/meta/Documents/robotics_workspace_new/install/robokpy_interfaces/include/robokpy_interfaces/robokpy_interfaces/action/detail/robot_trajectory__traits.hpp
[8.182s] -- Up-to-date: /home/meta/Documents/robotics_workspace_new/install/robokpy_interfaces/include/robokpy_interfaces/robokpy_interfaces/action/detail/robot_trajectory__builder.hpp
[8.182s] -- Up-to-date: /home/meta/Documents/robotics_workspace_new/install/robokpy_interfaces/include/robokpy_interfaces/robokpy_interfaces/action/detail/execute_vision_op__type_support.hpp
[8.182s] -- Up-to-date: /home/meta/Documents/robotics_workspace_new/install/robokpy_interfaces/include/robokpy_interfaces/robokpy_interfaces/action/detail/execute_motion__struct.hpp
[8.182s] -- Up-to-date: /home/meta/Documents/robotics_workspace_new/install/robokpy_interfaces/include/robokpy_interfaces/robokpy_interfaces/action/detail/set_joint_target__type_support.hpp
[8.182s] -- Up-to-date: /home/meta/Documents/robotics_workspace_new/install/robokpy_interfaces/include/robokpy_interfaces/robokpy_interfaces/action/execute_vision_op.hpp
[8.182s] -- Up-to-date: /home/meta/Documents/robotics_workspace_new/install/robokpy_interfaces/include/robokpy_interfaces/robokpy_interfaces/action/execute_motion.hpp
[8.183s] -- Up-to-date: /home/meta/Documents/robotics_workspace_new/install/robokpy_interfaces/include/robokpy_interfaces/robokpy_interfaces/action/execute_tool_op.hpp
[8.183s] -- Up-to-date: /home/meta/Documents/robotics_workspace_new/install/robokpy_interfaces/include/robokpy_interfaces/robokpy_interfaces/msg
[8.183s] -- Up-to-date: /home/meta/Documents/robotics_workspace_new/install/robokpy_interfaces/include/robokpy_interfaces/robokpy_interfaces/msg/rosidl_generator_cpp__visibility_control.hpp
[8.183s] -- Up-to-date: /home/meta/Documents/robotics_workspace_new/install/robokpy_interfaces/include/robokpy_interfaces/robokpy_interfaces/msg/cell_state.hpp
[8.183s] -- Up-to-date: /home/meta/Documents/robotics_workspace_new/install/robokpy_interfaces/include/robokpy_interfaces/robokpy_interfaces/msg/detail
[8.183s] -- Up-to-date: /home/meta/Documents/robotics_workspace_new/install/robokpy_interfaces/include/robokpy_interfaces/robokpy_interfaces/msg/detail/cell_state__traits.hpp
[8.183s] -- Up-to-date: /home/meta/Documents/robotics_workspace_new/install/robokpy_interfaces/include/robokpy_interfaces/robokpy_interfaces/msg/detail/cell_state__struct.hpp
[8.184s] -- Up-to-date: /home/meta/Documents/robotics_workspace_new/install/robokpy_interfaces/include/robokpy_interfaces/robokpy_interfaces/msg/detail/cell_state__type_support.hpp
[8.184s] -- Up-to-date: /home/meta/Documents/robotics_workspace_new/install/robokpy_interfaces/include/robokpy_interfaces/robokpy_interfaces/msg/detail/cell_state__builder.hpp
[8.184s] -- Up-to-date: /home/meta/Documents/robotics_workspace_new/install/robokpy_interfaces/include/robokpy_interfaces/robokpy_interfaces
[8.184s] -- Up-to-date: /home/meta/Documents/robotics_workspace_new/install/robokpy_interfaces/include/robokpy_interfaces/robokpy_interfaces/srv
[8.184s] -- Up-to-date: /home/meta/Documents/robotics_workspace_new/install/robokpy_interfaces/include/robokpy_interfaces/robokpy_interfaces/srv/detail
[8.184s] -- Up-to-date: /home/meta/Documents/robotics_workspace_new/install/robokpy_interfaces/include/robokpy_interfaces/robokpy_interfaces/srv/detail/spawn_object__rosidl_typesupport_fastrtps_cpp.hpp
[8.185s] -- Up-to-date: /home/meta/Documents/robotics_workspace_new/install/robokpy_interfaces/include/robokpy_interfaces/robokpy_interfaces/srv/detail/spawnobject__rosidl_typesupport_fastrtps_cpp.hpp
[8.185s] -- Up-to-date: /home/meta/Documents/robotics_workspace_new/install/robokpy_interfaces/include/robokpy_interfaces/robokpy_interfaces/srv/detail/reachable__rosidl_typesupport_fastrtps_cpp.hpp
[8.185s] -- Up-to-date: /home/meta/Documents/robotics_workspace_new/install/robokpy_interfaces/include/robokpy_interfaces/robokpy_interfaces/srv/detail/fk__rosidl_typesupport_fastrtps_cpp.hpp
[8.185s] -- Up-to-date: /home/meta/Documents/robotics_workspace_new/install/robokpy_interfaces/include/robokpy_interfaces/robokpy_interfaces/srv/detail/ik__rosidl_typesupport_fastrtps_cpp.hpp
[8.185s] -- Up-to-date: /home/meta/Documents/robotics_workspace_new/install/robokpy_interfaces/include/robokpy_interfaces/robokpy_interfaces/srv/detail/resolve_object_pose__rosidl_typesupport_fastrtps_cpp.hpp
[8.185s] -- Up-to-date: /home/meta/Documents/robotics_workspace_new/install/robokpy_interfaces/include/robokpy_interfaces/robokpy_interfaces/srv/detail/execution_state__rosidl_typesupport_fastrtps_cpp.hpp
[8.185s] -- Up-to-date: /home/meta/Documents/robotics_workspace_new/install/robokpy_interfaces/include/robokpy_interfaces/robokpy_interfaces/srv/detail/grasp_attach__rosidl_typesupport_fastrtps_cpp.hpp
[8.186s] -- Up-to-date: /home/meta/Documents/robotics_workspace_new/install/robokpy_interfaces/include/robokpy_interfaces/robokpy_interfaces/srv/detail/resume_execution__rosidl_typesupport_fastrtps_cpp.hpp
[8.186s] -- Up-to-date: /home/meta/Documents/robotics_workspace_new/install/robokpy_interfaces/include/robokpy_interfaces/robokpy_interfaces/srv/detail/chain_fk__rosidl_typesupport_fastrtps_cpp.hpp
[8.186s] -- Up-to-date: /home/meta/Documents/robotics_workspace_new/install/robokpy_interfaces/include/robokpy_interfaces/robokpy_interfaces/srv/detail/system_mode__rosidl_typesupport_fastrtps_cpp.hpp
[8.186s] -- Up-to-date: /home/meta/Documents/robotics_workspace_new/install/robokpy_interfaces/include/robokpy_interfaces/robokpy_interfaces/srv/detail/load_recipe__rosidl_typesupport_fastrtps_cpp.hpp
[8.187s] -- Up-to-date: /home/meta/Documents/robotics_workspace_new/install/robokpy_interfaces/include/robokpy_interfaces/robokpy_interfaces/srv/detail/despawn_object__rosidl_typesupport_fastrtps_cpp.hpp
[8.187s] -- Up-to-date: /home/meta/Documents/robotics_workspace_new/install/robokpy_interfaces/include/robokpy_interfaces/robokpy_interfaces/srv/detail/dds_fastrtps
[8.187s] -- Up-to-date: /home/meta/Documents/robotics_workspace_new/install/robokpy_interfaces/include/robokpy_interfaces/robokpy_interfaces/srv/detail/jacobian__rosidl_typesupport_fastrtps_cpp.hpp
[8.187s] -- Up-to-date: /home/meta/Documents/robotics_workspace_new/install/robokpy_interfaces/include/robokpy_interfaces/robokpy_interfaces/srv/detail/set_planning_tip_link__rosidl_typesupport_fastrtps_cpp.hpp
[8.188s] -- Up-to-date: /home/meta/Documents/robotics_workspace_new/install/robokpy_interfaces/include/robokpy_interfaces/robokpy_interfaces/srv/detail/despawnobject__rosidl_typesupport_fastrtps_cpp.hpp
[8.188s] -- Up-to-date: /home/meta/Documents/robotics_workspace_new/install/robokpy_interfaces/include/robokpy_interfaces/robokpy_interfaces/action
[8.188s] -- Up-to-date: /home/meta/Documents/robotics_workspace_new/install/robokpy_interfaces/include/robokpy_interfaces/robokpy_interfaces/action/detail
[8.188s] -- Up-to-date: /home/meta/Documents/robotics_workspace_new/install/robokpy_interfaces/include/robokpy_interfaces/robokpy_interfaces/action/detail/set_joint_target__rosidl_typesupport_fastrtps_cpp.hpp
[8.188s] -- Up-to-date: /home/meta/Documents/robotics_workspace_new/install/robokpy_interfaces/include/robokpy_interfaces/robokpy_interfaces/action/detail/robot_trajectory__rosidl_typesupport_fastrtps_cpp.hpp
[8.189s] -- Up-to-date: /home/meta/Documents/robotics_workspace_new/install/robokpy_interfaces/include/robokpy_interfaces/robokpy_interfaces/action/detail/tool_execution__rosidl_typesupport_fastrtps_cpp.hpp
[8.189s] -- Up-to-date: /home/meta/Documents/robotics_workspace_new/install/robokpy_interfaces/include/robokpy_interfaces/robokpy_interfaces/action/detail/execute_vision_op__rosidl_typesupport_fastrtps_cpp.hpp
[8.189s] -- Up-to-date: /home/meta/Documents/robotics_workspace_new/install/robokpy_interfaces/include/robokpy_interfaces/robokpy_interfaces/action/detail/dds_fastrtps
[8.189s] -- Up-to-date: /home/meta/Documents/robotics_workspace_new/install/robokpy_interfaces/include/robokpy_interfaces/robokpy_interfaces/action/detail/execute_motion__rosidl_typesupport_fastrtps_cpp.hpp
[8.189s] -- Up-to-date: /home/meta/Documents/robotics_workspace_new/install/robokpy_interfaces/include/robokpy_interfaces/robokpy_interfaces/action/detail/execute_tool_op__rosidl_typesupport_fastrtps_cpp.hpp
[8.189s] -- Up-to-date: /home/meta/Documents/robotics_workspace_new/install/robokpy_interfaces/include/robokpy_interfaces/robokpy_interfaces/msg
[8.190s] -- Up-to-date: /home/meta/Documents/robotics_workspace_new/install/robokpy_interfaces/include/robokpy_interfaces/robokpy_interfaces/msg/rosidl_typesupport_fastrtps_cpp__visibility_control.h
[8.190s] -- Up-to-date: /home/meta/Documents/robotics_workspace_new/install/robokpy_interfaces/include/robokpy_interfaces/robokpy_interfaces/msg/detail
[8.190s] -- Up-to-date: /home/meta/Documents/robotics_workspace_new/install/robokpy_interfaces/include/robokpy_interfaces/robokpy_interfaces/msg/detail/cell_state__rosidl_typesupport_fastrtps_cpp.hpp
[8.190s] -- Up-to-date: /home/meta/Documents/robotics_workspace_new/install/robokpy_interfaces/include/robokpy_interfaces/robokpy_interfaces/msg/detail/dds_fastrtps
[8.190s] -- Up-to-date: /home/meta/Documents/robotics_workspace_new/install/robokpy_interfaces/lib/librobokpy_interfaces__rosidl_typesupport_fastrtps_cpp.so
[8.190s] -- Up-to-date: /home/meta/Documents/robotics_workspace_new/install/robokpy_interfaces/include/robokpy_interfaces/robokpy_interfaces
[8.190s] -- Up-to-date: /home/meta/Documents/robotics_workspace_new/install/robokpy_interfaces/include/robokpy_interfaces/robokpy_interfaces/srv
[8.191s] -- Up-to-date: /home/meta/Documents/robotics_workspace_new/install/robokpy_interfaces/include/robokpy_interfaces/robokpy_interfaces/srv/detail
[8.191s] -- Up-to-date: /home/meta/Documents/robotics_workspace_new/install/robokpy_interfaces/include/robokpy_interfaces/robokpy_interfaces/srv/detail/spawnobject__rosidl_typesupport_introspection_cpp.hpp
[8.191s] -- Up-to-date: /home/meta/Documents/robotics_workspace_new/install/robokpy_interfaces/include/robokpy_interfaces/robokpy_interfaces/srv/detail/despawnobject__rosidl_typesupport_introspection_cpp.hpp
[8.191s] -- Up-to-date: /home/meta/Documents/robotics_workspace_new/install/robokpy_interfaces/include/robokpy_interfaces/robokpy_interfaces/srv/detail/ik__rosidl_typesupport_introspection_cpp.hpp
[8.191s] -- Up-to-date: /home/meta/Documents/robotics_workspace_new/install/robokpy_interfaces/include/robokpy_interfaces/robokpy_interfaces/srv/detail/ik__type_support.cpp
[8.191s] -- Up-to-date: /home/meta/Documents/robotics_workspace_new/install/robokpy_interfaces/include/robokpy_interfaces/robokpy_interfaces/srv/detail/jacobian__type_support.cpp
[8.191s] -- Up-to-date: /home/meta/Documents/robotics_workspace_new/install/robokpy_interfaces/include/robokpy_interfaces/robokpy_interfaces/srv/detail/despawn_object__type_support.cpp
[8.192s] -- Up-to-date: /home/meta/Documents/robotics_workspace_new/install/robokpy_interfaces/include/robokpy_interfaces/robokpy_interfaces/srv/detail/system_mode__rosidl_typesupport_introspection_cpp.hpp
[8.192s] -- Up-to-date: /home/meta/Documents/robotics_workspace_new/install/robokpy_interfaces/include/robokpy_interfaces/robokpy_interfaces/srv/detail/fk__type_support.cpp
[8.192s] -- Up-to-date: /home/meta/Documents/robotics_workspace_new/install/robokpy_interfaces/include/robokpy_interfaces/robokpy_interfaces/srv/detail/despawn_object__rosidl_typesupport_introspection_cpp.hpp
[8.192s] -- Up-to-date: /home/meta/Documents/robotics_workspace_new/install/robokpy_interfaces/include/robokpy_interfaces/robokpy_interfaces/srv/detail/despawnobject__type_support.cpp
[8.192s] -- Up-to-date: /home/meta/Documents/robotics_workspace_new/install/robokpy_interfaces/include/robokpy_interfaces/robokpy_interfaces/srv/detail/system_mode__type_support.cpp
[8.192s] -- Up-to-date: /home/meta/Documents/robotics_workspace_new/install/robokpy_interfaces/include/robokpy_interfaces/robokpy_interfaces/srv/detail/load_recipe__type_support.cpp
[8.193s] -- Up-to-date: /home/meta/Documents/robotics_workspace_new/install/robokpy_interfaces/include/robokpy_interfaces/robokpy_interfaces/srv/detail/set_planning_tip_link__type_support.cpp
[8.193s] -- Up-to-date: /home/meta/Documents/robotics_workspace_new/install/robokpy_interfaces/include/robokpy_interfaces/robokpy_interfaces/srv/detail/grasp_attach__rosidl_typesupport_introspection_cpp.hpp
[8.193s] -- Up-to-date: /home/meta/Documents/robotics_workspace_new/install/robokpy_interfaces/include/robokpy_interfaces/robokpy_interfaces/srv/detail/jacobian__rosidl_typesupport_introspection_cpp.hpp
[8.193s] -- Up-to-date: /home/meta/Documents/robotics_workspace_new/install/robokpy_interfaces/include/robokpy_interfaces/robokpy_interfaces/srv/detail/resume_execution__rosidl_typesupport_introspection_cpp.hpp
[8.193s] -- Up-to-date: /home/meta/Documents/robotics_workspace_new/install/robokpy_interfaces/include/robokpy_interfaces/robokpy_interfaces/srv/detail/chain_fk__rosidl_typesupport_introspection_cpp.hpp
[8.193s] -- Up-to-date: /home/meta/Documents/robotics_workspace_new/install/robokpy_interfaces/include/robokpy_interfaces/robokpy_interfaces/srv/detail/spawn_object__rosidl_typesupport_introspection_cpp.hpp
[8.193s] -- Up-to-date: /home/meta/Documents/robotics_workspace_new/install/robokpy_interfaces/include/robokpy_interfaces/robokpy_interfaces/srv/detail/reachable__type_support.cpp
[8.194s] -- Up-to-date: /home/meta/Documents/robotics_workspace_new/install/robokpy_interfaces/include/robokpy_interfaces/robokpy_interfaces/srv/detail/execution_state__rosidl_typesupport_introspection_cpp.hpp
[8.194s] -- Up-to-date: /home/meta/Documents/robotics_workspace_new/install/robokpy_interfaces/include/robokpy_interfaces/robokpy_interfaces/srv/detail/resume_execution__type_support.cpp
[8.194s] -- Up-to-date: /home/meta/Documents/robotics_workspace_new/install/robokpy_interfaces/include/robokpy_interfaces/robokpy_interfaces/srv/detail/resolve_object_pose__type_support.cpp
[8.194s] -- Up-to-date: /home/meta/Documents/robotics_workspace_new/install/robokpy_interfaces/include/robokpy_interfaces/robokpy_interfaces/srv/detail/grasp_attach__type_support.cpp
[8.194s] -- Up-to-date: /home/meta/Documents/robotics_workspace_new/install/robokpy_interfaces/include/robokpy_interfaces/robokpy_interfaces/srv/detail/execution_state__type_support.cpp
[8.195s] -- Up-to-date: /home/meta/Documents/robotics_workspace_new/install/robokpy_interfaces/include/robokpy_interfaces/robokpy_interfaces/srv/detail/spawnobject__type_support.cpp
[8.196s] -- Up-to-date: /home/meta/Documents/robotics_workspace_new/install/robokpy_interfaces/include/robokpy_interfaces/robokpy_interfaces/srv/detail/set_planning_tip_link__rosidl_typesupport_introspection_cpp.hpp
[8.196s] -- Up-to-date: /home/meta/Documents/robotics_workspace_new/install/robokpy_interfaces/include/robokpy_interfaces/robokpy_interfaces/srv/detail/reachable__rosidl_typesupport_introspection_cpp.hpp
[8.197s] -- Up-to-date: /home/meta/Documents/robotics_workspace_new/install/robokpy_interfaces/include/robokpy_interfaces/robokpy_interfaces/srv/detail/load_recipe__rosidl_typesupport_introspection_cpp.hpp
[8.197s] -- Up-to-date: /home/meta/Documents/robotics_workspace_new/install/robokpy_interfaces/include/robokpy_interfaces/robokpy_interfaces/srv/detail/fk__rosidl_typesupport_introspection_cpp.hpp
[8.197s] -- Up-to-date: /home/meta/Documents/robotics_workspace_new/install/robokpy_interfaces/include/robokpy_interfaces/robokpy_interfaces/srv/detail/spawn_object__type_support.cpp
[8.198s] -- Up-to-date: /home/meta/Documents/robotics_workspace_new/install/robokpy_interfaces/include/robokpy_interfaces/robokpy_interfaces/srv/detail/resolve_object_pose__rosidl_typesupport_introspection_cpp.hpp
[8.198s] -- Up-to-date: /home/meta/Documents/robotics_workspace_new/install/robokpy_interfaces/include/robokpy_interfaces/robokpy_interfaces/srv/detail/chain_fk__type_support.cpp
[8.198s] -- Up-to-date: /home/meta/Documents/robotics_workspace_new/install/robokpy_interfaces/include/robokpy_interfaces/robokpy_interfaces/action
[8.198s] -- Up-to-date: /home/meta/Documents/robotics_workspace_new/install/robokpy_interfaces/include/robokpy_interfaces/robokpy_interfaces/action/detail
[8.199s] -- Up-to-date: /home/meta/Documents/robotics_workspace_new/install/robokpy_interfaces/include/robokpy_interfaces/robokpy_interfaces/action/detail/execute_tool_op__type_support.cpp
[8.199s] -- Up-to-date: /home/meta/Documents/robotics_workspace_new/install/robokpy_interfaces/include/robokpy_interfaces/robokpy_interfaces/action/detail/execute_vision_op__type_support.cpp
[8.199s] -- Up-to-date: /home/meta/Documents/robotics_workspace_new/install/robokpy_interfaces/include/robokpy_interfaces/robokpy_interfaces/action/detail/execute_vision_op__rosidl_typesupport_introspection_cpp.hpp
[8.200s] -- Up-to-date: /home/meta/Documents/robotics_workspace_new/install/robokpy_interfaces/include/robokpy_interfaces/robokpy_interfaces/action/detail/set_joint_target__type_support.cpp
[8.200s] -- Up-to-date: /home/meta/Documents/robotics_workspace_new/install/robokpy_interfaces/include/robokpy_interfaces/robokpy_interfaces/action/detail/robot_trajectory__rosidl_typesupport_introspection_cpp.hpp
[8.200s] -- Up-to-date: /home/meta/Documents/robotics_workspace_new/install/robokpy_interfaces/include/robokpy_interfaces/robokpy_interfaces/action/detail/set_joint_target__rosidl_typesupport_introspection_cpp.hpp
[8.201s] -- Up-to-date: /home/meta/Documents/robotics_workspace_new/install/robokpy_interfaces/include/robokpy_interfaces/robokpy_interfaces/action/detail/execute_tool_op__rosidl_typesupport_introspection_cpp.hpp
[8.201s] -- Up-to-date: /home/meta/Documents/robotics_workspace_new/install/robokpy_interfaces/include/robokpy_interfaces/robokpy_interfaces/action/detail/tool_execution__rosidl_typesupport_introspection_cpp.hpp
[8.201s] -- Up-to-date: /home/meta/Documents/robotics_workspace_new/install/robokpy_interfaces/include/robokpy_interfaces/robokpy_interfaces/action/detail/tool_execution__type_support.cpp
[8.201s] -- Up-to-date: /home/meta/Documents/robotics_workspace_new/install/robokpy_interfaces/include/robokpy_interfaces/robokpy_interfaces/action/detail/execute_motion__rosidl_typesupport_introspection_cpp.hpp
[8.202s] -- Up-to-date: /home/meta/Documents/robotics_workspace_new/install/robokpy_interfaces/include/robokpy_interfaces/robokpy_interfaces/action/detail/robot_trajectory__type_support.cpp
[8.202s] -- Up-to-date: /home/meta/Documents/robotics_workspace_new/install/robokpy_interfaces/include/robokpy_interfaces/robokpy_interfaces/action/detail/execute_motion__type_support.cpp
[8.202s] -- Up-to-date: /home/meta/Documents/robotics_workspace_new/install/robokpy_interfaces/include/robokpy_interfaces/robokpy_interfaces/msg
[8.203s] -- Up-to-date: /home/meta/Documents/robotics_workspace_new/install/robokpy_interfaces/include/robokpy_interfaces/robokpy_interfaces/msg/detail
[8.203s] -- Up-to-date: /home/meta/Documents/robotics_workspace_new/install/robokpy_interfaces/include/robokpy_interfaces/robokpy_interfaces/msg/detail/cell_state__type_support.cpp
[8.203s] -- Up-to-date: /home/meta/Documents/robotics_workspace_new/install/robokpy_interfaces/include/robokpy_interfaces/robokpy_interfaces/msg/detail/cell_state__rosidl_typesupport_introspection_cpp.hpp
[8.203s] -- Up-to-date: /home/meta/Documents/robotics_workspace_new/install/robokpy_interfaces/lib/librobokpy_interfaces__rosidl_typesupport_introspection_cpp.so
[8.204s] -- Up-to-date: /home/meta/Documents/robotics_workspace_new/install/robokpy_interfaces/lib/librobokpy_interfaces__rosidl_typesupport_cpp.so
[8.204s] -- Up-to-date: /home/meta/Documents/robotics_workspace_new/install/robokpy_interfaces/share/robokpy_interfaces/environment/pythonpath.sh
[8.204s] -- Up-to-date: /home/meta/Documents/robotics_workspace_new/install/robokpy_interfaces/share/robokpy_interfaces/environment/pythonpath.dsv
[8.204s] -- Up-to-date: /home/meta/Documents/robotics_workspace_new/install/robokpy_interfaces/lib/python3.12/site-packages/robokpy_interfaces-0.0.0-py3.12.egg-info
[8.205s] -- Installing: /home/meta/Documents/robotics_workspace_new/install/robokpy_interfaces/lib/python3.12/site-packages/robokpy_interfaces-0.0.0-py3.12.egg-info/dependency_links.txt
[8.205s] -- Installing: /home/meta/Documents/robotics_workspace_new/install/robokpy_interfaces/lib/python3.12/site-packages/robokpy_interfaces-0.0.0-py3.12.egg-info/SOURCES.txt
[8.205s] -- Installing: /home/meta/Documents/robotics_workspace_new/install/robokpy_interfaces/lib/python3.12/site-packages/robokpy_interfaces-0.0.0-py3.12.egg-info/PKG-INFO
[8.206s] -- Installing: /home/meta/Documents/robotics_workspace_new/install/robokpy_interfaces/lib/python3.12/site-packages/robokpy_interfaces-0.0.0-py3.12.egg-info/top_level.txt
[8.206s] -- Up-to-date: /home/meta/Documents/robotics_workspace_new/install/robokpy_interfaces/lib/python3.12/site-packages/robokpy_interfaces
[8.206s] -- Up-to-date: /home/meta/Documents/robotics_workspace_new/install/robokpy_interfaces/lib/python3.12/site-packages/robokpy_interfaces/srv
[8.207s] -- Up-to-date: /home/meta/Documents/robotics_workspace_new/install/robokpy_interfaces/lib/python3.12/site-packages/robokpy_interfaces/srv/_resolve_object_pose_s.c
[8.207s] -- Up-to-date: /home/meta/Documents/robotics_workspace_new/install/robokpy_interfaces/lib/python3.12/site-packages/robokpy_interfaces/srv/_jacobian.py
[8.207s] -- Up-to-date: /home/meta/Documents/robotics_workspace_new/install/robokpy_interfaces/lib/python3.12/site-packages/robokpy_interfaces/srv/_resume_execution.py
[8.208s] -- Up-to-date: /home/meta/Documents/robotics_workspace_new/install/robokpy_interfaces/lib/python3.12/site-packages/robokpy_interfaces/srv/_despawnobject.py
[8.208s] -- Up-to-date: /home/meta/Documents/robotics_workspace_new/install/robokpy_interfaces/lib/python3.12/site-packages/robokpy_interfaces/srv/_grasp_attach_s.c
[8.208s] -- Up-to-date: /home/meta/Documents/robotics_workspace_new/install/robokpy_interfaces/lib/python3.12/site-packages/robokpy_interfaces/srv/_spawnobject.py
[8.208s] -- Up-to-date: /home/meta/Documents/robotics_workspace_new/install/robokpy_interfaces/lib/python3.12/site-packages/robokpy_interfaces/srv/_despawn_object_s.c
[8.209s] -- Up-to-date: /home/meta/Documents/robotics_workspace_new/install/robokpy_interfaces/lib/python3.12/site-packages/robokpy_interfaces/srv/_load_recipe_s.c
[8.209s] -- Up-to-date: /home/meta/Documents/robotics_workspace_new/install/robokpy_interfaces/lib/python3.12/site-packages/robokpy_interfaces/srv/_resume_execution_s.c
[8.209s] -- Up-to-date: /home/meta/Documents/robotics_workspace_new/install/robokpy_interfaces/lib/python3.12/site-packages/robokpy_interfaces/srv/_execution_state_s.c
[8.210s] -- Up-to-date: /home/meta/Documents/robotics_workspace_new/install/robokpy_interfaces/lib/python3.12/site-packages/robokpy_interfaces/srv/_spawnobject_s.c
[8.210s] -- Up-to-date: /home/meta/Documents/robotics_workspace_new/install/robokpy_interfaces/lib/python3.12/site-packages/robokpy_interfaces/srv/_fk_s.c
[8.210s] -- Up-to-date: /home/meta/Documents/robotics_workspace_new/install/robokpy_interfaces/lib/python3.12/site-packages/robokpy_interfaces/srv/_reachable_s.c
[8.210s] -- Up-to-date: /home/meta/Documents/robotics_workspace_new/install/robokpy_interfaces/lib/python3.12/site-packages/robokpy_interfaces/srv/_despawn_object.py
[8.211s] -- Up-to-date: /home/meta/Documents/robotics_workspace_new/install/robokpy_interfaces/lib/python3.12/site-packages/robokpy_interfaces/srv/_spawn_object.py
[8.211s] -- Up-to-date: /home/meta/Documents/robotics_workspace_new/install/robokpy_interfaces/lib/python3.12/site-packages/robokpy_interfaces/srv/_load_recipe.py
[8.211s] -- Up-to-date: /home/meta/Documents/robotics_workspace_new/install/robokpy_interfaces/lib/python3.12/site-packages/robokpy_interfaces/srv/_fk.py
[8.212s] -- Up-to-date: /home/meta/Documents/robotics_workspace_new/install/robokpy_interfaces/lib/python3.12/site-packages/robokpy_interfaces/srv/_execution_state.py
[8.212s] -- Up-to-date: /home/meta/Documents/robotics_workspace_new/install/robokpy_interfaces/lib/python3.12/site-packages/robokpy_interfaces/srv/_resolve_object_pose.py
[8.212s] -- Up-to-date: /home/meta/Documents/robotics_workspace_new/install/robokpy_interfaces/lib/python3.12/site-packages/robokpy_interfaces/srv/_jacobian_s.c
[8.212s] -- Up-to-date: /home/meta/Documents/robotics_workspace_new/install/robokpy_interfaces/lib/python3.12/site-packages/robokpy_interfaces/srv/_system_mode.py
[8.213s] -- Up-to-date: /home/meta/Documents/robotics_workspace_new/install/robokpy_interfaces/lib/python3.12/site-packages/robokpy_interfaces/srv/_chain_fk.py
[8.213s] -- Up-to-date: /home/meta/Documents/robotics_workspace_new/install/robokpy_interfaces/lib/python3.12/site-packages/robokpy_interfaces/srv/_reachable.py
[8.213s] -- Up-to-date: /home/meta/Documents/robotics_workspace_new/install/robokpy_interfaces/lib/python3.12/site-packages/robokpy_interfaces/srv/_system_mode_s.c
[8.214s] -- Up-to-date: /home/meta/Documents/robotics_workspace_new/install/robokpy_interfaces/lib/python3.12/site-packages/robokpy_interfaces/srv/_ik_s.c
[8.214s] -- Up-to-date: /home/meta/Documents/robotics_workspace_new/install/robokpy_interfaces/lib/python3.12/site-packages/robokpy_interfaces/srv/__init__.py
[8.214s] -- Up-to-date: /home/meta/Documents/robotics_workspace_new/install/robokpy_interfaces/lib/python3.12/site-packages/robokpy_interfaces/srv/_ik.py
[8.215s] -- Up-to-date: /home/meta/Documents/robotics_workspace_new/install/robokpy_interfaces/lib/python3.12/site-packages/robokpy_interfaces/srv/_grasp_attach.py
[8.215s] -- Up-to-date: /home/meta/Documents/robotics_workspace_new/install/robokpy_interfaces/lib/python3.12/site-packages/robokpy_interfaces/srv/_despawnobject_s.c
[8.216s] -- Up-to-date: /home/meta/Documents/robotics_workspace_new/install/robokpy_interfaces/lib/python3.12/site-packages/robokpy_interfaces/srv/_set_planning_tip_link_s.c
[8.216s] -- Up-to-date: /home/meta/Documents/robotics_workspace_new/install/robokpy_interfaces/lib/python3.12/site-packages/robokpy_interfaces/srv/_spawn_object_s.c
[8.216s] -- Up-to-date: /home/meta/Documents/robotics_workspace_new/install/robokpy_interfaces/lib/python3.12/site-packages/robokpy_interfaces/srv/_set_planning_tip_link.py
[8.216s] -- Up-to-date: /home/meta/Documents/robotics_workspace_new/install/robokpy_interfaces/lib/python3.12/site-packages/robokpy_interfaces/srv/_chain_fk_s.c
[8.217s] -- Up-to-date: /home/meta/Documents/robotics_workspace_new/install/robokpy_interfaces/lib/python3.12/site-packages/robokpy_interfaces/robokpy_interfaces_s__rosidl_typesupport_c.so
[8.217s] -- Up-to-date: /home/meta/Documents/robotics_workspace_new/install/robokpy_interfaces/lib/python3.12/site-packages/robokpy_interfaces/_robokpy_interfaces_s.ep.rosidl_typesupport_introspection_c.c
[8.217s] -- Up-to-date: /home/meta/Documents/robotics_workspace_new/install/robokpy_interfaces/lib/python3.12/site-packages/robokpy_interfaces/action
[8.218s] -- Up-to-date: /home/meta/Documents/robotics_workspace_new/install/robokpy_interfaces/lib/python3.12/site-packages/robokpy_interfaces/action/_execute_tool_op_s.c
[8.222s] -- Up-to-date: /home/meta/Documents/robotics_workspace_new/install/robokpy_interfaces/lib/python3.12/site-packages/robokpy_interfaces/action/_execute_vision_op.py
[8.222s] -- Up-to-date: /home/meta/Documents/robotics_workspace_new/install/robokpy_interfaces/lib/python3.12/site-packages/robokpy_interfaces/action/_tool_execution.py
[8.223s] -- Up-to-date: /home/meta/Documents/robotics_workspace_new/install/robokpy_interfaces/lib/python3.12/site-packages/robokpy_interfaces/action/_robot_trajectory.py
[8.223s] -- Up-to-date: /home/meta/Documents/robotics_workspace_new/install/robokpy_interfaces/lib/python3.12/site-packages/robokpy_interfaces/action/_tool_execution_s.c
[8.223s] -- Up-to-date: /home/meta/Documents/robotics_workspace_new/install/robokpy_interfaces/lib/python3.12/site-packages/robokpy_interfaces/action/_execute_tool_op.py
[8.224s] -- Up-to-date: /home/meta/Documents/robotics_workspace_new/install/robokpy_interfaces/lib/python3.12/site-packages/robokpy_interfaces/action/_set_joint_target.py
[8.224s] -- Up-to-date: /home/meta/Documents/robotics_workspace_new/install/robokpy_interfaces/lib/python3.12/site-packages/robokpy_interfaces/action/_execute_motion_s.c
[8.224s] -- Up-to-date: /home/meta/Documents/robotics_workspace_new/install/robokpy_interfaces/lib/python3.12/site-packages/robokpy_interfaces/action/__init__.py
[8.224s] -- Up-to-date: /home/meta/Documents/robotics_workspace_new/install/robokpy_interfaces/lib/python3.12/site-packages/robokpy_interfaces/action/_execute_vision_op_s.c
[8.229s] -- Up-to-date: /home/meta/Documents/robotics_workspace_new/install/robokpy_interfaces/lib/python3.12/site-packages/robokpy_interfaces/action/_set_joint_target_s.c
[8.229s] -- Up-to-date: /home/meta/Documents/robotics_workspace_new/install/robokpy_interfaces/lib/python3.12/site-packages/robokpy_interfaces/action/_execute_motion.py
[8.230s] -- Up-to-date: /home/meta/Documents/robotics_workspace_new/install/robokpy_interfaces/lib/python3.12/site-packages/robokpy_interfaces/action/_robot_trajectory_s.c
[8.230s] -- Up-to-date: /home/meta/Documents/robotics_workspace_new/install/robokpy_interfaces/lib/python3.12/site-packages/robokpy_interfaces/msg
[8.230s] -- Up-to-date: /home/meta/Documents/robotics_workspace_new/install/robokpy_interfaces/lib/python3.12/site-packages/robokpy_interfaces/msg/_cell_state_s.c
[8.231s] -- Up-to-date: /home/meta/Documents/robotics_workspace_new/install/robokpy_interfaces/lib/python3.12/site-packages/robokpy_interfaces/msg/__init__.py
[8.231s] -- Up-to-date: /home/meta/Documents/robotics_workspace_new/install/robokpy_interfaces/lib/python3.12/site-packages/robokpy_interfaces/msg/_cell_state.py
[8.231s] -- Up-to-date: /home/meta/Documents/robotics_workspace_new/install/robokpy_interfaces/lib/python3.12/site-packages/robokpy_interfaces/robokpy_interfaces_s__rosidl_typesupport_fastrtps_c.so
[8.231s] -- Up-to-date: /home/meta/Documents/robotics_workspace_new/install/robokpy_interfaces/lib/python3.12/site-packages/robokpy_interfaces/_robokpy_interfaces_s.ep.rosidl_typesupport_c.c
[8.235s] -- Up-to-date: /home/meta/Documents/robotics_workspace_new/install/robokpy_interfaces/lib/python3.12/site-packages/robokpy_interfaces/robokpy_interfaces_s__rosidl_typesupport_introspection_c.so
[8.235s] -- Up-to-date: /home/meta/Documents/robotics_workspace_new/install/robokpy_interfaces/lib/python3.12/site-packages/robokpy_interfaces/__init__.py
[8.235s] -- Up-to-date: /home/meta/Documents/robotics_workspace_new/install/robokpy_interfaces/lib/python3.12/site-packages/robokpy_interfaces/_robokpy_interfaces_s.ep.rosidl_typesupport_fastrtps_c.c
[8.467s] Listing '/home/meta/Documents/robotics_workspace_new/install/robokpy_interfaces/lib/python3.12/site-packages/robokpy_interfaces'...
[8.467s] Listing '/home/meta/Documents/robotics_workspace_new/install/robokpy_interfaces/lib/python3.12/site-packages/robokpy_interfaces/action'...
[8.467s] Listing '/home/meta/Documents/robotics_workspace_new/install/robokpy_interfaces/lib/python3.12/site-packages/robokpy_interfaces/msg'...
[8.468s] Listing '/home/meta/Documents/robotics_workspace_new/install/robokpy_interfaces/lib/python3.12/site-packages/robokpy_interfaces/srv'...
[8.483s] -- Up-to-date: /home/meta/Documents/robotics_workspace_new/install/robokpy_interfaces/lib/python3.12/site-packages/robokpy_interfaces/robokpy_interfaces_s__rosidl_typesupport_fastrtps_c.so
[8.484s] -- Up-to-date: /home/meta/Documents/robotics_workspace_new/install/robokpy_interfaces/lib/python3.12/site-packages/robokpy_interfaces/robokpy_interfaces_s__rosidl_typesupport_introspection_c.so
[8.485s] -- Up-to-date: /home/meta/Documents/robotics_workspace_new/install/robokpy_interfaces/lib/python3.12/site-packages/robokpy_interfaces/robokpy_interfaces_s__rosidl_typesupport_c.so
[8.486s] -- Up-to-date: /home/meta/Documents/robotics_workspace_new/install/robokpy_interfaces/lib/librobokpy_interfaces__rosidl_generator_py.so
[8.487s] -- Up-to-date: /home/meta/Documents/robotics_workspace_new/install/robokpy_interfaces/share/robokpy_interfaces/srv/ExecutionState.idl
[8.488s] -- Up-to-date: /home/meta/Documents/robotics_workspace_new/install/robokpy_interfaces/share/robokpy_interfaces/srv/SystemMode.idl
[8.488s] -- Up-to-date: /home/meta/Documents/robotics_workspace_new/install/robokpy_interfaces/share/robokpy_interfaces/srv/FK.idl
[8.489s] -- Up-to-date: /home/meta/Documents/robotics_workspace_new/install/robokpy_interfaces/share/robokpy_interfaces/srv/IK.idl
[8.489s] -- Up-to-date: /home/meta/Documents/robotics_workspace_new/install/robokpy_interfaces/share/robokpy_interfaces/srv/Jacobian.idl
[8.490s] -- Up-to-date: /home/meta/Documents/robotics_workspace_new/install/robokpy_interfaces/share/robokpy_interfaces/srv/Reachable.idl
[8.490s] -- Up-to-date: /home/meta/Documents/robotics_workspace_new/install/robokpy_interfaces/share/robokpy_interfaces/srv/ChainFK.idl
[8.491s] -- Up-to-date: /home/meta/Documents/robotics_workspace_new/install/robokpy_interfaces/share/robokpy_interfaces/srv/SetPlanningTipLink.idl
[8.491s] -- Up-to-date: /home/meta/Documents/robotics_workspace_new/install/robokpy_interfaces/share/robokpy_interfaces/srv/GraspAttach.idl
[8.492s] -- Up-to-date: /home/meta/Documents/robotics_workspace_new/install/robokpy_interfaces/share/robokpy_interfaces/srv/ResumeExecution.idl
[8.492s] -- Up-to-date: /home/meta/Documents/robotics_workspace_new/install/robokpy_interfaces/share/robokpy_interfaces/srv/LoadRecipe.idl
[8.493s] -- Up-to-date: /home/meta/Documents/robotics_workspace_new/install/robokpy_interfaces/share/robokpy_interfaces/srv/SpawnObject.idl
[8.493s] -- Up-to-date: /home/meta/Documents/robotics_workspace_new/install/robokpy_interfaces/share/robokpy_interfaces/srv/DespawnObject.idl
[8.494s] -- Up-to-date: /home/meta/Documents/robotics_workspace_new/install/robokpy_interfaces/share/robokpy_interfaces/srv/ResolveObjectPose.idl
[8.494s] -- Up-to-date: /home/meta/Documents/robotics_workspace_new/install/robokpy_interfaces/share/robokpy_interfaces/msg/CellState.idl
[8.495s] -- Up-to-date: /home/meta/Documents/robotics_workspace_new/install/robokpy_interfaces/share/robokpy_interfaces/action/ExecuteMotion.idl
[8.495s] -- Up-to-date: /home/meta/Documents/robotics_workspace_new/install/robokpy_interfaces/share/robokpy_interfaces/action/ExecuteToolOp.idl
[8.496s] -- Up-to-date: /home/meta/Documents/robotics_workspace_new/install/robokpy_interfaces/share/robokpy_interfaces/action/ExecuteVisionOp.idl
[8.496s] -- Up-to-date: /home/meta/Documents/robotics_workspace_new/install/robokpy_interfaces/share/robokpy_interfaces/action/SetJointTarget.idl
[8.497s] -- Up-to-date: /home/meta/Documents/robotics_workspace_new/install/robokpy_interfaces/share/robokpy_interfaces/srv/ExecutionState.srv
[8.497s] -- Up-to-date: /home/meta/Documents/robotics_workspace_new/install/robokpy_interfaces/share/robokpy_interfaces/srv/SystemMode.srv
[8.497s] -- Up-to-date: /home/meta/Documents/robotics_workspace_new/install/robokpy_interfaces/share/robokpy_interfaces/srv/FK.srv
[8.498s] -- Up-to-date: /home/meta/Documents/robotics_workspace_new/install/robokpy_interfaces/share/robokpy_interfaces/srv/IK.srv
[8.498s] -- Up-to-date: /home/meta/Documents/robotics_workspace_new/install/robokpy_interfaces/share/robokpy_interfaces/srv/Jacobian.srv
[8.499s] -- Up-to-date: /home/meta/Documents/robotics_workspace_new/install/robokpy_interfaces/share/robokpy_interfaces/srv/Reachable.srv
[8.500s] -- Up-to-date: /home/meta/Documents/robotics_workspace_new/install/robokpy_interfaces/share/robokpy_interfaces/srv/ChainFK.srv
[8.500s] -- Up-to-date: /home/meta/Documents/robotics_workspace_new/install/robokpy_interfaces/share/robokpy_interfaces/srv/SetPlanningTipLink.srv
[8.501s] -- Up-to-date: /home/meta/Documents/robotics_workspace_new/install/robokpy_interfaces/share/robokpy_interfaces/srv/GraspAttach.srv
[8.501s] -- Up-to-date: /home/meta/Documents/robotics_workspace_new/install/robokpy_interfaces/share/robokpy_interfaces/srv/ResumeExecution.srv
[8.501s] -- Up-to-date: /home/meta/Documents/robotics_workspace_new/install/robokpy_interfaces/share/robokpy_interfaces/srv/LoadRecipe.srv
[8.501s] -- Up-to-date: /home/meta/Documents/robotics_workspace_new/install/robokpy_interfaces/share/robokpy_interfaces/srv/SpawnObject.srv
[8.502s] -- Up-to-date: /home/meta/Documents/robotics_workspace_new/install/robokpy_interfaces/share/robokpy_interfaces/srv/DespawnObject.srv
[8.502s] -- Up-to-date: /home/meta/Documents/robotics_workspace_new/install/robokpy_interfaces/share/robokpy_interfaces/srv/ResolveObjectPose.srv
[8.502s] -- Up-to-date: /home/meta/Documents/robotics_workspace_new/install/robokpy_interfaces/share/robokpy_interfaces/msg/CellState.msg
[8.503s] -- Up-to-date: /home/meta/Documents/robotics_workspace_new/install/robokpy_interfaces/share/robokpy_interfaces/action/ExecuteMotion.action
[8.503s] -- Up-to-date: /home/meta/Documents/robotics_workspace_new/install/robokpy_interfaces/share/robokpy_interfaces/action/ExecuteToolOp.action
[8.503s] -- Up-to-date: /home/meta/Documents/robotics_workspace_new/install/robokpy_interfaces/share/robokpy_interfaces/action/ExecuteVisionOp.action
[8.504s] -- Up-to-date: /home/meta/Documents/robotics_workspace_new/install/robokpy_interfaces/share/robokpy_interfaces/action/SetJointTarget.action
[8.504s] -- Up-to-date: /home/meta/Documents/robotics_workspace_new/install/robokpy_interfaces/include
[8.504s] -- Up-to-date: /home/meta/Documents/robotics_workspace_new/install/robokpy_interfaces/include/robokpy_interfaces
[8.504s] -- Up-to-date: /home/meta/Documents/robotics_workspace_new/install/robokpy_interfaces/share/ament_index/resource_index/package_run_dependencies/robokpy_interfaces
[8.505s] -- Up-to-date: /home/meta/Documents/robotics_workspace_new/install/robokpy_interfaces/share/ament_index/resource_index/parent_prefix_path/robokpy_interfaces
[8.505s] -- Up-to-date: /home/meta/Documents/robotics_workspace_new/install/robokpy_interfaces/share/robokpy_interfaces/environment/ament_prefix_path.sh
[8.505s] -- Up-to-date: /home/meta/Documents/robotics_workspace_new/install/robokpy_interfaces/share/robokpy_interfaces/environment/ament_prefix_path.dsv
[8.506s] -- Up-to-date: /home/meta/Documents/robotics_workspace_new/install/robokpy_interfaces/share/robokpy_interfaces/environment/path.sh
[8.506s] -- Up-to-date: /home/meta/Documents/robotics_workspace_new/install/robokpy_interfaces/share/robokpy_interfaces/environment/path.dsv
[8.506s] -- Up-to-date: /home/meta/Documents/robotics_workspace_new/install/robokpy_interfaces/share/robokpy_interfaces/local_setup.bash
[8.507s] -- Up-to-date: /home/meta/Documents/robotics_workspace_new/install/robokpy_interfaces/share/robokpy_interfaces/local_setup.sh
[8.507s] -- Up-to-date: /home/meta/Documents/robotics_workspace_new/install/robokpy_interfaces/share/robokpy_interfaces/local_setup.zsh
[8.507s] -- Up-to-date: /home/meta/Documents/robotics_workspace_new/install/robokpy_interfaces/share/robokpy_interfaces/local_setup.dsv
[8.508s] -- Installing: /home/meta/Documents/robotics_workspace_new/install/robokpy_interfaces/share/robokpy_interfaces/package.dsv
[8.509s] -- Up-to-date: /home/meta/Documents/robotics_workspace_new/install/robokpy_interfaces/share/ament_index/resource_index/packages/robokpy_interfaces
[8.525s] -- Up-to-date: /home/meta/Documents/robotics_workspace_new/install/robokpy_interfaces/share/robokpy_interfaces/cmake/export_robokpy_interfaces__rosidl_generator_cExport.cmake
[8.526s] -- Up-to-date: /home/meta/Documents/robotics_workspace_new/install/robokpy_interfaces/share/robokpy_interfaces/cmake/export_robokpy_interfaces__rosidl_generator_cExport-noconfig.cmake
[8.541s] -- Up-to-date: /home/meta/Documents/robotics_workspace_new/install/robokpy_interfaces/share/robokpy_interfaces/cmake/export_robokpy_interfaces__rosidl_typesupport_fastrtps_cExport.cmake
[8.541s] -- Up-to-date: /home/meta/Documents/robotics_workspace_new/install/robokpy_interfaces/share/robokpy_interfaces/cmake/export_robokpy_interfaces__rosidl_typesupport_fastrtps_cExport-noconfig.cmake
[8.542s] -- Up-to-date: /home/meta/Documents/robotics_workspace_new/install/robokpy_interfaces/share/robokpy_interfaces/cmake/robokpy_interfaces__rosidl_typesupport_introspection_cExport.cmake
[8.542s] -- Up-to-date: /home/meta/Documents/robotics_workspace_new/install/robokpy_interfaces/share/robokpy_interfaces/cmake/robokpy_interfaces__rosidl_typesupport_introspection_cExport-noconfig.cmake
[8.559s] -- Up-to-date: /home/meta/Documents/robotics_workspace_new/install/robokpy_interfaces/share/robokpy_interfaces/cmake/robokpy_interfaces__rosidl_typesupport_cExport.cmake
[8.560s] -- Up-to-date: /home/meta/Documents/robotics_workspace_new/install/robokpy_interfaces/share/robokpy_interfaces/cmake/robokpy_interfaces__rosidl_typesupport_cExport-noconfig.cmake
[8.581s] -- Up-to-date: /home/meta/Documents/robotics_workspace_new/install/robokpy_interfaces/share/robokpy_interfaces/cmake/export_robokpy_interfaces__rosidl_generator_cppExport.cmake
[8.614s] -- Up-to-date: /home/meta/Documents/robotics_workspace_new/install/robokpy_interfaces/share/robokpy_interfaces/cmake/export_robokpy_interfaces__rosidl_typesupport_fastrtps_cppExport.cmake
[8.615s] -- Up-to-date: /home/meta/Documents/robotics_workspace_new/install/robokpy_interfaces/share/robokpy_interfaces/cmake/export_robokpy_interfaces__rosidl_typesupport_fastrtps_cppExport-noconfig.cmake
[8.630s] -- Up-to-date: /home/meta/Documents/robotics_workspace_new/install/robokpy_interfaces/share/robokpy_interfaces/cmake/robokpy_interfaces__rosidl_typesupport_introspection_cppExport.cmake
[8.630s] -- Up-to-date: /home/meta/Documents/robotics_workspace_new/install/robokpy_interfaces/share/robokpy_interfaces/cmake/robokpy_interfaces__rosidl_typesupport_introspection_cppExport-noconfig.cmake
[8.662s] -- Up-to-date: /home/meta/Documents/robotics_workspace_new/install/robokpy_interfaces/share/robokpy_interfaces/cmake/robokpy_interfaces__rosidl_typesupport_cppExport.cmake
[8.663s] -- Up-to-date: /home/meta/Documents/robotics_workspace_new/install/robokpy_interfaces/share/robokpy_interfaces/cmake/robokpy_interfaces__rosidl_typesupport_cppExport-noconfig.cmake
[8.685s] -- Up-to-date: /home/meta/Documents/robotics_workspace_new/install/robokpy_interfaces/share/robokpy_interfaces/cmake/export_robokpy_interfaces__rosidl_generator_pyExport.cmake
[8.685s] -- Up-to-date: /home/meta/Documents/robotics_workspace_new/install/robokpy_interfaces/share/robokpy_interfaces/cmake/export_robokpy_interfaces__rosidl_generator_pyExport-noconfig.cmake
[8.686s] -- Up-to-date: /home/meta/Documents/robotics_workspace_new/install/robokpy_interfaces/share/robokpy_interfaces/cmake/rosidl_cmake-extras.cmake
[8.686s] -- Up-to-date: /home/meta/Documents/robotics_workspace_new/install/robokpy_interfaces/share/robokpy_interfaces/cmake/ament_cmake_export_dependencies-extras.cmake
[8.687s] -- Up-to-date: /home/meta/Documents/robotics_workspace_new/install/robokpy_interfaces/share/robokpy_interfaces/cmake/ament_cmake_export_include_directories-extras.cmake
[8.687s] -- Up-to-date: /home/meta/Documents/robotics_workspace_new/install/robokpy_interfaces/share/robokpy_interfaces/cmake/ament_cmake_export_libraries-extras.cmake
[8.688s] -- Up-to-date: /home/meta/Documents/robotics_workspace_new/install/robokpy_interfaces/share/robokpy_interfaces/cmake/ament_cmake_export_targets-extras.cmake
[8.688s] -- Up-to-date: /home/meta/Documents/robotics_workspace_new/install/robokpy_interfaces/share/robokpy_interfaces/cmake/rosidl_cmake_export_typesupport_targets-extras.cmake
[8.689s] -- Up-to-date: /home/meta/Documents/robotics_workspace_new/install/robokpy_interfaces/share/robokpy_interfaces/cmake/rosidl_cmake_export_typesupport_libraries-extras.cmake
[8.690s] -- Up-to-date: /home/meta/Documents/robotics_workspace_new/install/robokpy_interfaces/share/robokpy_interfaces/cmake/robokpy_interfacesConfig.cmake
[8.690s] -- Up-to-date: /home/meta/Documents/robotics_workspace_new/install/robokpy_interfaces/share/robokpy_interfaces/cmake/robokpy_interfacesConfig-version.cmake
[8.691s] -- Up-to-date: /home/meta/Documents/robotics_workspace_new/install/robokpy_interfaces/share/robokpy_interfaces/package.xml
[8.710s] Invoked command in '/home/meta/Documents/robotics_workspace_new/build/robokpy_interfaces' returned '0': CMAKE_PREFIX_PATH=${CMAKE_PREFIX_PATH}:/home/meta/Documents/robotics_workspace_new/install/robokpy_controller:/home/meta/Documents/robotics_workspace_new/install/robokpy:/opt/ros/jazzy DEBUGINFOD_URLS=https://debuginfod.ubuntu.com /bin/cmake --install /home/meta/Documents/robotics_workspace_new/build/robokpy_interfaces
