[0.000000] (-) TimerEvent: {}
[0.000468] (robokpy) JobQueued: {'identifier': 'robokpy', 'dependencies': OrderedDict()}
[0.001053] (robokpy_interfaces) JobQueued: {'identifier': 'robokpy_interfaces', 'dependencies': OrderedDict()}
[0.001772] (robokpy_controller) JobQueued: {'identifier': 'robokpy_controller', 'dependencies': OrderedDict({'robokpy_interfaces': '/home/meta/Documents/robotics_workspace_new/install/robokpy_interfaces'})}
[0.002059] (robokpy_interfaces) JobStarted: {'identifier': 'robokpy_interfaces'}
[0.099659] (-) TimerEvent: {}
[0.106183] (robokpy) JobStarted: {'identifier': 'robokpy'}
[0.194988] (robokpy_interfaces) JobProgress: {'identifier': 'robokpy_interfaces', 'progress': 'cmake'}
[0.195990] (robokpy_interfaces) JobProgress: {'identifier': 'robokpy_interfaces', 'progress': 'build'}
[0.197596] (robokpy_interfaces) Command: {'cmd': ['/bin/cmake', '--build', '/home/meta/Documents/robotics_workspace_new/build/robokpy_interfaces', '--', '-j4', '-l4'], 'cwd': '/home/meta/Documents/robotics_workspace_new/build/robokpy_interfaces', 'env': OrderedDict({'GJS_DEBUG_TOPICS': 'JS ERROR;JS LOG', 'XDG_ACTIVATION_TOKEN': 'gnome-shell/Terminator/2778-3-meta-Inspiron-3542_TIME8889662', 'LESSOPEN': '| /usr/bin/lesspipe %s', 'LANGUAGE': 'en_US', 'USER': 'meta', 'GZ_CONFIG_PATH': '/opt/ros/jazzy/opt/gz_sim_vendor/share/gz:/opt/ros/jazzy/opt/sdformat_vendor/share/gz:/opt/ros/jazzy/opt/gz_gui_vendor/share/gz:/opt/ros/jazzy/opt/gz_transport_vendor/share/gz:/opt/ros/jazzy/opt/gz_rendering_vendor/share/gz:/opt/ros/jazzy/opt/gz_plugin_vendor/share/gz:/opt/ros/jazzy/opt/gz_fuel_tools_vendor/share/gz:/opt/ros/jazzy/opt/gz_msgs_vendor/share/gz:/opt/ros/jazzy/opt/gz_common_vendor/share/gz', 'XDG_SESSION_TYPE': 'x11', 'STM32CubeMX_PATH': '/home/meta/STM32CubeMX', 'SHLVL': '1', 'LD_LIBRARY_PATH': '/home/meta/Documents/robotics_workspace_new/install/robokpy_interfaces/lib:/opt/ros/jazzy/opt/gz_sim_vendor/lib:/opt/ros/jazzy/opt/gz_sensors_vendor/lib:/opt/ros/jazzy/opt/gz_physics_vendor/lib:/opt/ros/jazzy/opt/sdformat_vendor/lib:/opt/ros/jazzy/opt/rviz_ogre_vendor/lib:/opt/ros/jazzy/lib/x86_64-linux-gnu:/opt/ros/jazzy/opt/gz_gui_vendor/lib:/opt/ros/jazzy/opt/gz_transport_vendor/lib:/opt/ros/jazzy/opt/gz_rendering_vendor/lib:/opt/ros/jazzy/opt/gz_plugin_vendor/lib:/opt/ros/jazzy/opt/gz_fuel_tools_vendor/lib:/opt/ros/jazzy/opt/gz_msgs_vendor/lib:/opt/ros/jazzy/opt/gz_common_vendor/lib:/opt/ros/jazzy/opt/gz_math_vendor/lib:/opt/ros/jazzy/opt/gz_utils_vendor/lib:/opt/ros/jazzy/opt/gz_tools_vendor/lib:/opt/ros/jazzy/opt/gz_ogre_next_vendor/lib:/opt/ros/jazzy/opt/gz_dartsim_vendor/lib:/opt/ros/jazzy/opt/gz_cmake_vendor/lib:/opt/ros/jazzy/lib', 'HOME': '/home/meta', 'OLDPWD': '/home/meta/Documents', 'DESKTOP_SESSION': 'ubuntu', 'NVM_BIN': '/home/meta/.nvm/versions/node/v25.2.1/bin', 'NVM_INC': '/home/meta/.nvm/versions/node/v25.2.1/include/node', 'GIO_LAUNCHED_DESKTOP_FILE': '/usr/share/applications/terminator.desktop', 'ROS_PYTHON_VERSION': '3', 'GNOME_SHELL_SESSION_MODE': 'ubuntu', 'GTK_MODULES': 'gail:atk-bridge', 'XDG_SEAT_PATH': '/org/freedesktop/DisplayManager/Seat0', 'MANAGERPID': '2452', 'SYSTEMD_EXEC_PID': '2778', 'GSM_SKIP_SSH_AGENT_WORKAROUND': 'true', 'DBUS_SESSION_BUS_ADDRESS': 'unix:path=/run/user/1000/bus', 'COLORTERM': 'truecolor', 'TERMINATOR_DBUS_NAME': 'net.tenshu.Terminator21a9d5db22c73a993ff0b42f64b396873', 'LIBVIRT_DEFAULT_URI': 'qemu:///system', 'GIO_LAUNCHED_DESKTOP_FILE_PID': '14333', 'NVM_DIR': '/home/meta/.nvm', 'DEBUGINFOD_URLS': 'https://debuginfod.ubuntu.com', 'IM_CONFIG_PHASE': '1', 'COLCON_PREFIX_PATH': '/home/meta/Documents/robotics_workspace_new/install', 'ROS_DISTRO': 'jazzy', 'LOGNAME': 'meta', 'JOURNAL_STREAM': '8:21188', '_': '/bin/colcon', 'ROS_VERSION': '2', 'MEMORY_PRESSURE_WATCH': '/sys/fs/cgroup/user.slice/user-1000.slice/user@1000.service/session.slice/org.gnome.Shell@x11.service/memory.pressure', 'XDG_SESSION_CLASS': 'user', 'TERM': 'xterm-256color', 'GNOME_DESKTOP_SESSION_ID': 'this-is-deprecated', 'PATH': '/opt/ros/jazzy/opt/gz_msgs_vendor/bin:/opt/ros/jazzy/opt/gz_tools_vendor/bin:/opt/ros/jazzy/opt/gz_ogre_next_vendor/bin:/opt/ros/jazzy/bin:/home/meta/.local/bin:/bin:/usr/bin:/usr/local/bin:/usr/local/texlive/2025/texmf-dist/doc/man::/snap/bin', 'SESSION_MANAGER': 'local/meta-Inspiron-3542:@/tmp/.ICE-unix/2746,unix/meta-Inspiron-3542:/tmp/.ICE-unix/2746', 'GDM_LANG': 'en_US', 'INVOCATION_ID': '079f40d59a8b4edfa841df6d7cec614a', 'XDG_SESSION_PATH': '/org/freedesktop/DisplayManager/Session0', 'XDG_MENU_PREFIX': 'gnome-', 'VREP_DIR': '/home/meta/meta/Downloads/VREP', 'XDG_RUNTIME_DIR': '/run/user/1000', 'DISPLAY': ':0', 'TERMINATOR_DBUS_PATH': '/net/tenshu/Terminator2', 'LANG': 'en_US.UTF-8', 'XDG_CURRENT_DESKTOP': 'ubuntu:GNOME', 'RMW_IMPLEMENTATION': 'rmw_cyclonedds_cpp', 'XMODIFIERS': '@im=ibus', 'XDG_SESSION_DESKTOP': 'ubuntu', 'XAUTHORITY': '/home/meta/.Xauthority', 'LS_COLORS': 'rs=0:di=01;34:ln=01;36:mh=00:pi=40;33:so=01;35:do=01;35:bd=40;33;01:cd=40;33;01:or=40;31;01:mi=00:su=37;41:sg=30;43:ca=00:tw=30;42:ow=34;42:st=37;44:ex=01;32:*.tar=01;31:*.tgz=01;31:*.arc=01;31:*.arj=01;31:*.taz=01;31:*.lha=01;31:*.lz4=01;31:*.lzh=01;31:*.lzma=01;31:*.tlz=01;31:*.txz=01;31:*.tzo=01;31:*.t7z=01;31:*.zip=01;31:*.z=01;31:*.dz=01;31:*.gz=01;31:*.lrz=01;31:*.lz=01;31:*.lzo=01;31:*.xz=01;31:*.zst=01;31:*.tzst=01;31:*.bz2=01;31:*.bz=01;31:*.tbz=01;31:*.tbz2=01;31:*.tz=01;31:*.deb=01;31:*.rpm=01;31:*.jar=01;31:*.war=01;31:*.ear=01;31:*.sar=01;31:*.rar=01;31:*.alz=01;31:*.ace=01;31:*.zoo=01;31:*.cpio=01;31:*.7z=01;31:*.rz=01;31:*.cab=01;31:*.wim=01;31:*.swm=01;31:*.dwm=01;31:*.esd=01;31:*.avif=01;35:*.jpg=01;35:*.jpeg=01;35:*.mjpg=01;35:*.mjpeg=01;35:*.gif=01;35:*.bmp=01;35:*.pbm=01;35:*.pgm=01;35:*.ppm=01;35:*.tga=01;35:*.xbm=01;35:*.xpm=01;35:*.tif=01;35:*.tiff=01;35:*.png=01;35:*.svg=01;35:*.svgz=01;35:*.mng=01;35:*.pcx=01;35:*.mov=01;35:*.mpg=01;35:*.mpeg=01;35:*.m2v=01;35:*.mkv=01;35:*.webm=01;35:*.webp=01;35:*.ogm=01;35:*.mp4=01;35:*.m4v=01;35:*.mp4v=01;35:*.vob=01;35:*.qt=01;35:*.nuv=01;35:*.wmv=01;35:*.asf=01;35:*.rm=01;35:*.rmvb=01;35:*.flc=01;35:*.avi=01;35:*.fli=01;35:*.flv=01;35:*.gl=01;35:*.dl=01;35:*.xcf=01;35:*.xwd=01;35:*.yuv=01;35:*.cgm=01;35:*.emf=01;35:*.ogv=01;35:*.ogx=01;35:*.aac=00;36:*.au=00;36:*.flac=00;36:*.m4a=00;36:*.mid=00;36:*.midi=00;36:*.mka=00;36:*.mp3=00;36:*.mpc=00;36:*.ogg=00;36:*.ra=00;36:*.wav=00;36:*.oga=00;36:*.opus=00;36:*.spx=00;36:*.xspf=00;36:*~=00;90:*#=00;90:*.bak=00;90:*.crdownload=00;90:*.dpkg-dist=00;90:*.dpkg-new=00;90:*.dpkg-old=00;90:*.dpkg-tmp=00;90:*.old=00;90:*.orig=00;90:*.part=00;90:*.rej=00;90:*.rpmnew=00;90:*.rpmorig=00;90:*.rpmsave=00;90:*.swp=00;90:*.tmp=00;90:*.ucf-dist=00;90:*.ucf-new=00;90:*.ucf-old=00;90:', 'SSH_AUTH_SOCK': '/run/user/1000/keyring/ssh', 'XDG_GREETER_DATA_DIR': '/var/lib/lightdm-data/meta', 'AMENT_PREFIX_PATH': '/home/meta/Documents/robotics_workspace_new/install/robokpy_controller:/home/meta/Documents/robotics_workspace_new/install/robokpy_interfaces:/home/meta/Documents/robotics_workspace_new/install/robokpy:/opt/ros/jazzy', 'SHELL': '/bin/bash', 'TERMINATOR_UUID': 'urn:uuid:f3dc330d-81e3-4ce4-b904-36fe4bfb8576', 'QT_ACCESSIBILITY': '1', 'GDMSESSION': 'ubuntu', 'LESSCLOSE': '/usr/bin/lesspipe %s %s', 'GPG_AGENT_INFO': '/run/user/1000/gnupg/S.gpg-agent:0:1', 'GJS_DEBUG_OUTPUT': 'stderr', 'ROS_AUTOMATIC_DISCOVERY_RANGE': 'SUBNET', 'QT_IM_MODULE': 'ibus', 'PWD': '/home/meta/Documents/robotics_workspace_new/build/robokpy_interfaces', 'QT_QPA_PLATFORM': 'xcb', 'LC_ALL': 'en_US.UTF-8', 'XDG_CONFIG_DIRS': '/etc/xdg/xdg-ubuntu:/etc/xdg', 'NVM_CD_FLAGS': '', 'XDG_DATA_DIRS': '/usr/share/ubuntu:/usr/share/gnome:/usr/local/share:/usr/share:/var/lib/snapd/desktop', 'QTWEBENGINE_DICTIONARIES_PATH': '/usr/share/hunspell-bdic/', 'PYTHONPATH': '/home/meta/Documents/robotics_workspace_new/install/robokpy_controller/lib/python3.12/site-packages:/home/meta/Documents/robotics_workspace_new/install/robokpy_interfaces/lib/python3.12/site-packages:/home/meta/Documents/robotics_workspace_new/install/robokpy/lib/python3.12/site-packages:/opt/ros/jazzy/lib/python3.12/site-packages', 'COLCON': '1', 'MEMORY_PRESSURE_WRITE': 'c29tZSAyMDAwMDAgMjAwMDAwMAA=', 'VTE_VERSION': '7600', 'CMAKE_PREFIX_PATH': '/home/meta/Documents/robotics_workspace_new/install/robokpy_interfaces:/opt/ros/jazzy/opt/gz_sim_vendor:/opt/ros/jazzy/opt/gz_sensors_vendor:/opt/ros/jazzy/opt/gz_physics_vendor:/opt/ros/jazzy/opt/sdformat_vendor:/opt/ros/jazzy/opt/gz_gui_vendor:/opt/ros/jazzy/opt/gz_transport_vendor:/opt/ros/jazzy/opt/gz_rendering_vendor:/opt/ros/jazzy/opt/gz_plugin_vendor:/opt/ros/jazzy/opt/gz_fuel_tools_vendor:/opt/ros/jazzy/opt/gz_msgs_vendor:/opt/ros/jazzy/opt/gz_common_vendor:/opt/ros/jazzy/opt/gz_math_vendor:/opt/ros/jazzy/opt/gz_utils_vendor:/opt/ros/jazzy/opt/gz_tools_vendor:/opt/ros/jazzy/opt/gz_ogre_next_vendor:/opt/ros/jazzy/opt/gz_dartsim_vendor:/opt/ros/jazzy/opt/gz_cmake_vendor:/home/meta/Documents/robotics_workspace_new/install/robokpy_controller:/home/meta/Documents/robotics_workspace_new/install/robokpy:/opt/ros/jazzy'}), 'shell': False}
[0.199757] (-) TimerEvent: {}
[0.314908] (-) TimerEvent: {}
[0.416882] (-) TimerEvent: {}
[0.517327] (-) TimerEvent: {}
[0.617794] (-) TimerEvent: {}
[0.718153] (-) TimerEvent: {}
[0.818488] (-) TimerEvent: {}
[0.918859] (-) TimerEvent: {}
[1.019242] (-) TimerEvent: {}
[1.119627] (-) TimerEvent: {}
[1.220050] (-) TimerEvent: {}
[1.320406] (-) TimerEvent: {}
[1.420887] (-) TimerEvent: {}
[1.521311] (-) TimerEvent: {}
[1.621761] (-) TimerEvent: {}
[1.706126] (robokpy_interfaces) StdoutLine: {'line': b'[  1%] Built target robokpy_interfaces__rosidl_generator_type_description\n'}
[1.721867] (-) TimerEvent: {}
[1.822431] (-) TimerEvent: {}
[1.924617] (-) TimerEvent: {}
[2.025013] (-) TimerEvent: {}
[2.125401] (-) TimerEvent: {}
[2.225790] (-) TimerEvent: {}
[2.326227] (-) TimerEvent: {}
[2.426609] (-) TimerEvent: {}
[2.553206] (-) TimerEvent: {}
[2.653598] (-) TimerEvent: {}
[2.754170] (-) TimerEvent: {}
[2.854531] (-) TimerEvent: {}
[2.955010] (-) TimerEvent: {}
[3.055417] (-) TimerEvent: {}
[3.155781] (-) TimerEvent: {}
[3.256160] (-) TimerEvent: {}
[3.356541] (-) TimerEvent: {}
[3.406904] (robokpy_interfaces) StdoutLine: {'line': b'[  1%] Built target ament_cmake_python_copy_robokpy_interfaces\n'}
[3.456660] (-) TimerEvent: {}
[3.557046] (-) TimerEvent: {}
[3.657386] (-) TimerEvent: {}
[3.757750] (-) TimerEvent: {}
[3.858109] (-) TimerEvent: {}
[3.958461] (-) TimerEvent: {}
[4.058843] (-) TimerEvent: {}
[4.159296] (-) TimerEvent: {}
[4.259768] (-) TimerEvent: {}
[4.360251] (-) TimerEvent: {}
[4.461066] (-) TimerEvent: {}
[4.561547] (-) TimerEvent: {}
[4.662828] (-) TimerEvent: {}
[4.765132] (-) TimerEvent: {}
[4.867904] (-) TimerEvent: {}
[4.968548] (-) TimerEvent: {}
[5.069772] (-) TimerEvent: {}
[5.170123] (-) TimerEvent: {}
[5.270488] (-) TimerEvent: {}
[5.370853] (-) TimerEvent: {}
[5.471234] (-) TimerEvent: {}
[5.571620] (-) TimerEvent: {}
[5.671968] (-) TimerEvent: {}
[5.772363] (-) TimerEvent: {}
[5.872749] (-) TimerEvent: {}
[5.973126] (-) TimerEvent: {}
[6.073483] (-) TimerEvent: {}
[6.173867] (-) TimerEvent: {}
[6.274326] (-) TimerEvent: {}
[6.374689] (-) TimerEvent: {}
[6.475036] (-) TimerEvent: {}
[6.575352] (-) TimerEvent: {}
[6.604413] (robokpy_interfaces) StdoutLine: {'line': b'[ 29%] Built target robokpy_interfaces__rosidl_generator_c\n'}
[6.675468] (-) TimerEvent: {}
[6.775879] (-) TimerEvent: {}
[6.876281] (-) TimerEvent: {}
[6.976758] (-) TimerEvent: {}
[7.077165] (-) TimerEvent: {}
[7.177565] (-) TimerEvent: {}
[7.278013] (-) TimerEvent: {}
[7.378439] (-) TimerEvent: {}
[7.478971] (-) TimerEvent: {}
[7.579382] (-) TimerEvent: {}
[7.679799] (-) TimerEvent: {}
[7.780224] (-) TimerEvent: {}
[7.827998] (robokpy_interfaces) StdoutLine: {'line': b'running egg_info\n'}
[7.880399] (-) TimerEvent: {}
[7.925019] (robokpy_interfaces) StdoutLine: {'line': b'writing robokpy_interfaces.egg-info/PKG-INFO\n'}
[7.925840] (robokpy_interfaces) StdoutLine: {'line': b'writing dependency_links to robokpy_interfaces.egg-info/dependency_links.txt\n'}
[7.926267] (robokpy_interfaces) StdoutLine: {'line': b'writing top-level names to robokpy_interfaces.egg-info/top_level.txt\n'}
[7.980473] (-) TimerEvent: {}
[8.081002] (-) TimerEvent: {}
[8.181433] (-) TimerEvent: {}
[8.187236] (robokpy_interfaces) StdoutLine: {'line': b"reading manifest file 'robokpy_interfaces.egg-info/SOURCES.txt'\n"}
[8.245203] (robokpy_interfaces) StdoutLine: {'line': b"writing manifest file 'robokpy_interfaces.egg-info/SOURCES.txt'\n"}
[8.281560] (-) TimerEvent: {}
[8.318223] (robokpy_interfaces) StdoutLine: {'line': b'[ 29%] Built target ament_cmake_python_build_robokpy_interfaces_egg\n'}
[8.381710] (-) TimerEvent: {}
[8.482313] (-) TimerEvent: {}
[8.582780] (-) TimerEvent: {}
[8.683211] (-) TimerEvent: {}
[8.783611] (-) TimerEvent: {}
[8.876321] (robokpy_interfaces) StdoutLine: {'line': b'[ 39%] Built target robokpy_interfaces__rosidl_typesupport_introspection_c\n'}
[8.883760] (-) TimerEvent: {}
[8.984253] (-) TimerEvent: {}
[9.084707] (-) TimerEvent: {}
[9.185537] (-) TimerEvent: {}
[9.286015] (-) TimerEvent: {}
[9.386528] (-) TimerEvent: {}
[9.487803] (-) TimerEvent: {}
[9.588226] (-) TimerEvent: {}
[9.690786] (-) TimerEvent: {}
[9.777881] (robokpy_interfaces) StdoutLine: {'line': b'[ 49%] Built target robokpy_interfaces__rosidl_typesupport_c\n'}
[9.790916] (-) TimerEvent: {}
[9.891391] (-) TimerEvent: {}
[9.991778] (-) TimerEvent: {}
[10.092201] (-) TimerEvent: {}
[10.192728] (-) TimerEvent: {}
[10.293227] (-) TimerEvent: {}
[10.394803] (-) TimerEvent: {}
[10.495333] (-) TimerEvent: {}
[10.595780] (-) TimerEvent: {}
[10.696239] (-) TimerEvent: {}
[10.797002] (-) TimerEvent: {}
[10.897534] (-) TimerEvent: {}
[10.997907] (-) TimerEvent: {}
[11.072334] (robokpy_interfaces) StdoutLine: {'line': b'[ 58%] Built target robokpy_interfaces__rosidl_typesupport_fastrtps_c\n'}
[11.098048] (-) TimerEvent: {}
[11.200451] (-) TimerEvent: {}
[11.300942] (-) TimerEvent: {}
[11.346744] (robokpy_interfaces) StdoutLine: {'line': b'[ 58%] Built target robokpy_interfaces__cpp\n'}
[11.401082] (-) TimerEvent: {}
[11.501575] (-) TimerEvent: {}
[11.602452] (-) TimerEvent: {}
[11.702930] (-) TimerEvent: {}
[11.803314] (-) TimerEvent: {}
[11.903764] (-) TimerEvent: {}
[11.986764] (robokpy_interfaces) StdoutLine: {'line': b'[ 68%] Built target robokpy_interfaces__rosidl_typesupport_cpp\n'}
[12.003867] (-) TimerEvent: {}
[12.104288] (-) TimerEvent: {}
[12.204812] (-) TimerEvent: {}
[12.305224] (-) TimerEvent: {}
[12.405635] (-) TimerEvent: {}
[12.506091] (-) TimerEvent: {}
[12.543731] (robokpy_interfaces) StdoutLine: {'line': b'[ 78%] Built target robokpy_interfaces__rosidl_typesupport_introspection_cpp\n'}
[12.606225] (-) TimerEvent: {}
[12.742453] (-) TimerEvent: {}
[12.842815] (-) TimerEvent: {}
[12.943280] (-) TimerEvent: {}
[13.043672] (-) TimerEvent: {}
[13.144106] (-) TimerEvent: {}
[13.245875] (-) TimerEvent: {}
[13.348544] (-) TimerEvent: {}
[13.448982] (-) TimerEvent: {}
[13.467250] (robokpy_interfaces) StdoutLine: {'line': b'[ 88%] Built target robokpy_interfaces__rosidl_typesupport_fastrtps_cpp\n'}
[13.549096] (-) TimerEvent: {}
[13.619828] (robokpy_interfaces) StdoutLine: {'line': b'[ 88%] Built target robokpy_interfaces\n'}
[13.649207] (-) TimerEvent: {}
[13.749654] (-) TimerEvent: {}
[13.803838] (robokpy_interfaces) StdoutLine: {'line': b'[ 88%] Built target robokpy_interfaces__py\n'}
[13.849767] (-) TimerEvent: {}
[13.950439] (-) TimerEvent: {}
[14.050797] (-) TimerEvent: {}
[14.151148] (-) TimerEvent: {}
[14.251504] (-) TimerEvent: {}
[14.351864] (-) TimerEvent: {}
[14.452208] (-) TimerEvent: {}
[14.552582] (-) TimerEvent: {}
[14.652997] (-) TimerEvent: {}
[14.753376] (-) TimerEvent: {}
[14.853750] (-) TimerEvent: {}
[14.927684] (robokpy_interfaces) StdoutLine: {'line': b'[ 97%] Built target robokpy_interfaces__rosidl_generator_py\n'}
[14.953876] (-) TimerEvent: {}
[15.054313] (-) TimerEvent: {}
[15.102841] (robokpy_interfaces) StdoutLine: {'line': b'[ 98%] Built target robokpy_interfaces_s__rosidl_typesupport_fastrtps_c\n'}
[15.154414] (-) TimerEvent: {}
[15.254765] (-) TimerEvent: {}
[15.296618] (robokpy_interfaces) StdoutLine: {'line': b'[ 99%] Built target robokpy_interfaces_s__rosidl_typesupport_c\n'}
[15.354892] (-) TimerEvent: {}
[15.443968] (robokpy_interfaces) StdoutLine: {'line': b'[100%] Built target robokpy_interfaces_s__rosidl_typesupport_introspection_c\n'}
[15.455035] (-) TimerEvent: {}
[15.485298] (robokpy_interfaces) CommandEnded: {'returncode': 0}
[15.555151] (-) TimerEvent: {}
[15.655569] (-) TimerEvent: {}
[15.756351] (-) TimerEvent: {}
[15.858023] (-) TimerEvent: {}
[15.960043] (-) TimerEvent: {}
[16.060535] (-) TimerEvent: {}
[16.161009] (-) TimerEvent: {}
[16.261458] (-) TimerEvent: {}
[16.363333] (-) TimerEvent: {}
[16.463786] (-) TimerEvent: {}
[16.564602] (-) TimerEvent: {}
[16.665054] (-) TimerEvent: {}
[16.765658] (-) TimerEvent: {}
[16.867205] (-) TimerEvent: {}
[16.969568] (-) TimerEvent: {}
[17.070925] (-) TimerEvent: {}
[17.111400] (robokpy_interfaces) JobProgress: {'identifier': 'robokpy_interfaces', 'progress': 'install'}
[17.147787] (robokpy_interfaces) Command: {'cmd': ['/bin/cmake', '--install', '/home/meta/Documents/robotics_workspace_new/build/robokpy_interfaces'], 'cwd': '/home/meta/Documents/robotics_workspace_new/build/robokpy_interfaces', 'env': OrderedDict({'GJS_DEBUG_TOPICS': 'JS ERROR;JS LOG', 'XDG_ACTIVATION_TOKEN': 'gnome-shell/Terminator/2778-3-meta-Inspiron-3542_TIME8889662', 'LESSOPEN': '| /usr/bin/lesspipe %s', 'LANGUAGE': 'en_US', 'USER': 'meta', 'GZ_CONFIG_PATH': '/opt/ros/jazzy/opt/gz_sim_vendor/share/gz:/opt/ros/jazzy/opt/sdformat_vendor/share/gz:/opt/ros/jazzy/opt/gz_gui_vendor/share/gz:/opt/ros/jazzy/opt/gz_transport_vendor/share/gz:/opt/ros/jazzy/opt/gz_rendering_vendor/share/gz:/opt/ros/jazzy/opt/gz_plugin_vendor/share/gz:/opt/ros/jazzy/opt/gz_fuel_tools_vendor/share/gz:/opt/ros/jazzy/opt/gz_msgs_vendor/share/gz:/opt/ros/jazzy/opt/gz_common_vendor/share/gz', 'XDG_SESSION_TYPE': 'x11', 'STM32CubeMX_PATH': '/home/meta/STM32CubeMX', 'SHLVL': '1', 'LD_LIBRARY_PATH': '/home/meta/Documents/robotics_workspace_new/install/robokpy_interfaces/lib:/opt/ros/jazzy/opt/gz_sim_vendor/lib:/opt/ros/jazzy/opt/gz_sensors_vendor/lib:/opt/ros/jazzy/opt/gz_physics_vendor/lib:/opt/ros/jazzy/opt/sdformat_vendor/lib:/opt/ros/jazzy/opt/rviz_ogre_vendor/lib:/opt/ros/jazzy/lib/x86_64-linux-gnu:/opt/ros/jazzy/opt/gz_gui_vendor/lib:/opt/ros/jazzy/opt/gz_transport_vendor/lib:/opt/ros/jazzy/opt/gz_rendering_vendor/lib:/opt/ros/jazzy/opt/gz_plugin_vendor/lib:/opt/ros/jazzy/opt/gz_fuel_tools_vendor/lib:/opt/ros/jazzy/opt/gz_msgs_vendor/lib:/opt/ros/jazzy/opt/gz_common_vendor/lib:/opt/ros/jazzy/opt/gz_math_vendor/lib:/opt/ros/jazzy/opt/gz_utils_vendor/lib:/opt/ros/jazzy/opt/gz_tools_vendor/lib:/opt/ros/jazzy/opt/gz_ogre_next_vendor/lib:/opt/ros/jazzy/opt/gz_dartsim_vendor/lib:/opt/ros/jazzy/opt/gz_cmake_vendor/lib:/opt/ros/jazzy/lib', 'HOME': '/home/meta', 'OLDPWD': '/home/meta/Documents', 'DESKTOP_SESSION': 'ubuntu', 'NVM_BIN': '/home/meta/.nvm/versions/node/v25.2.1/bin', 'NVM_INC': '/home/meta/.nvm/versions/node/v25.2.1/include/node', 'GIO_LAUNCHED_DESKTOP_FILE': '/usr/share/applications/terminator.desktop', 'ROS_PYTHON_VERSION': '3', 'GNOME_SHELL_SESSION_MODE': 'ubuntu', 'GTK_MODULES': 'gail:atk-bridge', 'XDG_SEAT_PATH': '/org/freedesktop/DisplayManager/Seat0', 'MANAGERPID': '2452', 'SYSTEMD_EXEC_PID': '2778', 'GSM_SKIP_SSH_AGENT_WORKAROUND': 'true', 'DBUS_SESSION_BUS_ADDRESS': 'unix:path=/run/user/1000/bus', 'COLORTERM': 'truecolor', 'TERMINATOR_DBUS_NAME': 'net.tenshu.Terminator21a9d5db22c73a993ff0b42f64b396873', 'LIBVIRT_DEFAULT_URI': 'qemu:///system', 'GIO_LAUNCHED_DESKTOP_FILE_PID': '14333', 'NVM_DIR': '/home/meta/.nvm', 'DEBUGINFOD_URLS': 'https://debuginfod.ubuntu.com', 'IM_CONFIG_PHASE': '1', 'COLCON_PREFIX_PATH': '/home/meta/Documents/robotics_workspace_new/install', 'ROS_DISTRO': 'jazzy', 'LOGNAME': 'meta', 'JOURNAL_STREAM': '8:21188', '_': '/bin/colcon', 'ROS_VERSION': '2', 'MEMORY_PRESSURE_WATCH': '/sys/fs/cgroup/user.slice/user-1000.slice/user@1000.service/session.slice/org.gnome.Shell@x11.service/memory.pressure', 'XDG_SESSION_CLASS': 'user', 'TERM': 'xterm-256color', 'GNOME_DESKTOP_SESSION_ID': 'this-is-deprecated', 'PATH': '/opt/ros/jazzy/opt/gz_msgs_vendor/bin:/opt/ros/jazzy/opt/gz_tools_vendor/bin:/opt/ros/jazzy/opt/gz_ogre_next_vendor/bin:/opt/ros/jazzy/bin:/home/meta/.local/bin:/bin:/usr/bin:/usr/local/bin:/usr/local/texlive/2025/texmf-dist/doc/man::/snap/bin', 'SESSION_MANAGER': 'local/meta-Inspiron-3542:@/tmp/.ICE-unix/2746,unix/meta-Inspiron-3542:/tmp/.ICE-unix/2746', 'GDM_LANG': 'en_US', 'INVOCATION_ID': '079f40d59a8b4edfa841df6d7cec614a', 'XDG_SESSION_PATH': '/org/freedesktop/DisplayManager/Session0', 'XDG_MENU_PREFIX': 'gnome-', 'VREP_DIR': '/home/meta/meta/Downloads/VREP', 'XDG_RUNTIME_DIR': '/run/user/1000', 'DISPLAY': ':0', 'TERMINATOR_DBUS_PATH': '/net/tenshu/Terminator2', 'LANG': 'en_US.UTF-8', 'XDG_CURRENT_DESKTOP': 'ubuntu:GNOME', 'RMW_IMPLEMENTATION': 'rmw_cyclonedds_cpp', 'XMODIFIERS': '@im=ibus', 'XDG_SESSION_DESKTOP': 'ubuntu', 'XAUTHORITY': '/home/meta/.Xauthority', 'LS_COLORS': 'rs=0:di=01;34:ln=01;36:mh=00:pi=40;33:so=01;35:do=01;35:bd=40;33;01:cd=40;33;01:or=40;31;01:mi=00:su=37;41:sg=30;43:ca=00:tw=30;42:ow=34;42:st=37;44:ex=01;32:*.tar=01;31:*.tgz=01;31:*.arc=01;31:*.arj=01;31:*.taz=01;31:*.lha=01;31:*.lz4=01;31:*.lzh=01;31:*.lzma=01;31:*.tlz=01;31:*.txz=01;31:*.tzo=01;31:*.t7z=01;31:*.zip=01;31:*.z=01;31:*.dz=01;31:*.gz=01;31:*.lrz=01;31:*.lz=01;31:*.lzo=01;31:*.xz=01;31:*.zst=01;31:*.tzst=01;31:*.bz2=01;31:*.bz=01;31:*.tbz=01;31:*.tbz2=01;31:*.tz=01;31:*.deb=01;31:*.rpm=01;31:*.jar=01;31:*.war=01;31:*.ear=01;31:*.sar=01;31:*.rar=01;31:*.alz=01;31:*.ace=01;31:*.zoo=01;31:*.cpio=01;31:*.7z=01;31:*.rz=01;31:*.cab=01;31:*.wim=01;31:*.swm=01;31:*.dwm=01;31:*.esd=01;31:*.avif=01;35:*.jpg=01;35:*.jpeg=01;35:*.mjpg=01;35:*.mjpeg=01;35:*.gif=01;35:*.bmp=01;35:*.pbm=01;35:*.pgm=01;35:*.ppm=01;35:*.tga=01;35:*.xbm=01;35:*.xpm=01;35:*.tif=01;35:*.tiff=01;35:*.png=01;35:*.svg=01;35:*.svgz=01;35:*.mng=01;35:*.pcx=01;35:*.mov=01;35:*.mpg=01;35:*.mpeg=01;35:*.m2v=01;35:*.mkv=01;35:*.webm=01;35:*.webp=01;35:*.ogm=01;35:*.mp4=01;35:*.m4v=01;35:*.mp4v=01;35:*.vob=01;35:*.qt=01;35:*.nuv=01;35:*.wmv=01;35:*.asf=01;35:*.rm=01;35:*.rmvb=01;35:*.flc=01;35:*.avi=01;35:*.fli=01;35:*.flv=01;35:*.gl=01;35:*.dl=01;35:*.xcf=01;35:*.xwd=01;35:*.yuv=01;35:*.cgm=01;35:*.emf=01;35:*.ogv=01;35:*.ogx=01;35:*.aac=00;36:*.au=00;36:*.flac=00;36:*.m4a=00;36:*.mid=00;36:*.midi=00;36:*.mka=00;36:*.mp3=00;36:*.mpc=00;36:*.ogg=00;36:*.ra=00;36:*.wav=00;36:*.oga=00;36:*.opus=00;36:*.spx=00;36:*.xspf=00;36:*~=00;90:*#=00;90:*.bak=00;90:*.crdownload=00;90:*.dpkg-dist=00;90:*.dpkg-new=00;90:*.dpkg-old=00;90:*.dpkg-tmp=00;90:*.old=00;90:*.orig=00;90:*.part=00;90:*.rej=00;90:*.rpmnew=00;90:*.rpmorig=00;90:*.rpmsave=00;90:*.swp=00;90:*.tmp=00;90:*.ucf-dist=00;90:*.ucf-new=00;90:*.ucf-old=00;90:', 'SSH_AUTH_SOCK': '/run/user/1000/keyring/ssh', 'XDG_GREETER_DATA_DIR': '/var/lib/lightdm-data/meta', 'AMENT_PREFIX_PATH': '/home/meta/Documents/robotics_workspace_new/install/robokpy_controller:/home/meta/Documents/robotics_workspace_new/install/robokpy_interfaces:/home/meta/Documents/robotics_workspace_new/install/robokpy:/opt/ros/jazzy', 'SHELL': '/bin/bash', 'TERMINATOR_UUID': 'urn:uuid:f3dc330d-81e3-4ce4-b904-36fe4bfb8576', 'QT_ACCESSIBILITY': '1', 'GDMSESSION': 'ubuntu', 'LESSCLOSE': '/usr/bin/lesspipe %s %s', 'GPG_AGENT_INFO': '/run/user/1000/gnupg/S.gpg-agent:0:1', 'GJS_DEBUG_OUTPUT': 'stderr', 'ROS_AUTOMATIC_DISCOVERY_RANGE': 'SUBNET', 'QT_IM_MODULE': 'ibus', 'PWD': '/home/meta/Documents/robotics_workspace_new/build/robokpy_interfaces', 'QT_QPA_PLATFORM': 'xcb', 'LC_ALL': 'en_US.UTF-8', 'XDG_CONFIG_DIRS': '/etc/xdg/xdg-ubuntu:/etc/xdg', 'NVM_CD_FLAGS': '', 'XDG_DATA_DIRS': '/usr/share/ubuntu:/usr/share/gnome:/usr/local/share:/usr/share:/var/lib/snapd/desktop', 'QTWEBENGINE_DICTIONARIES_PATH': '/usr/share/hunspell-bdic/', 'PYTHONPATH': '/home/meta/Documents/robotics_workspace_new/install/robokpy_controller/lib/python3.12/site-packages:/home/meta/Documents/robotics_workspace_new/install/robokpy_interfaces/lib/python3.12/site-packages:/home/meta/Documents/robotics_workspace_new/install/robokpy/lib/python3.12/site-packages:/opt/ros/jazzy/lib/python3.12/site-packages', 'COLCON': '1', 'MEMORY_PRESSURE_WRITE': 'c29tZSAyMDAwMDAgMjAwMDAwMAA=', 'VTE_VERSION': '7600', 'CMAKE_PREFIX_PATH': '/home/meta/Documents/robotics_workspace_new/install/robokpy_interfaces:/opt/ros/jazzy/opt/gz_sim_vendor:/opt/ros/jazzy/opt/gz_sensors_vendor:/opt/ros/jazzy/opt/gz_physics_vendor:/opt/ros/jazzy/opt/sdformat_vendor:/opt/ros/jazzy/opt/gz_gui_vendor:/opt/ros/jazzy/opt/gz_transport_vendor:/opt/ros/jazzy/opt/gz_rendering_vendor:/opt/ros/jazzy/opt/gz_plugin_vendor:/opt/ros/jazzy/opt/gz_fuel_tools_vendor:/opt/ros/jazzy/opt/gz_msgs_vendor:/opt/ros/jazzy/opt/gz_common_vendor:/opt/ros/jazzy/opt/gz_math_vendor:/opt/ros/jazzy/opt/gz_utils_vendor:/opt/ros/jazzy/opt/gz_tools_vendor:/opt/ros/jazzy/opt/gz_ogre_next_vendor:/opt/ros/jazzy/opt/gz_dartsim_vendor:/opt/ros/jazzy/opt/gz_cmake_vendor:/home/meta/Documents/robotics_workspace_new/install/robokpy_controller:/home/meta/Documents/robotics_workspace_new/install/robokpy:/opt/ros/jazzy'}), 'shell': False}
[17.171780] (-) TimerEvent: {}
[17.274785] (-) TimerEvent: {}
[17.288109] (robokpy_interfaces) StdoutLine: {'line': b'-- Install configuration: ""\n'}
[17.290293] (robokpy_interfaces) StdoutLine: {'line': b'-- Up-to-date: /home/meta/Documents/robotics_workspace_new/install/robokpy_interfaces/share/ament_index/resource_index/rosidl_interfaces/robokpy_interfaces\n'}
[17.290764] (robokpy_interfaces) StdoutLine: {'line': b'-- Up-to-date: /home/meta/Documents/robotics_workspace_new/install/robokpy_interfaces/share/robokpy_interfaces/srv/ExecutionState.json\n'}
[17.291941] (robokpy_interfaces) StdoutLine: {'line': b'-- Up-to-date: /home/meta/Documents/robotics_workspace_new/install/robokpy_interfaces/share/robokpy_interfaces/srv/SystemMode.json\n'}
[17.293665] (robokpy_interfaces) StdoutLine: {'line': b'-- Up-to-date: /home/meta/Documents/robotics_workspace_new/install/robokpy_interfaces/share/robokpy_interfaces/srv/FK.json\n'}
[17.293965] (robokpy_interfaces) StdoutLine: {'line': b'-- Up-to-date: /home/meta/Documents/robotics_workspace_new/install/robokpy_interfaces/share/robokpy_interfaces/srv/IK.json\n'}
[17.296833] (robokpy_interfaces) StdoutLine: {'line': b'-- Up-to-date: /home/meta/Documents/robotics_workspace_new/install/robokpy_interfaces/share/robokpy_interfaces/srv/Jacobian.json\n'}
[17.297251] (robokpy_interfaces) StdoutLine: {'line': b'-- Up-to-date: /home/meta/Documents/robotics_workspace_new/install/robokpy_interfaces/share/robokpy_interfaces/srv/Reachable.json\n'}
[17.297515] (robokpy_interfaces) StdoutLine: {'line': b'-- Up-to-date: /home/meta/Documents/robotics_workspace_new/install/robokpy_interfaces/share/robokpy_interfaces/srv/ChainFK.json\n'}
[17.299330] (robokpy_interfaces) StdoutLine: {'line': b'-- Up-to-date: /home/meta/Documents/robotics_workspace_new/install/robokpy_interfaces/share/robokpy_interfaces/srv/SetPlanningTipLink.json\n'}
[17.299718] (robokpy_interfaces) StdoutLine: {'line': b'-- Up-to-date: /home/meta/Documents/robotics_workspace_new/install/robokpy_interfaces/share/robokpy_interfaces/srv/GraspAttach.json\n'}
[17.300019] (robokpy_interfaces) StdoutLine: {'line': b'-- Up-to-date: /home/meta/Documents/robotics_workspace_new/install/robokpy_interfaces/share/robokpy_interfaces/srv/ResumeExecution.json\n'}
[17.300288] (robokpy_interfaces) StdoutLine: {'line': b'-- Up-to-date: /home/meta/Documents/robotics_workspace_new/install/robokpy_interfaces/share/robokpy_interfaces/srv/LoadRecipe.json\n'}
[17.300605] (robokpy_interfaces) StdoutLine: {'line': b'-- Up-to-date: /home/meta/Documents/robotics_workspace_new/install/robokpy_interfaces/share/robokpy_interfaces/srv/SpawnObject.json\n'}
[17.301114] (robokpy_interfaces) StdoutLine: {'line': b'-- Up-to-date: /home/meta/Documents/robotics_workspace_new/install/robokpy_interfaces/share/robokpy_interfaces/srv/DespawnObject.json\n'}
[17.335819] (robokpy_interfaces) StdoutLine: {'line': b'-- Up-to-date: /home/meta/Documents/robotics_workspace_new/install/robokpy_interfaces/share/robokpy_interfaces/srv/ResolveObjectPose.json\n'}
[17.336402] (robokpy_interfaces) StdoutLine: {'line': b'-- Up-to-date: /home/meta/Documents/robotics_workspace_new/install/robokpy_interfaces/share/robokpy_interfaces/msg/CellState.json\n'}
[17.359211] (robokpy_interfaces) StdoutLine: {'line': b'-- Up-to-date: /home/meta/Documents/robotics_workspace_new/install/robokpy_interfaces/share/robokpy_interfaces/action/ExecuteMotion.json\n'}
[17.359824] (robokpy_interfaces) StdoutLine: {'line': b'-- Up-to-date: /home/meta/Documents/robotics_workspace_new/install/robokpy_interfaces/share/robokpy_interfaces/action/ExecuteToolOp.json\n'}
[17.360099] (robokpy_interfaces) StdoutLine: {'line': b'-- Up-to-date: /home/meta/Documents/robotics_workspace_new/install/robokpy_interfaces/share/robokpy_interfaces/action/ExecuteVisionOp.json\n'}
[17.360458] (robokpy_interfaces) StdoutLine: {'line': b'-- Up-to-date: /home/meta/Documents/robotics_workspace_new/install/robokpy_interfaces/share/robokpy_interfaces/action/SetJointTarget.json\n'}
[17.360808] (robokpy_interfaces) StdoutLine: {'line': b'-- Up-to-date: /home/meta/Documents/robotics_workspace_new/install/robokpy_interfaces/share/robokpy_interfaces/action/ExecuteMoveStep.json\n'}
[17.361088] (robokpy_interfaces) StdoutLine: {'line': b'-- Up-to-date: /home/meta/Documents/robotics_workspace_new/install/robokpy_interfaces/include/robokpy_interfaces/robokpy_interfaces\n'}
[17.376777] (-) TimerEvent: {}
[17.387280] (robokpy_interfaces) StdoutLine: {'line': b'-- Up-to-date: /home/meta/Documents/robotics_workspace_new/install/robokpy_interfaces/include/robokpy_interfaces/robokpy_interfaces/srv\n'}
[17.388571] (robokpy_interfaces) StdoutLine: {'line': b'-- Up-to-date: /home/meta/Documents/robotics_workspace_new/install/robokpy_interfaces/include/robokpy_interfaces/robokpy_interfaces/srv/set_planning_tip_link.h\n'}
[17.388916] (robokpy_interfaces) StdoutLine: {'line': b'-- Up-to-date: /home/meta/Documents/robotics_workspace_new/install/robokpy_interfaces/include/robokpy_interfaces/robokpy_interfaces/srv/execution_state.h\n'}
[17.389166] (robokpy_interfaces) StdoutLine: {'line': b'-- Up-to-date: /home/meta/Documents/robotics_workspace_new/install/robokpy_interfaces/include/robokpy_interfaces/robokpy_interfaces/srv/ik.h\n'}
[17.389412] (robokpy_interfaces) StdoutLine: {'line': b'-- Up-to-date: /home/meta/Documents/robotics_workspace_new/install/robokpy_interfaces/include/robokpy_interfaces/robokpy_interfaces/srv/system_mode.h\n'}
[17.389649] (robokpy_interfaces) StdoutLine: {'line': b'-- Up-to-date: /home/meta/Documents/robotics_workspace_new/install/robokpy_interfaces/include/robokpy_interfaces/robokpy_interfaces/srv/fk.h\n'}
[17.389917] (robokpy_interfaces) StdoutLine: {'line': b'-- Up-to-date: /home/meta/Documents/robotics_workspace_new/install/robokpy_interfaces/include/robokpy_interfaces/robokpy_interfaces/srv/detail\n'}
[17.392786] (robokpy_interfaces) StdoutLine: {'line': b'-- Installing: /home/meta/Documents/robotics_workspace_new/install/robokpy_interfaces/include/robokpy_interfaces/robokpy_interfaces/srv/detail/spawn_object__type_support.c\n'}
[17.393218] (robokpy_interfaces) StdoutLine: {'line': b'-- Up-to-date: /home/meta/Documents/robotics_workspace_new/install/robokpy_interfaces/include/robokpy_interfaces/robokpy_interfaces/srv/detail/despawnobject__struct.h\n'}
[17.441584] (robokpy_interfaces) StdoutLine: {'line': b'-- Up-to-date: /home/meta/Documents/robotics_workspace_new/install/robokpy_interfaces/include/robokpy_interfaces/robokpy_interfaces/srv/detail/jacobian__struct.h\n'}
[17.442013] (robokpy_interfaces) StdoutLine: {'line': b'-- Up-to-date: /home/meta/Documents/robotics_workspace_new/install/robokpy_interfaces/include/robokpy_interfaces/robokpy_interfaces/srv/detail/chain_fk__struct.h\n'}
[17.455675] (robokpy_interfaces) StdoutLine: {'line': b'-- Up-to-date: /home/meta/Documents/robotics_workspace_new/install/robokpy_interfaces/include/robokpy_interfaces/robokpy_interfaces/srv/detail/jacobian__functions.h\n'}
[17.457313] (robokpy_interfaces) StdoutLine: {'line': b'-- Installing: /home/meta/Documents/robotics_workspace_new/install/robokpy_interfaces/include/robokpy_interfaces/robokpy_interfaces/srv/detail/system_mode__type_support.c\n'}
[17.457849] (robokpy_interfaces) StdoutLine: {'line': b'-- Up-to-date: /home/meta/Documents/robotics_workspace_new/install/robokpy_interfaces/include/robokpy_interfaces/robokpy_interfaces/srv/detail/resume_execution__functions.c\n'}
[17.458450] (robokpy_interfaces) StdoutLine: {'line': b'-- Up-to-date: /home/meta/Documents/robotics_workspace_new/install/robokpy_interfaces/include/robokpy_interfaces/robokpy_interfaces/srv/detail/ik__functions.h\n'}
[17.459044] (robokpy_interfaces) StdoutLine: {'line': b'-- Up-to-date: /home/meta/Documents/robotics_workspace_new/install/robokpy_interfaces/include/robokpy_interfaces/robokpy_interfaces/srv/detail/fk__struct.h\n'}
[17.460027] (robokpy_interfaces) StdoutLine: {'line': b'-- Up-to-date: /home/meta/Documents/robotics_workspace_new/install/robokpy_interfaces/include/robokpy_interfaces/robokpy_interfaces/srv/detail/execution_state__description.c\n'}
[17.460281] (robokpy_interfaces) StdoutLine: {'line': b'-- Up-to-date: /home/meta/Documents/robotics_workspace_new/install/robokpy_interfaces/include/robokpy_interfaces/robokpy_interfaces/srv/detail/chain_fk__functions.h\n'}
[17.460517] (robokpy_interfaces) StdoutLine: {'line': b'-- Up-to-date: /home/meta/Documents/robotics_workspace_new/install/robokpy_interfaces/include/robokpy_interfaces/robokpy_interfaces/srv/detail/fk__functions.h\n'}
[17.464635] (robokpy_interfaces) StdoutLine: {'line': b'-- Up-to-date: /home/meta/Documents/robotics_workspace_new/install/robokpy_interfaces/include/robokpy_interfaces/robokpy_interfaces/srv/detail/execution_state__functions.c\n'}
[17.464993] (robokpy_interfaces) StdoutLine: {'line': b'-- Installing: /home/meta/Documents/robotics_workspace_new/install/robokpy_interfaces/include/robokpy_interfaces/robokpy_interfaces/srv/detail/despawn_object__type_support.c\n'}
[17.465240] (robokpy_interfaces) StdoutLine: {'line': b'-- Up-to-date: /home/meta/Documents/robotics_workspace_new/install/robokpy_interfaces/include/robokpy_interfaces/robokpy_interfaces/srv/detail/resolve_object_pose__functions.h\n'}
[17.465478] (robokpy_interfaces) StdoutLine: {'line': b'-- Up-to-date: /home/meta/Documents/robotics_workspace_new/install/robokpy_interfaces/include/robokpy_interfaces/robokpy_interfaces/srv/detail/chain_fk__type_support.h\n'}
[17.470054] (robokpy_interfaces) StdoutLine: {'line': b'-- Up-to-date: /home/meta/Documents/robotics_workspace_new/install/robokpy_interfaces/include/robokpy_interfaces/robokpy_interfaces/srv/detail/despawnobject__description.c\n'}
[17.470519] (robokpy_interfaces) StdoutLine: {'line': b'-- Up-to-date: /home/meta/Documents/robotics_workspace_new/install/robokpy_interfaces/include/robokpy_interfaces/robokpy_interfaces/srv/detail/system_mode__type_support.h\n'}
[17.470824] (robokpy_interfaces) StdoutLine: {'line': b'-- Up-to-date: /home/meta/Documents/robotics_workspace_new/install/robokpy_interfaces/include/robokpy_interfaces/robokpy_interfaces/srv/detail/chain_fk__description.c\n'}
[17.471086] (robokpy_interfaces) StdoutLine: {'line': b'-- Up-to-date: /home/meta/Documents/robotics_workspace_new/install/robokpy_interfaces/include/robokpy_interfaces/robokpy_interfaces/srv/detail/system_mode__functions.c\n'}
[17.471324] (robokpy_interfaces) StdoutLine: {'line': b'-- Up-to-date: /home/meta/Documents/robotics_workspace_new/install/robokpy_interfaces/include/robokpy_interfaces/robokpy_interfaces/srv/detail/set_planning_tip_link__type_support.h\n'}
[17.471595] (robokpy_interfaces) StdoutLine: {'line': b'-- Up-to-date: /home/meta/Documents/robotics_workspace_new/install/robokpy_interfaces/include/robokpy_interfaces/robokpy_interfaces/srv/detail/spawn_object__functions.c\n'}
[17.471857] (robokpy_interfaces) StdoutLine: {'line': b'-- Up-to-date: /home/meta/Documents/robotics_workspace_new/install/robokpy_interfaces/include/robokpy_interfaces/robokpy_interfaces/srv/detail/grasp_attach__functions.h\n'}
[17.472096] (robokpy_interfaces) StdoutLine: {'line': b'-- Installing: /home/meta/Documents/robotics_workspace_new/install/robokpy_interfaces/include/robokpy_interfaces/robokpy_interfaces/srv/detail/chain_fk__type_support.c\n'}
[17.472325] (robokpy_interfaces) StdoutLine: {'line': b'-- Up-to-date: /home/meta/Documents/robotics_workspace_new/install/robokpy_interfaces/include/robokpy_interfaces/robokpy_interfaces/srv/detail/despawn_object__description.c\n'}
[17.472579] (robokpy_interfaces) StdoutLine: {'line': b'-- Up-to-date: /home/meta/Documents/robotics_workspace_new/install/robokpy_interfaces/include/robokpy_interfaces/robokpy_interfaces/srv/detail/set_planning_tip_link__description.c\n'}
[17.475968] (robokpy_interfaces) StdoutLine: {'line': b'-- Up-to-date: /home/meta/Documents/robotics_workspace_new/install/robokpy_interfaces/include/robokpy_interfaces/robokpy_interfaces/srv/detail/reachable__functions.h\n'}
[17.476248] (robokpy_interfaces) StdoutLine: {'line': b'-- Up-to-date: /home/meta/Documents/robotics_workspace_new/install/robokpy_interfaces/include/robokpy_interfaces/robokpy_interfaces/srv/detail/ik__struct.h\n'}
[17.476492] (robokpy_interfaces) StdoutLine: {'line': b'-- Installing: /home/meta/Documents/robotics_workspace_new/install/robokpy_interfaces/include/robokpy_interfaces/robokpy_interfaces/srv/detail/despawnobject__type_support.c\n'}
[17.476779] (-) TimerEvent: {}
[17.490807] (robokpy_interfaces) StdoutLine: {'line': b'-- Up-to-date: /home/meta/Documents/robotics_workspace_new/install/robokpy_interfaces/include/robokpy_interfaces/robokpy_interfaces/srv/detail/spawn_object__functions.h\n'}
[17.491461] (robokpy_interfaces) StdoutLine: {'line': b'-- Up-to-date: /home/meta/Documents/robotics_workspace_new/install/robokpy_interfaces/include/robokpy_interfaces/robokpy_interfaces/srv/detail/resume_execution__type_support.h\n'}
[17.492840] (robokpy_interfaces) StdoutLine: {'line': b'-- Up-to-date: /home/meta/Documents/robotics_workspace_new/install/robokpy_interfaces/include/robokpy_interfaces/robokpy_interfaces/srv/detail/spawn_object__type_support.h\n'}
[17.493191] (robokpy_interfaces) StdoutLine: {'line': b'-- Up-to-date: /home/meta/Documents/robotics_workspace_new/install/robokpy_interfaces/include/robokpy_interfaces/robokpy_interfaces/srv/detail/load_recipe__struct.h\n'}
[17.493439] (robokpy_interfaces) StdoutLine: {'line': b'-- Up-to-date: /home/meta/Documents/robotics_workspace_new/install/robokpy_interfaces/include/robokpy_interfaces/robokpy_interfaces/srv/detail/set_planning_tip_link__struct.h\n'}
[17.496578] (robokpy_interfaces) StdoutLine: {'line': b'-- Installing: /home/meta/Documents/robotics_workspace_new/install/robokpy_interfaces/include/robokpy_interfaces/robokpy_interfaces/srv/detail/reachable__type_support.c\n'}
[17.496909] (robokpy_interfaces) StdoutLine: {'line': b'-- Installing: /home/meta/Documents/robotics_workspace_new/install/robokpy_interfaces/include/robokpy_interfaces/robokpy_interfaces/srv/detail/resolve_object_pose__type_support.c\n'}
[17.497163] (robokpy_interfaces) StdoutLine: {'line': b'-- Up-to-date: /home/meta/Documents/robotics_workspace_new/install/robokpy_interfaces/include/robokpy_interfaces/robokpy_interfaces/srv/detail/jacobian__description.c\n'}
[17.497406] (robokpy_interfaces) StdoutLine: {'line': b'-- Up-to-date: /home/meta/Documents/robotics_workspace_new/install/robokpy_interfaces/include/robokpy_interfaces/robokpy_interfaces/srv/detail/despawn_object__functions.h\n'}
[17.497639] (robokpy_interfaces) StdoutLine: {'line': b'-- Up-to-date: /home/meta/Documents/robotics_workspace_new/install/robokpy_interfaces/include/robokpy_interfaces/robokpy_interfaces/srv/detail/spawnobject__functions.h\n'}
[17.502527] (robokpy_interfaces) StdoutLine: {'line': b'-- Installing: /home/meta/Documents/robotics_workspace_new/install/robokpy_interfaces/include/robokpy_interfaces/robokpy_interfaces/srv/detail/spawnobject__type_support.c\n'}
[17.528768] (robokpy_interfaces) StdoutLine: {'line': b'-- Up-to-date: /home/meta/Documents/robotics_workspace_new/install/robokpy_interfaces/include/robokpy_interfaces/robokpy_interfaces/srv/detail/resolve_object_pose__struct.h\n'}
[17.529229] (robokpy_interfaces) StdoutLine: {'line': b'-- Up-to-date: /home/meta/Documents/robotics_workspace_new/install/robokpy_interfaces/include/robokpy_interfaces/robokpy_interfaces/srv/detail/spawn_object__struct.h\n'}
[17.530304] (robokpy_interfaces) StdoutLine: {'line': b'-- Up-to-date: /home/meta/Documents/robotics_workspace_new/install/robokpy_interfaces/include/robokpy_interfaces/robokpy_interfaces/srv/detail/despawnobject__functions.h\n'}
[17.531164] (robokpy_interfaces) StdoutLine: {'line': b'-- Up-to-date: /home/meta/Documents/robotics_workspace_new/install/robokpy_interfaces/include/robokpy_interfaces/robokpy_interfaces/srv/detail/load_recipe__functions.c\n'}
[17.531448] (robokpy_interfaces) StdoutLine: {'line': b'-- Installing: /home/meta/Documents/robotics_workspace_new/install/robokpy_interfaces/include/robokpy_interfaces/robokpy_interfaces/srv/detail/ik__type_support.c\n'}
[17.531691] (robokpy_interfaces) StdoutLine: {'line': b'-- Up-to-date: /home/meta/Documents/robotics_workspace_new/install/robokpy_interfaces/include/robokpy_interfaces/robokpy_interfaces/srv/detail/fk__functions.c\n'}
[17.533243] (robokpy_interfaces) StdoutLine: {'line': b'-- Installing: /home/meta/Documents/robotics_workspace_new/install/robokpy_interfaces/include/robokpy_interfaces/robokpy_interfaces/srv/detail/fk__type_support.c\n'}
[17.535168] (robokpy_interfaces) StdoutLine: {'line': b'-- Installing: /home/meta/Documents/robotics_workspace_new/install/robokpy_interfaces/include/robokpy_interfaces/robokpy_interfaces/srv/detail/resume_execution__type_support.c\n'}
[17.535457] (robokpy_interfaces) StdoutLine: {'line': b'-- Installing: /home/meta/Documents/robotics_workspace_new/install/robokpy_interfaces/include/robokpy_interfaces/robokpy_interfaces/srv/detail/set_planning_tip_link__type_support.c\n'}
[17.538125] (robokpy_interfaces) StdoutLine: {'line': b'-- Up-to-date: /home/meta/Documents/robotics_workspace_new/install/robokpy_interfaces/include/robokpy_interfaces/robokpy_interfaces/srv/detail/spawnobject__type_support.h\n'}
[17.539901] (robokpy_interfaces) StdoutLine: {'line': b'-- Up-to-date: /home/meta/Documents/robotics_workspace_new/install/robokpy_interfaces/include/robokpy_interfaces/robokpy_interfaces/srv/detail/grasp_attach__description.c\n'}
[17.540399] (robokpy_interfaces) StdoutLine: {'line': b'-- Up-to-date: /home/meta/Documents/robotics_workspace_new/install/robokpy_interfaces/include/robokpy_interfaces/robokpy_interfaces/srv/detail/despawnobject__type_support.h\n'}
[17.540666] (robokpy_interfaces) StdoutLine: {'line': b'-- Up-to-date: /home/meta/Documents/robotics_workspace_new/install/robokpy_interfaces/include/robokpy_interfaces/robokpy_interfaces/srv/detail/execution_state__struct.h\n'}
[17.540946] (robokpy_interfaces) StdoutLine: {'line': b'-- Up-to-date: /home/meta/Documents/robotics_workspace_new/install/robokpy_interfaces/include/robokpy_interfaces/robokpy_interfaces/srv/detail/ik__type_support.h\n'}
[17.541186] (robokpy_interfaces) StdoutLine: {'line': b'-- Up-to-date: /home/meta/Documents/robotics_workspace_new/install/robokpy_interfaces/include/robokpy_interfaces/robokpy_interfaces/srv/detail/grasp_attach__struct.h\n'}
[17.541430] (robokpy_interfaces) StdoutLine: {'line': b'-- Up-to-date: /home/meta/Documents/robotics_workspace_new/install/robokpy_interfaces/include/robokpy_interfaces/robokpy_interfaces/srv/detail/ik__functions.c\n'}
[17.541677] (robokpy_interfaces) StdoutLine: {'line': b'-- Up-to-date: /home/meta/Documents/robotics_workspace_new/install/robokpy_interfaces/include/robokpy_interfaces/robokpy_interfaces/srv/detail/set_planning_tip_link__functions.h\n'}
[17.541951] (robokpy_interfaces) StdoutLine: {'line': b'-- Up-to-date: /home/meta/Documents/robotics_workspace_new/install/robokpy_interfaces/include/robokpy_interfaces/robokpy_interfaces/srv/detail/resume_execution__description.c\n'}
[17.542189] (robokpy_interfaces) StdoutLine: {'line': b'-- Up-to-date: /home/meta/Documents/robotics_workspace_new/install/robokpy_interfaces/include/robokpy_interfaces/robokpy_interfaces/srv/detail/load_recipe__description.c\n'}
[17.542422] (robokpy_interfaces) StdoutLine: {'line': b'-- Up-to-date: /home/meta/Documents/robotics_workspace_new/install/robokpy_interfaces/include/robokpy_interfaces/robokpy_interfaces/srv/detail/resolve_object_pose__type_support.h\n'}
[17.542680] (robokpy_interfaces) StdoutLine: {'line': b'-- Installing: /home/meta/Documents/robotics_workspace_new/install/robokpy_interfaces/include/robokpy_interfaces/robokpy_interfaces/srv/detail/load_recipe__type_support.c\n'}
[17.547365] (robokpy_interfaces) StdoutLine: {'line': b'-- Up-to-date: /home/meta/Documents/robotics_workspace_new/install/robokpy_interfaces/include/robokpy_interfaces/robokpy_interfaces/srv/detail/reachable__type_support.h\n'}
[17.547642] (robokpy_interfaces) StdoutLine: {'line': b'-- Up-to-date: /home/meta/Documents/robotics_workspace_new/install/robokpy_interfaces/include/robokpy_interfaces/robokpy_interfaces/srv/detail/chain_fk__functions.c\n'}
[17.547916] (robokpy_interfaces) StdoutLine: {'line': b'-- Installing: /home/meta/Documents/robotics_workspace_new/install/robokpy_interfaces/include/robokpy_interfaces/robokpy_interfaces/srv/detail/jacobian__type_support.c\n'}
[17.548157] (robokpy_interfaces) StdoutLine: {'line': b'-- Up-to-date: /home/meta/Documents/robotics_workspace_new/install/robokpy_interfaces/include/robokpy_interfaces/robokpy_interfaces/srv/detail/resolve_object_pose__description.c\n'}
[17.548438] (robokpy_interfaces) StdoutLine: {'line': b'-- Up-to-date: /home/meta/Documents/robotics_workspace_new/install/robokpy_interfaces/include/robokpy_interfaces/robokpy_interfaces/srv/detail/spawnobject__functions.c\n'}
[17.548704] (robokpy_interfaces) StdoutLine: {'line': b'-- Up-to-date: /home/meta/Documents/robotics_workspace_new/install/robokpy_interfaces/include/robokpy_interfaces/robokpy_interfaces/srv/detail/reachable__description.c\n'}
[17.548962] (robokpy_interfaces) StdoutLine: {'line': b'-- Up-to-date: /home/meta/Documents/robotics_workspace_new/install/robokpy_interfaces/include/robokpy_interfaces/robokpy_interfaces/srv/detail/reachable__functions.c\n'}
[17.549200] (robokpy_interfaces) StdoutLine: {'line': b'-- Up-to-date: /home/meta/Documents/robotics_workspace_new/install/robokpy_interfaces/include/robokpy_interfaces/robokpy_interfaces/srv/detail/despawn_object__functions.c\n'}
[17.549433] (robokpy_interfaces) StdoutLine: {'line': b'-- Up-to-date: /home/meta/Documents/robotics_workspace_new/install/robokpy_interfaces/include/robokpy_interfaces/robokpy_interfaces/srv/detail/jacobian__functions.c\n'}
[17.549664] (robokpy_interfaces) StdoutLine: {'line': b'-- Up-to-date: /home/meta/Documents/robotics_workspace_new/install/robokpy_interfaces/include/robokpy_interfaces/robokpy_interfaces/srv/detail/resolve_object_pose__functions.c\n'}
[17.549928] (robokpy_interfaces) StdoutLine: {'line': b'-- Installing: /home/meta/Documents/robotics_workspace_new/install/robokpy_interfaces/include/robokpy_interfaces/robokpy_interfaces/srv/detail/grasp_attach__type_support.c\n'}
[17.550161] (robokpy_interfaces) StdoutLine: {'line': b'-- Up-to-date: /home/meta/Documents/robotics_workspace_new/install/robokpy_interfaces/include/robokpy_interfaces/robokpy_interfaces/srv/detail/execution_state__type_support.h\n'}
[17.550392] (robokpy_interfaces) StdoutLine: {'line': b'-- Up-to-date: /home/meta/Documents/robotics_workspace_new/install/robokpy_interfaces/include/robokpy_interfaces/robokpy_interfaces/srv/detail/spawn_object__description.c\n'}
[17.550638] (robokpy_interfaces) StdoutLine: {'line': b'-- Up-to-date: /home/meta/Documents/robotics_workspace_new/install/robokpy_interfaces/include/robokpy_interfaces/robokpy_interfaces/srv/detail/despawn_object__struct.h\n'}
[17.550897] (robokpy_interfaces) StdoutLine: {'line': b'-- Up-to-date: /home/meta/Documents/robotics_workspace_new/install/robokpy_interfaces/include/robokpy_interfaces/robokpy_interfaces/srv/detail/load_recipe__type_support.h\n'}
[17.551128] (robokpy_interfaces) StdoutLine: {'line': b'-- Up-to-date: /home/meta/Documents/robotics_workspace_new/install/robokpy_interfaces/include/robokpy_interfaces/robokpy_interfaces/srv/detail/resume_execution__functions.h\n'}
[17.551352] (robokpy_interfaces) StdoutLine: {'line': b'-- Up-to-date: /home/meta/Documents/robotics_workspace_new/install/robokpy_interfaces/include/robokpy_interfaces/robokpy_interfaces/srv/detail/ik__description.c\n'}
[17.551609] (robokpy_interfaces) StdoutLine: {'line': b'-- Up-to-date: /home/meta/Documents/robotics_workspace_new/install/robokpy_interfaces/include/robokpy_interfaces/robokpy_interfaces/srv/detail/grasp_attach__type_support.h\n'}
[17.553098] (robokpy_interfaces) StdoutLine: {'line': b'-- Up-to-date: /home/meta/Documents/robotics_workspace_new/install/robokpy_interfaces/include/robokpy_interfaces/robokpy_interfaces/srv/detail/spawnobject__struct.h\n'}
[17.553381] (robokpy_interfaces) StdoutLine: {'line': b'-- Up-to-date: /home/meta/Documents/robotics_workspace_new/install/robokpy_interfaces/include/robokpy_interfaces/robokpy_interfaces/srv/detail/set_planning_tip_link__functions.c\n'}
[17.553617] (robokpy_interfaces) StdoutLine: {'line': b'-- Up-to-date: /home/meta/Documents/robotics_workspace_new/install/robokpy_interfaces/include/robokpy_interfaces/robokpy_interfaces/srv/detail/grasp_attach__functions.c\n'}
[17.553886] (robokpy_interfaces) StdoutLine: {'line': b'-- Up-to-date: /home/meta/Documents/robotics_workspace_new/install/robokpy_interfaces/include/robokpy_interfaces/robokpy_interfaces/srv/detail/fk__description.c\n'}
[17.554124] (robokpy_interfaces) StdoutLine: {'line': b'-- Up-to-date: /home/meta/Documents/robotics_workspace_new/install/robokpy_interfaces/include/robokpy_interfaces/robokpy_interfaces/srv/detail/load_recipe__functions.h\n'}
[17.554354] (robokpy_interfaces) StdoutLine: {'line': b'-- Up-to-date: /home/meta/Documents/robotics_workspace_new/install/robokpy_interfaces/include/robokpy_interfaces/robokpy_interfaces/srv/detail/despawn_object__type_support.h\n'}
[17.554581] (robokpy_interfaces) StdoutLine: {'line': b'-- Up-to-date: /home/meta/Documents/robotics_workspace_new/install/robokpy_interfaces/include/robokpy_interfaces/robokpy_interfaces/srv/detail/reachable__struct.h\n'}
[17.554839] (robokpy_interfaces) StdoutLine: {'line': b'-- Installing: /home/meta/Documents/robotics_workspace_new/install/robokpy_interfaces/include/robokpy_interfaces/robokpy_interfaces/srv/detail/execution_state__type_support.c\n'}
[17.555224] (robokpy_interfaces) StdoutLine: {'line': b'-- Up-to-date: /home/meta/Documents/robotics_workspace_new/install/robokpy_interfaces/include/robokpy_interfaces/robokpy_interfaces/srv/detail/fk__type_support.h\n'}
[17.558803] (robokpy_interfaces) StdoutLine: {'line': b'-- Up-to-date: /home/meta/Documents/robotics_workspace_new/install/robokpy_interfaces/include/robokpy_interfaces/robokpy_interfaces/srv/detail/resume_execution__struct.h\n'}
[17.559223] (robokpy_interfaces) StdoutLine: {'line': b'-- Up-to-date: /home/meta/Documents/robotics_workspace_new/install/robokpy_interfaces/include/robokpy_interfaces/robokpy_interfaces/srv/detail/system_mode__description.c\n'}
[17.559476] (robokpy_interfaces) StdoutLine: {'line': b'-- Up-to-date: /home/meta/Documents/robotics_workspace_new/install/robokpy_interfaces/include/robokpy_interfaces/robokpy_interfaces/srv/detail/system_mode__struct.h\n'}
[17.559979] (robokpy_interfaces) StdoutLine: {'line': b'-- Up-to-date: /home/meta/Documents/robotics_workspace_new/install/robokpy_interfaces/include/robokpy_interfaces/robokpy_interfaces/srv/detail/despawnobject__functions.c\n'}
[17.560274] (robokpy_interfaces) StdoutLine: {'line': b'-- Up-to-date: /home/meta/Documents/robotics_workspace_new/install/robokpy_interfaces/include/robokpy_interfaces/robokpy_interfaces/srv/detail/spawnobject__description.c\n'}
[17.560515] (robokpy_interfaces) StdoutLine: {'line': b'-- Up-to-date: /home/meta/Documents/robotics_workspace_new/install/robokpy_interfaces/include/robokpy_interfaces/robokpy_interfaces/srv/detail/system_mode__functions.h\n'}
[17.560771] (robokpy_interfaces) StdoutLine: {'line': b'-- Up-to-date: /home/meta/Documents/robotics_workspace_new/install/robokpy_interfaces/include/robokpy_interfaces/robokpy_interfaces/srv/detail/jacobian__type_support.h\n'}
[17.561981] (robokpy_interfaces) StdoutLine: {'line': b'-- Up-to-date: /home/meta/Documents/robotics_workspace_new/install/robokpy_interfaces/include/robokpy_interfaces/robokpy_interfaces/srv/detail/execution_state__functions.h\n'}
[17.562315] (robokpy_interfaces) StdoutLine: {'line': b'-- Up-to-date: /home/meta/Documents/robotics_workspace_new/install/robokpy_interfaces/include/robokpy_interfaces/robokpy_interfaces/srv/grasp_attach.h\n'}
[17.562577] (robokpy_interfaces) StdoutLine: {'line': b'-- Up-to-date: /home/meta/Documents/robotics_workspace_new/install/robokpy_interfaces/include/robokpy_interfaces/robokpy_interfaces/srv/reachable.h\n'}
[17.569972] (robokpy_interfaces) StdoutLine: {'line': b'-- Up-to-date: /home/meta/Documents/robotics_workspace_new/install/robokpy_interfaces/include/robokpy_interfaces/robokpy_interfaces/srv/chain_fk.h\n'}
[17.570271] (robokpy_interfaces) StdoutLine: {'line': b'-- Up-to-date: /home/meta/Documents/robotics_workspace_new/install/robokpy_interfaces/include/robokpy_interfaces/robokpy_interfaces/srv/spawnobject.h\n'}
[17.570539] (robokpy_interfaces) StdoutLine: {'line': b'-- Up-to-date: /home/meta/Documents/robotics_workspace_new/install/robokpy_interfaces/include/robokpy_interfaces/robokpy_interfaces/srv/resolve_object_pose.h\n'}
[17.571607] (robokpy_interfaces) StdoutLine: {'line': b'-- Up-to-date: /home/meta/Documents/robotics_workspace_new/install/robokpy_interfaces/include/robokpy_interfaces/robokpy_interfaces/srv/jacobian.h\n'}
[17.571923] (robokpy_interfaces) StdoutLine: {'line': b'-- Up-to-date: /home/meta/Documents/robotics_workspace_new/install/robokpy_interfaces/include/robokpy_interfaces/robokpy_interfaces/srv/resume_execution.h\n'}
[17.572173] (robokpy_interfaces) StdoutLine: {'line': b'-- Up-to-date: /home/meta/Documents/robotics_workspace_new/install/robokpy_interfaces/include/robokpy_interfaces/robokpy_interfaces/srv/spawn_object.h\n'}
[17.572404] (robokpy_interfaces) StdoutLine: {'line': b'-- Up-to-date: /home/meta/Documents/robotics_workspace_new/install/robokpy_interfaces/include/robokpy_interfaces/robokpy_interfaces/srv/despawn_object.h\n'}
[17.572638] (robokpy_interfaces) StdoutLine: {'line': b'-- Up-to-date: /home/meta/Documents/robotics_workspace_new/install/robokpy_interfaces/include/robokpy_interfaces/robokpy_interfaces/srv/load_recipe.h\n'}
[17.572903] (robokpy_interfaces) StdoutLine: {'line': b'-- Up-to-date: /home/meta/Documents/robotics_workspace_new/install/robokpy_interfaces/include/robokpy_interfaces/robokpy_interfaces/srv/despawnobject.h\n'}
[17.573139] (robokpy_interfaces) StdoutLine: {'line': b'-- Up-to-date: /home/meta/Documents/robotics_workspace_new/install/robokpy_interfaces/include/robokpy_interfaces/robokpy_interfaces/action\n'}
[17.573367] (robokpy_interfaces) StdoutLine: {'line': b'-- Up-to-date: /home/meta/Documents/robotics_workspace_new/install/robokpy_interfaces/include/robokpy_interfaces/robokpy_interfaces/action/robot_trajectory.h\n'}
[17.573596] (robokpy_interfaces) StdoutLine: {'line': b'-- Up-to-date: /home/meta/Documents/robotics_workspace_new/install/robokpy_interfaces/include/robokpy_interfaces/robokpy_interfaces/action/detail\n'}
[17.581165] (-) TimerEvent: {}
[17.581459] (robokpy_interfaces) StdoutLine: {'line': b'-- Up-to-date: /home/meta/Documents/robotics_workspace_new/install/robokpy_interfaces/include/robokpy_interfaces/robokpy_interfaces/action/detail/tool_execution__type_support.h\n'}
[17.581855] (robokpy_interfaces) StdoutLine: {'line': b'-- Up-to-date: /home/meta/Documents/robotics_workspace_new/install/robokpy_interfaces/include/robokpy_interfaces/robokpy_interfaces/action/detail/execute_vision_op__type_support.h\n'}
[17.582199] (robokpy_interfaces) StdoutLine: {'line': b'-- Up-to-date: /home/meta/Documents/robotics_workspace_new/install/robokpy_interfaces/include/robokpy_interfaces/robokpy_interfaces/action/detail/robot_trajectory__type_support.h\n'}
[17.582526] (robokpy_interfaces) StdoutLine: {'line': b'-- Up-to-date: /home/meta/Documents/robotics_workspace_new/install/robokpy_interfaces/include/robokpy_interfaces/robokpy_interfaces/action/detail/plan_trajectory__description.c\n'}
[17.582856] (robokpy_interfaces) StdoutLine: {'line': b'-- Up-to-date: /home/meta/Documents/robotics_workspace_new/install/robokpy_interfaces/include/robokpy_interfaces/robokpy_interfaces/action/detail/tool_execution__description.c\n'}
[17.583210] (robokpy_interfaces) StdoutLine: {'line': b'-- Installing: /home/meta/Documents/robotics_workspace_new/install/robokpy_interfaces/include/robokpy_interfaces/robokpy_interfaces/action/detail/set_joint_target__type_support.c\n'}
[17.583487] (robokpy_interfaces) StdoutLine: {'line': b'-- Up-to-date: /home/meta/Documents/robotics_workspace_new/install/robokpy_interfaces/include/robokpy_interfaces/robokpy_interfaces/action/detail/robot_trajectory__functions.h\n'}
[17.583778] (robokpy_interfaces) StdoutLine: {'line': b'-- Up-to-date: /home/meta/Documents/robotics_workspace_new/install/robokpy_interfaces/include/robokpy_interfaces/robokpy_interfaces/action/detail/execute_vision_op__struct.h\n'}
[17.584051] (robokpy_interfaces) StdoutLine: {'line': b'-- Up-to-date: /home/meta/Documents/robotics_workspace_new/install/robokpy_interfaces/include/robokpy_interfaces/robokpy_interfaces/action/detail/execute_move_step__description.c\n'}
[17.584333] (robokpy_interfaces) StdoutLine: {'line': b'-- Up-to-date: /home/meta/Documents/robotics_workspace_new/install/robokpy_interfaces/include/robokpy_interfaces/robokpy_interfaces/action/detail/plan_trajectory__functions.h\n'}
[17.584621] (robokpy_interfaces) StdoutLine: {'line': b'-- Installing: /home/meta/Documents/robotics_workspace_new/install/robokpy_interfaces/include/robokpy_interfaces/robokpy_interfaces/action/detail/execute_vision_op__type_support.c\n'}
[17.584978] (robokpy_interfaces) StdoutLine: {'line': b'-- Up-to-date: /home/meta/Documents/robotics_workspace_new/install/robokpy_interfaces/include/robokpy_interfaces/robokpy_interfaces/action/detail/execute_move_step__functions.c\n'}
[17.585292] (robokpy_interfaces) StdoutLine: {'line': b'-- Up-to-date: /home/meta/Documents/robotics_workspace_new/install/robokpy_interfaces/include/robokpy_interfaces/robokpy_interfaces/action/detail/plan_trajectory__struct.h\n'}
[17.585595] (robokpy_interfaces) StdoutLine: {'line': b'-- Up-to-date: /home/meta/Documents/robotics_workspace_new/install/robokpy_interfaces/include/robokpy_interfaces/robokpy_interfaces/action/detail/execute_move_step__type_support.h\n'}
[17.585939] (robokpy_interfaces) StdoutLine: {'line': b'-- Up-to-date: /home/meta/Documents/robotics_workspace_new/install/robokpy_interfaces/include/robokpy_interfaces/robokpy_interfaces/action/detail/robot_trajectory__functions.c\n'}
[17.586244] (robokpy_interfaces) StdoutLine: {'line': b'-- Up-to-date: /home/meta/Documents/robotics_workspace_new/install/robokpy_interfaces/include/robokpy_interfaces/robokpy_interfaces/action/detail/set_joint_target__struct.h\n'}
[17.587748] (robokpy_interfaces) StdoutLine: {'line': b'-- Installing: /home/meta/Documents/robotics_workspace_new/install/robokpy_interfaces/include/robokpy_interfaces/robokpy_interfaces/action/detail/execute_tool_op__type_support.c\n'}
[17.588432] (robokpy_interfaces) StdoutLine: {'line': b'-- Up-to-date: /home/meta/Documents/robotics_workspace_new/install/robokpy_interfaces/include/robokpy_interfaces/robokpy_interfaces/action/detail/execute_tool_op__struct.h\n'}
[17.588770] (robokpy_interfaces) StdoutLine: {'line': b'-- Up-to-date: /home/meta/Documents/robotics_workspace_new/install/robokpy_interfaces/include/robokpy_interfaces/robokpy_interfaces/action/detail/set_joint_target__functions.h\n'}
[17.590250] (robokpy_interfaces) StdoutLine: {'line': b'-- Installing: /home/meta/Documents/robotics_workspace_new/install/robokpy_interfaces/include/robokpy_interfaces/robokpy_interfaces/action/detail/execute_move_step__type_support.c\n'}
[17.628816] (robokpy_interfaces) StdoutLine: {'line': b'-- Up-to-date: /home/meta/Documents/robotics_workspace_new/install/robokpy_interfaces/include/robokpy_interfaces/robokpy_interfaces/action/detail/execute_tool_op__functions.h\n'}
[17.629309] (robokpy_interfaces) StdoutLine: {'line': b'-- Up-to-date: /home/meta/Documents/robotics_workspace_new/install/robokpy_interfaces/include/robokpy_interfaces/robokpy_interfaces/action/detail/execute_motion__type_support.h\n'}
[17.629668] (robokpy_interfaces) StdoutLine: {'line': b'-- Installing: /home/meta/Documents/robotics_workspace_new/install/robokpy_interfaces/include/robokpy_interfaces/robokpy_interfaces/action/detail/plan_trajectory__type_support.c\n'}
[17.671463] (robokpy_interfaces) StdoutLine: {'line': b'-- Up-to-date: /home/meta/Documents/robotics_workspace_new/install/robokpy_interfaces/include/robokpy_interfaces/robokpy_interfaces/action/detail/set_joint_target__functions.c\n'}
[17.671939] (robokpy_interfaces) StdoutLine: {'line': b'-- Installing: /home/meta/Documents/robotics_workspace_new/install/robokpy_interfaces/include/robokpy_interfaces/robokpy_interfaces/action/detail/robot_trajectory__type_support.c\n'}
[17.685007] (-) TimerEvent: {}
[17.702523] (robokpy_interfaces) StdoutLine: {'line': b'-- Up-to-date: /home/meta/Documents/robotics_workspace_new/install/robokpy_interfaces/include/robokpy_interfaces/robokpy_interfaces/action/detail/robot_trajectory__struct.h\n'}
[17.703461] (robokpy_interfaces) StdoutLine: {'line': b'-- Up-to-date: /home/meta/Documents/robotics_workspace_new/install/robokpy_interfaces/include/robokpy_interfaces/robokpy_interfaces/action/detail/set_joint_target__description.c\n'}
[17.703851] (robokpy_interfaces) StdoutLine: {'line': b'-- Up-to-date: /home/meta/Documents/robotics_workspace_new/install/robokpy_interfaces/include/robokpy_interfaces/robokpy_interfaces/action/detail/execute_tool_op__type_support.h\n'}
[17.704206] (robokpy_interfaces) StdoutLine: {'line': b'-- Up-to-date: /home/meta/Documents/robotics_workspace_new/install/robokpy_interfaces/include/robokpy_interfaces/robokpy_interfaces/action/detail/plan_trajectory__type_support.h\n'}
[17.704690] (robokpy_interfaces) StdoutLine: {'line': b'-- Up-to-date: /home/meta/Documents/robotics_workspace_new/install/robokpy_interfaces/include/robokpy_interfaces/robokpy_interfaces/action/detail/execute_vision_op__functions.c\n'}
[17.705068] (robokpy_interfaces) StdoutLine: {'line': b'-- Up-to-date: /home/meta/Documents/robotics_workspace_new/install/robokpy_interfaces/include/robokpy_interfaces/robokpy_interfaces/action/detail/plan_trajectory__functions.c\n'}
[17.705356] (robokpy_interfaces) StdoutLine: {'line': b'-- Up-to-date: /home/meta/Documents/robotics_workspace_new/install/robokpy_interfaces/include/robokpy_interfaces/robokpy_interfaces/action/detail/execute_vision_op__functions.h\n'}
[17.705630] (robokpy_interfaces) StdoutLine: {'line': b'-- Up-to-date: /home/meta/Documents/robotics_workspace_new/install/robokpy_interfaces/include/robokpy_interfaces/robokpy_interfaces/action/detail/execute_vision_op__description.c\n'}
[17.705964] (robokpy_interfaces) StdoutLine: {'line': b'-- Up-to-date: /home/meta/Documents/robotics_workspace_new/install/robokpy_interfaces/include/robokpy_interfaces/robokpy_interfaces/action/detail/tool_execution__functions.h\n'}
[17.706247] (robokpy_interfaces) StdoutLine: {'line': b'-- Up-to-date: /home/meta/Documents/robotics_workspace_new/install/robokpy_interfaces/include/robokpy_interfaces/robokpy_interfaces/action/detail/execute_move_step__functions.h\n'}
[17.706489] (robokpy_interfaces) StdoutLine: {'line': b'-- Up-to-date: /home/meta/Documents/robotics_workspace_new/install/robokpy_interfaces/include/robokpy_interfaces/robokpy_interfaces/action/detail/robot_trajectory__description.c\n'}
[17.706770] (robokpy_interfaces) StdoutLine: {'line': b'-- Installing: /home/meta/Documents/robotics_workspace_new/install/robokpy_interfaces/include/robokpy_interfaces/robokpy_interfaces/action/detail/tool_execution__type_support.c\n'}
[17.738263] (robokpy_interfaces) StdoutLine: {'line': b'-- Up-to-date: /home/meta/Documents/robotics_workspace_new/install/robokpy_interfaces/include/robokpy_interfaces/robokpy_interfaces/action/detail/execute_motion__functions.h\n'}
[17.738656] (robokpy_interfaces) StdoutLine: {'line': b'-- Installing: /home/meta/Documents/robotics_workspace_new/install/robokpy_interfaces/include/robokpy_interfaces/robokpy_interfaces/action/detail/execute_motion__type_support.c\n'}
[17.741009] (robokpy_interfaces) StdoutLine: {'line': b'-- Up-to-date: /home/meta/Documents/robotics_workspace_new/install/robokpy_interfaces/include/robokpy_interfaces/robokpy_interfaces/action/detail/execute_move_step__struct.h\n'}
[17.741295] (robokpy_interfaces) StdoutLine: {'line': b'-- Up-to-date: /home/meta/Documents/robotics_workspace_new/install/robokpy_interfaces/include/robokpy_interfaces/robokpy_interfaces/action/detail/execute_motion__struct.h\n'}
[17.741542] (robokpy_interfaces) StdoutLine: {'line': b'-- Up-to-date: /home/meta/Documents/robotics_workspace_new/install/robokpy_interfaces/include/robokpy_interfaces/robokpy_interfaces/action/detail/set_joint_target__type_support.h\n'}
[17.741803] (robokpy_interfaces) StdoutLine: {'line': b'-- Up-to-date: /home/meta/Documents/robotics_workspace_new/install/robokpy_interfaces/include/robokpy_interfaces/robokpy_interfaces/action/detail/tool_execution__functions.c\n'}
[17.742054] (robokpy_interfaces) StdoutLine: {'line': b'-- Up-to-date: /home/meta/Documents/robotics_workspace_new/install/robokpy_interfaces/include/robokpy_interfaces/robokpy_interfaces/action/detail/tool_execution__struct.h\n'}
[17.742290] (robokpy_interfaces) StdoutLine: {'line': b'-- Up-to-date: /home/meta/Documents/robotics_workspace_new/install/robokpy_interfaces/include/robokpy_interfaces/robokpy_interfaces/action/detail/execute_tool_op__functions.c\n'}
[17.742524] (robokpy_interfaces) StdoutLine: {'line': b'-- Up-to-date: /home/meta/Documents/robotics_workspace_new/install/robokpy_interfaces/include/robokpy_interfaces/robokpy_interfaces/action/detail/execute_motion__functions.c\n'}
[17.742779] (robokpy_interfaces) StdoutLine: {'line': b'-- Up-to-date: /home/meta/Documents/robotics_workspace_new/install/robokpy_interfaces/include/robokpy_interfaces/robokpy_interfaces/action/detail/execute_tool_op__description.c\n'}
[17.745847] (robokpy_interfaces) StdoutLine: {'line': b'-- Up-to-date: /home/meta/Documents/robotics_workspace_new/install/robokpy_interfaces/include/robokpy_interfaces/robokpy_interfaces/action/detail/execute_motion__description.c\n'}
[17.746335] (robokpy_interfaces) StdoutLine: {'line': b'-- Up-to-date: /home/meta/Documents/robotics_workspace_new/install/robokpy_interfaces/include/robokpy_interfaces/robokpy_interfaces/action/plan_trajectory.h\n'}
[17.746575] (robokpy_interfaces) StdoutLine: {'line': b'-- Up-to-date: /home/meta/Documents/robotics_workspace_new/install/robokpy_interfaces/include/robokpy_interfaces/robokpy_interfaces/action/tool_execution.h\n'}
[17.746878] (robokpy_interfaces) StdoutLine: {'line': b'-- Up-to-date: /home/meta/Documents/robotics_workspace_new/install/robokpy_interfaces/include/robokpy_interfaces/robokpy_interfaces/action/execute_move_step.h\n'}
[17.747259] (robokpy_interfaces) StdoutLine: {'line': b'-- Up-to-date: /home/meta/Documents/robotics_workspace_new/install/robokpy_interfaces/include/robokpy_interfaces/robokpy_interfaces/action/set_joint_target.h\n'}
[17.747553] (robokpy_interfaces) StdoutLine: {'line': b'-- Up-to-date: /home/meta/Documents/robotics_workspace_new/install/robokpy_interfaces/include/robokpy_interfaces/robokpy_interfaces/action/execute_motion.h\n'}
[17.747807] (robokpy_interfaces) StdoutLine: {'line': b'-- Up-to-date: /home/meta/Documents/robotics_workspace_new/install/robokpy_interfaces/include/robokpy_interfaces/robokpy_interfaces/action/execute_vision_op.h\n'}
[17.748045] (robokpy_interfaces) StdoutLine: {'line': b'-- Up-to-date: /home/meta/Documents/robotics_workspace_new/install/robokpy_interfaces/include/robokpy_interfaces/robokpy_interfaces/action/execute_tool_op.h\n'}
[17.748267] (robokpy_interfaces) StdoutLine: {'line': b'-- Up-to-date: /home/meta/Documents/robotics_workspace_new/install/robokpy_interfaces/include/robokpy_interfaces/robokpy_interfaces/msg\n'}
[17.748508] (robokpy_interfaces) StdoutLine: {'line': b'-- Up-to-date: /home/meta/Documents/robotics_workspace_new/install/robokpy_interfaces/include/robokpy_interfaces/robokpy_interfaces/msg/cell_state.h\n'}
[17.751824] (robokpy_interfaces) StdoutLine: {'line': b'-- Up-to-date: /home/meta/Documents/robotics_workspace_new/install/robokpy_interfaces/include/robokpy_interfaces/robokpy_interfaces/msg/detail\n'}
[17.785133] (-) TimerEvent: {}
[17.794982] (robokpy_interfaces) StdoutLine: {'line': b'-- Up-to-date: /home/meta/Documents/robotics_workspace_new/install/robokpy_interfaces/include/robokpy_interfaces/robokpy_interfaces/msg/detail/cell_state__functions.h\n'}
[17.795414] (robokpy_interfaces) StdoutLine: {'line': b'-- Up-to-date: /home/meta/Documents/robotics_workspace_new/install/robokpy_interfaces/include/robokpy_interfaces/robokpy_interfaces/msg/detail/cell_state__functions.c\n'}
[17.795728] (robokpy_interfaces) StdoutLine: {'line': b'-- Up-to-date: /home/meta/Documents/robotics_workspace_new/install/robokpy_interfaces/include/robokpy_interfaces/robokpy_interfaces/msg/detail/cell_state__type_support.h\n'}
[17.796152] (robokpy_interfaces) StdoutLine: {'line': b'-- Up-to-date: /home/meta/Documents/robotics_workspace_new/install/robokpy_interfaces/include/robokpy_interfaces/robokpy_interfaces/msg/detail/cell_state__struct.h\n'}
[17.796609] (robokpy_interfaces) StdoutLine: {'line': b'-- Installing: /home/meta/Documents/robotics_workspace_new/install/robokpy_interfaces/include/robokpy_interfaces/robokpy_interfaces/msg/detail/cell_state__type_support.c\n'}
[17.796962] (robokpy_interfaces) StdoutLine: {'line': b'-- Up-to-date: /home/meta/Documents/robotics_workspace_new/install/robokpy_interfaces/include/robokpy_interfaces/robokpy_interfaces/msg/detail/cell_state__description.c\n'}
[17.797258] (robokpy_interfaces) StdoutLine: {'line': b'-- Up-to-date: /home/meta/Documents/robotics_workspace_new/install/robokpy_interfaces/include/robokpy_interfaces/robokpy_interfaces/msg/rosidl_generator_c__visibility_control.h\n'}
[17.797535] (robokpy_interfaces) StdoutLine: {'line': b'-- Up-to-date: /home/meta/Documents/robotics_workspace_new/install/robokpy_interfaces/share/robokpy_interfaces/environment/library_path.sh\n'}
[17.840780] (robokpy_interfaces) StdoutLine: {'line': b'-- Up-to-date: /home/meta/Documents/robotics_workspace_new/install/robokpy_interfaces/share/robokpy_interfaces/environment/library_path.dsv\n'}
[17.885284] (-) TimerEvent: {}
[17.917957] (robokpy_interfaces) StdoutLine: {'line': b'-- Up-to-date: /home/meta/Documents/robotics_workspace_new/install/robokpy_interfaces/lib/librobokpy_interfaces__rosidl_generator_c.so\n'}
[17.922173] (robokpy_interfaces) StdoutLine: {'line': b'-- Up-to-date: /home/meta/Documents/robotics_workspace_new/install/robokpy_interfaces/include/robokpy_interfaces/robokpy_interfaces\n'}
[17.922572] (robokpy_interfaces) StdoutLine: {'line': b'-- Up-to-date: /home/meta/Documents/robotics_workspace_new/install/robokpy_interfaces/include/robokpy_interfaces/robokpy_interfaces/srv\n'}
[17.922937] (robokpy_interfaces) StdoutLine: {'line': b'-- Up-to-date: /home/meta/Documents/robotics_workspace_new/install/robokpy_interfaces/include/robokpy_interfaces/robokpy_interfaces/srv/detail\n'}
[17.923263] (robokpy_interfaces) StdoutLine: {'line': b'-- Up-to-date: /home/meta/Documents/robotics_workspace_new/install/robokpy_interfaces/include/robokpy_interfaces/robokpy_interfaces/srv/detail/despawn_object__rosidl_typesupport_fastrtps_c.h\n'}
[17.923579] (robokpy_interfaces) StdoutLine: {'line': b'-- Up-to-date: /home/meta/Documents/robotics_workspace_new/install/robokpy_interfaces/include/robokpy_interfaces/robokpy_interfaces/srv/detail/grasp_attach__rosidl_typesupport_fastrtps_c.h\n'}
[17.923919] (robokpy_interfaces) StdoutLine: {'line': b'-- Up-to-date: /home/meta/Documents/robotics_workspace_new/install/robokpy_interfaces/include/robokpy_interfaces/robokpy_interfaces/srv/detail/spawn_object__rosidl_typesupport_fastrtps_c.h\n'}
[17.924227] (robokpy_interfaces) StdoutLine: {'line': b'-- Up-to-date: /home/meta/Documents/robotics_workspace_new/install/robokpy_interfaces/include/robokpy_interfaces/robokpy_interfaces/srv/detail/system_mode__rosidl_typesupport_fastrtps_c.h\n'}
[17.924529] (robokpy_interfaces) StdoutLine: {'line': b'-- Up-to-date: /home/meta/Documents/robotics_workspace_new/install/robokpy_interfaces/include/robokpy_interfaces/robokpy_interfaces/srv/detail/jacobian__rosidl_typesupport_fastrtps_c.h\n'}
[17.927787] (robokpy_interfaces) StdoutLine: {'line': b'-- Up-to-date: /home/meta/Documents/robotics_workspace_new/install/robokpy_interfaces/include/robokpy_interfaces/robokpy_interfaces/srv/detail/fk__rosidl_typesupport_fastrtps_c.h\n'}
[17.928250] (robokpy_interfaces) StdoutLine: {'line': b'-- Up-to-date: /home/meta/Documents/robotics_workspace_new/install/robokpy_interfaces/include/robokpy_interfaces/robokpy_interfaces/srv/detail/ik__rosidl_typesupport_fastrtps_c.h\n'}
[17.932120] (robokpy_interfaces) StdoutLine: {'line': b'-- Up-to-date: /home/meta/Documents/robotics_workspace_new/install/robokpy_interfaces/include/robokpy_interfaces/robokpy_interfaces/srv/detail/resolve_object_pose__rosidl_typesupport_fastrtps_c.h\n'}
[17.932510] (robokpy_interfaces) StdoutLine: {'line': b'-- Up-to-date: /home/meta/Documents/robotics_workspace_new/install/robokpy_interfaces/include/robokpy_interfaces/robokpy_interfaces/srv/detail/despawnobject__rosidl_typesupport_fastrtps_c.h\n'}
[17.949364] (robokpy_interfaces) StdoutLine: {'line': b'-- Up-to-date: /home/meta/Documents/robotics_workspace_new/install/robokpy_interfaces/include/robokpy_interfaces/robokpy_interfaces/srv/detail/execution_state__rosidl_typesupport_fastrtps_c.h\n'}
[17.950733] (robokpy_interfaces) StdoutLine: {'line': b'-- Up-to-date: /home/meta/Documents/robotics_workspace_new/install/robokpy_interfaces/include/robokpy_interfaces/robokpy_interfaces/srv/detail/reachable__rosidl_typesupport_fastrtps_c.h\n'}
[17.951098] (robokpy_interfaces) StdoutLine: {'line': b'-- Up-to-date: /home/meta/Documents/robotics_workspace_new/install/robokpy_interfaces/include/robokpy_interfaces/robokpy_interfaces/srv/detail/chain_fk__rosidl_typesupport_fastrtps_c.h\n'}
[17.951377] (robokpy_interfaces) StdoutLine: {'line': b'-- Up-to-date: /home/meta/Documents/robotics_workspace_new/install/robokpy_interfaces/include/robokpy_interfaces/robokpy_interfaces/srv/detail/set_planning_tip_link__rosidl_typesupport_fastrtps_c.h\n'}
[17.951649] (robokpy_interfaces) StdoutLine: {'line': b'-- Up-to-date: /home/meta/Documents/robotics_workspace_new/install/robokpy_interfaces/include/robokpy_interfaces/robokpy_interfaces/srv/detail/load_recipe__rosidl_typesupport_fastrtps_c.h\n'}
[17.951938] (robokpy_interfaces) StdoutLine: {'line': b'-- Up-to-date: /home/meta/Documents/robotics_workspace_new/install/robokpy_interfaces/include/robokpy_interfaces/robokpy_interfaces/srv/detail/spawnobject__rosidl_typesupport_fastrtps_c.h\n'}
[17.952201] (robokpy_interfaces) StdoutLine: {'line': b'-- Up-to-date: /home/meta/Documents/robotics_workspace_new/install/robokpy_interfaces/include/robokpy_interfaces/robokpy_interfaces/srv/detail/resume_execution__rosidl_typesupport_fastrtps_c.h\n'}
[17.952448] (robokpy_interfaces) StdoutLine: {'line': b'-- Up-to-date: /home/meta/Documents/robotics_workspace_new/install/robokpy_interfaces/include/robokpy_interfaces/robokpy_interfaces/action\n'}
[17.956726] (robokpy_interfaces) StdoutLine: {'line': b'-- Up-to-date: /home/meta/Documents/robotics_workspace_new/install/robokpy_interfaces/include/robokpy_interfaces/robokpy_interfaces/action/detail\n'}
[17.957294] (robokpy_interfaces) StdoutLine: {'line': b'-- Up-to-date: /home/meta/Documents/robotics_workspace_new/install/robokpy_interfaces/include/robokpy_interfaces/robokpy_interfaces/action/detail/plan_trajectory__rosidl_typesupport_fastrtps_c.h\n'}
[17.957612] (robokpy_interfaces) StdoutLine: {'line': b'-- Up-to-date: /home/meta/Documents/robotics_workspace_new/install/robokpy_interfaces/include/robokpy_interfaces/robokpy_interfaces/action/detail/execute_tool_op__rosidl_typesupport_fastrtps_c.h\n'}
[17.957926] (robokpy_interfaces) StdoutLine: {'line': b'-- Up-to-date: /home/meta/Documents/robotics_workspace_new/install/robokpy_interfaces/include/robokpy_interfaces/robokpy_interfaces/action/detail/tool_execution__rosidl_typesupport_fastrtps_c.h\n'}
[17.958200] (robokpy_interfaces) StdoutLine: {'line': b'-- Up-to-date: /home/meta/Documents/robotics_workspace_new/install/robokpy_interfaces/include/robokpy_interfaces/robokpy_interfaces/action/detail/set_joint_target__rosidl_typesupport_fastrtps_c.h\n'}
[17.958491] (robokpy_interfaces) StdoutLine: {'line': b'-- Up-to-date: /home/meta/Documents/robotics_workspace_new/install/robokpy_interfaces/include/robokpy_interfaces/robokpy_interfaces/action/detail/execute_vision_op__rosidl_typesupport_fastrtps_c.h\n'}
[17.958763] (robokpy_interfaces) StdoutLine: {'line': b'-- Up-to-date: /home/meta/Documents/robotics_workspace_new/install/robokpy_interfaces/include/robokpy_interfaces/robokpy_interfaces/action/detail/execute_motion__rosidl_typesupport_fastrtps_c.h\n'}
[17.959036] (robokpy_interfaces) StdoutLine: {'line': b'-- Up-to-date: /home/meta/Documents/robotics_workspace_new/install/robokpy_interfaces/include/robokpy_interfaces/robokpy_interfaces/action/detail/robot_trajectory__rosidl_typesupport_fastrtps_c.h\n'}
[17.959432] (robokpy_interfaces) StdoutLine: {'line': b'-- Up-to-date: /home/meta/Documents/robotics_workspace_new/install/robokpy_interfaces/include/robokpy_interfaces/robokpy_interfaces/action/detail/execute_move_step__rosidl_typesupport_fastrtps_c.h\n'}
[17.959787] (robokpy_interfaces) StdoutLine: {'line': b'-- Up-to-date: /home/meta/Documents/robotics_workspace_new/install/robokpy_interfaces/include/robokpy_interfaces/robokpy_interfaces/msg\n'}
[17.960079] (robokpy_interfaces) StdoutLine: {'line': b'-- Up-to-date: /home/meta/Documents/robotics_workspace_new/install/robokpy_interfaces/include/robokpy_interfaces/robokpy_interfaces/msg/detail\n'}
[17.960332] (robokpy_interfaces) StdoutLine: {'line': b'-- Up-to-date: /home/meta/Documents/robotics_workspace_new/install/robokpy_interfaces/include/robokpy_interfaces/robokpy_interfaces/msg/detail/cell_state__rosidl_typesupport_fastrtps_c.h\n'}
[17.960862] (robokpy_interfaces) StdoutLine: {'line': b'-- Up-to-date: /home/meta/Documents/robotics_workspace_new/install/robokpy_interfaces/include/robokpy_interfaces/robokpy_interfaces/msg/rosidl_typesupport_fastrtps_c__visibility_control.h\n'}
[17.986598] (-) TimerEvent: {}
[18.068818] (robokpy_interfaces) StdoutLine: {'line': b'-- Up-to-date: /home/meta/Documents/robotics_workspace_new/install/robokpy_interfaces/lib/librobokpy_interfaces__rosidl_typesupport_fastrtps_c.so\n'}
[18.071915] (robokpy_interfaces) StdoutLine: {'line': b'-- Up-to-date: /home/meta/Documents/robotics_workspace_new/install/robokpy_interfaces/include/robokpy_interfaces/robokpy_interfaces\n'}
[18.072388] (robokpy_interfaces) StdoutLine: {'line': b'-- Up-to-date: /home/meta/Documents/robotics_workspace_new/install/robokpy_interfaces/include/robokpy_interfaces/robokpy_interfaces/srv\n'}
[18.072642] (robokpy_interfaces) StdoutLine: {'line': b'-- Up-to-date: /home/meta/Documents/robotics_workspace_new/install/robokpy_interfaces/include/robokpy_interfaces/robokpy_interfaces/srv/detail\n'}
[18.072913] (robokpy_interfaces) StdoutLine: {'line': b'-- Installing: /home/meta/Documents/robotics_workspace_new/install/robokpy_interfaces/include/robokpy_interfaces/robokpy_interfaces/srv/detail/spawn_object__type_support.c\n'}
[18.073169] (robokpy_interfaces) StdoutLine: {'line': b'-- Installing: /home/meta/Documents/robotics_workspace_new/install/robokpy_interfaces/include/robokpy_interfaces/robokpy_interfaces/srv/detail/system_mode__type_support.c\n'}
[18.073431] (robokpy_interfaces) StdoutLine: {'line': b'-- Installing: /home/meta/Documents/robotics_workspace_new/install/robokpy_interfaces/include/robokpy_interfaces/robokpy_interfaces/srv/detail/despawn_object__type_support.c\n'}
[18.073677] (robokpy_interfaces) StdoutLine: {'line': b'-- Up-to-date: /home/meta/Documents/robotics_workspace_new/install/robokpy_interfaces/include/robokpy_interfaces/robokpy_interfaces/srv/detail/fk__rosidl_typesupport_introspection_c.h\n'}
[18.073948] (robokpy_interfaces) StdoutLine: {'line': b'-- Installing: /home/meta/Documents/robotics_workspace_new/install/robokpy_interfaces/include/robokpy_interfaces/robokpy_interfaces/srv/detail/chain_fk__type_support.c\n'}
[18.074214] (robokpy_interfaces) StdoutLine: {'line': b'-- Up-to-date: /home/meta/Documents/robotics_workspace_new/install/robokpy_interfaces/include/robokpy_interfaces/robokpy_interfaces/srv/detail/spawnobject__rosidl_typesupport_introspection_c.h\n'}
[18.087787] (-) TimerEvent: {}
[18.133023] (robokpy_interfaces) StdoutLine: {'line': b'-- Installing: /home/meta/Documents/robotics_workspace_new/install/robokpy_interfaces/include/robokpy_interfaces/robokpy_interfaces/srv/detail/despawnobject__type_support.c\n'}
[18.187915] (-) TimerEvent: {}
[18.207376] (robokpy_interfaces) StdoutLine: {'line': b'-- Up-to-date: /home/meta/Documents/robotics_workspace_new/install/robokpy_interfaces/include/robokpy_interfaces/robokpy_interfaces/srv/detail/grasp_attach__rosidl_typesupport_introspection_c.h\n'}
[18.208213] (robokpy_interfaces) StdoutLine: {'line': b'-- Installing: /home/meta/Documents/robotics_workspace_new/install/robokpy_interfaces/include/robokpy_interfaces/robokpy_interfaces/srv/detail/reachable__type_support.c\n'}
[18.208583] (robokpy_interfaces) StdoutLine: {'line': b'-- Installing: /home/meta/Documents/robotics_workspace_new/install/robokpy_interfaces/include/robokpy_interfaces/robokpy_interfaces/srv/detail/resolve_object_pose__type_support.c\n'}
[18.208838] (robokpy_interfaces) StdoutLine: {'line': b'-- Installing: /home/meta/Documents/robotics_workspace_new/install/robokpy_interfaces/include/robokpy_interfaces/robokpy_interfaces/srv/detail/spawnobject__type_support.c\n'}
[18.241240] (robokpy_interfaces) StdoutLine: {'line': b'-- Up-to-date: /home/meta/Documents/robotics_workspace_new/install/robokpy_interfaces/include/robokpy_interfaces/robokpy_interfaces/srv/detail/ik__rosidl_typesupport_introspection_c.h\n'}
[18.241873] (robokpy_interfaces) StdoutLine: {'line': b'-- Up-to-date: /home/meta/Documents/robotics_workspace_new/install/robokpy_interfaces/include/robokpy_interfaces/robokpy_interfaces/srv/detail/set_planning_tip_link__rosidl_typesupport_introspection_c.h\n'}
[18.242330] (robokpy_interfaces) StdoutLine: {'line': b'-- Installing: /home/meta/Documents/robotics_workspace_new/install/robokpy_interfaces/include/robokpy_interfaces/robokpy_interfaces/srv/detail/ik__type_support.c\n'}
[18.242600] (robokpy_interfaces) StdoutLine: {'line': b'-- Installing: /home/meta/Documents/robotics_workspace_new/install/robokpy_interfaces/include/robokpy_interfaces/robokpy_interfaces/srv/detail/fk__type_support.c\n'}
[18.243525] (robokpy_interfaces) StdoutLine: {'line': b'-- Installing: /home/meta/Documents/robotics_workspace_new/install/robokpy_interfaces/include/robokpy_interfaces/robokpy_interfaces/srv/detail/resume_execution__type_support.c\n'}
[18.243887] (robokpy_interfaces) StdoutLine: {'line': b'-- Installing: /home/meta/Documents/robotics_workspace_new/install/robokpy_interfaces/include/robokpy_interfaces/robokpy_interfaces/srv/detail/set_planning_tip_link__type_support.c\n'}
[18.244217] (robokpy_interfaces) StdoutLine: {'line': b'-- Up-to-date: /home/meta/Documents/robotics_workspace_new/install/robokpy_interfaces/include/robokpy_interfaces/robokpy_interfaces/srv/detail/despawn_object__rosidl_typesupport_introspection_c.h\n'}
[18.244605] (robokpy_interfaces) StdoutLine: {'line': b'-- Up-to-date: /home/meta/Documents/robotics_workspace_new/install/robokpy_interfaces/include/robokpy_interfaces/robokpy_interfaces/srv/detail/jacobian__rosidl_typesupport_introspection_c.h\n'}
[18.244885] (robokpy_interfaces) StdoutLine: {'line': b'-- Installing: /home/meta/Documents/robotics_workspace_new/install/robokpy_interfaces/include/robokpy_interfaces/robokpy_interfaces/srv/detail/load_recipe__type_support.c\n'}
[18.245127] (robokpy_interfaces) StdoutLine: {'line': b'-- Installing: /home/meta/Documents/robotics_workspace_new/install/robokpy_interfaces/include/robokpy_interfaces/robokpy_interfaces/srv/detail/jacobian__type_support.c\n'}
[18.245363] (robokpy_interfaces) StdoutLine: {'line': b'-- Up-to-date: /home/meta/Documents/robotics_workspace_new/install/robokpy_interfaces/include/robokpy_interfaces/robokpy_interfaces/srv/detail/resolve_object_pose__rosidl_typesupport_introspection_c.h\n'}
[18.245615] (robokpy_interfaces) StdoutLine: {'line': b'-- Up-to-date: /home/meta/Documents/robotics_workspace_new/install/robokpy_interfaces/include/robokpy_interfaces/robokpy_interfaces/srv/detail/reachable__rosidl_typesupport_introspection_c.h\n'}
[18.245887] (robokpy_interfaces) StdoutLine: {'line': b'-- Up-to-date: /home/meta/Documents/robotics_workspace_new/install/robokpy_interfaces/include/robokpy_interfaces/robokpy_interfaces/srv/detail/load_recipe__rosidl_typesupport_introspection_c.h\n'}
[18.246786] (robokpy_interfaces) StdoutLine: {'line': b'-- Installing: /home/meta/Documents/robotics_workspace_new/install/robokpy_interfaces/include/robokpy_interfaces/robokpy_interfaces/srv/detail/grasp_attach__type_support.c\n'}
[18.247216] (robokpy_interfaces) StdoutLine: {'line': b'-- Up-to-date: /home/meta/Documents/robotics_workspace_new/install/robokpy_interfaces/include/robokpy_interfaces/robokpy_interfaces/srv/detail/despawnobject__rosidl_typesupport_introspection_c.h\n'}
[18.247712] (robokpy_interfaces) StdoutLine: {'line': b'-- Installing: /home/meta/Documents/robotics_workspace_new/install/robokpy_interfaces/include/robokpy_interfaces/robokpy_interfaces/srv/detail/execution_state__type_support.c\n'}
[18.248075] (robokpy_interfaces) StdoutLine: {'line': b'-- Up-to-date: /home/meta/Documents/robotics_workspace_new/install/robokpy_interfaces/include/robokpy_interfaces/robokpy_interfaces/srv/detail/chain_fk__rosidl_typesupport_introspection_c.h\n'}
[18.250078] (robokpy_interfaces) StdoutLine: {'line': b'-- Up-to-date: /home/meta/Documents/robotics_workspace_new/install/robokpy_interfaces/include/robokpy_interfaces/robokpy_interfaces/srv/detail/resume_execution__rosidl_typesupport_introspection_c.h\n'}
[18.250499] (robokpy_interfaces) StdoutLine: {'line': b'-- Up-to-date: /home/meta/Documents/robotics_workspace_new/install/robokpy_interfaces/include/robokpy_interfaces/robokpy_interfaces/srv/detail/execution_state__rosidl_typesupport_introspection_c.h\n'}
[18.253034] (robokpy_interfaces) StdoutLine: {'line': b'-- Up-to-date: /home/meta/Documents/robotics_workspace_new/install/robokpy_interfaces/include/robokpy_interfaces/robokpy_interfaces/srv/detail/system_mode__rosidl_typesupport_introspection_c.h\n'}
[18.253347] (robokpy_interfaces) StdoutLine: {'line': b'-- Up-to-date: /home/meta/Documents/robotics_workspace_new/install/robokpy_interfaces/include/robokpy_interfaces/robokpy_interfaces/srv/detail/spawn_object__rosidl_typesupport_introspection_c.h\n'}
[18.253595] (robokpy_interfaces) StdoutLine: {'line': b'-- Up-to-date: /home/meta/Documents/robotics_workspace_new/install/robokpy_interfaces/include/robokpy_interfaces/robokpy_interfaces/action\n'}
[18.253924] (robokpy_interfaces) StdoutLine: {'line': b'-- Up-to-date: /home/meta/Documents/robotics_workspace_new/install/robokpy_interfaces/include/robokpy_interfaces/robokpy_interfaces/action/detail\n'}
[18.254194] (robokpy_interfaces) StdoutLine: {'line': b'-- Up-to-date: /home/meta/Documents/robotics_workspace_new/install/robokpy_interfaces/include/robokpy_interfaces/robokpy_interfaces/action/detail/robot_trajectory__rosidl_typesupport_introspection_c.h\n'}
[18.254440] (robokpy_interfaces) StdoutLine: {'line': b'-- Up-to-date: /home/meta/Documents/robotics_workspace_new/install/robokpy_interfaces/include/robokpy_interfaces/robokpy_interfaces/action/detail/execute_tool_op__rosidl_typesupport_introspection_c.h\n'}
[18.254677] (robokpy_interfaces) StdoutLine: {'line': b'-- Installing: /home/meta/Documents/robotics_workspace_new/install/robokpy_interfaces/include/robokpy_interfaces/robokpy_interfaces/action/detail/set_joint_target__type_support.c\n'}
[18.254960] (robokpy_interfaces) StdoutLine: {'line': b'-- Installing: /home/meta/Documents/robotics_workspace_new/install/robokpy_interfaces/include/robokpy_interfaces/robokpy_interfaces/action/detail/execute_vision_op__type_support.c\n'}
[18.256534] (robokpy_interfaces) StdoutLine: {'line': b'-- Installing: /home/meta/Documents/robotics_workspace_new/install/robokpy_interfaces/include/robokpy_interfaces/robokpy_interfaces/action/detail/execute_tool_op__type_support.c\n'}
[18.256984] (robokpy_interfaces) StdoutLine: {'line': b'-- Installing: /home/meta/Documents/robotics_workspace_new/install/robokpy_interfaces/include/robokpy_interfaces/robokpy_interfaces/action/detail/execute_move_step__type_support.c\n'}
[18.288777] (-) TimerEvent: {}
[18.389219] (-) TimerEvent: {}
[18.391373] (robokpy_interfaces) StdoutLine: {'line': b'-- Up-to-date: /home/meta/Documents/robotics_workspace_new/install/robokpy_interfaces/include/robokpy_interfaces/robokpy_interfaces/action/detail/plan_trajectory__rosidl_typesupport_introspection_c.h\n'}
[18.391821] (robokpy_interfaces) StdoutLine: {'line': b'-- Installing: /home/meta/Documents/robotics_workspace_new/install/robokpy_interfaces/include/robokpy_interfaces/robokpy_interfaces/action/detail/plan_trajectory__type_support.c\n'}
[18.489372] (-) TimerEvent: {}
[18.515890] (robokpy_interfaces) StdoutLine: {'line': b'-- Up-to-date: /home/meta/Documents/robotics_workspace_new/install/robokpy_interfaces/include/robokpy_interfaces/robokpy_interfaces/action/detail/tool_execution__rosidl_typesupport_introspection_c.h\n'}
[18.516322] (robokpy_interfaces) StdoutLine: {'line': b'-- Installing: /home/meta/Documents/robotics_workspace_new/install/robokpy_interfaces/include/robokpy_interfaces/robokpy_interfaces/action/detail/robot_trajectory__type_support.c\n'}
[18.589491] (-) TimerEvent: {}
[18.604999] (robokpy_interfaces) StdoutLine: {'line': b'-- Installing: /home/meta/Documents/robotics_workspace_new/install/robokpy_interfaces/include/robokpy_interfaces/robokpy_interfaces/action/detail/tool_execution__type_support.c\n'}
[18.689640] (-) TimerEvent: {}
[18.696972] (robokpy_interfaces) StdoutLine: {'line': b'-- Up-to-date: /home/meta/Documents/robotics_workspace_new/install/robokpy_interfaces/include/robokpy_interfaces/robokpy_interfaces/action/detail/execute_vision_op__rosidl_typesupport_introspection_c.h\n'}
[18.697981] (robokpy_interfaces) StdoutLine: {'line': b'-- Installing: /home/meta/Documents/robotics_workspace_new/install/robokpy_interfaces/include/robokpy_interfaces/robokpy_interfaces/action/detail/execute_motion__type_support.c\n'}
[18.698369] (robokpy_interfaces) StdoutLine: {'line': b'-- Up-to-date: /home/meta/Documents/robotics_workspace_new/install/robokpy_interfaces/include/robokpy_interfaces/robokpy_interfaces/action/detail/set_joint_target__rosidl_typesupport_introspection_c.h\n'}
[18.698659] (robokpy_interfaces) StdoutLine: {'line': b'-- Up-to-date: /home/meta/Documents/robotics_workspace_new/install/robokpy_interfaces/include/robokpy_interfaces/robokpy_interfaces/action/detail/execute_move_step__rosidl_typesupport_introspection_c.h\n'}
[18.698981] (robokpy_interfaces) StdoutLine: {'line': b'-- Up-to-date: /home/meta/Documents/robotics_workspace_new/install/robokpy_interfaces/include/robokpy_interfaces/robokpy_interfaces/action/detail/execute_motion__rosidl_typesupport_introspection_c.h\n'}
[18.699262] (robokpy_interfaces) StdoutLine: {'line': b'-- Up-to-date: /home/meta/Documents/robotics_workspace_new/install/robokpy_interfaces/include/robokpy_interfaces/robokpy_interfaces/msg\n'}
[18.702093] (robokpy_interfaces) StdoutLine: {'line': b'-- Up-to-date: /home/meta/Documents/robotics_workspace_new/install/robokpy_interfaces/include/robokpy_interfaces/robokpy_interfaces/msg/detail\n'}
[18.702541] (robokpy_interfaces) StdoutLine: {'line': b'-- Installing: /home/meta/Documents/robotics_workspace_new/install/robokpy_interfaces/include/robokpy_interfaces/robokpy_interfaces/msg/detail/cell_state__type_support.c\n'}
[18.702895] (robokpy_interfaces) StdoutLine: {'line': b'-- Up-to-date: /home/meta/Documents/robotics_workspace_new/install/robokpy_interfaces/include/robokpy_interfaces/robokpy_interfaces/msg/detail/cell_state__rosidl_typesupport_introspection_c.h\n'}
[18.703218] (robokpy_interfaces) StdoutLine: {'line': b'-- Up-to-date: /home/meta/Documents/robotics_workspace_new/install/robokpy_interfaces/include/robokpy_interfaces/robokpy_interfaces/msg/rosidl_typesupport_introspection_c__visibility_control.h\n'}
[18.772158] (robokpy_interfaces) StdoutLine: {'line': b'-- Up-to-date: /home/meta/Documents/robotics_workspace_new/install/robokpy_interfaces/lib/librobokpy_interfaces__rosidl_typesupport_introspection_c.so\n'}
[18.789782] (-) TimerEvent: {}
[18.883493] (robokpy_interfaces) StdoutLine: {'line': b'-- Up-to-date: /home/meta/Documents/robotics_workspace_new/install/robokpy_interfaces/lib/librobokpy_interfaces__rosidl_typesupport_c.so\n'}
[18.884081] (robokpy_interfaces) StdoutLine: {'line': b'-- Up-to-date: /home/meta/Documents/robotics_workspace_new/install/robokpy_interfaces/include/robokpy_interfaces/robokpy_interfaces\n'}
[18.884596] (robokpy_interfaces) StdoutLine: {'line': b'-- Up-to-date: /home/meta/Documents/robotics_workspace_new/install/robokpy_interfaces/include/robokpy_interfaces/robokpy_interfaces/srv\n'}
[18.885444] (robokpy_interfaces) StdoutLine: {'line': b'-- Up-to-date: /home/meta/Documents/robotics_workspace_new/install/robokpy_interfaces/include/robokpy_interfaces/robokpy_interfaces/srv/spawn_object.hpp\n'}
[18.885748] (robokpy_interfaces) StdoutLine: {'line': b'-- Up-to-date: /home/meta/Documents/robotics_workspace_new/install/robokpy_interfaces/include/robokpy_interfaces/robokpy_interfaces/srv/system_mode.hpp\n'}
[18.886026] (robokpy_interfaces) StdoutLine: {'line': b'-- Up-to-date: /home/meta/Documents/robotics_workspace_new/install/robokpy_interfaces/include/robokpy_interfaces/robokpy_interfaces/srv/set_planning_tip_link.hpp\n'}
[18.886302] (robokpy_interfaces) StdoutLine: {'line': b'-- Up-to-date: /home/meta/Documents/robotics_workspace_new/install/robokpy_interfaces/include/robokpy_interfaces/robokpy_interfaces/srv/execution_state.hpp\n'}
[18.886550] (robokpy_interfaces) StdoutLine: {'line': b'-- Up-to-date: /home/meta/Documents/robotics_workspace_new/install/robokpy_interfaces/include/robokpy_interfaces/robokpy_interfaces/srv/jacobian.hpp\n'}
[18.886818] (robokpy_interfaces) StdoutLine: {'line': b'-- Up-to-date: /home/meta/Documents/robotics_workspace_new/install/robokpy_interfaces/include/robokpy_interfaces/robokpy_interfaces/srv/grasp_attach.hpp\n'}
[18.887360] (robokpy_interfaces) StdoutLine: {'line': b'-- Up-to-date: /home/meta/Documents/robotics_workspace_new/install/robokpy_interfaces/include/robokpy_interfaces/robokpy_interfaces/srv/load_recipe.hpp\n'}
[18.887606] (robokpy_interfaces) StdoutLine: {'line': b'-- Up-to-date: /home/meta/Documents/robotics_workspace_new/install/robokpy_interfaces/include/robokpy_interfaces/robokpy_interfaces/srv/detail\n'}
[18.887883] (robokpy_interfaces) StdoutLine: {'line': b'-- Up-to-date: /home/meta/Documents/robotics_workspace_new/install/robokpy_interfaces/include/robokpy_interfaces/robokpy_interfaces/srv/detail/grasp_attach__struct.hpp\n'}
[18.888126] (robokpy_interfaces) StdoutLine: {'line': b'-- Up-to-date: /home/meta/Documents/robotics_workspace_new/install/robokpy_interfaces/include/robokpy_interfaces/robokpy_interfaces/srv/detail/resume_execution__type_support.hpp\n'}
[18.888368] (robokpy_interfaces) StdoutLine: {'line': b'-- Up-to-date: /home/meta/Documents/robotics_workspace_new/install/robokpy_interfaces/include/robokpy_interfaces/robokpy_interfaces/srv/detail/ik__struct.hpp\n'}
[18.888743] (robokpy_interfaces) StdoutLine: {'line': b'-- Up-to-date: /home/meta/Documents/robotics_workspace_new/install/robokpy_interfaces/include/robokpy_interfaces/robokpy_interfaces/srv/detail/reachable__type_support.hpp\n'}
[18.889131] (robokpy_interfaces) StdoutLine: {'line': b'-- Up-to-date: /home/meta/Documents/robotics_workspace_new/install/robokpy_interfaces/include/robokpy_interfaces/robokpy_interfaces/srv/detail/system_mode__type_support.hpp\n'}
[18.889374] (robokpy_interfaces) StdoutLine: {'line': b'-- Up-to-date: /home/meta/Documents/robotics_workspace_new/install/robokpy_interfaces/include/robokpy_interfaces/robokpy_interfaces/srv/detail/despawnobject__builder.hpp\n'}
[18.889604] (robokpy_interfaces) StdoutLine: {'line': b'-- Up-to-date: /home/meta/Documents/robotics_workspace_new/install/robokpy_interfaces/include/robokpy_interfaces/robokpy_interfaces/srv/detail/despawnobject__type_support.hpp\n'}
[18.889887] (-) TimerEvent: {}
[18.890101] (robokpy_interfaces) StdoutLine: {'line': b'-- Up-to-date: /home/meta/Documents/robotics_workspace_new/install/robokpy_interfaces/include/robokpy_interfaces/robokpy_interfaces/srv/detail/execution_state__type_support.hpp\n'}
[18.890364] (robokpy_interfaces) StdoutLine: {'line': b'-- Up-to-date: /home/meta/Documents/robotics_workspace_new/install/robokpy_interfaces/include/robokpy_interfaces/robokpy_interfaces/srv/detail/fk__type_support.hpp\n'}
[18.890604] (robokpy_interfaces) StdoutLine: {'line': b'-- Up-to-date: /home/meta/Documents/robotics_workspace_new/install/robokpy_interfaces/include/robokpy_interfaces/robokpy_interfaces/srv/detail/jacobian__struct.hpp\n'}
[18.890871] (robokpy_interfaces) StdoutLine: {'line': b'-- Up-to-date: /home/meta/Documents/robotics_workspace_new/install/robokpy_interfaces/include/robokpy_interfaces/robokpy_interfaces/srv/detail/ik__traits.hpp\n'}
[18.891112] (robokpy_interfaces) StdoutLine: {'line': b'-- Up-to-date: /home/meta/Documents/robotics_workspace_new/install/robokpy_interfaces/include/robokpy_interfaces/robokpy_interfaces/srv/detail/fk__struct.hpp\n'}
[18.891347] (robokpy_interfaces) StdoutLine: {'line': b'-- Up-to-date: /home/meta/Documents/robotics_workspace_new/install/robokpy_interfaces/include/robokpy_interfaces/robokpy_interfaces/srv/detail/grasp_attach__type_support.hpp\n'}
[18.891582] (robokpy_interfaces) StdoutLine: {'line': b'-- Up-to-date: /home/meta/Documents/robotics_workspace_new/install/robokpy_interfaces/include/robokpy_interfaces/robokpy_interfaces/srv/detail/execution_state__struct.hpp\n'}
[18.891839] (robokpy_interfaces) StdoutLine: {'line': b'-- Up-to-date: /home/meta/Documents/robotics_workspace_new/install/robokpy_interfaces/include/robokpy_interfaces/robokpy_interfaces/srv/detail/resume_execution__builder.hpp\n'}
[18.892081] (robokpy_interfaces) StdoutLine: {'line': b'-- Up-to-date: /home/meta/Documents/robotics_workspace_new/install/robokpy_interfaces/include/robokpy_interfaces/robokpy_interfaces/srv/detail/despawnobject__traits.hpp\n'}
[18.892311] (robokpy_interfaces) StdoutLine: {'line': b'-- Up-to-date: /home/meta/Documents/robotics_workspace_new/install/robokpy_interfaces/include/robokpy_interfaces/robokpy_interfaces/srv/detail/execution_state__traits.hpp\n'}
[18.892541] (robokpy_interfaces) StdoutLine: {'line': b'-- Up-to-date: /home/meta/Documents/robotics_workspace_new/install/robokpy_interfaces/include/robokpy_interfaces/robokpy_interfaces/srv/detail/chain_fk__type_support.hpp\n'}
[18.892811] (robokpy_interfaces) StdoutLine: {'line': b'-- Up-to-date: /home/meta/Documents/robotics_workspace_new/install/robokpy_interfaces/include/robokpy_interfaces/robokpy_interfaces/srv/detail/resolve_object_pose__builder.hpp\n'}
[18.893067] (robokpy_interfaces) StdoutLine: {'line': b'-- Up-to-date: /home/meta/Documents/robotics_workspace_new/install/robokpy_interfaces/include/robokpy_interfaces/robokpy_interfaces/srv/detail/resolve_object_pose__type_support.hpp\n'}
[18.893333] (robokpy_interfaces) StdoutLine: {'line': b'-- Up-to-date: /home/meta/Documents/robotics_workspace_new/install/robokpy_interfaces/include/robokpy_interfaces/robokpy_interfaces/srv/detail/fk__traits.hpp\n'}
[18.893569] (robokpy_interfaces) StdoutLine: {'line': b'-- Up-to-date: /home/meta/Documents/robotics_workspace_new/install/robokpy_interfaces/include/robokpy_interfaces/robokpy_interfaces/srv/detail/jacobian__type_support.hpp\n'}
[18.893872] (robokpy_interfaces) StdoutLine: {'line': b'-- Up-to-date: /home/meta/Documents/robotics_workspace_new/install/robokpy_interfaces/include/robokpy_interfaces/robokpy_interfaces/srv/detail/resolve_object_pose__struct.hpp\n'}
[18.894119] (robokpy_interfaces) StdoutLine: {'line': b'-- Up-to-date: /home/meta/Documents/robotics_workspace_new/install/robokpy_interfaces/include/robokpy_interfaces/robokpy_interfaces/srv/detail/despawn_object__traits.hpp\n'}
[18.894353] (robokpy_interfaces) StdoutLine: {'line': b'-- Up-to-date: /home/meta/Documents/robotics_workspace_new/install/robokpy_interfaces/include/robokpy_interfaces/robokpy_interfaces/srv/detail/load_recipe__type_support.hpp\n'}
[18.894605] (robokpy_interfaces) StdoutLine: {'line': b'-- Up-to-date: /home/meta/Documents/robotics_workspace_new/install/robokpy_interfaces/include/robokpy_interfaces/robokpy_interfaces/srv/detail/reachable__traits.hpp\n'}
[18.894870] (robokpy_interfaces) StdoutLine: {'line': b'-- Up-to-date: /home/meta/Documents/robotics_workspace_new/install/robokpy_interfaces/include/robokpy_interfaces/robokpy_interfaces/srv/detail/spawnobject__struct.hpp\n'}
[18.895115] (robokpy_interfaces) StdoutLine: {'line': b'-- Up-to-date: /home/meta/Documents/robotics_workspace_new/install/robokpy_interfaces/include/robokpy_interfaces/robokpy_interfaces/srv/detail/system_mode__builder.hpp\n'}
[18.895344] (robokpy_interfaces) StdoutLine: {'line': b'-- Up-to-date: /home/meta/Documents/robotics_workspace_new/install/robokpy_interfaces/include/robokpy_interfaces/robokpy_interfaces/srv/detail/set_planning_tip_link__builder.hpp\n'}
[18.895575] (robokpy_interfaces) StdoutLine: {'line': b'-- Up-to-date: /home/meta/Documents/robotics_workspace_new/install/robokpy_interfaces/include/robokpy_interfaces/robokpy_interfaces/srv/detail/resolve_object_pose__traits.hpp\n'}
[18.895828] (robokpy_interfaces) StdoutLine: {'line': b'-- Up-to-date: /home/meta/Documents/robotics_workspace_new/install/robokpy_interfaces/include/robokpy_interfaces/robokpy_interfaces/srv/detail/set_planning_tip_link__type_support.hpp\n'}
[18.896073] (robokpy_interfaces) StdoutLine: {'line': b'-- Up-to-date: /home/meta/Documents/robotics_workspace_new/install/robokpy_interfaces/include/robokpy_interfaces/robokpy_interfaces/srv/detail/reachable__struct.hpp\n'}
[18.896299] (robokpy_interfaces) StdoutLine: {'line': b'-- Up-to-date: /home/meta/Documents/robotics_workspace_new/install/robokpy_interfaces/include/robokpy_interfaces/robokpy_interfaces/srv/detail/resume_execution__struct.hpp\n'}
[18.896527] (robokpy_interfaces) StdoutLine: {'line': b'-- Up-to-date: /home/meta/Documents/robotics_workspace_new/install/robokpy_interfaces/include/robokpy_interfaces/robokpy_interfaces/srv/detail/spawn_object__type_support.hpp\n'}
[18.896780] (robokpy_interfaces) StdoutLine: {'line': b'-- Up-to-date: /home/meta/Documents/robotics_workspace_new/install/robokpy_interfaces/include/robokpy_interfaces/robokpy_interfaces/srv/detail/spawnobject__builder.hpp\n'}
[18.897021] (robokpy_interfaces) StdoutLine: {'line': b'-- Up-to-date: /home/meta/Documents/robotics_workspace_new/install/robokpy_interfaces/include/robokpy_interfaces/robokpy_interfaces/srv/detail/despawn_object__type_support.hpp\n'}
[18.897247] (robokpy_interfaces) StdoutLine: {'line': b'-- Up-to-date: /home/meta/Documents/robotics_workspace_new/install/robokpy_interfaces/include/robokpy_interfaces/robokpy_interfaces/srv/detail/system_mode__traits.hpp\n'}
[18.897476] (robokpy_interfaces) StdoutLine: {'line': b'-- Up-to-date: /home/meta/Documents/robotics_workspace_new/install/robokpy_interfaces/include/robokpy_interfaces/robokpy_interfaces/srv/detail/spawnobject__type_support.hpp\n'}
[18.910150] (robokpy_interfaces) StdoutLine: {'line': b'-- Up-to-date: /home/meta/Documents/robotics_workspace_new/install/robokpy_interfaces/include/robokpy_interfaces/robokpy_interfaces/srv/detail/spawn_object__struct.hpp\n'}
[18.911203] (robokpy_interfaces) StdoutLine: {'line': b'-- Up-to-date: /home/meta/Documents/robotics_workspace_new/install/robokpy_interfaces/include/robokpy_interfaces/robokpy_interfaces/srv/detail/ik__builder.hpp\n'}
[18.911485] (robokpy_interfaces) StdoutLine: {'line': b'-- Up-to-date: /home/meta/Documents/robotics_workspace_new/install/robokpy_interfaces/include/robokpy_interfaces/robokpy_interfaces/srv/detail/chain_fk__traits.hpp\n'}
[18.911772] (robokpy_interfaces) StdoutLine: {'line': b'-- Up-to-date: /home/meta/Documents/robotics_workspace_new/install/robokpy_interfaces/include/robokpy_interfaces/robokpy_interfaces/srv/detail/ik__type_support.hpp\n'}
[18.912055] (robokpy_interfaces) StdoutLine: {'line': b'-- Up-to-date: /home/meta/Documents/robotics_workspace_new/install/robokpy_interfaces/include/robokpy_interfaces/robokpy_interfaces/srv/detail/load_recipe__traits.hpp\n'}
[18.912297] (robokpy_interfaces) StdoutLine: {'line': b'-- Up-to-date: /home/meta/Documents/robotics_workspace_new/install/robokpy_interfaces/include/robokpy_interfaces/robokpy_interfaces/srv/detail/jacobian__traits.hpp\n'}
[18.912533] (robokpy_interfaces) StdoutLine: {'line': b'-- Up-to-date: /home/meta/Documents/robotics_workspace_new/install/robokpy_interfaces/include/robokpy_interfaces/robokpy_interfaces/srv/detail/despawnobject__struct.hpp\n'}
[18.935977] (robokpy_interfaces) StdoutLine: {'line': b'-- Up-to-date: /home/meta/Documents/robotics_workspace_new/install/robokpy_interfaces/include/robokpy_interfaces/robokpy_interfaces/srv/detail/execution_state__builder.hpp\n'}
[18.936389] (robokpy_interfaces) StdoutLine: {'line': b'-- Up-to-date: /home/meta/Documents/robotics_workspace_new/install/robokpy_interfaces/include/robokpy_interfaces/robokpy_interfaces/srv/detail/grasp_attach__builder.hpp\n'}
[18.936571] (robokpy_interfaces) StdoutLine: {'line': b'-- Up-to-date: /home/meta/Documents/robotics_workspace_new/install/robokpy_interfaces/include/robokpy_interfaces/robokpy_interfaces/srv/detail/jacobian__builder.hpp\n'}
[18.936786] (robokpy_interfaces) StdoutLine: {'line': b'-- Up-to-date: /home/meta/Documents/robotics_workspace_new/install/robokpy_interfaces/include/robokpy_interfaces/robokpy_interfaces/srv/detail/spawn_object__builder.hpp\n'}
[18.936937] (robokpy_interfaces) StdoutLine: {'line': b'-- Up-to-date: /home/meta/Documents/robotics_workspace_new/install/robokpy_interfaces/include/robokpy_interfaces/robokpy_interfaces/srv/detail/spawnobject__traits.hpp\n'}
[18.937862] (robokpy_interfaces) StdoutLine: {'line': b'-- Up-to-date: /home/meta/Documents/robotics_workspace_new/install/robokpy_interfaces/include/robokpy_interfaces/robokpy_interfaces/srv/detail/reachable__builder.hpp\n'}
[18.938386] (robokpy_interfaces) StdoutLine: {'line': b'-- Up-to-date: /home/meta/Documents/robotics_workspace_new/install/robokpy_interfaces/include/robokpy_interfaces/robokpy_interfaces/srv/detail/chain_fk__builder.hpp\n'}
[18.938652] (robokpy_interfaces) StdoutLine: {'line': b'-- Up-to-date: /home/meta/Documents/robotics_workspace_new/install/robokpy_interfaces/include/robokpy_interfaces/robokpy_interfaces/srv/detail/system_mode__struct.hpp\n'}
[18.939006] (robokpy_interfaces) StdoutLine: {'line': b'-- Up-to-date: /home/meta/Documents/robotics_workspace_new/install/robokpy_interfaces/include/robokpy_interfaces/robokpy_interfaces/srv/detail/grasp_attach__traits.hpp\n'}
[18.939156] (robokpy_interfaces) StdoutLine: {'line': b'-- Up-to-date: /home/meta/Documents/robotics_workspace_new/install/robokpy_interfaces/include/robokpy_interfaces/robokpy_interfaces/srv/detail/spawn_object__traits.hpp\n'}
[18.939291] (robokpy_interfaces) StdoutLine: {'line': b'-- Up-to-date: /home/meta/Documents/robotics_workspace_new/install/robokpy_interfaces/include/robokpy_interfaces/robokpy_interfaces/srv/detail/fk__builder.hpp\n'}
[18.939423] (robokpy_interfaces) StdoutLine: {'line': b'-- Up-to-date: /home/meta/Documents/robotics_workspace_new/install/robokpy_interfaces/include/robokpy_interfaces/robokpy_interfaces/srv/detail/load_recipe__builder.hpp\n'}
[18.939553] (robokpy_interfaces) StdoutLine: {'line': b'-- Up-to-date: /home/meta/Documents/robotics_workspace_new/install/robokpy_interfaces/include/robokpy_interfaces/robokpy_interfaces/srv/detail/resume_execution__traits.hpp\n'}
[18.939683] (robokpy_interfaces) StdoutLine: {'line': b'-- Up-to-date: /home/meta/Documents/robotics_workspace_new/install/robokpy_interfaces/include/robokpy_interfaces/robokpy_interfaces/srv/detail/chain_fk__struct.hpp\n'}
[18.940193] (robokpy_interfaces) StdoutLine: {'line': b'-- Up-to-date: /home/meta/Documents/robotics_workspace_new/install/robokpy_interfaces/include/robokpy_interfaces/robokpy_interfaces/srv/detail/set_planning_tip_link__traits.hpp\n'}
[18.940526] (robokpy_interfaces) StdoutLine: {'line': b'-- Up-to-date: /home/meta/Documents/robotics_workspace_new/install/robokpy_interfaces/include/robokpy_interfaces/robokpy_interfaces/srv/detail/despawn_object__builder.hpp\n'}
[18.940915] (robokpy_interfaces) StdoutLine: {'line': b'-- Up-to-date: /home/meta/Documents/robotics_workspace_new/install/robokpy_interfaces/include/robokpy_interfaces/robokpy_interfaces/srv/detail/despawn_object__struct.hpp\n'}
[18.941076] (robokpy_interfaces) StdoutLine: {'line': b'-- Up-to-date: /home/meta/Documents/robotics_workspace_new/install/robokpy_interfaces/include/robokpy_interfaces/robokpy_interfaces/srv/detail/load_recipe__struct.hpp\n'}
[18.941210] (robokpy_interfaces) StdoutLine: {'line': b'-- Up-to-date: /home/meta/Documents/robotics_workspace_new/install/robokpy_interfaces/include/robokpy_interfaces/robokpy_interfaces/srv/detail/set_planning_tip_link__struct.hpp\n'}
[18.941355] (robokpy_interfaces) StdoutLine: {'line': b'-- Up-to-date: /home/meta/Documents/robotics_workspace_new/install/robokpy_interfaces/include/robokpy_interfaces/robokpy_interfaces/srv/despawnobject.hpp\n'}
[18.941490] (robokpy_interfaces) StdoutLine: {'line': b'-- Up-to-date: /home/meta/Documents/robotics_workspace_new/install/robokpy_interfaces/include/robokpy_interfaces/robokpy_interfaces/srv/ik.hpp\n'}
[18.941619] (robokpy_interfaces) StdoutLine: {'line': b'-- Up-to-date: /home/meta/Documents/robotics_workspace_new/install/robokpy_interfaces/include/robokpy_interfaces/robokpy_interfaces/srv/spawnobject.hpp\n'}
[18.941876] (robokpy_interfaces) StdoutLine: {'line': b'-- Up-to-date: /home/meta/Documents/robotics_workspace_new/install/robokpy_interfaces/include/robokpy_interfaces/robokpy_interfaces/srv/resume_execution.hpp\n'}
[18.942307] (robokpy_interfaces) StdoutLine: {'line': b'-- Up-to-date: /home/meta/Documents/robotics_workspace_new/install/robokpy_interfaces/include/robokpy_interfaces/robokpy_interfaces/srv/reachable.hpp\n'}
[18.942678] (robokpy_interfaces) StdoutLine: {'line': b'-- Up-to-date: /home/meta/Documents/robotics_workspace_new/install/robokpy_interfaces/include/robokpy_interfaces/robokpy_interfaces/srv/fk.hpp\n'}
[18.942988] (robokpy_interfaces) StdoutLine: {'line': b'-- Up-to-date: /home/meta/Documents/robotics_workspace_new/install/robokpy_interfaces/include/robokpy_interfaces/robokpy_interfaces/srv/despawn_object.hpp\n'}
[18.943160] (robokpy_interfaces) StdoutLine: {'line': b'-- Up-to-date: /home/meta/Documents/robotics_workspace_new/install/robokpy_interfaces/include/robokpy_interfaces/robokpy_interfaces/srv/resolve_object_pose.hpp\n'}
[18.943324] (robokpy_interfaces) StdoutLine: {'line': b'-- Up-to-date: /home/meta/Documents/robotics_workspace_new/install/robokpy_interfaces/include/robokpy_interfaces/robokpy_interfaces/srv/chain_fk.hpp\n'}
[18.943532] (robokpy_interfaces) StdoutLine: {'line': b'-- Up-to-date: /home/meta/Documents/robotics_workspace_new/install/robokpy_interfaces/include/robokpy_interfaces/robokpy_interfaces/action\n'}
[18.944270] (robokpy_interfaces) StdoutLine: {'line': b'-- Up-to-date: /home/meta/Documents/robotics_workspace_new/install/robokpy_interfaces/include/robokpy_interfaces/robokpy_interfaces/action/robot_trajectory.hpp\n'}
[18.944690] (robokpy_interfaces) StdoutLine: {'line': b'-- Up-to-date: /home/meta/Documents/robotics_workspace_new/install/robokpy_interfaces/include/robokpy_interfaces/robokpy_interfaces/action/set_joint_target.hpp\n'}
[18.945128] (robokpy_interfaces) StdoutLine: {'line': b'-- Up-to-date: /home/meta/Documents/robotics_workspace_new/install/robokpy_interfaces/include/robokpy_interfaces/robokpy_interfaces/action/plan_trajectory.hpp\n'}
[18.945335] (robokpy_interfaces) StdoutLine: {'line': b'-- Up-to-date: /home/meta/Documents/robotics_workspace_new/install/robokpy_interfaces/include/robokpy_interfaces/robokpy_interfaces/action/tool_execution.hpp\n'}
[18.945478] (robokpy_interfaces) StdoutLine: {'line': b'-- Up-to-date: /home/meta/Documents/robotics_workspace_new/install/robokpy_interfaces/include/robokpy_interfaces/robokpy_interfaces/action/detail\n'}
[18.945629] (robokpy_interfaces) StdoutLine: {'line': b'-- Up-to-date: /home/meta/Documents/robotics_workspace_new/install/robokpy_interfaces/include/robokpy_interfaces/robokpy_interfaces/action/detail/execute_motion__type_support.hpp\n'}
[18.946000] (robokpy_interfaces) StdoutLine: {'line': b'-- Up-to-date: /home/meta/Documents/robotics_workspace_new/install/robokpy_interfaces/include/robokpy_interfaces/robokpy_interfaces/action/detail/plan_trajectory__type_support.hpp\n'}
[18.946311] (robokpy_interfaces) StdoutLine: {'line': b'-- Up-to-date: /home/meta/Documents/robotics_workspace_new/install/robokpy_interfaces/include/robokpy_interfaces/robokpy_interfaces/action/detail/execute_tool_op__traits.hpp\n'}
[18.946455] (robokpy_interfaces) StdoutLine: {'line': b'-- Up-to-date: /home/meta/Documents/robotics_workspace_new/install/robokpy_interfaces/include/robokpy_interfaces/robokpy_interfaces/action/detail/robot_trajectory__type_support.hpp\n'}
[18.946589] (robokpy_interfaces) StdoutLine: {'line': b'-- Up-to-date: /home/meta/Documents/robotics_workspace_new/install/robokpy_interfaces/include/robokpy_interfaces/robokpy_interfaces/action/detail/robot_trajectory__struct.hpp\n'}
[18.946741] (robokpy_interfaces) StdoutLine: {'line': b'-- Up-to-date: /home/meta/Documents/robotics_workspace_new/install/robokpy_interfaces/include/robokpy_interfaces/robokpy_interfaces/action/detail/execute_move_step__traits.hpp\n'}
[18.946887] (robokpy_interfaces) StdoutLine: {'line': b'-- Up-to-date: /home/meta/Documents/robotics_workspace_new/install/robokpy_interfaces/include/robokpy_interfaces/robokpy_interfaces/action/detail/execute_vision_op__struct.hpp\n'}
[18.947020] (robokpy_interfaces) StdoutLine: {'line': b'-- Up-to-date: /home/meta/Documents/robotics_workspace_new/install/robokpy_interfaces/include/robokpy_interfaces/robokpy_interfaces/action/detail/execute_motion__traits.hpp\n'}
[18.947152] (robokpy_interfaces) StdoutLine: {'line': b'-- Up-to-date: /home/meta/Documents/robotics_workspace_new/install/robokpy_interfaces/include/robokpy_interfaces/robokpy_interfaces/action/detail/set_joint_target__builder.hpp\n'}
[18.947295] (robokpy_interfaces) StdoutLine: {'line': b'-- Up-to-date: /home/meta/Documents/robotics_workspace_new/install/robokpy_interfaces/include/robokpy_interfaces/robokpy_interfaces/action/detail/plan_trajectory__traits.hpp\n'}
[18.947427] (robokpy_interfaces) StdoutLine: {'line': b'-- Up-to-date: /home/meta/Documents/robotics_workspace_new/install/robokpy_interfaces/include/robokpy_interfaces/robokpy_interfaces/action/detail/plan_trajectory__builder.hpp\n'}
[18.947556] (robokpy_interfaces) StdoutLine: {'line': b'-- Up-to-date: /home/meta/Documents/robotics_workspace_new/install/robokpy_interfaces/include/robokpy_interfaces/robokpy_interfaces/action/detail/execute_vision_op__builder.hpp\n'}
[18.947681] (robokpy_interfaces) StdoutLine: {'line': b'-- Up-to-date: /home/meta/Documents/robotics_workspace_new/install/robokpy_interfaces/include/robokpy_interfaces/robokpy_interfaces/action/detail/execute_tool_op__type_support.hpp\n'}
[18.947835] (robokpy_interfaces) StdoutLine: {'line': b'-- Up-to-date: /home/meta/Documents/robotics_workspace_new/install/robokpy_interfaces/include/robokpy_interfaces/robokpy_interfaces/action/detail/tool_execution__builder.hpp\n'}
[18.947967] (robokpy_interfaces) StdoutLine: {'line': b'-- Up-to-date: /home/meta/Documents/robotics_workspace_new/install/robokpy_interfaces/include/robokpy_interfaces/robokpy_interfaces/action/detail/set_joint_target__traits.hpp\n'}
[18.948094] (robokpy_interfaces) StdoutLine: {'line': b'-- Up-to-date: /home/meta/Documents/robotics_workspace_new/install/robokpy_interfaces/include/robokpy_interfaces/robokpy_interfaces/action/detail/execute_vision_op__traits.hpp\n'}
[18.948222] (robokpy_interfaces) StdoutLine: {'line': b'-- Up-to-date: /home/meta/Documents/robotics_workspace_new/install/robokpy_interfaces/include/robokpy_interfaces/robokpy_interfaces/action/detail/execute_tool_op__struct.hpp\n'}
[18.948377] (robokpy_interfaces) StdoutLine: {'line': b'-- Up-to-date: /home/meta/Documents/robotics_workspace_new/install/robokpy_interfaces/include/robokpy_interfaces/robokpy_interfaces/action/detail/tool_execution__struct.hpp\n'}
[18.948601] (robokpy_interfaces) StdoutLine: {'line': b'-- Up-to-date: /home/meta/Documents/robotics_workspace_new/install/robokpy_interfaces/include/robokpy_interfaces/robokpy_interfaces/action/detail/set_joint_target__struct.hpp\n'}
[18.948866] (robokpy_interfaces) StdoutLine: {'line': b'-- Up-to-date: /home/meta/Documents/robotics_workspace_new/install/robokpy_interfaces/include/robokpy_interfaces/robokpy_interfaces/action/detail/execute_motion__builder.hpp\n'}
[18.949108] (robokpy_interfaces) StdoutLine: {'line': b'-- Up-to-date: /home/meta/Documents/robotics_workspace_new/install/robokpy_interfaces/include/robokpy_interfaces/robokpy_interfaces/action/detail/tool_execution__type_support.hpp\n'}
[18.949349] (robokpy_interfaces) StdoutLine: {'line': b'-- Up-to-date: /home/meta/Documents/robotics_workspace_new/install/robokpy_interfaces/include/robokpy_interfaces/robokpy_interfaces/action/detail/execute_tool_op__builder.hpp\n'}
[18.949590] (robokpy_interfaces) StdoutLine: {'line': b'-- Up-to-date: /home/meta/Documents/robotics_workspace_new/install/robokpy_interfaces/include/robokpy_interfaces/robokpy_interfaces/action/detail/tool_execution__traits.hpp\n'}
[18.949856] (robokpy_interfaces) StdoutLine: {'line': b'-- Up-to-date: /home/meta/Documents/robotics_workspace_new/install/robokpy_interfaces/include/robokpy_interfaces/robokpy_interfaces/action/detail/execute_move_step__builder.hpp\n'}
[18.950114] (robokpy_interfaces) StdoutLine: {'line': b'-- Up-to-date: /home/meta/Documents/robotics_workspace_new/install/robokpy_interfaces/include/robokpy_interfaces/robokpy_interfaces/action/detail/robot_trajectory__traits.hpp\n'}
[18.950356] (robokpy_interfaces) StdoutLine: {'line': b'-- Up-to-date: /home/meta/Documents/robotics_workspace_new/install/robokpy_interfaces/include/robokpy_interfaces/robokpy_interfaces/action/detail/robot_trajectory__builder.hpp\n'}
[18.950600] (robokpy_interfaces) StdoutLine: {'line': b'-- Up-to-date: /home/meta/Documents/robotics_workspace_new/install/robokpy_interfaces/include/robokpy_interfaces/robokpy_interfaces/action/detail/execute_vision_op__type_support.hpp\n'}
[18.950864] (robokpy_interfaces) StdoutLine: {'line': b'-- Up-to-date: /home/meta/Documents/robotics_workspace_new/install/robokpy_interfaces/include/robokpy_interfaces/robokpy_interfaces/action/detail/execute_move_step__type_support.hpp\n'}
[18.951119] (robokpy_interfaces) StdoutLine: {'line': b'-- Up-to-date: /home/meta/Documents/robotics_workspace_new/install/robokpy_interfaces/include/robokpy_interfaces/robokpy_interfaces/action/detail/execute_motion__struct.hpp\n'}
[18.951370] (robokpy_interfaces) StdoutLine: {'line': b'-- Up-to-date: /home/meta/Documents/robotics_workspace_new/install/robokpy_interfaces/include/robokpy_interfaces/robokpy_interfaces/action/detail/plan_trajectory__struct.hpp\n'}
[18.951616] (robokpy_interfaces) StdoutLine: {'line': b'-- Up-to-date: /home/meta/Documents/robotics_workspace_new/install/robokpy_interfaces/include/robokpy_interfaces/robokpy_interfaces/action/detail/execute_move_step__struct.hpp\n'}
[18.951905] (robokpy_interfaces) StdoutLine: {'line': b'-- Up-to-date: /home/meta/Documents/robotics_workspace_new/install/robokpy_interfaces/include/robokpy_interfaces/robokpy_interfaces/action/detail/set_joint_target__type_support.hpp\n'}
[18.952167] (robokpy_interfaces) StdoutLine: {'line': b'-- Up-to-date: /home/meta/Documents/robotics_workspace_new/install/robokpy_interfaces/include/robokpy_interfaces/robokpy_interfaces/action/execute_vision_op.hpp\n'}
[18.952505] (robokpy_interfaces) StdoutLine: {'line': b'-- Up-to-date: /home/meta/Documents/robotics_workspace_new/install/robokpy_interfaces/include/robokpy_interfaces/robokpy_interfaces/action/execute_motion.hpp\n'}
[18.952794] (robokpy_interfaces) StdoutLine: {'line': b'-- Up-to-date: /home/meta/Documents/robotics_workspace_new/install/robokpy_interfaces/include/robokpy_interfaces/robokpy_interfaces/action/execute_tool_op.hpp\n'}
[18.953099] (robokpy_interfaces) StdoutLine: {'line': b'-- Up-to-date: /home/meta/Documents/robotics_workspace_new/install/robokpy_interfaces/include/robokpy_interfaces/robokpy_interfaces/action/execute_move_step.hpp\n'}
[18.953352] (robokpy_interfaces) StdoutLine: {'line': b'-- Up-to-date: /home/meta/Documents/robotics_workspace_new/install/robokpy_interfaces/include/robokpy_interfaces/robokpy_interfaces/msg\n'}
[18.953608] (robokpy_interfaces) StdoutLine: {'line': b'-- Up-to-date: /home/meta/Documents/robotics_workspace_new/install/robokpy_interfaces/include/robokpy_interfaces/robokpy_interfaces/msg/rosidl_generator_cpp__visibility_control.hpp\n'}
[18.953893] (robokpy_interfaces) StdoutLine: {'line': b'-- Up-to-date: /home/meta/Documents/robotics_workspace_new/install/robokpy_interfaces/include/robokpy_interfaces/robokpy_interfaces/msg/cell_state.hpp\n'}
[18.954151] (robokpy_interfaces) StdoutLine: {'line': b'-- Up-to-date: /home/meta/Documents/robotics_workspace_new/install/robokpy_interfaces/include/robokpy_interfaces/robokpy_interfaces/msg/detail\n'}
[18.954395] (robokpy_interfaces) StdoutLine: {'line': b'-- Up-to-date: /home/meta/Documents/robotics_workspace_new/install/robokpy_interfaces/include/robokpy_interfaces/robokpy_interfaces/msg/detail/cell_state__traits.hpp\n'}
[18.954686] (robokpy_interfaces) StdoutLine: {'line': b'-- Up-to-date: /home/meta/Documents/robotics_workspace_new/install/robokpy_interfaces/include/robokpy_interfaces/robokpy_interfaces/msg/detail/cell_state__struct.hpp\n'}
[18.954971] (robokpy_interfaces) StdoutLine: {'line': b'-- Up-to-date: /home/meta/Documents/robotics_workspace_new/install/robokpy_interfaces/include/robokpy_interfaces/robokpy_interfaces/msg/detail/cell_state__type_support.hpp\n'}
[18.955222] (robokpy_interfaces) StdoutLine: {'line': b'-- Up-to-date: /home/meta/Documents/robotics_workspace_new/install/robokpy_interfaces/include/robokpy_interfaces/robokpy_interfaces/msg/detail/cell_state__builder.hpp\n'}
[18.955469] (robokpy_interfaces) StdoutLine: {'line': b'-- Up-to-date: /home/meta/Documents/robotics_workspace_new/install/robokpy_interfaces/include/robokpy_interfaces/robokpy_interfaces\n'}
[18.955719] (robokpy_interfaces) StdoutLine: {'line': b'-- Up-to-date: /home/meta/Documents/robotics_workspace_new/install/robokpy_interfaces/include/robokpy_interfaces/robokpy_interfaces/srv\n'}
[18.955984] (robokpy_interfaces) StdoutLine: {'line': b'-- Up-to-date: /home/meta/Documents/robotics_workspace_new/install/robokpy_interfaces/include/robokpy_interfaces/robokpy_interfaces/srv/detail\n'}
[18.956237] (robokpy_interfaces) StdoutLine: {'line': b'-- Up-to-date: /home/meta/Documents/robotics_workspace_new/install/robokpy_interfaces/include/robokpy_interfaces/robokpy_interfaces/srv/detail/spawn_object__rosidl_typesupport_fastrtps_cpp.hpp\n'}
[18.956483] (robokpy_interfaces) StdoutLine: {'line': b'-- Up-to-date: /home/meta/Documents/robotics_workspace_new/install/robokpy_interfaces/include/robokpy_interfaces/robokpy_interfaces/srv/detail/spawnobject__rosidl_typesupport_fastrtps_cpp.hpp\n'}
[18.956677] (robokpy_interfaces) StdoutLine: {'line': b'-- Up-to-date: /home/meta/Documents/robotics_workspace_new/install/robokpy_interfaces/include/robokpy_interfaces/robokpy_interfaces/srv/detail/reachable__rosidl_typesupport_fastrtps_cpp.hpp\n'}
[18.956852] (robokpy_interfaces) StdoutLine: {'line': b'-- Up-to-date: /home/meta/Documents/robotics_workspace_new/install/robokpy_interfaces/include/robokpy_interfaces/robokpy_interfaces/srv/detail/fk__rosidl_typesupport_fastrtps_cpp.hpp\n'}
[18.956996] (robokpy_interfaces) StdoutLine: {'line': b'-- Up-to-date: /home/meta/Documents/robotics_workspace_new/install/robokpy_interfaces/include/robokpy_interfaces/robokpy_interfaces/srv/detail/ik__rosidl_typesupport_fastrtps_cpp.hpp\n'}
[18.957128] (robokpy_interfaces) StdoutLine: {'line': b'-- Up-to-date: /home/meta/Documents/robotics_workspace_new/install/robokpy_interfaces/include/robokpy_interfaces/robokpy_interfaces/srv/detail/resolve_object_pose__rosidl_typesupport_fastrtps_cpp.hpp\n'}
[18.957277] (robokpy_interfaces) StdoutLine: {'line': b'-- Up-to-date: /home/meta/Documents/robotics_workspace_new/install/robokpy_interfaces/include/robokpy_interfaces/robokpy_interfaces/srv/detail/execution_state__rosidl_typesupport_fastrtps_cpp.hpp\n'}
[18.957418] (robokpy_interfaces) StdoutLine: {'line': b'-- Up-to-date: /home/meta/Documents/robotics_workspace_new/install/robokpy_interfaces/include/robokpy_interfaces/robokpy_interfaces/srv/detail/grasp_attach__rosidl_typesupport_fastrtps_cpp.hpp\n'}
[18.957551] (robokpy_interfaces) StdoutLine: {'line': b'-- Up-to-date: /home/meta/Documents/robotics_workspace_new/install/robokpy_interfaces/include/robokpy_interfaces/robokpy_interfaces/srv/detail/resume_execution__rosidl_typesupport_fastrtps_cpp.hpp\n'}
[18.957680] (robokpy_interfaces) StdoutLine: {'line': b'-- Up-to-date: /home/meta/Documents/robotics_workspace_new/install/robokpy_interfaces/include/robokpy_interfaces/robokpy_interfaces/srv/detail/chain_fk__rosidl_typesupport_fastrtps_cpp.hpp\n'}
[18.957838] (robokpy_interfaces) StdoutLine: {'line': b'-- Up-to-date: /home/meta/Documents/robotics_workspace_new/install/robokpy_interfaces/include/robokpy_interfaces/robokpy_interfaces/srv/detail/system_mode__rosidl_typesupport_fastrtps_cpp.hpp\n'}
[18.957972] (robokpy_interfaces) StdoutLine: {'line': b'-- Up-to-date: /home/meta/Documents/robotics_workspace_new/install/robokpy_interfaces/include/robokpy_interfaces/robokpy_interfaces/srv/detail/load_recipe__rosidl_typesupport_fastrtps_cpp.hpp\n'}
[18.958101] (robokpy_interfaces) StdoutLine: {'line': b'-- Up-to-date: /home/meta/Documents/robotics_workspace_new/install/robokpy_interfaces/include/robokpy_interfaces/robokpy_interfaces/srv/detail/despawn_object__rosidl_typesupport_fastrtps_cpp.hpp\n'}
[18.958230] (robokpy_interfaces) StdoutLine: {'line': b'-- Up-to-date: /home/meta/Documents/robotics_workspace_new/install/robokpy_interfaces/include/robokpy_interfaces/robokpy_interfaces/srv/detail/dds_fastrtps\n'}
[18.958361] (robokpy_interfaces) StdoutLine: {'line': b'-- Up-to-date: /home/meta/Documents/robotics_workspace_new/install/robokpy_interfaces/include/robokpy_interfaces/robokpy_interfaces/srv/detail/jacobian__rosidl_typesupport_fastrtps_cpp.hpp\n'}
[18.958491] (robokpy_interfaces) StdoutLine: {'line': b'-- Up-to-date: /home/meta/Documents/robotics_workspace_new/install/robokpy_interfaces/include/robokpy_interfaces/robokpy_interfaces/srv/detail/set_planning_tip_link__rosidl_typesupport_fastrtps_cpp.hpp\n'}
[18.958620] (robokpy_interfaces) StdoutLine: {'line': b'-- Up-to-date: /home/meta/Documents/robotics_workspace_new/install/robokpy_interfaces/include/robokpy_interfaces/robokpy_interfaces/srv/detail/despawnobject__rosidl_typesupport_fastrtps_cpp.hpp\n'}
[18.958804] (robokpy_interfaces) StdoutLine: {'line': b'-- Up-to-date: /home/meta/Documents/robotics_workspace_new/install/robokpy_interfaces/include/robokpy_interfaces/robokpy_interfaces/action\n'}
[18.958943] (robokpy_interfaces) StdoutLine: {'line': b'-- Up-to-date: /home/meta/Documents/robotics_workspace_new/install/robokpy_interfaces/include/robokpy_interfaces/robokpy_interfaces/action/detail\n'}
[18.959069] (robokpy_interfaces) StdoutLine: {'line': b'-- Up-to-date: /home/meta/Documents/robotics_workspace_new/install/robokpy_interfaces/include/robokpy_interfaces/robokpy_interfaces/action/detail/set_joint_target__rosidl_typesupport_fastrtps_cpp.hpp\n'}
[18.959197] (robokpy_interfaces) StdoutLine: {'line': b'-- Up-to-date: /home/meta/Documents/robotics_workspace_new/install/robokpy_interfaces/include/robokpy_interfaces/robokpy_interfaces/action/detail/plan_trajectory__rosidl_typesupport_fastrtps_cpp.hpp\n'}
[18.959385] (robokpy_interfaces) StdoutLine: {'line': b'-- Up-to-date: /home/meta/Documents/robotics_workspace_new/install/robokpy_interfaces/include/robokpy_interfaces/robokpy_interfaces/action/detail/robot_trajectory__rosidl_typesupport_fastrtps_cpp.hpp\n'}
[18.959867] (robokpy_interfaces) StdoutLine: {'line': b'-- Up-to-date: /home/meta/Documents/robotics_workspace_new/install/robokpy_interfaces/include/robokpy_interfaces/robokpy_interfaces/action/detail/execute_move_step__rosidl_typesupport_fastrtps_cpp.hpp\n'}
[18.960032] (robokpy_interfaces) StdoutLine: {'line': b'-- Up-to-date: /home/meta/Documents/robotics_workspace_new/install/robokpy_interfaces/include/robokpy_interfaces/robokpy_interfaces/action/detail/tool_execution__rosidl_typesupport_fastrtps_cpp.hpp\n'}
[18.960166] (robokpy_interfaces) StdoutLine: {'line': b'-- Up-to-date: /home/meta/Documents/robotics_workspace_new/install/robokpy_interfaces/include/robokpy_interfaces/robokpy_interfaces/action/detail/execute_vision_op__rosidl_typesupport_fastrtps_cpp.hpp\n'}
[18.960300] (robokpy_interfaces) StdoutLine: {'line': b'-- Up-to-date: /home/meta/Documents/robotics_workspace_new/install/robokpy_interfaces/include/robokpy_interfaces/robokpy_interfaces/action/detail/dds_fastrtps\n'}
[18.960431] (robokpy_interfaces) StdoutLine: {'line': b'-- Up-to-date: /home/meta/Documents/robotics_workspace_new/install/robokpy_interfaces/include/robokpy_interfaces/robokpy_interfaces/action/detail/execute_motion__rosidl_typesupport_fastrtps_cpp.hpp\n'}
[18.960560] (robokpy_interfaces) StdoutLine: {'line': b'-- Up-to-date: /home/meta/Documents/robotics_workspace_new/install/robokpy_interfaces/include/robokpy_interfaces/robokpy_interfaces/action/detail/execute_tool_op__rosidl_typesupport_fastrtps_cpp.hpp\n'}
[18.960716] (robokpy_interfaces) StdoutLine: {'line': b'-- Up-to-date: /home/meta/Documents/robotics_workspace_new/install/robokpy_interfaces/include/robokpy_interfaces/robokpy_interfaces/msg\n'}
[18.960867] (robokpy_interfaces) StdoutLine: {'line': b'-- Up-to-date: /home/meta/Documents/robotics_workspace_new/install/robokpy_interfaces/include/robokpy_interfaces/robokpy_interfaces/msg/rosidl_typesupport_fastrtps_cpp__visibility_control.h\n'}
[18.960998] (robokpy_interfaces) StdoutLine: {'line': b'-- Up-to-date: /home/meta/Documents/robotics_workspace_new/install/robokpy_interfaces/include/robokpy_interfaces/robokpy_interfaces/msg/detail\n'}
[18.961127] (robokpy_interfaces) StdoutLine: {'line': b'-- Up-to-date: /home/meta/Documents/robotics_workspace_new/install/robokpy_interfaces/include/robokpy_interfaces/robokpy_interfaces/msg/detail/cell_state__rosidl_typesupport_fastrtps_cpp.hpp\n'}
[18.961257] (robokpy_interfaces) StdoutLine: {'line': b'-- Up-to-date: /home/meta/Documents/robotics_workspace_new/install/robokpy_interfaces/include/robokpy_interfaces/robokpy_interfaces/msg/detail/dds_fastrtps\n'}
[18.989993] (-) TimerEvent: {}
[19.061783] (robokpy_interfaces) StdoutLine: {'line': b'-- Up-to-date: /home/meta/Documents/robotics_workspace_new/install/robokpy_interfaces/lib/librobokpy_interfaces__rosidl_typesupport_fastrtps_cpp.so\n'}
[19.062219] (robokpy_interfaces) StdoutLine: {'line': b'-- Up-to-date: /home/meta/Documents/robotics_workspace_new/install/robokpy_interfaces/include/robokpy_interfaces/robokpy_interfaces\n'}
[19.062479] (robokpy_interfaces) StdoutLine: {'line': b'-- Up-to-date: /home/meta/Documents/robotics_workspace_new/install/robokpy_interfaces/include/robokpy_interfaces/robokpy_interfaces/srv\n'}
[19.062793] (robokpy_interfaces) StdoutLine: {'line': b'-- Up-to-date: /home/meta/Documents/robotics_workspace_new/install/robokpy_interfaces/include/robokpy_interfaces/robokpy_interfaces/srv/detail\n'}
[19.063077] (robokpy_interfaces) StdoutLine: {'line': b'-- Up-to-date: /home/meta/Documents/robotics_workspace_new/install/robokpy_interfaces/include/robokpy_interfaces/robokpy_interfaces/srv/detail/spawnobject__rosidl_typesupport_introspection_cpp.hpp\n'}
[19.063308] (robokpy_interfaces) StdoutLine: {'line': b'-- Up-to-date: /home/meta/Documents/robotics_workspace_new/install/robokpy_interfaces/include/robokpy_interfaces/robokpy_interfaces/srv/detail/despawnobject__rosidl_typesupport_introspection_cpp.hpp\n'}
[19.063559] (robokpy_interfaces) StdoutLine: {'line': b'-- Up-to-date: /home/meta/Documents/robotics_workspace_new/install/robokpy_interfaces/include/robokpy_interfaces/robokpy_interfaces/srv/detail/ik__rosidl_typesupport_introspection_cpp.hpp\n'}
[19.064123] (robokpy_interfaces) StdoutLine: {'line': b'-- Up-to-date: /home/meta/Documents/robotics_workspace_new/install/robokpy_interfaces/include/robokpy_interfaces/robokpy_interfaces/srv/detail/ik__type_support.cpp\n'}
[19.064444] (robokpy_interfaces) StdoutLine: {'line': b'-- Up-to-date: /home/meta/Documents/robotics_workspace_new/install/robokpy_interfaces/include/robokpy_interfaces/robokpy_interfaces/srv/detail/jacobian__type_support.cpp\n'}
[19.068871] (robokpy_interfaces) StdoutLine: {'line': b'-- Up-to-date: /home/meta/Documents/robotics_workspace_new/install/robokpy_interfaces/include/robokpy_interfaces/robokpy_interfaces/srv/detail/despawn_object__type_support.cpp\n'}
[19.069231] (robokpy_interfaces) StdoutLine: {'line': b'-- Up-to-date: /home/meta/Documents/robotics_workspace_new/install/robokpy_interfaces/include/robokpy_interfaces/robokpy_interfaces/srv/detail/system_mode__rosidl_typesupport_introspection_cpp.hpp\n'}
[19.069507] (robokpy_interfaces) StdoutLine: {'line': b'-- Up-to-date: /home/meta/Documents/robotics_workspace_new/install/robokpy_interfaces/include/robokpy_interfaces/robokpy_interfaces/srv/detail/fk__type_support.cpp\n'}
[19.070089] (robokpy_interfaces) StdoutLine: {'line': b'-- Up-to-date: /home/meta/Documents/robotics_workspace_new/install/robokpy_interfaces/include/robokpy_interfaces/robokpy_interfaces/srv/detail/despawn_object__rosidl_typesupport_introspection_cpp.hpp\n'}
[19.070911] (robokpy_interfaces) StdoutLine: {'line': b'-- Up-to-date: /home/meta/Documents/robotics_workspace_new/install/robokpy_interfaces/include/robokpy_interfaces/robokpy_interfaces/srv/detail/despawnobject__type_support.cpp\n'}
[19.071641] (robokpy_interfaces) StdoutLine: {'line': b'-- Up-to-date: /home/meta/Documents/robotics_workspace_new/install/robokpy_interfaces/include/robokpy_interfaces/robokpy_interfaces/srv/detail/system_mode__type_support.cpp\n'}
[19.072275] (robokpy_interfaces) StdoutLine: {'line': b'-- Up-to-date: /home/meta/Documents/robotics_workspace_new/install/robokpy_interfaces/include/robokpy_interfaces/robokpy_interfaces/srv/detail/load_recipe__type_support.cpp\n'}
[19.072779] (robokpy_interfaces) StdoutLine: {'line': b'-- Up-to-date: /home/meta/Documents/robotics_workspace_new/install/robokpy_interfaces/include/robokpy_interfaces/robokpy_interfaces/srv/detail/set_planning_tip_link__type_support.cpp\n'}
[19.073347] (robokpy_interfaces) StdoutLine: {'line': b'-- Up-to-date: /home/meta/Documents/robotics_workspace_new/install/robokpy_interfaces/include/robokpy_interfaces/robokpy_interfaces/srv/detail/grasp_attach__rosidl_typesupport_introspection_cpp.hpp\n'}
[19.074389] (robokpy_interfaces) StdoutLine: {'line': b'-- Up-to-date: /home/meta/Documents/robotics_workspace_new/install/robokpy_interfaces/include/robokpy_interfaces/robokpy_interfaces/srv/detail/jacobian__rosidl_typesupport_introspection_cpp.hpp\n'}
[19.074757] (robokpy_interfaces) StdoutLine: {'line': b'-- Up-to-date: /home/meta/Documents/robotics_workspace_new/install/robokpy_interfaces/include/robokpy_interfaces/robokpy_interfaces/srv/detail/resume_execution__rosidl_typesupport_introspection_cpp.hpp\n'}
[19.075048] (robokpy_interfaces) StdoutLine: {'line': b'-- Up-to-date: /home/meta/Documents/robotics_workspace_new/install/robokpy_interfaces/include/robokpy_interfaces/robokpy_interfaces/srv/detail/chain_fk__rosidl_typesupport_introspection_cpp.hpp\n'}
[19.075296] (robokpy_interfaces) StdoutLine: {'line': b'-- Up-to-date: /home/meta/Documents/robotics_workspace_new/install/robokpy_interfaces/include/robokpy_interfaces/robokpy_interfaces/srv/detail/spawn_object__rosidl_typesupport_introspection_cpp.hpp\n'}
[19.075542] (robokpy_interfaces) StdoutLine: {'line': b'-- Up-to-date: /home/meta/Documents/robotics_workspace_new/install/robokpy_interfaces/include/robokpy_interfaces/robokpy_interfaces/srv/detail/reachable__type_support.cpp\n'}
[19.076333] (robokpy_interfaces) StdoutLine: {'line': b'-- Up-to-date: /home/meta/Documents/robotics_workspace_new/install/robokpy_interfaces/include/robokpy_interfaces/robokpy_interfaces/srv/detail/execution_state__rosidl_typesupport_introspection_cpp.hpp\n'}
[19.076693] (robokpy_interfaces) StdoutLine: {'line': b'-- Up-to-date: /home/meta/Documents/robotics_workspace_new/install/robokpy_interfaces/include/robokpy_interfaces/robokpy_interfaces/srv/detail/resume_execution__type_support.cpp\n'}
[19.077003] (robokpy_interfaces) StdoutLine: {'line': b'-- Up-to-date: /home/meta/Documents/robotics_workspace_new/install/robokpy_interfaces/include/robokpy_interfaces/robokpy_interfaces/srv/detail/resolve_object_pose__type_support.cpp\n'}
[19.077256] (robokpy_interfaces) StdoutLine: {'line': b'-- Up-to-date: /home/meta/Documents/robotics_workspace_new/install/robokpy_interfaces/include/robokpy_interfaces/robokpy_interfaces/srv/detail/grasp_attach__type_support.cpp\n'}
[19.077495] (robokpy_interfaces) StdoutLine: {'line': b'-- Up-to-date: /home/meta/Documents/robotics_workspace_new/install/robokpy_interfaces/include/robokpy_interfaces/robokpy_interfaces/srv/detail/execution_state__type_support.cpp\n'}
[19.078197] (robokpy_interfaces) StdoutLine: {'line': b'-- Up-to-date: /home/meta/Documents/robotics_workspace_new/install/robokpy_interfaces/include/robokpy_interfaces/robokpy_interfaces/srv/detail/spawnobject__type_support.cpp\n'}
[19.078521] (robokpy_interfaces) StdoutLine: {'line': b'-- Up-to-date: /home/meta/Documents/robotics_workspace_new/install/robokpy_interfaces/include/robokpy_interfaces/robokpy_interfaces/srv/detail/set_planning_tip_link__rosidl_typesupport_introspection_cpp.hpp\n'}
[19.078849] (robokpy_interfaces) StdoutLine: {'line': b'-- Up-to-date: /home/meta/Documents/robotics_workspace_new/install/robokpy_interfaces/include/robokpy_interfaces/robokpy_interfaces/srv/detail/reachable__rosidl_typesupport_introspection_cpp.hpp\n'}
[19.079108] (robokpy_interfaces) StdoutLine: {'line': b'-- Up-to-date: /home/meta/Documents/robotics_workspace_new/install/robokpy_interfaces/include/robokpy_interfaces/robokpy_interfaces/srv/detail/load_recipe__rosidl_typesupport_introspection_cpp.hpp\n'}
[19.079707] (robokpy_interfaces) StdoutLine: {'line': b'-- Up-to-date: /home/meta/Documents/robotics_workspace_new/install/robokpy_interfaces/include/robokpy_interfaces/robokpy_interfaces/srv/detail/fk__rosidl_typesupport_introspection_cpp.hpp\n'}
[19.080003] (robokpy_interfaces) StdoutLine: {'line': b'-- Up-to-date: /home/meta/Documents/robotics_workspace_new/install/robokpy_interfaces/include/robokpy_interfaces/robokpy_interfaces/srv/detail/spawn_object__type_support.cpp\n'}
[19.080255] (robokpy_interfaces) StdoutLine: {'line': b'-- Up-to-date: /home/meta/Documents/robotics_workspace_new/install/robokpy_interfaces/include/robokpy_interfaces/robokpy_interfaces/srv/detail/resolve_object_pose__rosidl_typesupport_introspection_cpp.hpp\n'}
[19.081052] (robokpy_interfaces) StdoutLine: {'line': b'-- Up-to-date: /home/meta/Documents/robotics_workspace_new/install/robokpy_interfaces/include/robokpy_interfaces/robokpy_interfaces/srv/detail/chain_fk__type_support.cpp\n'}
[19.081353] (robokpy_interfaces) StdoutLine: {'line': b'-- Up-to-date: /home/meta/Documents/robotics_workspace_new/install/robokpy_interfaces/include/robokpy_interfaces/robokpy_interfaces/action\n'}
[19.081611] (robokpy_interfaces) StdoutLine: {'line': b'-- Up-to-date: /home/meta/Documents/robotics_workspace_new/install/robokpy_interfaces/include/robokpy_interfaces/robokpy_interfaces/action/detail\n'}
[19.082536] (robokpy_interfaces) StdoutLine: {'line': b'-- Up-to-date: /home/meta/Documents/robotics_workspace_new/install/robokpy_interfaces/include/robokpy_interfaces/robokpy_interfaces/action/detail/execute_tool_op__type_support.cpp\n'}
[19.082926] (robokpy_interfaces) StdoutLine: {'line': b'-- Up-to-date: /home/meta/Documents/robotics_workspace_new/install/robokpy_interfaces/include/robokpy_interfaces/robokpy_interfaces/action/detail/execute_vision_op__type_support.cpp\n'}
[19.083219] (robokpy_interfaces) StdoutLine: {'line': b'-- Up-to-date: /home/meta/Documents/robotics_workspace_new/install/robokpy_interfaces/include/robokpy_interfaces/robokpy_interfaces/action/detail/plan_trajectory__rosidl_typesupport_introspection_cpp.hpp\n'}
[19.083507] (robokpy_interfaces) StdoutLine: {'line': b'-- Up-to-date: /home/meta/Documents/robotics_workspace_new/install/robokpy_interfaces/include/robokpy_interfaces/robokpy_interfaces/action/detail/execute_vision_op__rosidl_typesupport_introspection_cpp.hpp\n'}
[19.083789] (robokpy_interfaces) StdoutLine: {'line': b'-- Up-to-date: /home/meta/Documents/robotics_workspace_new/install/robokpy_interfaces/include/robokpy_interfaces/robokpy_interfaces/action/detail/set_joint_target__type_support.cpp\n'}
[19.084090] (robokpy_interfaces) StdoutLine: {'line': b'-- Up-to-date: /home/meta/Documents/robotics_workspace_new/install/robokpy_interfaces/include/robokpy_interfaces/robokpy_interfaces/action/detail/robot_trajectory__rosidl_typesupport_introspection_cpp.hpp\n'}
[19.084347] (robokpy_interfaces) StdoutLine: {'line': b'-- Up-to-date: /home/meta/Documents/robotics_workspace_new/install/robokpy_interfaces/include/robokpy_interfaces/robokpy_interfaces/action/detail/set_joint_target__rosidl_typesupport_introspection_cpp.hpp\n'}
[19.084604] (robokpy_interfaces) StdoutLine: {'line': b'-- Up-to-date: /home/meta/Documents/robotics_workspace_new/install/robokpy_interfaces/include/robokpy_interfaces/robokpy_interfaces/action/detail/execute_tool_op__rosidl_typesupport_introspection_cpp.hpp\n'}
[19.084886] (robokpy_interfaces) StdoutLine: {'line': b'-- Up-to-date: /home/meta/Documents/robotics_workspace_new/install/robokpy_interfaces/include/robokpy_interfaces/robokpy_interfaces/action/detail/plan_trajectory__type_support.cpp\n'}
[19.085134] (robokpy_interfaces) StdoutLine: {'line': b'-- Up-to-date: /home/meta/Documents/robotics_workspace_new/install/robokpy_interfaces/include/robokpy_interfaces/robokpy_interfaces/action/detail/tool_execution__rosidl_typesupport_introspection_cpp.hpp\n'}
[19.085380] (robokpy_interfaces) StdoutLine: {'line': b'-- Up-to-date: /home/meta/Documents/robotics_workspace_new/install/robokpy_interfaces/include/robokpy_interfaces/robokpy_interfaces/action/detail/execute_move_step__type_support.cpp\n'}
[19.085627] (robokpy_interfaces) StdoutLine: {'line': b'-- Up-to-date: /home/meta/Documents/robotics_workspace_new/install/robokpy_interfaces/include/robokpy_interfaces/robokpy_interfaces/action/detail/tool_execution__type_support.cpp\n'}
[19.085902] (robokpy_interfaces) StdoutLine: {'line': b'-- Up-to-date: /home/meta/Documents/robotics_workspace_new/install/robokpy_interfaces/include/robokpy_interfaces/robokpy_interfaces/action/detail/execute_motion__rosidl_typesupport_introspection_cpp.hpp\n'}
[19.086158] (robokpy_interfaces) StdoutLine: {'line': b'-- Up-to-date: /home/meta/Documents/robotics_workspace_new/install/robokpy_interfaces/include/robokpy_interfaces/robokpy_interfaces/action/detail/robot_trajectory__type_support.cpp\n'}
[19.086451] (robokpy_interfaces) StdoutLine: {'line': b'-- Up-to-date: /home/meta/Documents/robotics_workspace_new/install/robokpy_interfaces/include/robokpy_interfaces/robokpy_interfaces/action/detail/execute_move_step__rosidl_typesupport_introspection_cpp.hpp\n'}
[19.087143] (robokpy_interfaces) StdoutLine: {'line': b'-- Up-to-date: /home/meta/Documents/robotics_workspace_new/install/robokpy_interfaces/include/robokpy_interfaces/robokpy_interfaces/action/detail/execute_motion__type_support.cpp\n'}
[19.087412] (robokpy_interfaces) StdoutLine: {'line': b'-- Up-to-date: /home/meta/Documents/robotics_workspace_new/install/robokpy_interfaces/include/robokpy_interfaces/robokpy_interfaces/msg\n'}
[19.087657] (robokpy_interfaces) StdoutLine: {'line': b'-- Up-to-date: /home/meta/Documents/robotics_workspace_new/install/robokpy_interfaces/include/robokpy_interfaces/robokpy_interfaces/msg/detail\n'}
[19.087933] (robokpy_interfaces) StdoutLine: {'line': b'-- Up-to-date: /home/meta/Documents/robotics_workspace_new/install/robokpy_interfaces/include/robokpy_interfaces/robokpy_interfaces/msg/detail/cell_state__type_support.cpp\n'}
[19.088188] (robokpy_interfaces) StdoutLine: {'line': b'-- Up-to-date: /home/meta/Documents/robotics_workspace_new/install/robokpy_interfaces/include/robokpy_interfaces/robokpy_interfaces/msg/detail/cell_state__rosidl_typesupport_introspection_cpp.hpp\n'}
[19.090105] (-) TimerEvent: {}
[19.138739] (robokpy_interfaces) StdoutLine: {'line': b'-- Up-to-date: /home/meta/Documents/robotics_workspace_new/install/robokpy_interfaces/lib/librobokpy_interfaces__rosidl_typesupport_introspection_cpp.so\n'}
[19.190236] (-) TimerEvent: {}
[19.258718] (robokpy_interfaces) StdoutLine: {'line': b'-- Up-to-date: /home/meta/Documents/robotics_workspace_new/install/robokpy_interfaces/lib/librobokpy_interfaces__rosidl_typesupport_cpp.so\n'}
[19.259814] (robokpy_interfaces) StdoutLine: {'line': b'-- Up-to-date: /home/meta/Documents/robotics_workspace_new/install/robokpy_interfaces/share/robokpy_interfaces/environment/pythonpath.sh\n'}
[19.260247] (robokpy_interfaces) StdoutLine: {'line': b'-- Up-to-date: /home/meta/Documents/robotics_workspace_new/install/robokpy_interfaces/share/robokpy_interfaces/environment/pythonpath.dsv\n'}
[19.260578] (robokpy_interfaces) StdoutLine: {'line': b'-- Up-to-date: /home/meta/Documents/robotics_workspace_new/install/robokpy_interfaces/lib/python3.12/site-packages/robokpy_interfaces-0.0.0-py3.12.egg-info\n'}
[19.261081] (robokpy_interfaces) StdoutLine: {'line': b'-- Installing: /home/meta/Documents/robotics_workspace_new/install/robokpy_interfaces/lib/python3.12/site-packages/robokpy_interfaces-0.0.0-py3.12.egg-info/dependency_links.txt\n'}
[19.261576] (robokpy_interfaces) StdoutLine: {'line': b'-- Installing: /home/meta/Documents/robotics_workspace_new/install/robokpy_interfaces/lib/python3.12/site-packages/robokpy_interfaces-0.0.0-py3.12.egg-info/SOURCES.txt\n'}
[19.262046] (robokpy_interfaces) StdoutLine: {'line': b'-- Installing: /home/meta/Documents/robotics_workspace_new/install/robokpy_interfaces/lib/python3.12/site-packages/robokpy_interfaces-0.0.0-py3.12.egg-info/PKG-INFO\n'}
[19.264275] (robokpy_interfaces) StdoutLine: {'line': b'-- Installing: /home/meta/Documents/robotics_workspace_new/install/robokpy_interfaces/lib/python3.12/site-packages/robokpy_interfaces-0.0.0-py3.12.egg-info/top_level.txt\n'}
[19.264836] (robokpy_interfaces) StdoutLine: {'line': b'-- Up-to-date: /home/meta/Documents/robotics_workspace_new/install/robokpy_interfaces/lib/python3.12/site-packages/robokpy_interfaces\n'}
[19.265848] (robokpy_interfaces) StdoutLine: {'line': b'-- Up-to-date: /home/meta/Documents/robotics_workspace_new/install/robokpy_interfaces/lib/python3.12/site-packages/robokpy_interfaces/srv\n'}
[19.266868] (robokpy_interfaces) StdoutLine: {'line': b'-- Up-to-date: /home/meta/Documents/robotics_workspace_new/install/robokpy_interfaces/lib/python3.12/site-packages/robokpy_interfaces/srv/_resolve_object_pose_s.c\n'}
[19.267166] (robokpy_interfaces) StdoutLine: {'line': b'-- Up-to-date: /home/meta/Documents/robotics_workspace_new/install/robokpy_interfaces/lib/python3.12/site-packages/robokpy_interfaces/srv/_jacobian.py\n'}
[19.267428] (robokpy_interfaces) StdoutLine: {'line': b'-- Up-to-date: /home/meta/Documents/robotics_workspace_new/install/robokpy_interfaces/lib/python3.12/site-packages/robokpy_interfaces/srv/_resume_execution.py\n'}
[19.267671] (robokpy_interfaces) StdoutLine: {'line': b'-- Up-to-date: /home/meta/Documents/robotics_workspace_new/install/robokpy_interfaces/lib/python3.12/site-packages/robokpy_interfaces/srv/_despawnobject.py\n'}
[19.267950] (robokpy_interfaces) StdoutLine: {'line': b'-- Up-to-date: /home/meta/Documents/robotics_workspace_new/install/robokpy_interfaces/lib/python3.12/site-packages/robokpy_interfaces/srv/_grasp_attach_s.c\n'}
[19.268105] (robokpy_interfaces) StdoutLine: {'line': b'-- Up-to-date: /home/meta/Documents/robotics_workspace_new/install/robokpy_interfaces/lib/python3.12/site-packages/robokpy_interfaces/srv/_spawnobject.py\n'}
[19.268242] (robokpy_interfaces) StdoutLine: {'line': b'-- Up-to-date: /home/meta/Documents/robotics_workspace_new/install/robokpy_interfaces/lib/python3.12/site-packages/robokpy_interfaces/srv/_despawn_object_s.c\n'}
[19.268375] (robokpy_interfaces) StdoutLine: {'line': b'-- Up-to-date: /home/meta/Documents/robotics_workspace_new/install/robokpy_interfaces/lib/python3.12/site-packages/robokpy_interfaces/srv/_load_recipe_s.c\n'}
[19.268547] (robokpy_interfaces) StdoutLine: {'line': b'-- Up-to-date: /home/meta/Documents/robotics_workspace_new/install/robokpy_interfaces/lib/python3.12/site-packages/robokpy_interfaces/srv/_resume_execution_s.c\n'}
[19.268678] (robokpy_interfaces) StdoutLine: {'line': b'-- Up-to-date: /home/meta/Documents/robotics_workspace_new/install/robokpy_interfaces/lib/python3.12/site-packages/robokpy_interfaces/srv/_execution_state_s.c\n'}
[19.268870] (robokpy_interfaces) StdoutLine: {'line': b'-- Up-to-date: /home/meta/Documents/robotics_workspace_new/install/robokpy_interfaces/lib/python3.12/site-packages/robokpy_interfaces/srv/_spawnobject_s.c\n'}
[19.269022] (robokpy_interfaces) StdoutLine: {'line': b'-- Up-to-date: /home/meta/Documents/robotics_workspace_new/install/robokpy_interfaces/lib/python3.12/site-packages/robokpy_interfaces/srv/_fk_s.c\n'}
[19.269154] (robokpy_interfaces) StdoutLine: {'line': b'-- Up-to-date: /home/meta/Documents/robotics_workspace_new/install/robokpy_interfaces/lib/python3.12/site-packages/robokpy_interfaces/srv/_reachable_s.c\n'}
[19.269287] (robokpy_interfaces) StdoutLine: {'line': b'-- Up-to-date: /home/meta/Documents/robotics_workspace_new/install/robokpy_interfaces/lib/python3.12/site-packages/robokpy_interfaces/srv/_despawn_object.py\n'}
[19.269416] (robokpy_interfaces) StdoutLine: {'line': b'-- Up-to-date: /home/meta/Documents/robotics_workspace_new/install/robokpy_interfaces/lib/python3.12/site-packages/robokpy_interfaces/srv/_spawn_object.py\n'}
[19.269545] (robokpy_interfaces) StdoutLine: {'line': b'-- Up-to-date: /home/meta/Documents/robotics_workspace_new/install/robokpy_interfaces/lib/python3.12/site-packages/robokpy_interfaces/srv/_load_recipe.py\n'}
[19.269687] (robokpy_interfaces) StdoutLine: {'line': b'-- Up-to-date: /home/meta/Documents/robotics_workspace_new/install/robokpy_interfaces/lib/python3.12/site-packages/robokpy_interfaces/srv/_fk.py\n'}
[19.269897] (robokpy_interfaces) StdoutLine: {'line': b'-- Up-to-date: /home/meta/Documents/robotics_workspace_new/install/robokpy_interfaces/lib/python3.12/site-packages/robokpy_interfaces/srv/_execution_state.py\n'}
[19.270030] (robokpy_interfaces) StdoutLine: {'line': b'-- Up-to-date: /home/meta/Documents/robotics_workspace_new/install/robokpy_interfaces/lib/python3.12/site-packages/robokpy_interfaces/srv/_resolve_object_pose.py\n'}
[19.270159] (robokpy_interfaces) StdoutLine: {'line': b'-- Up-to-date: /home/meta/Documents/robotics_workspace_new/install/robokpy_interfaces/lib/python3.12/site-packages/robokpy_interfaces/srv/_jacobian_s.c\n'}
[19.270285] (robokpy_interfaces) StdoutLine: {'line': b'-- Up-to-date: /home/meta/Documents/robotics_workspace_new/install/robokpy_interfaces/lib/python3.12/site-packages/robokpy_interfaces/srv/_system_mode.py\n'}
[19.270412] (robokpy_interfaces) StdoutLine: {'line': b'-- Up-to-date: /home/meta/Documents/robotics_workspace_new/install/robokpy_interfaces/lib/python3.12/site-packages/robokpy_interfaces/srv/_chain_fk.py\n'}
[19.270541] (robokpy_interfaces) StdoutLine: {'line': b'-- Up-to-date: /home/meta/Documents/robotics_workspace_new/install/robokpy_interfaces/lib/python3.12/site-packages/robokpy_interfaces/srv/_reachable.py\n'}
[19.270669] (robokpy_interfaces) StdoutLine: {'line': b'-- Up-to-date: /home/meta/Documents/robotics_workspace_new/install/robokpy_interfaces/lib/python3.12/site-packages/robokpy_interfaces/srv/_system_mode_s.c\n'}
[19.270829] (robokpy_interfaces) StdoutLine: {'line': b'-- Up-to-date: /home/meta/Documents/robotics_workspace_new/install/robokpy_interfaces/lib/python3.12/site-packages/robokpy_interfaces/srv/_ik_s.c\n'}
[19.270963] (robokpy_interfaces) StdoutLine: {'line': b'-- Up-to-date: /home/meta/Documents/robotics_workspace_new/install/robokpy_interfaces/lib/python3.12/site-packages/robokpy_interfaces/srv/__init__.py\n'}
[19.271091] (robokpy_interfaces) StdoutLine: {'line': b'-- Up-to-date: /home/meta/Documents/robotics_workspace_new/install/robokpy_interfaces/lib/python3.12/site-packages/robokpy_interfaces/srv/_ik.py\n'}
[19.271237] (robokpy_interfaces) StdoutLine: {'line': b'-- Up-to-date: /home/meta/Documents/robotics_workspace_new/install/robokpy_interfaces/lib/python3.12/site-packages/robokpy_interfaces/srv/_grasp_attach.py\n'}
[19.271367] (robokpy_interfaces) StdoutLine: {'line': b'-- Up-to-date: /home/meta/Documents/robotics_workspace_new/install/robokpy_interfaces/lib/python3.12/site-packages/robokpy_interfaces/srv/_despawnobject_s.c\n'}
[19.271495] (robokpy_interfaces) StdoutLine: {'line': b'-- Up-to-date: /home/meta/Documents/robotics_workspace_new/install/robokpy_interfaces/lib/python3.12/site-packages/robokpy_interfaces/srv/_set_planning_tip_link_s.c\n'}
[19.271624] (robokpy_interfaces) StdoutLine: {'line': b'-- Up-to-date: /home/meta/Documents/robotics_workspace_new/install/robokpy_interfaces/lib/python3.12/site-packages/robokpy_interfaces/srv/_spawn_object_s.c\n'}
[19.271779] (robokpy_interfaces) StdoutLine: {'line': b'-- Up-to-date: /home/meta/Documents/robotics_workspace_new/install/robokpy_interfaces/lib/python3.12/site-packages/robokpy_interfaces/srv/_set_planning_tip_link.py\n'}
[19.271916] (robokpy_interfaces) StdoutLine: {'line': b'-- Up-to-date: /home/meta/Documents/robotics_workspace_new/install/robokpy_interfaces/lib/python3.12/site-packages/robokpy_interfaces/srv/_chain_fk_s.c\n'}
[19.272045] (robokpy_interfaces) StdoutLine: {'line': b'-- Up-to-date: /home/meta/Documents/robotics_workspace_new/install/robokpy_interfaces/lib/python3.12/site-packages/robokpy_interfaces/robokpy_interfaces_s__rosidl_typesupport_c.so\n'}
[19.272173] (robokpy_interfaces) StdoutLine: {'line': b'-- Up-to-date: /home/meta/Documents/robotics_workspace_new/install/robokpy_interfaces/lib/python3.12/site-packages/robokpy_interfaces/_robokpy_interfaces_s.ep.rosidl_typesupport_introspection_c.c\n'}
[19.272323] (robokpy_interfaces) StdoutLine: {'line': b'-- Up-to-date: /home/meta/Documents/robotics_workspace_new/install/robokpy_interfaces/lib/python3.12/site-packages/robokpy_interfaces/action\n'}
[19.272650] (robokpy_interfaces) StdoutLine: {'line': b'-- Up-to-date: /home/meta/Documents/robotics_workspace_new/install/robokpy_interfaces/lib/python3.12/site-packages/robokpy_interfaces/action/_execute_move_step_s.c\n'}
[19.272955] (robokpy_interfaces) StdoutLine: {'line': b'-- Up-to-date: /home/meta/Documents/robotics_workspace_new/install/robokpy_interfaces/lib/python3.12/site-packages/robokpy_interfaces/action/_execute_tool_op_s.c\n'}
[19.273202] (robokpy_interfaces) StdoutLine: {'line': b'-- Up-to-date: /home/meta/Documents/robotics_workspace_new/install/robokpy_interfaces/lib/python3.12/site-packages/robokpy_interfaces/action/_execute_vision_op.py\n'}
[19.273349] (robokpy_interfaces) StdoutLine: {'line': b'-- Up-to-date: /home/meta/Documents/robotics_workspace_new/install/robokpy_interfaces/lib/python3.12/site-packages/robokpy_interfaces/action/_plan_trajectory_s.c\n'}
[19.273497] (robokpy_interfaces) StdoutLine: {'line': b'-- Up-to-date: /home/meta/Documents/robotics_workspace_new/install/robokpy_interfaces/lib/python3.12/site-packages/robokpy_interfaces/action/_tool_execution.py\n'}
[19.273632] (robokpy_interfaces) StdoutLine: {'line': b'-- Up-to-date: /home/meta/Documents/robotics_workspace_new/install/robokpy_interfaces/lib/python3.12/site-packages/robokpy_interfaces/action/_robot_trajectory.py\n'}
[19.273858] (robokpy_interfaces) StdoutLine: {'line': b'-- Up-to-date: /home/meta/Documents/robotics_workspace_new/install/robokpy_interfaces/lib/python3.12/site-packages/robokpy_interfaces/action/_tool_execution_s.c\n'}
[19.274086] (robokpy_interfaces) StdoutLine: {'line': b'-- Up-to-date: /home/meta/Documents/robotics_workspace_new/install/robokpy_interfaces/lib/python3.12/site-packages/robokpy_interfaces/action/_execute_tool_op.py\n'}
[19.274221] (robokpy_interfaces) StdoutLine: {'line': b'-- Up-to-date: /home/meta/Documents/robotics_workspace_new/install/robokpy_interfaces/lib/python3.12/site-packages/robokpy_interfaces/action/_set_joint_target.py\n'}
[19.274388] (robokpy_interfaces) StdoutLine: {'line': b'-- Up-to-date: /home/meta/Documents/robotics_workspace_new/install/robokpy_interfaces/lib/python3.12/site-packages/robokpy_interfaces/action/_execute_motion_s.c\n'}
[19.274524] (robokpy_interfaces) StdoutLine: {'line': b'-- Up-to-date: /home/meta/Documents/robotics_workspace_new/install/robokpy_interfaces/lib/python3.12/site-packages/robokpy_interfaces/action/_execute_move_step.py\n'}
[19.274654] (robokpy_interfaces) StdoutLine: {'line': b'-- Up-to-date: /home/meta/Documents/robotics_workspace_new/install/robokpy_interfaces/lib/python3.12/site-packages/robokpy_interfaces/action/_plan_trajectory.py\n'}
[19.274823] (robokpy_interfaces) StdoutLine: {'line': b'-- Up-to-date: /home/meta/Documents/robotics_workspace_new/install/robokpy_interfaces/lib/python3.12/site-packages/robokpy_interfaces/action/__init__.py\n'}
[19.274958] (robokpy_interfaces) StdoutLine: {'line': b'-- Up-to-date: /home/meta/Documents/robotics_workspace_new/install/robokpy_interfaces/lib/python3.12/site-packages/robokpy_interfaces/action/_execute_vision_op_s.c\n'}
[19.275088] (robokpy_interfaces) StdoutLine: {'line': b'-- Up-to-date: /home/meta/Documents/robotics_workspace_new/install/robokpy_interfaces/lib/python3.12/site-packages/robokpy_interfaces/action/_set_joint_target_s.c\n'}
[19.275218] (robokpy_interfaces) StdoutLine: {'line': b'-- Up-to-date: /home/meta/Documents/robotics_workspace_new/install/robokpy_interfaces/lib/python3.12/site-packages/robokpy_interfaces/action/_execute_motion.py\n'}
[19.275352] (robokpy_interfaces) StdoutLine: {'line': b'-- Up-to-date: /home/meta/Documents/robotics_workspace_new/install/robokpy_interfaces/lib/python3.12/site-packages/robokpy_interfaces/action/_robot_trajectory_s.c\n'}
[19.275480] (robokpy_interfaces) StdoutLine: {'line': b'-- Up-to-date: /home/meta/Documents/robotics_workspace_new/install/robokpy_interfaces/lib/python3.12/site-packages/robokpy_interfaces/msg\n'}
[19.275608] (robokpy_interfaces) StdoutLine: {'line': b'-- Up-to-date: /home/meta/Documents/robotics_workspace_new/install/robokpy_interfaces/lib/python3.12/site-packages/robokpy_interfaces/msg/_cell_state_s.c\n'}
[19.275763] (robokpy_interfaces) StdoutLine: {'line': b'-- Up-to-date: /home/meta/Documents/robotics_workspace_new/install/robokpy_interfaces/lib/python3.12/site-packages/robokpy_interfaces/msg/__init__.py\n'}
[19.275907] (robokpy_interfaces) StdoutLine: {'line': b'-- Up-to-date: /home/meta/Documents/robotics_workspace_new/install/robokpy_interfaces/lib/python3.12/site-packages/robokpy_interfaces/msg/_cell_state.py\n'}
[19.276038] (robokpy_interfaces) StdoutLine: {'line': b'-- Up-to-date: /home/meta/Documents/robotics_workspace_new/install/robokpy_interfaces/lib/python3.12/site-packages/robokpy_interfaces/robokpy_interfaces_s__rosidl_typesupport_fastrtps_c.so\n'}
[19.276260] (robokpy_interfaces) StdoutLine: {'line': b'-- Up-to-date: /home/meta/Documents/robotics_workspace_new/install/robokpy_interfaces/lib/python3.12/site-packages/robokpy_interfaces/_robokpy_interfaces_s.ep.rosidl_typesupport_c.c\n'}
[19.276500] (robokpy_interfaces) StdoutLine: {'line': b'-- Up-to-date: /home/meta/Documents/robotics_workspace_new/install/robokpy_interfaces/lib/python3.12/site-packages/robokpy_interfaces/robokpy_interfaces_s__rosidl_typesupport_introspection_c.so\n'}
[19.276799] (robokpy_interfaces) StdoutLine: {'line': b'-- Up-to-date: /home/meta/Documents/robotics_workspace_new/install/robokpy_interfaces/lib/python3.12/site-packages/robokpy_interfaces/__init__.py\n'}
[19.277055] (robokpy_interfaces) StdoutLine: {'line': b'-- Up-to-date: /home/meta/Documents/robotics_workspace_new/install/robokpy_interfaces/lib/python3.12/site-packages/robokpy_interfaces/_robokpy_interfaces_s.ep.rosidl_typesupport_fastrtps_c.c\n'}
[19.290347] (-) TimerEvent: {}
[19.390725] (-) TimerEvent: {}
[19.491155] (-) TimerEvent: {}
[19.591533] (-) TimerEvent: {}
[19.692018] (-) TimerEvent: {}
[19.705381] (robokpy_interfaces) StdoutLine: {'line': b"Listing '/home/meta/Documents/robotics_workspace_new/install/robokpy_interfaces/lib/python3.12/site-packages/robokpy_interfaces'...\n"}
[19.705833] (robokpy_interfaces) StdoutLine: {'line': b"Listing '/home/meta/Documents/robotics_workspace_new/install/robokpy_interfaces/lib/python3.12/site-packages/robokpy_interfaces/action'...\n"}
[19.706121] (robokpy_interfaces) StdoutLine: {'line': b"Listing '/home/meta/Documents/robotics_workspace_new/install/robokpy_interfaces/lib/python3.12/site-packages/robokpy_interfaces/msg'...\n"}
[19.706368] (robokpy_interfaces) StdoutLine: {'line': b"Listing '/home/meta/Documents/robotics_workspace_new/install/robokpy_interfaces/lib/python3.12/site-packages/robokpy_interfaces/srv'...\n"}
[19.785583] (robokpy_interfaces) StdoutLine: {'line': b'-- Up-to-date: /home/meta/Documents/robotics_workspace_new/install/robokpy_interfaces/lib/python3.12/site-packages/robokpy_interfaces/robokpy_interfaces_s__rosidl_typesupport_fastrtps_c.so\n'}
[19.792116] (-) TimerEvent: {}
[19.854352] (robokpy_interfaces) StdoutLine: {'line': b'-- Up-to-date: /home/meta/Documents/robotics_workspace_new/install/robokpy_interfaces/lib/python3.12/site-packages/robokpy_interfaces/robokpy_interfaces_s__rosidl_typesupport_introspection_c.so\n'}
[19.889183] (robokpy_interfaces) StdoutLine: {'line': b'-- Up-to-date: /home/meta/Documents/robotics_workspace_new/install/robokpy_interfaces/lib/python3.12/site-packages/robokpy_interfaces/robokpy_interfaces_s__rosidl_typesupport_c.so\n'}
[19.892216] (-) TimerEvent: {}
[19.957334] (robokpy_interfaces) StdoutLine: {'line': b'-- Up-to-date: /home/meta/Documents/robotics_workspace_new/install/robokpy_interfaces/lib/librobokpy_interfaces__rosidl_generator_py.so\n'}
[19.958082] (robokpy_interfaces) StdoutLine: {'line': b'-- Up-to-date: /home/meta/Documents/robotics_workspace_new/install/robokpy_interfaces/share/robokpy_interfaces/srv/ExecutionState.idl\n'}
[19.958617] (robokpy_interfaces) StdoutLine: {'line': b'-- Up-to-date: /home/meta/Documents/robotics_workspace_new/install/robokpy_interfaces/share/robokpy_interfaces/srv/SystemMode.idl\n'}
[19.959128] (robokpy_interfaces) StdoutLine: {'line': b'-- Up-to-date: /home/meta/Documents/robotics_workspace_new/install/robokpy_interfaces/share/robokpy_interfaces/srv/FK.idl\n'}
[19.959666] (robokpy_interfaces) StdoutLine: {'line': b'-- Up-to-date: /home/meta/Documents/robotics_workspace_new/install/robokpy_interfaces/share/robokpy_interfaces/srv/IK.idl\n'}
[19.960172] (robokpy_interfaces) StdoutLine: {'line': b'-- Up-to-date: /home/meta/Documents/robotics_workspace_new/install/robokpy_interfaces/share/robokpy_interfaces/srv/Jacobian.idl\n'}
[19.960659] (robokpy_interfaces) StdoutLine: {'line': b'-- Up-to-date: /home/meta/Documents/robotics_workspace_new/install/robokpy_interfaces/share/robokpy_interfaces/srv/Reachable.idl\n'}
[19.961230] (robokpy_interfaces) StdoutLine: {'line': b'-- Up-to-date: /home/meta/Documents/robotics_workspace_new/install/robokpy_interfaces/share/robokpy_interfaces/srv/ChainFK.idl\n'}
[19.961557] (robokpy_interfaces) StdoutLine: {'line': b'-- Up-to-date: /home/meta/Documents/robotics_workspace_new/install/robokpy_interfaces/share/robokpy_interfaces/srv/SetPlanningTipLink.idl\n'}
[19.962002] (robokpy_interfaces) StdoutLine: {'line': b'-- Up-to-date: /home/meta/Documents/robotics_workspace_new/install/robokpy_interfaces/share/robokpy_interfaces/srv/GraspAttach.idl\n'}
[19.962518] (robokpy_interfaces) StdoutLine: {'line': b'-- Up-to-date: /home/meta/Documents/robotics_workspace_new/install/robokpy_interfaces/share/robokpy_interfaces/srv/ResumeExecution.idl\n'}
[19.962940] (robokpy_interfaces) StdoutLine: {'line': b'-- Up-to-date: /home/meta/Documents/robotics_workspace_new/install/robokpy_interfaces/share/robokpy_interfaces/srv/LoadRecipe.idl\n'}
[19.963244] (robokpy_interfaces) StdoutLine: {'line': b'-- Up-to-date: /home/meta/Documents/robotics_workspace_new/install/robokpy_interfaces/share/robokpy_interfaces/srv/SpawnObject.idl\n'}
[19.963529] (robokpy_interfaces) StdoutLine: {'line': b'-- Up-to-date: /home/meta/Documents/robotics_workspace_new/install/robokpy_interfaces/share/robokpy_interfaces/srv/DespawnObject.idl\n'}
[19.964138] (robokpy_interfaces) StdoutLine: {'line': b'-- Up-to-date: /home/meta/Documents/robotics_workspace_new/install/robokpy_interfaces/share/robokpy_interfaces/srv/ResolveObjectPose.idl\n'}
[19.964410] (robokpy_interfaces) StdoutLine: {'line': b'-- Up-to-date: /home/meta/Documents/robotics_workspace_new/install/robokpy_interfaces/share/robokpy_interfaces/msg/CellState.idl\n'}
[19.964674] (robokpy_interfaces) StdoutLine: {'line': b'-- Up-to-date: /home/meta/Documents/robotics_workspace_new/install/robokpy_interfaces/share/robokpy_interfaces/action/ExecuteMotion.idl\n'}
[19.964963] (robokpy_interfaces) StdoutLine: {'line': b'-- Up-to-date: /home/meta/Documents/robotics_workspace_new/install/robokpy_interfaces/share/robokpy_interfaces/action/ExecuteToolOp.idl\n'}
[19.965224] (robokpy_interfaces) StdoutLine: {'line': b'-- Up-to-date: /home/meta/Documents/robotics_workspace_new/install/robokpy_interfaces/share/robokpy_interfaces/action/ExecuteVisionOp.idl\n'}
[19.965370] (robokpy_interfaces) StdoutLine: {'line': b'-- Up-to-date: /home/meta/Documents/robotics_workspace_new/install/robokpy_interfaces/share/robokpy_interfaces/action/SetJointTarget.idl\n'}
[19.992321] (-) TimerEvent: {}
[20.002521] (robokpy_interfaces) StdoutLine: {'line': b'-- Up-to-date: /home/meta/Documents/robotics_workspace_new/install/robokpy_interfaces/share/robokpy_interfaces/action/ExecuteMoveStep.idl\n'}
[20.003155] (robokpy_interfaces) StdoutLine: {'line': b'-- Up-to-date: /home/meta/Documents/robotics_workspace_new/install/robokpy_interfaces/share/robokpy_interfaces/srv/ExecutionState.srv\n'}
[20.003461] (robokpy_interfaces) StdoutLine: {'line': b'-- Up-to-date: /home/meta/Documents/robotics_workspace_new/install/robokpy_interfaces/share/robokpy_interfaces/srv/SystemMode.srv\n'}
[20.055485] (robokpy_interfaces) StdoutLine: {'line': b'-- Up-to-date: /home/meta/Documents/robotics_workspace_new/install/robokpy_interfaces/share/robokpy_interfaces/srv/FK.srv\n'}
[20.056108] (robokpy_interfaces) StdoutLine: {'line': b'-- Up-to-date: /home/meta/Documents/robotics_workspace_new/install/robokpy_interfaces/share/robokpy_interfaces/srv/IK.srv\n'}
[20.056476] (robokpy_interfaces) StdoutLine: {'line': b'-- Up-to-date: /home/meta/Documents/robotics_workspace_new/install/robokpy_interfaces/share/robokpy_interfaces/srv/Jacobian.srv\n'}
[20.056926] (robokpy_interfaces) StdoutLine: {'line': b'-- Up-to-date: /home/meta/Documents/robotics_workspace_new/install/robokpy_interfaces/share/robokpy_interfaces/srv/Reachable.srv\n'}
[20.057217] (robokpy_interfaces) StdoutLine: {'line': b'-- Up-to-date: /home/meta/Documents/robotics_workspace_new/install/robokpy_interfaces/share/robokpy_interfaces/srv/ChainFK.srv\n'}
[20.057639] (robokpy_interfaces) StdoutLine: {'line': b'-- Up-to-date: /home/meta/Documents/robotics_workspace_new/install/robokpy_interfaces/share/robokpy_interfaces/srv/SetPlanningTipLink.srv\n'}
[20.058077] (robokpy_interfaces) StdoutLine: {'line': b'-- Up-to-date: /home/meta/Documents/robotics_workspace_new/install/robokpy_interfaces/share/robokpy_interfaces/srv/GraspAttach.srv\n'}
[20.058513] (robokpy_interfaces) StdoutLine: {'line': b'-- Up-to-date: /home/meta/Documents/robotics_workspace_new/install/robokpy_interfaces/share/robokpy_interfaces/srv/ResumeExecution.srv\n'}
[20.058779] (robokpy_interfaces) StdoutLine: {'line': b'-- Up-to-date: /home/meta/Documents/robotics_workspace_new/install/robokpy_interfaces/share/robokpy_interfaces/srv/LoadRecipe.srv\n'}
[20.092439] (-) TimerEvent: {}
[20.110394] (robokpy_interfaces) StdoutLine: {'line': b'-- Up-to-date: /home/meta/Documents/robotics_workspace_new/install/robokpy_interfaces/share/robokpy_interfaces/srv/SpawnObject.srv\n'}
[20.110938] (robokpy_interfaces) StdoutLine: {'line': b'-- Up-to-date: /home/meta/Documents/robotics_workspace_new/install/robokpy_interfaces/share/robokpy_interfaces/srv/DespawnObject.srv\n'}
[20.111383] (robokpy_interfaces) StdoutLine: {'line': b'-- Up-to-date: /home/meta/Documents/robotics_workspace_new/install/robokpy_interfaces/share/robokpy_interfaces/srv/ResolveObjectPose.srv\n'}
[20.111811] (robokpy_interfaces) StdoutLine: {'line': b'-- Up-to-date: /home/meta/Documents/robotics_workspace_new/install/robokpy_interfaces/share/robokpy_interfaces/msg/CellState.msg\n'}
[20.112222] (robokpy_interfaces) StdoutLine: {'line': b'-- Up-to-date: /home/meta/Documents/robotics_workspace_new/install/robokpy_interfaces/share/robokpy_interfaces/action/ExecuteMotion.action\n'}
[20.112670] (robokpy_interfaces) StdoutLine: {'line': b'-- Up-to-date: /home/meta/Documents/robotics_workspace_new/install/robokpy_interfaces/share/robokpy_interfaces/action/ExecuteToolOp.action\n'}
[20.112969] (robokpy_interfaces) StdoutLine: {'line': b'-- Up-to-date: /home/meta/Documents/robotics_workspace_new/install/robokpy_interfaces/share/robokpy_interfaces/action/ExecuteVisionOp.action\n'}
[20.113384] (robokpy_interfaces) StdoutLine: {'line': b'-- Up-to-date: /home/meta/Documents/robotics_workspace_new/install/robokpy_interfaces/share/robokpy_interfaces/action/SetJointTarget.action\n'}
[20.113719] (robokpy_interfaces) StdoutLine: {'line': b'-- Up-to-date: /home/meta/Documents/robotics_workspace_new/install/robokpy_interfaces/share/robokpy_interfaces/action/ExecuteMoveStep.action\n'}
[20.114199] (robokpy_interfaces) StdoutLine: {'line': b'-- Up-to-date: /home/meta/Documents/robotics_workspace_new/install/robokpy_interfaces/include\n'}
[20.149731] (robokpy_interfaces) StdoutLine: {'line': b'-- Up-to-date: /home/meta/Documents/robotics_workspace_new/install/robokpy_interfaces/include/robokpy_interfaces\n'}
[20.150307] (robokpy_interfaces) StdoutLine: {'line': b'-- Up-to-date: /home/meta/Documents/robotics_workspace_new/install/robokpy_interfaces/share/ament_index/resource_index/package_run_dependencies/robokpy_interfaces\n'}
[20.150957] (robokpy_interfaces) StdoutLine: {'line': b'-- Up-to-date: /home/meta/Documents/robotics_workspace_new/install/robokpy_interfaces/share/ament_index/resource_index/parent_prefix_path/robokpy_interfaces\n'}
[20.152069] (robokpy_interfaces) StdoutLine: {'line': b'-- Up-to-date: /home/meta/Documents/robotics_workspace_new/install/robokpy_interfaces/share/robokpy_interfaces/environment/ament_prefix_path.sh\n'}
[20.152579] (robokpy_interfaces) StdoutLine: {'line': b'-- Up-to-date: /home/meta/Documents/robotics_workspace_new/install/robokpy_interfaces/share/robokpy_interfaces/environment/ament_prefix_path.dsv\n'}
[20.153111] (robokpy_interfaces) StdoutLine: {'line': b'-- Up-to-date: /home/meta/Documents/robotics_workspace_new/install/robokpy_interfaces/share/robokpy_interfaces/environment/path.sh\n'}
[20.153295] (robokpy_interfaces) StdoutLine: {'line': b'-- Up-to-date: /home/meta/Documents/robotics_workspace_new/install/robokpy_interfaces/share/robokpy_interfaces/environment/path.dsv\n'}
[20.153435] (robokpy_interfaces) StdoutLine: {'line': b'-- Up-to-date: /home/meta/Documents/robotics_workspace_new/install/robokpy_interfaces/share/robokpy_interfaces/local_setup.bash\n'}
[20.153595] (robokpy_interfaces) StdoutLine: {'line': b'-- Up-to-date: /home/meta/Documents/robotics_workspace_new/install/robokpy_interfaces/share/robokpy_interfaces/local_setup.sh\n'}
[20.153768] (robokpy_interfaces) StdoutLine: {'line': b'-- Up-to-date: /home/meta/Documents/robotics_workspace_new/install/robokpy_interfaces/share/robokpy_interfaces/local_setup.zsh\n'}
[20.153917] (robokpy_interfaces) StdoutLine: {'line': b'-- Up-to-date: /home/meta/Documents/robotics_workspace_new/install/robokpy_interfaces/share/robokpy_interfaces/local_setup.dsv\n'}
[20.154049] (robokpy_interfaces) StdoutLine: {'line': b'-- Installing: /home/meta/Documents/robotics_workspace_new/install/robokpy_interfaces/share/robokpy_interfaces/package.dsv\n'}
[20.191265] (robokpy_interfaces) StdoutLine: {'line': b'-- Up-to-date: /home/meta/Documents/robotics_workspace_new/install/robokpy_interfaces/share/ament_index/resource_index/packages/robokpy_interfaces\n'}
[20.191805] (robokpy_interfaces) StdoutLine: {'line': b'-- Up-to-date: /home/meta/Documents/robotics_workspace_new/install/robokpy_interfaces/share/robokpy_interfaces/cmake/export_robokpy_interfaces__rosidl_generator_cExport.cmake\n'}
[20.192265] (robokpy_interfaces) StdoutLine: {'line': b'-- Up-to-date: /home/meta/Documents/robotics_workspace_new/install/robokpy_interfaces/share/robokpy_interfaces/cmake/export_robokpy_interfaces__rosidl_generator_cExport-noconfig.cmake\n'}
[20.192679] (-) TimerEvent: {}
[20.193080] (robokpy_interfaces) StdoutLine: {'line': b'-- Up-to-date: /home/meta/Documents/robotics_workspace_new/install/robokpy_interfaces/share/robokpy_interfaces/cmake/export_robokpy_interfaces__rosidl_typesupport_fastrtps_cExport.cmake\n'}
[20.193378] (robokpy_interfaces) StdoutLine: {'line': b'-- Up-to-date: /home/meta/Documents/robotics_workspace_new/install/robokpy_interfaces/share/robokpy_interfaces/cmake/export_robokpy_interfaces__rosidl_typesupport_fastrtps_cExport-noconfig.cmake\n'}
[20.194070] (robokpy_interfaces) StdoutLine: {'line': b'-- Up-to-date: /home/meta/Documents/robotics_workspace_new/install/robokpy_interfaces/share/robokpy_interfaces/cmake/robokpy_interfaces__rosidl_typesupport_introspection_cExport.cmake\n'}
[20.195465] (robokpy_interfaces) StdoutLine: {'line': b'-- Up-to-date: /home/meta/Documents/robotics_workspace_new/install/robokpy_interfaces/share/robokpy_interfaces/cmake/robokpy_interfaces__rosidl_typesupport_introspection_cExport-noconfig.cmake\n'}
[20.197169] (robokpy_interfaces) StdoutLine: {'line': b'-- Up-to-date: /home/meta/Documents/robotics_workspace_new/install/robokpy_interfaces/share/robokpy_interfaces/cmake/robokpy_interfaces__rosidl_typesupport_cExport.cmake\n'}
[20.197688] (robokpy_interfaces) StdoutLine: {'line': b'-- Up-to-date: /home/meta/Documents/robotics_workspace_new/install/robokpy_interfaces/share/robokpy_interfaces/cmake/robokpy_interfaces__rosidl_typesupport_cExport-noconfig.cmake\n'}
[20.199209] (robokpy_interfaces) StdoutLine: {'line': b'-- Up-to-date: /home/meta/Documents/robotics_workspace_new/install/robokpy_interfaces/share/robokpy_interfaces/cmake/export_robokpy_interfaces__rosidl_generator_cppExport.cmake\n'}
[20.199737] (robokpy_interfaces) StdoutLine: {'line': b'-- Up-to-date: /home/meta/Documents/robotics_workspace_new/install/robokpy_interfaces/share/robokpy_interfaces/cmake/export_robokpy_interfaces__rosidl_typesupport_fastrtps_cppExport.cmake\n'}
[20.201100] (robokpy_interfaces) StdoutLine: {'line': b'-- Up-to-date: /home/meta/Documents/robotics_workspace_new/install/robokpy_interfaces/share/robokpy_interfaces/cmake/export_robokpy_interfaces__rosidl_typesupport_fastrtps_cppExport-noconfig.cmake\n'}
[20.202530] (robokpy_interfaces) StdoutLine: {'line': b'-- Up-to-date: /home/meta/Documents/robotics_workspace_new/install/robokpy_interfaces/share/robokpy_interfaces/cmake/robokpy_interfaces__rosidl_typesupport_introspection_cppExport.cmake\n'}
[20.203331] (robokpy_interfaces) StdoutLine: {'line': b'-- Up-to-date: /home/meta/Documents/robotics_workspace_new/install/robokpy_interfaces/share/robokpy_interfaces/cmake/robokpy_interfaces__rosidl_typesupport_introspection_cppExport-noconfig.cmake\n'}
[20.203659] (robokpy_interfaces) StdoutLine: {'line': b'-- Up-to-date: /home/meta/Documents/robotics_workspace_new/install/robokpy_interfaces/share/robokpy_interfaces/cmake/robokpy_interfaces__rosidl_typesupport_cppExport.cmake\n'}
[20.204044] (robokpy_interfaces) StdoutLine: {'line': b'-- Up-to-date: /home/meta/Documents/robotics_workspace_new/install/robokpy_interfaces/share/robokpy_interfaces/cmake/robokpy_interfaces__rosidl_typesupport_cppExport-noconfig.cmake\n'}
[20.234442] (robokpy_interfaces) StdoutLine: {'line': b'-- Up-to-date: /home/meta/Documents/robotics_workspace_new/install/robokpy_interfaces/share/robokpy_interfaces/cmake/export_robokpy_interfaces__rosidl_generator_pyExport.cmake\n'}
[20.235188] (robokpy_interfaces) StdoutLine: {'line': b'-- Up-to-date: /home/meta/Documents/robotics_workspace_new/install/robokpy_interfaces/share/robokpy_interfaces/cmake/export_robokpy_interfaces__rosidl_generator_pyExport-noconfig.cmake\n'}
[20.235550] (robokpy_interfaces) StdoutLine: {'line': b'-- Up-to-date: /home/meta/Documents/robotics_workspace_new/install/robokpy_interfaces/share/robokpy_interfaces/cmake/rosidl_cmake-extras.cmake\n'}
[20.235933] (robokpy_interfaces) StdoutLine: {'line': b'-- Up-to-date: /home/meta/Documents/robotics_workspace_new/install/robokpy_interfaces/share/robokpy_interfaces/cmake/ament_cmake_export_dependencies-extras.cmake\n'}
[20.236365] (robokpy_interfaces) StdoutLine: {'line': b'-- Up-to-date: /home/meta/Documents/robotics_workspace_new/install/robokpy_interfaces/share/robokpy_interfaces/cmake/ament_cmake_export_include_directories-extras.cmake\n'}
[20.236737] (robokpy_interfaces) StdoutLine: {'line': b'-- Up-to-date: /home/meta/Documents/robotics_workspace_new/install/robokpy_interfaces/share/robokpy_interfaces/cmake/ament_cmake_export_libraries-extras.cmake\n'}
[20.237090] (robokpy_interfaces) StdoutLine: {'line': b'-- Up-to-date: /home/meta/Documents/robotics_workspace_new/install/robokpy_interfaces/share/robokpy_interfaces/cmake/ament_cmake_export_targets-extras.cmake\n'}
[20.237372] (robokpy_interfaces) StdoutLine: {'line': b'-- Up-to-date: /home/meta/Documents/robotics_workspace_new/install/robokpy_interfaces/share/robokpy_interfaces/cmake/rosidl_cmake_export_typesupport_targets-extras.cmake\n'}
[20.237596] (robokpy_interfaces) StdoutLine: {'line': b'-- Up-to-date: /home/meta/Documents/robotics_workspace_new/install/robokpy_interfaces/share/robokpy_interfaces/cmake/rosidl_cmake_export_typesupport_libraries-extras.cmake\n'}
[20.284796] (robokpy_interfaces) StdoutLine: {'line': b'-- Up-to-date: /home/meta/Documents/robotics_workspace_new/install/robokpy_interfaces/share/robokpy_interfaces/cmake/robokpy_interfacesConfig.cmake\n'}
[20.285333] (robokpy_interfaces) StdoutLine: {'line': b'-- Up-to-date: /home/meta/Documents/robotics_workspace_new/install/robokpy_interfaces/share/robokpy_interfaces/cmake/robokpy_interfacesConfig-version.cmake\n'}
[20.285562] (robokpy_interfaces) StdoutLine: {'line': b'-- Up-to-date: /home/meta/Documents/robotics_workspace_new/install/robokpy_interfaces/share/robokpy_interfaces/package.xml\n'}
[20.292791] (-) TimerEvent: {}
[20.327164] (robokpy_interfaces) CommandEnded: {'returncode': 0}
[20.392975] (-) TimerEvent: {}
[20.493435] (-) TimerEvent: {}
[20.594873] (-) TimerEvent: {}
[20.696166] (-) TimerEvent: {}
[20.798574] (-) TimerEvent: {}
[20.899213] (-) TimerEvent: {}
[21.000686] (-) TimerEvent: {}
[21.107870] (-) TimerEvent: {}
[21.214208] (-) TimerEvent: {}
[21.314643] (-) TimerEvent: {}
[21.415033] (-) TimerEvent: {}
[21.515512] (-) TimerEvent: {}
[21.617979] (-) TimerEvent: {}
[21.718414] (-) TimerEvent: {}
[21.821114] (-) TimerEvent: {}
[21.922780] (-) TimerEvent: {}
[22.026022] (-) TimerEvent: {}
[22.126603] (-) TimerEvent: {}
[22.227649] (-) TimerEvent: {}
[22.328273] (-) TimerEvent: {}
[22.429978] (-) TimerEvent: {}
[22.530552] (-) TimerEvent: {}
[22.631732] (-) TimerEvent: {}
[22.732168] (-) TimerEvent: {}
[22.833607] (-) TimerEvent: {}
[22.935797] (-) TimerEvent: {}
[23.038031] (-) TimerEvent: {}
[23.138679] (-) TimerEvent: {}
[23.241941] (-) TimerEvent: {}
[23.342438] (-) TimerEvent: {}
[23.443302] (-) TimerEvent: {}
[23.545030] (-) TimerEvent: {}
[23.642085] (robokpy_interfaces) JobEnded: {'identifier': 'robokpy_interfaces', 'rc': 0}
[23.655969] (-) TimerEvent: {}
[23.656328] (robokpy_controller) JobStarted: {'identifier': 'robokpy_controller'}
[23.756112] (-) TimerEvent: {}
[23.856644] (-) TimerEvent: {}
[23.957540] (-) TimerEvent: {}
[24.059175] (-) TimerEvent: {}
[24.161918] (-) TimerEvent: {}
[24.262394] (-) TimerEvent: {}
[24.362987] (-) TimerEvent: {}
[24.463555] (-) TimerEvent: {}
[24.566358] (-) TimerEvent: {}
[24.689647] (-) TimerEvent: {}
[24.792889] (-) TimerEvent: {}
[24.896367] (-) TimerEvent: {}
[24.997784] (-) TimerEvent: {}
[25.098281] (-) TimerEvent: {}
[25.200781] (-) TimerEvent: {}
[25.302266] (-) TimerEvent: {}
[25.405910] (-) TimerEvent: {}
[25.506513] (-) TimerEvent: {}
[25.608890] (-) TimerEvent: {}
[25.713855] (-) TimerEvent: {}
[25.814363] (-) TimerEvent: {}
[25.914781] (-) TimerEvent: {}
[26.016810] (-) TimerEvent: {}
[26.117842] (-) TimerEvent: {}
[26.226777] (-) TimerEvent: {}
[26.327237] (-) TimerEvent: {}
[26.429781] (-) TimerEvent: {}
[26.530259] (-) TimerEvent: {}
[26.632055] (-) TimerEvent: {}
[26.735353] (-) TimerEvent: {}
[26.837178] (-) TimerEvent: {}
[26.943412] (-) TimerEvent: {}
[27.046539] (-) TimerEvent: {}
[27.147017] (-) TimerEvent: {}
[27.248390] (-) TimerEvent: {}
[27.348948] (-) TimerEvent: {}
[27.451163] (-) TimerEvent: {}
[27.551722] (-) TimerEvent: {}
[27.652900] (-) TimerEvent: {}
[27.754968] (-) TimerEvent: {}
[27.857506] (-) TimerEvent: {}
[27.957973] (-) TimerEvent: {}
[28.060797] (-) TimerEvent: {}
[28.161844] (-) TimerEvent: {}
[28.262369] (-) TimerEvent: {}
[28.366401] (-) TimerEvent: {}
[28.466962] (-) TimerEvent: {}
[28.497629] (robokpy) Command: {'cmd': ['/usr/bin/python3', '-W', 'ignore:setup.py install is deprecated', 'setup.py', 'egg_info', '--egg-base', '../../build/robokpy', 'build', '--build-base', '/home/meta/Documents/robotics_workspace_new/build/robokpy/build', 'install', '--record', '/home/meta/Documents/robotics_workspace_new/build/robokpy/install.log', '--single-version-externally-managed', 'install_data'], 'cwd': '/home/meta/Documents/robotics_workspace_new/src/robokpy', 'env': {'GJS_DEBUG_TOPICS': 'JS ERROR;JS LOG', 'XDG_ACTIVATION_TOKEN': 'gnome-shell/Terminator/2778-3-meta-Inspiron-3542_TIME8889662', 'LESSOPEN': '| /usr/bin/lesspipe %s', 'LANGUAGE': 'en_US', 'USER': 'meta', 'GZ_CONFIG_PATH': '/opt/ros/jazzy/opt/gz_sim_vendor/share/gz:/opt/ros/jazzy/opt/sdformat_vendor/share/gz:/opt/ros/jazzy/opt/gz_gui_vendor/share/gz:/opt/ros/jazzy/opt/gz_transport_vendor/share/gz:/opt/ros/jazzy/opt/gz_rendering_vendor/share/gz:/opt/ros/jazzy/opt/gz_plugin_vendor/share/gz:/opt/ros/jazzy/opt/gz_fuel_tools_vendor/share/gz:/opt/ros/jazzy/opt/gz_msgs_vendor/share/gz:/opt/ros/jazzy/opt/gz_common_vendor/share/gz', 'XDG_SESSION_TYPE': 'x11', 'STM32CubeMX_PATH': '/home/meta/STM32CubeMX', 'SHLVL': '1', 'LD_LIBRARY_PATH': '/home/meta/Documents/robotics_workspace_new/install/robokpy_interfaces/lib:/opt/ros/jazzy/opt/gz_sim_vendor/lib:/opt/ros/jazzy/opt/gz_sensors_vendor/lib:/opt/ros/jazzy/opt/gz_physics_vendor/lib:/opt/ros/jazzy/opt/sdformat_vendor/lib:/opt/ros/jazzy/opt/rviz_ogre_vendor/lib:/opt/ros/jazzy/lib/x86_64-linux-gnu:/opt/ros/jazzy/opt/gz_gui_vendor/lib:/opt/ros/jazzy/opt/gz_transport_vendor/lib:/opt/ros/jazzy/opt/gz_rendering_vendor/lib:/opt/ros/jazzy/opt/gz_plugin_vendor/lib:/opt/ros/jazzy/opt/gz_fuel_tools_vendor/lib:/opt/ros/jazzy/opt/gz_msgs_vendor/lib:/opt/ros/jazzy/opt/gz_common_vendor/lib:/opt/ros/jazzy/opt/gz_math_vendor/lib:/opt/ros/jazzy/opt/gz_utils_vendor/lib:/opt/ros/jazzy/opt/gz_tools_vendor/lib:/opt/ros/jazzy/opt/gz_ogre_next_vendor/lib:/opt/ros/jazzy/opt/gz_dartsim_vendor/lib:/opt/ros/jazzy/opt/gz_cmake_vendor/lib:/opt/ros/jazzy/lib', 'HOME': '/home/meta', 'OLDPWD': '/home/meta/Documents', 'DESKTOP_SESSION': 'ubuntu', 'NVM_BIN': '/home/meta/.nvm/versions/node/v25.2.1/bin', 'NVM_INC': '/home/meta/.nvm/versions/node/v25.2.1/include/node', 'GIO_LAUNCHED_DESKTOP_FILE': '/usr/share/applications/terminator.desktop', 'ROS_PYTHON_VERSION': '3', 'GNOME_SHELL_SESSION_MODE': 'ubuntu', 'GTK_MODULES': 'gail:atk-bridge', 'XDG_SEAT_PATH': '/org/freedesktop/DisplayManager/Seat0', 'MANAGERPID': '2452', 'SYSTEMD_EXEC_PID': '2778', 'GSM_SKIP_SSH_AGENT_WORKAROUND': 'true', 'DBUS_SESSION_BUS_ADDRESS': 'unix:path=/run/user/1000/bus', 'COLORTERM': 'truecolor', 'TERMINATOR_DBUS_NAME': 'net.tenshu.Terminator21a9d5db22c73a993ff0b42f64b396873', 'LIBVIRT_DEFAULT_URI': 'qemu:///system', 'GIO_LAUNCHED_DESKTOP_FILE_PID': '14333', 'NVM_DIR': '/home/meta/.nvm', 'DEBUGINFOD_URLS': 'https://debuginfod.ubuntu.com', 'IM_CONFIG_PHASE': '1', 'COLCON_PREFIX_PATH': '/home/meta/Documents/robotics_workspace_new/install', 'ROS_DISTRO': 'jazzy', 'LOGNAME': 'meta', 'JOURNAL_STREAM': '8:21188', '_': '/bin/colcon', 'ROS_VERSION': '2', 'MEMORY_PRESSURE_WATCH': '/sys/fs/cgroup/user.slice/user-1000.slice/user@1000.service/session.slice/org.gnome.Shell@x11.service/memory.pressure', 'XDG_SESSION_CLASS': 'user', 'TERM': 'xterm-256color', 'GNOME_DESKTOP_SESSION_ID': 'this-is-deprecated', 'PATH': '/opt/ros/jazzy/opt/gz_msgs_vendor/bin:/opt/ros/jazzy/opt/gz_tools_vendor/bin:/opt/ros/jazzy/opt/gz_ogre_next_vendor/bin:/opt/ros/jazzy/bin:/home/meta/.local/bin:/bin:/usr/bin:/usr/local/bin:/usr/local/texlive/2025/texmf-dist/doc/man::/snap/bin', 'SESSION_MANAGER': 'local/meta-Inspiron-3542:@/tmp/.ICE-unix/2746,unix/meta-Inspiron-3542:/tmp/.ICE-unix/2746', 'GDM_LANG': 'en_US', 'INVOCATION_ID': '079f40d59a8b4edfa841df6d7cec614a', 'XDG_SESSION_PATH': '/org/freedesktop/DisplayManager/Session0', 'XDG_MENU_PREFIX': 'gnome-', 'VREP_DIR': '/home/meta/meta/Downloads/VREP', 'XDG_RUNTIME_DIR': '/run/user/1000', 'DISPLAY': ':0', 'TERMINATOR_DBUS_PATH': '/net/tenshu/Terminator2', 'LANG': 'en_US.UTF-8', 'XDG_CURRENT_DESKTOP': 'ubuntu:GNOME', 'RMW_IMPLEMENTATION': 'rmw_cyclonedds_cpp', 'XMODIFIERS': '@im=ibus', 'XDG_SESSION_DESKTOP': 'ubuntu', 'XAUTHORITY': '/home/meta/.Xauthority', 'LS_COLORS': 'rs=0:di=01;34:ln=01;36:mh=00:pi=40;33:so=01;35:do=01;35:bd=40;33;01:cd=40;33;01:or=40;31;01:mi=00:su=37;41:sg=30;43:ca=00:tw=30;42:ow=34;42:st=37;44:ex=01;32:*.tar=01;31:*.tgz=01;31:*.arc=01;31:*.arj=01;31:*.taz=01;31:*.lha=01;31:*.lz4=01;31:*.lzh=01;31:*.lzma=01;31:*.tlz=01;31:*.txz=01;31:*.tzo=01;31:*.t7z=01;31:*.zip=01;31:*.z=01;31:*.dz=01;31:*.gz=01;31:*.lrz=01;31:*.lz=01;31:*.lzo=01;31:*.xz=01;31:*.zst=01;31:*.tzst=01;31:*.bz2=01;31:*.bz=01;31:*.tbz=01;31:*.tbz2=01;31:*.tz=01;31:*.deb=01;31:*.rpm=01;31:*.jar=01;31:*.war=01;31:*.ear=01;31:*.sar=01;31:*.rar=01;31:*.alz=01;31:*.ace=01;31:*.zoo=01;31:*.cpio=01;31:*.7z=01;31:*.rz=01;31:*.cab=01;31:*.wim=01;31:*.swm=01;31:*.dwm=01;31:*.esd=01;31:*.avif=01;35:*.jpg=01;35:*.jpeg=01;35:*.mjpg=01;35:*.mjpeg=01;35:*.gif=01;35:*.bmp=01;35:*.pbm=01;35:*.pgm=01;35:*.ppm=01;35:*.tga=01;35:*.xbm=01;35:*.xpm=01;35:*.tif=01;35:*.tiff=01;35:*.png=01;35:*.svg=01;35:*.svgz=01;35:*.mng=01;35:*.pcx=01;35:*.mov=01;35:*.mpg=01;35:*.mpeg=01;35:*.m2v=01;35:*.mkv=01;35:*.webm=01;35:*.webp=01;35:*.ogm=01;35:*.mp4=01;35:*.m4v=01;35:*.mp4v=01;35:*.vob=01;35:*.qt=01;35:*.nuv=01;35:*.wmv=01;35:*.asf=01;35:*.rm=01;35:*.rmvb=01;35:*.flc=01;35:*.avi=01;35:*.fli=01;35:*.flv=01;35:*.gl=01;35:*.dl=01;35:*.xcf=01;35:*.xwd=01;35:*.yuv=01;35:*.cgm=01;35:*.emf=01;35:*.ogv=01;35:*.ogx=01;35:*.aac=00;36:*.au=00;36:*.flac=00;36:*.m4a=00;36:*.mid=00;36:*.midi=00;36:*.mka=00;36:*.mp3=00;36:*.mpc=00;36:*.ogg=00;36:*.ra=00;36:*.wav=00;36:*.oga=00;36:*.opus=00;36:*.spx=00;36:*.xspf=00;36:*~=00;90:*#=00;90:*.bak=00;90:*.crdownload=00;90:*.dpkg-dist=00;90:*.dpkg-new=00;90:*.dpkg-old=00;90:*.dpkg-tmp=00;90:*.old=00;90:*.orig=00;90:*.part=00;90:*.rej=00;90:*.rpmnew=00;90:*.rpmorig=00;90:*.rpmsave=00;90:*.swp=00;90:*.tmp=00;90:*.ucf-dist=00;90:*.ucf-new=00;90:*.ucf-old=00;90:', 'SSH_AUTH_SOCK': '/run/user/1000/keyring/ssh', 'XDG_GREETER_DATA_DIR': '/var/lib/lightdm-data/meta', 'AMENT_PREFIX_PATH': '/home/meta/Documents/robotics_workspace_new/install/robokpy_controller:/home/meta/Documents/robotics_workspace_new/install/robokpy_interfaces:/home/meta/Documents/robotics_workspace_new/install/robokpy:/opt/ros/jazzy', 'SHELL': '/bin/bash', 'TERMINATOR_UUID': 'urn:uuid:f3dc330d-81e3-4ce4-b904-36fe4bfb8576', 'QT_ACCESSIBILITY': '1', 'GDMSESSION': 'ubuntu', 'LESSCLOSE': '/usr/bin/lesspipe %s %s', 'GPG_AGENT_INFO': '/run/user/1000/gnupg/S.gpg-agent:0:1', 'GJS_DEBUG_OUTPUT': 'stderr', 'ROS_AUTOMATIC_DISCOVERY_RANGE': 'SUBNET', 'QT_IM_MODULE': 'ibus', 'PWD': '/home/meta/Documents/robotics_workspace_new/build/robokpy', 'QT_QPA_PLATFORM': 'xcb', 'LC_ALL': 'en_US.UTF-8', 'XDG_CONFIG_DIRS': '/etc/xdg/xdg-ubuntu:/etc/xdg', 'NVM_CD_FLAGS': '', 'XDG_DATA_DIRS': '/usr/share/ubuntu:/usr/share/gnome:/usr/local/share:/usr/share:/var/lib/snapd/desktop', 'QTWEBENGINE_DICTIONARIES_PATH': '/usr/share/hunspell-bdic/', 'PYTHONPATH': '/home/meta/Documents/robotics_workspace_new/build/robokpy/prefix_override:/usr/lib/python3/dist-packages/colcon_core/task/python/colcon_distutils_commands:/home/meta/Documents/robotics_workspace_new/install/robokpy/lib/python3.12/site-packages:/home/meta/Documents/robotics_workspace_new/install/robokpy_controller/lib/python3.12/site-packages:/home/meta/Documents/robotics_workspace_new/install/robokpy_interfaces/lib/python3.12/site-packages:/home/meta/Documents/robotics_workspace_new/install/robokpy/lib/python3.12/site-packages:/opt/ros/jazzy/lib/python3.12/site-packages', 'COLCON': '1', 'MEMORY_PRESSURE_WRITE': 'c29tZSAyMDAwMDAgMjAwMDAwMAA=', 'VTE_VERSION': '7600', 'CMAKE_PREFIX_PATH': '/home/meta/Documents/robotics_workspace_new/install/robokpy_interfaces:/opt/ros/jazzy/opt/gz_sim_vendor:/opt/ros/jazzy/opt/gz_sensors_vendor:/opt/ros/jazzy/opt/gz_physics_vendor:/opt/ros/jazzy/opt/sdformat_vendor:/opt/ros/jazzy/opt/gz_gui_vendor:/opt/ros/jazzy/opt/gz_transport_vendor:/opt/ros/jazzy/opt/gz_rendering_vendor:/opt/ros/jazzy/opt/gz_plugin_vendor:/opt/ros/jazzy/opt/gz_fuel_tools_vendor:/opt/ros/jazzy/opt/gz_msgs_vendor:/opt/ros/jazzy/opt/gz_common_vendor:/opt/ros/jazzy/opt/gz_math_vendor:/opt/ros/jazzy/opt/gz_utils_vendor:/opt/ros/jazzy/opt/gz_tools_vendor:/opt/ros/jazzy/opt/gz_ogre_next_vendor:/opt/ros/jazzy/opt/gz_dartsim_vendor:/opt/ros/jazzy/opt/gz_cmake_vendor'}, 'shell': False}
[28.505912] (robokpy_controller) Command: {'cmd': ['/usr/bin/python3', '-W', 'ignore:setup.py install is deprecated', 'setup.py', 'egg_info', '--egg-base', '../../build/robokpy_controller', 'build', '--build-base', '/home/meta/Documents/robotics_workspace_new/build/robokpy_controller/build', 'install', '--record', '/home/meta/Documents/robotics_workspace_new/build/robokpy_controller/install.log', '--single-version-externally-managed', 'install_data'], 'cwd': '/home/meta/Documents/robotics_workspace_new/src/robokpy_controller', 'env': {'GJS_DEBUG_TOPICS': 'JS ERROR;JS LOG', 'XDG_ACTIVATION_TOKEN': 'gnome-shell/Terminator/2778-3-meta-Inspiron-3542_TIME8889662', 'LESSOPEN': '| /usr/bin/lesspipe %s', 'LANGUAGE': 'en_US', 'USER': 'meta', 'GZ_CONFIG_PATH': '/opt/ros/jazzy/opt/gz_sim_vendor/share/gz:/opt/ros/jazzy/opt/sdformat_vendor/share/gz:/opt/ros/jazzy/opt/gz_gui_vendor/share/gz:/opt/ros/jazzy/opt/gz_transport_vendor/share/gz:/opt/ros/jazzy/opt/gz_rendering_vendor/share/gz:/opt/ros/jazzy/opt/gz_plugin_vendor/share/gz:/opt/ros/jazzy/opt/gz_fuel_tools_vendor/share/gz:/opt/ros/jazzy/opt/gz_msgs_vendor/share/gz:/opt/ros/jazzy/opt/gz_common_vendor/share/gz', 'XDG_SESSION_TYPE': 'x11', 'STM32CubeMX_PATH': '/home/meta/STM32CubeMX', 'SHLVL': '1', 'LD_LIBRARY_PATH': '/home/meta/Documents/robotics_workspace_new/install/robokpy_interfaces/lib:/opt/ros/jazzy/opt/gz_sim_vendor/lib:/opt/ros/jazzy/opt/gz_sensors_vendor/lib:/opt/ros/jazzy/opt/gz_physics_vendor/lib:/opt/ros/jazzy/opt/sdformat_vendor/lib:/opt/ros/jazzy/opt/rviz_ogre_vendor/lib:/opt/ros/jazzy/lib/x86_64-linux-gnu:/opt/ros/jazzy/opt/gz_gui_vendor/lib:/opt/ros/jazzy/opt/gz_transport_vendor/lib:/opt/ros/jazzy/opt/gz_rendering_vendor/lib:/opt/ros/jazzy/opt/gz_plugin_vendor/lib:/opt/ros/jazzy/opt/gz_fuel_tools_vendor/lib:/opt/ros/jazzy/opt/gz_msgs_vendor/lib:/opt/ros/jazzy/opt/gz_common_vendor/lib:/opt/ros/jazzy/opt/gz_math_vendor/lib:/opt/ros/jazzy/opt/gz_utils_vendor/lib:/opt/ros/jazzy/opt/gz_tools_vendor/lib:/opt/ros/jazzy/opt/gz_ogre_next_vendor/lib:/opt/ros/jazzy/opt/gz_dartsim_vendor/lib:/opt/ros/jazzy/opt/gz_cmake_vendor/lib:/opt/ros/jazzy/lib', 'HOME': '/home/meta', 'OLDPWD': '/home/meta/Documents', 'DESKTOP_SESSION': 'ubuntu', 'NVM_BIN': '/home/meta/.nvm/versions/node/v25.2.1/bin', 'NVM_INC': '/home/meta/.nvm/versions/node/v25.2.1/include/node', 'GIO_LAUNCHED_DESKTOP_FILE': '/usr/share/applications/terminator.desktop', 'ROS_PYTHON_VERSION': '3', 'GNOME_SHELL_SESSION_MODE': 'ubuntu', 'GTK_MODULES': 'gail:atk-bridge', 'XDG_SEAT_PATH': '/org/freedesktop/DisplayManager/Seat0', 'MANAGERPID': '2452', 'SYSTEMD_EXEC_PID': '2778', 'GSM_SKIP_SSH_AGENT_WORKAROUND': 'true', 'DBUS_SESSION_BUS_ADDRESS': 'unix:path=/run/user/1000/bus', 'COLORTERM': 'truecolor', 'TERMINATOR_DBUS_NAME': 'net.tenshu.Terminator21a9d5db22c73a993ff0b42f64b396873', 'LIBVIRT_DEFAULT_URI': 'qemu:///system', 'GIO_LAUNCHED_DESKTOP_FILE_PID': '14333', 'NVM_DIR': '/home/meta/.nvm', 'DEBUGINFOD_URLS': 'https://debuginfod.ubuntu.com', 'IM_CONFIG_PHASE': '1', 'COLCON_PREFIX_PATH': '/home/meta/Documents/robotics_workspace_new/install', 'ROS_DISTRO': 'jazzy', 'LOGNAME': 'meta', 'JOURNAL_STREAM': '8:21188', '_': '/bin/colcon', 'ROS_VERSION': '2', 'MEMORY_PRESSURE_WATCH': '/sys/fs/cgroup/user.slice/user-1000.slice/user@1000.service/session.slice/org.gnome.Shell@x11.service/memory.pressure', 'XDG_SESSION_CLASS': 'user', 'TERM': 'xterm-256color', 'GNOME_DESKTOP_SESSION_ID': 'this-is-deprecated', 'PATH': '/opt/ros/jazzy/opt/gz_msgs_vendor/bin:/opt/ros/jazzy/opt/gz_tools_vendor/bin:/opt/ros/jazzy/opt/gz_ogre_next_vendor/bin:/opt/ros/jazzy/bin:/home/meta/.local/bin:/bin:/usr/bin:/usr/local/bin:/usr/local/texlive/2025/texmf-dist/doc/man::/snap/bin', 'SESSION_MANAGER': 'local/meta-Inspiron-3542:@/tmp/.ICE-unix/2746,unix/meta-Inspiron-3542:/tmp/.ICE-unix/2746', 'GDM_LANG': 'en_US', 'INVOCATION_ID': '079f40d59a8b4edfa841df6d7cec614a', 'XDG_SESSION_PATH': '/org/freedesktop/DisplayManager/Session0', 'XDG_MENU_PREFIX': 'gnome-', 'VREP_DIR': '/home/meta/meta/Downloads/VREP', 'XDG_RUNTIME_DIR': '/run/user/1000', 'DISPLAY': ':0', 'TERMINATOR_DBUS_PATH': '/net/tenshu/Terminator2', 'LANG': 'en_US.UTF-8', 'XDG_CURRENT_DESKTOP': 'ubuntu:GNOME', 'RMW_IMPLEMENTATION': 'rmw_cyclonedds_cpp', 'XMODIFIERS': '@im=ibus', 'XDG_SESSION_DESKTOP': 'ubuntu', 'XAUTHORITY': '/home/meta/.Xauthority', 'LS_COLORS': 'rs=0:di=01;34:ln=01;36:mh=00:pi=40;33:so=01;35:do=01;35:bd=40;33;01:cd=40;33;01:or=40;31;01:mi=00:su=37;41:sg=30;43:ca=00:tw=30;42:ow=34;42:st=37;44:ex=01;32:*.tar=01;31:*.tgz=01;31:*.arc=01;31:*.arj=01;31:*.taz=01;31:*.lha=01;31:*.lz4=01;31:*.lzh=01;31:*.lzma=01;31:*.tlz=01;31:*.txz=01;31:*.tzo=01;31:*.t7z=01;31:*.zip=01;31:*.z=01;31:*.dz=01;31:*.gz=01;31:*.lrz=01;31:*.lz=01;31:*.lzo=01;31:*.xz=01;31:*.zst=01;31:*.tzst=01;31:*.bz2=01;31:*.bz=01;31:*.tbz=01;31:*.tbz2=01;31:*.tz=01;31:*.deb=01;31:*.rpm=01;31:*.jar=01;31:*.war=01;31:*.ear=01;31:*.sar=01;31:*.rar=01;31:*.alz=01;31:*.ace=01;31:*.zoo=01;31:*.cpio=01;31:*.7z=01;31:*.rz=01;31:*.cab=01;31:*.wim=01;31:*.swm=01;31:*.dwm=01;31:*.esd=01;31:*.avif=01;35:*.jpg=01;35:*.jpeg=01;35:*.mjpg=01;35:*.mjpeg=01;35:*.gif=01;35:*.bmp=01;35:*.pbm=01;35:*.pgm=01;35:*.ppm=01;35:*.tga=01;35:*.xbm=01;35:*.xpm=01;35:*.tif=01;35:*.tiff=01;35:*.png=01;35:*.svg=01;35:*.svgz=01;35:*.mng=01;35:*.pcx=01;35:*.mov=01;35:*.mpg=01;35:*.mpeg=01;35:*.m2v=01;35:*.mkv=01;35:*.webm=01;35:*.webp=01;35:*.ogm=01;35:*.mp4=01;35:*.m4v=01;35:*.mp4v=01;35:*.vob=01;35:*.qt=01;35:*.nuv=01;35:*.wmv=01;35:*.asf=01;35:*.rm=01;35:*.rmvb=01;35:*.flc=01;35:*.avi=01;35:*.fli=01;35:*.flv=01;35:*.gl=01;35:*.dl=01;35:*.xcf=01;35:*.xwd=01;35:*.yuv=01;35:*.cgm=01;35:*.emf=01;35:*.ogv=01;35:*.ogx=01;35:*.aac=00;36:*.au=00;36:*.flac=00;36:*.m4a=00;36:*.mid=00;36:*.midi=00;36:*.mka=00;36:*.mp3=00;36:*.mpc=00;36:*.ogg=00;36:*.ra=00;36:*.wav=00;36:*.oga=00;36:*.opus=00;36:*.spx=00;36:*.xspf=00;36:*~=00;90:*#=00;90:*.bak=00;90:*.crdownload=00;90:*.dpkg-dist=00;90:*.dpkg-new=00;90:*.dpkg-old=00;90:*.dpkg-tmp=00;90:*.old=00;90:*.orig=00;90:*.part=00;90:*.rej=00;90:*.rpmnew=00;90:*.rpmorig=00;90:*.rpmsave=00;90:*.swp=00;90:*.tmp=00;90:*.ucf-dist=00;90:*.ucf-new=00;90:*.ucf-old=00;90:', 'SSH_AUTH_SOCK': '/run/user/1000/keyring/ssh', 'XDG_GREETER_DATA_DIR': '/var/lib/lightdm-data/meta', 'AMENT_PREFIX_PATH': '/home/meta/Documents/robotics_workspace_new/install/robokpy_controller:/home/meta/Documents/robotics_workspace_new/install/robokpy_interfaces:/home/meta/Documents/robotics_workspace_new/install/robokpy:/opt/ros/jazzy', 'SHELL': '/bin/bash', 'TERMINATOR_UUID': 'urn:uuid:f3dc330d-81e3-4ce4-b904-36fe4bfb8576', 'QT_ACCESSIBILITY': '1', 'GDMSESSION': 'ubuntu', 'LESSCLOSE': '/usr/bin/lesspipe %s %s', 'GPG_AGENT_INFO': '/run/user/1000/gnupg/S.gpg-agent:0:1', 'GJS_DEBUG_OUTPUT': 'stderr', 'ROS_AUTOMATIC_DISCOVERY_RANGE': 'SUBNET', 'QT_IM_MODULE': 'ibus', 'PWD': '/home/meta/Documents/robotics_workspace_new/build/robokpy_controller', 'QT_QPA_PLATFORM': 'xcb', 'LC_ALL': 'en_US.UTF-8', 'XDG_CONFIG_DIRS': '/etc/xdg/xdg-ubuntu:/etc/xdg', 'NVM_CD_FLAGS': '', 'XDG_DATA_DIRS': '/usr/share/ubuntu:/usr/share/gnome:/usr/local/share:/usr/share:/var/lib/snapd/desktop', 'QTWEBENGINE_DICTIONARIES_PATH': '/usr/share/hunspell-bdic/', 'PYTHONPATH': '/home/meta/Documents/robotics_workspace_new/build/robokpy_controller/prefix_override:/usr/lib/python3/dist-packages/colcon_core/task/python/colcon_distutils_commands:/home/meta/Documents/robotics_workspace_new/install/robokpy_controller/lib/python3.12/site-packages:/home/meta/Documents/robotics_workspace_new/install/robokpy_interfaces/lib/python3.12/site-packages:/home/meta/Documents/robotics_workspace_new/install/robokpy_controller/lib/python3.12/site-packages:/home/meta/Documents/robotics_workspace_new/install/robokpy/lib/python3.12/site-packages:/opt/ros/jazzy/lib/python3.12/site-packages', 'COLCON': '1', 'MEMORY_PRESSURE_WRITE': 'c29tZSAyMDAwMDAgMjAwMDAwMAA=', 'VTE_VERSION': '7600', 'CMAKE_PREFIX_PATH': '/home/meta/Documents/robotics_workspace_new/install/robokpy_interfaces:/opt/ros/jazzy/opt/gz_sim_vendor:/opt/ros/jazzy/opt/gz_sensors_vendor:/opt/ros/jazzy/opt/gz_physics_vendor:/opt/ros/jazzy/opt/sdformat_vendor:/opt/ros/jazzy/opt/gz_gui_vendor:/opt/ros/jazzy/opt/gz_transport_vendor:/opt/ros/jazzy/opt/gz_rendering_vendor:/opt/ros/jazzy/opt/gz_plugin_vendor:/opt/ros/jazzy/opt/gz_fuel_tools_vendor:/opt/ros/jazzy/opt/gz_msgs_vendor:/opt/ros/jazzy/opt/gz_common_vendor:/opt/ros/jazzy/opt/gz_math_vendor:/opt/ros/jazzy/opt/gz_utils_vendor:/opt/ros/jazzy/opt/gz_tools_vendor:/opt/ros/jazzy/opt/gz_ogre_next_vendor:/opt/ros/jazzy/opt/gz_dartsim_vendor:/opt/ros/jazzy/opt/gz_cmake_vendor'}, 'shell': False}
[28.568227] (-) TimerEvent: {}
[28.669115] (-) TimerEvent: {}
[28.769557] (-) TimerEvent: {}
[28.870059] (-) TimerEvent: {}
[28.970544] (-) TimerEvent: {}
[29.072018] (-) TimerEvent: {}
[29.173988] (-) TimerEvent: {}
[29.278180] (-) TimerEvent: {}
[29.381079] (-) TimerEvent: {}
[29.483287] (-) TimerEvent: {}
[29.584771] (-) TimerEvent: {}
[29.685192] (-) TimerEvent: {}
[29.785613] (-) TimerEvent: {}
[29.886098] (-) TimerEvent: {}
[29.902841] (robokpy) StdoutLine: {'line': b'running egg_info\n'}
[29.983916] (robokpy_controller) StdoutLine: {'line': b'running egg_info\n'}
[29.986208] (-) TimerEvent: {}
[29.990179] (robokpy) StdoutLine: {'line': b'writing ../../build/robokpy/robokpy.egg-info/PKG-INFO\n'}
[29.990998] (robokpy) StdoutLine: {'line': b'writing dependency_links to ../../build/robokpy/robokpy.egg-info/dependency_links.txt\n'}
[29.992022] (robokpy) StdoutLine: {'line': b'writing requirements to ../../build/robokpy/robokpy.egg-info/requires.txt\n'}
[29.995504] (robokpy) StdoutLine: {'line': b'writing top-level names to ../../build/robokpy/robokpy.egg-info/top_level.txt\n'}
[30.075560] (robokpy_controller) StdoutLine: {'line': b'writing ../../build/robokpy_controller/robokpy_controller.egg-info/PKG-INFO\n'}
[30.076299] (robokpy_controller) StdoutLine: {'line': b'writing dependency_links to ../../build/robokpy_controller/robokpy_controller.egg-info/dependency_links.txt\n'}
[30.077171] (robokpy_controller) StdoutLine: {'line': b'writing entry points to ../../build/robokpy_controller/robokpy_controller.egg-info/entry_points.txt\n'}
[30.077873] (robokpy_controller) StdoutLine: {'line': b'writing requirements to ../../build/robokpy_controller/robokpy_controller.egg-info/requires.txt\n'}
[30.078267] (robokpy_controller) StdoutLine: {'line': b'writing top-level names to ../../build/robokpy_controller/robokpy_controller.egg-info/top_level.txt\n'}
[30.086337] (-) TimerEvent: {}
[30.183556] (robokpy) StdoutLine: {'line': b"reading manifest file '../../build/robokpy/robokpy.egg-info/SOURCES.txt'\n"}
[30.187019] (robokpy) StdoutLine: {'line': b"writing manifest file '../../build/robokpy/robokpy.egg-info/SOURCES.txt'\n"}
[30.187541] (-) TimerEvent: {}
[30.188556] (robokpy) StdoutLine: {'line': b'running build\n'}
[30.188950] (robokpy) StdoutLine: {'line': b'running build_py\n'}
[30.189823] (robokpy) StdoutLine: {'line': b'running install\n'}
[30.207721] (robokpy) StdoutLine: {'line': b'running install_lib\n'}
[30.275780] (robokpy_controller) StdoutLine: {'line': b"reading manifest file '../../build/robokpy_controller/robokpy_controller.egg-info/SOURCES.txt'\n"}
[30.287660] (-) TimerEvent: {}
[30.302083] (robokpy_controller) StdoutLine: {'line': b"writing manifest file '../../build/robokpy_controller/robokpy_controller.egg-info/SOURCES.txt'\n"}
[30.303533] (robokpy_controller) StdoutLine: {'line': b'running build\n'}
[30.303951] (robokpy_controller) StdoutLine: {'line': b'running build_py\n'}
[30.304359] (robokpy_controller) StdoutLine: {'line': b'copying robokpy_controller/tool_action_server.py -> /home/meta/Documents/robotics_workspace_new/build/robokpy_controller/build/lib/robokpy_controller\n'}
[30.306856] (robokpy_controller) StdoutLine: {'line': b'running install\n'}
[30.308689] (robokpy) StdoutLine: {'line': b'running install_data\n'}
[30.309174] (robokpy) StdoutLine: {'line': b'running install_egg_info\n'}
[30.323334] (robokpy_controller) StdoutLine: {'line': b'running install_lib\n'}
[30.387769] (-) TimerEvent: {}
[30.415199] (robokpy) StdoutLine: {'line': b"removing '/home/meta/Documents/robotics_workspace_new/install/robokpy/lib/python3.12/site-packages/robokpy-0.0.0-py3.12.egg-info' (and everything under it)\n"}
[30.421422] (robokpy_controller) StdoutLine: {'line': b'copying /home/meta/Documents/robotics_workspace_new/build/robokpy_controller/build/lib/robokpy_controller/tool_action_server.py -> /home/meta/Documents/robotics_workspace_new/install/robokpy_controller/lib/python3.12/site-packages/robokpy_controller\n'}
[30.424294] (robokpy_controller) StdoutLine: {'line': b'byte-compiling /home/meta/Documents/robotics_workspace_new/install/robokpy_controller/lib/python3.12/site-packages/robokpy_controller/tool_action_server.py to tool_action_server.cpython-312.pyc\n'}
[30.447692] (robokpy) StdoutLine: {'line': b'Copying ../../build/robokpy/robokpy.egg-info to /home/meta/Documents/robotics_workspace_new/install/robokpy/lib/python3.12/site-packages/robokpy-0.0.0-py3.12.egg-info\n'}
[30.456061] (robokpy_controller) StdoutLine: {'line': b'running install_data\n'}
[30.456695] (robokpy_controller) StdoutLine: {'line': b'copying config/tools.yaml -> /home/meta/Documents/robotics_workspace_new/install/robokpy_controller/share/robokpy_controller/config\n'}
[30.461441] (robokpy_controller) StdoutLine: {'line': b'running install_egg_info\n'}
[30.469547] (robokpy) StdoutLine: {'line': b'running install_scripts\n'}
[30.487886] (-) TimerEvent: {}
[30.554409] (robokpy_controller) StdoutLine: {'line': b"removing '/home/meta/Documents/robotics_workspace_new/install/robokpy_controller/lib/python3.12/site-packages/robokpy_controller-0.0.0-py3.12.egg-info' (and everything under it)\n"}
[30.565863] (robokpy_controller) StdoutLine: {'line': b'Copying ../../build/robokpy_controller/robokpy_controller.egg-info to /home/meta/Documents/robotics_workspace_new/install/robokpy_controller/lib/python3.12/site-packages/robokpy_controller-0.0.0-py3.12.egg-info\n'}
[30.566297] (robokpy_controller) StdoutLine: {'line': b'running install_scripts\n'}
[30.588002] (-) TimerEvent: {}
[30.688416] (-) TimerEvent: {}
[30.788926] (-) TimerEvent: {}
[30.889359] (-) TimerEvent: {}
[30.989774] (-) TimerEvent: {}
[31.036029] (robokpy) StdoutLine: {'line': b"writing list of installed files to '/home/meta/Documents/robotics_workspace_new/build/robokpy/install.log'\n"}
[31.089909] (-) TimerEvent: {}
[31.120924] (robokpy) CommandEnded: {'returncode': 0}
[31.122278] (robokpy_controller) StdoutLine: {'line': b'Installing arm_executor script to /home/meta/Documents/robotics_workspace_new/install/robokpy_controller/lib/robokpy_controller\n'}
[31.123236] (robokpy_controller) StdoutLine: {'line': b'Installing cell_orchestrator script to /home/meta/Documents/robotics_workspace_new/install/robokpy_controller/lib/robokpy_controller\n'}
[31.123515] (robokpy_controller) StdoutLine: {'line': b'Installing grasp_attach_bridge script to /home/meta/Documents/robotics_workspace_new/install/robokpy_controller/lib/robokpy_controller\n'}
[31.123996] (robokpy_controller) StdoutLine: {'line': b'Installing joint_jog_server script to /home/meta/Documents/robotics_workspace_new/install/robokpy_controller/lib/robokpy_controller\n'}
[31.124422] (robokpy_controller) StdoutLine: {'line': b'Installing kinematic_solver script to /home/meta/Documents/robotics_workspace_new/install/robokpy_controller/lib/robokpy_controller\n'}
[31.125335] (robokpy_controller) StdoutLine: {'line': b'Installing kinematics_server script to /home/meta/Documents/robotics_workspace_new/install/robokpy_controller/lib/robokpy_controller\n'}
[31.127432] (robokpy_controller) StdoutLine: {'line': b'Installing object_pose_resolver script to /home/meta/Documents/robotics_workspace_new/install/robokpy_controller/lib/robokpy_controller\n'}
[31.127906] (robokpy_controller) StdoutLine: {'line': b'Installing object_spawner script to /home/meta/Documents/robotics_workspace_new/install/robokpy_controller/lib/robokpy_controller\n'}
[31.128259] (robokpy_controller) StdoutLine: {'line': b'Installing pose_target_interface script to /home/meta/Documents/robotics_workspace_new/install/robokpy_controller/lib/robokpy_controller\n'}
[31.128561] (robokpy_controller) StdoutLine: {'line': b'Installing robot_command_server script to /home/meta/Documents/robotics_workspace_new/install/robokpy_controller/lib/robokpy_controller\n'}
[31.132686] (robokpy_controller) StdoutLine: {'line': b'Installing robot_description_viewer script to /home/meta/Documents/robotics_workspace_new/install/robokpy_controller/lib/robokpy_controller\n'}
[31.134731] (robokpy_controller) StdoutLine: {'line': b'Installing robot_state_interface_virtual script to /home/meta/Documents/robotics_workspace_new/install/robokpy_controller/lib/robokpy_controller\n'}
[31.135266] (robokpy_controller) StdoutLine: {'line': b'Installing robot_state_manager script to /home/meta/Documents/robotics_workspace_new/install/robokpy_controller/lib/robokpy_controller\n'}
[31.135534] (robokpy_controller) StdoutLine: {'line': b'Installing safety_bridge script to /home/meta/Documents/robotics_workspace_new/install/robokpy_controller/lib/robokpy_controller\n'}
[31.135883] (robokpy_controller) StdoutLine: {'line': b'Installing tool_action_server script to /home/meta/Documents/robotics_workspace_new/install/robokpy_controller/lib/robokpy_controller\n'}
[31.137122] (robokpy_controller) StdoutLine: {'line': b'Installing trajectory_plotter script to /home/meta/Documents/robotics_workspace_new/install/robokpy_controller/lib/robokpy_controller\n'}
[31.137489] (robokpy_controller) StdoutLine: {'line': b'Installing virtual_jog_relay script to /home/meta/Documents/robotics_workspace_new/install/robokpy_controller/lib/robokpy_controller\n'}
[31.138071] (robokpy_controller) StdoutLine: {'line': b"writing list of installed files to '/home/meta/Documents/robotics_workspace_new/build/robokpy_controller/install.log'\n"}
[31.150723] (robokpy) JobEnded: {'identifier': 'robokpy', 'rc': 0}
[31.190078] (-) TimerEvent: {}
[31.211892] (robokpy_controller) CommandEnded: {'returncode': 0}
[31.254244] (robokpy_controller) JobEnded: {'identifier': 'robokpy_controller', 'rc': 0}
[31.256201] (-) EventReactorShutdown: {}
