[0.000000] (-) TimerEvent: {}
[0.000538] (robokpy) JobQueued: {'identifier': 'robokpy', 'dependencies': OrderedDict()}
[0.001114] (robokpy_interfaces) JobQueued: {'identifier': 'robokpy_interfaces', 'dependencies': OrderedDict()}
[0.001987] (robokpy_controller) JobQueued: {'identifier': 'robokpy_controller', 'dependencies': OrderedDict({'robokpy_interfaces': '/home/meta/Documents/robotics_workspace_new/install/robokpy_interfaces'})}
[0.002320] (robokpy_interfaces) JobStarted: {'identifier': 'robokpy_interfaces'}
[0.028505] (robokpy) JobStarted: {'identifier': 'robokpy'}
[0.050786] (robokpy_interfaces) JobProgress: {'identifier': 'robokpy_interfaces', 'progress': 'cmake'}
[0.052734] (robokpy_interfaces) JobProgress: {'identifier': 'robokpy_interfaces', 'progress': 'build'}
[0.054647] (robokpy_interfaces) Command: {'cmd': ['/bin/cmake', '--build', '/home/meta/Documents/robotics_workspace_new/build/robokpy_interfaces', '--', '-j4', '-l4'], 'cwd': '/home/meta/Documents/robotics_workspace_new/build/robokpy_interfaces', 'env': OrderedDict({'GJS_DEBUG_TOPICS': 'JS ERROR;JS LOG', 'XDG_ACTIVATION_TOKEN': 'gnome-shell/Terminator/2778-0-meta-Inspiron-3542_TIME261192', 'LESSOPEN': '| /usr/bin/lesspipe %s', 'LANGUAGE': 'en_US', 'USER': 'meta', 'GZ_CONFIG_PATH': '/opt/ros/jazzy/opt/gz_sim_vendor/share/gz:/opt/ros/jazzy/opt/sdformat_vendor/share/gz:/opt/ros/jazzy/opt/gz_gui_vendor/share/gz:/opt/ros/jazzy/opt/gz_transport_vendor/share/gz:/opt/ros/jazzy/opt/gz_rendering_vendor/share/gz:/opt/ros/jazzy/opt/gz_plugin_vendor/share/gz:/opt/ros/jazzy/opt/gz_fuel_tools_vendor/share/gz:/opt/ros/jazzy/opt/gz_msgs_vendor/share/gz:/opt/ros/jazzy/opt/gz_common_vendor/share/gz', 'XDG_SESSION_TYPE': 'x11', 'STM32CubeMX_PATH': '/home/meta/STM32CubeMX', 'SHLVL': '1', 'LD_LIBRARY_PATH': '/home/meta/Documents/robotics_workspace_new/install/robokpy_interfaces/lib:/opt/ros/jazzy/opt/gz_sim_vendor/lib:/opt/ros/jazzy/opt/gz_sensors_vendor/lib:/opt/ros/jazzy/opt/gz_physics_vendor/lib:/opt/ros/jazzy/opt/sdformat_vendor/lib:/opt/ros/jazzy/opt/rviz_ogre_vendor/lib:/opt/ros/jazzy/lib/x86_64-linux-gnu:/opt/ros/jazzy/opt/gz_gui_vendor/lib:/opt/ros/jazzy/opt/gz_transport_vendor/lib:/opt/ros/jazzy/opt/gz_rendering_vendor/lib:/opt/ros/jazzy/opt/gz_plugin_vendor/lib:/opt/ros/jazzy/opt/gz_fuel_tools_vendor/lib:/opt/ros/jazzy/opt/gz_msgs_vendor/lib:/opt/ros/jazzy/opt/gz_common_vendor/lib:/opt/ros/jazzy/opt/gz_math_vendor/lib:/opt/ros/jazzy/opt/gz_utils_vendor/lib:/opt/ros/jazzy/opt/gz_tools_vendor/lib:/opt/ros/jazzy/opt/gz_ogre_next_vendor/lib:/opt/ros/jazzy/opt/gz_dartsim_vendor/lib:/opt/ros/jazzy/opt/gz_cmake_vendor/lib:/opt/ros/jazzy/lib', 'HOME': '/home/meta', 'OLDPWD': '/home/meta/Documents', 'DESKTOP_SESSION': 'ubuntu', 'NVM_BIN': '/home/meta/.nvm/versions/node/v25.2.1/bin', 'NVM_INC': '/home/meta/.nvm/versions/node/v25.2.1/include/node', 'GIO_LAUNCHED_DESKTOP_FILE': '/usr/share/applications/terminator.desktop', 'ROS_PYTHON_VERSION': '3', 'GNOME_SHELL_SESSION_MODE': 'ubuntu', 'GTK_MODULES': 'gail:atk-bridge', 'XDG_SEAT_PATH': '/org/freedesktop/DisplayManager/Seat0', 'MANAGERPID': '2449', 'SYSTEMD_EXEC_PID': '2778', 'GSM_SKIP_SSH_AGENT_WORKAROUND': 'true', 'DBUS_SESSION_BUS_ADDRESS': 'unix:path=/run/user/1000/bus', 'COLORTERM': 'truecolor', 'TERMINATOR_DBUS_NAME': 'net.tenshu.Terminator21a9d5db22c73a993ff0b42f64b396873', 'LIBVIRT_DEFAULT_URI': 'qemu:///system', 'GIO_LAUNCHED_DESKTOP_FILE_PID': '3796', 'NVM_DIR': '/home/meta/.nvm', 'DEBUGINFOD_URLS': 'https://debuginfod.ubuntu.com', 'IM_CONFIG_PHASE': '1', 'COLCON_PREFIX_PATH': '/home/meta/Documents/robotics_workspace_new/install', 'ROS_DISTRO': 'jazzy', 'LOGNAME': 'meta', 'JOURNAL_STREAM': '8:21875', '_': '/bin/colcon', 'ROS_VERSION': '2', 'MEMORY_PRESSURE_WATCH': '/sys/fs/cgroup/user.slice/user-1000.slice/user@1000.service/session.slice/org.gnome.Shell@x11.service/memory.pressure', 'XDG_SESSION_CLASS': 'user', 'TERM': 'xterm-256color', 'GNOME_DESKTOP_SESSION_ID': 'this-is-deprecated', 'PATH': '/opt/ros/jazzy/opt/gz_msgs_vendor/bin:/opt/ros/jazzy/opt/gz_tools_vendor/bin:/opt/ros/jazzy/opt/gz_ogre_next_vendor/bin:/opt/ros/jazzy/bin:/home/meta/.local/bin:/bin:/usr/bin:/usr/local/bin:/usr/local/texlive/2025/texmf-dist/doc/man::/snap/bin', 'SESSION_MANAGER': 'local/meta-Inspiron-3542:@/tmp/.ICE-unix/2747,unix/meta-Inspiron-3542:/tmp/.ICE-unix/2747', 'GDM_LANG': 'en_US', 'INVOCATION_ID': 'dae5a5f36e5a461caa1c3cd733ba5d67', 'XDG_SESSION_PATH': '/org/freedesktop/DisplayManager/Session0', 'XDG_MENU_PREFIX': 'gnome-', 'VREP_DIR': '/home/meta/meta/Downloads/VREP', 'XDG_RUNTIME_DIR': '/run/user/1000', 'DISPLAY': ':0', 'TERMINATOR_DBUS_PATH': '/net/tenshu/Terminator2', 'LANG': 'en_US.UTF-8', 'XDG_CURRENT_DESKTOP': 'ubuntu:GNOME', 'RMW_IMPLEMENTATION': 'rmw_cyclonedds_cpp', 'XMODIFIERS': '@im=ibus', 'XDG_SESSION_DESKTOP': 'ubuntu', 'XAUTHORITY': '/home/meta/.Xauthority', 'LS_COLORS': 'rs=0:di=01;34:ln=01;36:mh=00:pi=40;33:so=01;35:do=01;35:bd=40;33;01:cd=40;33;01:or=40;31;01:mi=00:su=37;41:sg=30;43:ca=00:tw=30;42:ow=34;42:st=37;44:ex=01;32:*.tar=01;31:*.tgz=01;31:*.arc=01;31:*.arj=01;31:*.taz=01;31:*.lha=01;31:*.lz4=01;31:*.lzh=01;31:*.lzma=01;31:*.tlz=01;31:*.txz=01;31:*.tzo=01;31:*.t7z=01;31:*.zip=01;31:*.z=01;31:*.dz=01;31:*.gz=01;31:*.lrz=01;31:*.lz=01;31:*.lzo=01;31:*.xz=01;31:*.zst=01;31:*.tzst=01;31:*.bz2=01;31:*.bz=01;31:*.tbz=01;31:*.tbz2=01;31:*.tz=01;31:*.deb=01;31:*.rpm=01;31:*.jar=01;31:*.war=01;31:*.ear=01;31:*.sar=01;31:*.rar=01;31:*.alz=01;31:*.ace=01;31:*.zoo=01;31:*.cpio=01;31:*.7z=01;31:*.rz=01;31:*.cab=01;31:*.wim=01;31:*.swm=01;31:*.dwm=01;31:*.esd=01;31:*.avif=01;35:*.jpg=01;35:*.jpeg=01;35:*.mjpg=01;35:*.mjpeg=01;35:*.gif=01;35:*.bmp=01;35:*.pbm=01;35:*.pgm=01;35:*.ppm=01;35:*.tga=01;35:*.xbm=01;35:*.xpm=01;35:*.tif=01;35:*.tiff=01;35:*.png=01;35:*.svg=01;35:*.svgz=01;35:*.mng=01;35:*.pcx=01;35:*.mov=01;35:*.mpg=01;35:*.mpeg=01;35:*.m2v=01;35:*.mkv=01;35:*.webm=01;35:*.webp=01;35:*.ogm=01;35:*.mp4=01;35:*.m4v=01;35:*.mp4v=01;35:*.vob=01;35:*.qt=01;35:*.nuv=01;35:*.wmv=01;35:*.asf=01;35:*.rm=01;35:*.rmvb=01;35:*.flc=01;35:*.avi=01;35:*.fli=01;35:*.flv=01;35:*.gl=01;35:*.dl=01;35:*.xcf=01;35:*.xwd=01;35:*.yuv=01;35:*.cgm=01;35:*.emf=01;35:*.ogv=01;35:*.ogx=01;35:*.aac=00;36:*.au=00;36:*.flac=00;36:*.m4a=00;36:*.mid=00;36:*.midi=00;36:*.mka=00;36:*.mp3=00;36:*.mpc=00;36:*.ogg=00;36:*.ra=00;36:*.wav=00;36:*.oga=00;36:*.opus=00;36:*.spx=00;36:*.xspf=00;36:*~=00;90:*#=00;90:*.bak=00;90:*.crdownload=00;90:*.dpkg-dist=00;90:*.dpkg-new=00;90:*.dpkg-old=00;90:*.dpkg-tmp=00;90:*.old=00;90:*.orig=00;90:*.part=00;90:*.rej=00;90:*.rpmnew=00;90:*.rpmorig=00;90:*.rpmsave=00;90:*.swp=00;90:*.tmp=00;90:*.ucf-dist=00;90:*.ucf-new=00;90:*.ucf-old=00;90:', 'SSH_AUTH_SOCK': '/run/user/1000/keyring/ssh', 'XDG_GREETER_DATA_DIR': '/var/lib/lightdm-data/meta', 'AMENT_PREFIX_PATH': '/home/meta/Documents/robotics_workspace_new/install/robokpy_controller:/home/meta/Documents/robotics_workspace_new/install/robokpy_interfaces:/home/meta/Documents/robotics_workspace_new/install/robokpy:/opt/ros/jazzy', 'SHELL': '/bin/bash', 'TERMINATOR_UUID': 'urn:uuid:84026139-a2bf-4c72-a3d0-8674c443507c', 'QT_ACCESSIBILITY': '1', 'GDMSESSION': 'ubuntu', 'LESSCLOSE': '/usr/bin/lesspipe %s %s', 'GPG_AGENT_INFO': '/run/user/1000/gnupg/S.gpg-agent:0:1', 'GJS_DEBUG_OUTPUT': 'stderr', 'ROS_AUTOMATIC_DISCOVERY_RANGE': 'SUBNET', 'QT_IM_MODULE': 'ibus', 'PWD': '/home/meta/Documents/robotics_workspace_new/build/robokpy_interfaces', 'QT_QPA_PLATFORM': 'xcb', 'LC_ALL': 'en_US.UTF-8', 'XDG_CONFIG_DIRS': '/etc/xdg/xdg-ubuntu:/etc/xdg', 'NVM_CD_FLAGS': '', 'XDG_DATA_DIRS': '/usr/share/ubuntu:/usr/share/gnome:/usr/local/share:/usr/share:/var/lib/snapd/desktop', 'QTWEBENGINE_DICTIONARIES_PATH': '/usr/share/hunspell-bdic/', 'PYTHONPATH': '/home/meta/Documents/robotics_workspace_new/install/robokpy_controller/lib/python3.12/site-packages:/home/meta/Documents/robotics_workspace_new/install/robokpy_interfaces/lib/python3.12/site-packages:/home/meta/Documents/robotics_workspace_new/install/robokpy/lib/python3.12/site-packages:/opt/ros/jazzy/lib/python3.12/site-packages', 'COLCON': '1', 'MEMORY_PRESSURE_WRITE': 'c29tZSAyMDAwMDAgMjAwMDAwMAA=', 'VTE_VERSION': '7600', 'CMAKE_PREFIX_PATH': '/home/meta/Documents/robotics_workspace_new/install/robokpy_interfaces:/opt/ros/jazzy/opt/gz_sim_vendor:/opt/ros/jazzy/opt/gz_sensors_vendor:/opt/ros/jazzy/opt/gz_physics_vendor:/opt/ros/jazzy/opt/sdformat_vendor:/opt/ros/jazzy/opt/gz_gui_vendor:/opt/ros/jazzy/opt/gz_transport_vendor:/opt/ros/jazzy/opt/gz_rendering_vendor:/opt/ros/jazzy/opt/gz_plugin_vendor:/opt/ros/jazzy/opt/gz_fuel_tools_vendor:/opt/ros/jazzy/opt/gz_msgs_vendor:/opt/ros/jazzy/opt/gz_common_vendor:/opt/ros/jazzy/opt/gz_math_vendor:/opt/ros/jazzy/opt/gz_utils_vendor:/opt/ros/jazzy/opt/gz_tools_vendor:/opt/ros/jazzy/opt/gz_ogre_next_vendor:/opt/ros/jazzy/opt/gz_dartsim_vendor:/opt/ros/jazzy/opt/gz_cmake_vendor:/home/meta/Documents/robotics_workspace_new/install/robokpy_controller:/home/meta/Documents/robotics_workspace_new/install/robokpy:/opt/ros/jazzy'}), 'shell': False}
[0.099602] (-) TimerEvent: {}
[0.200059] (-) TimerEvent: {}
[0.279986] (robokpy_interfaces) StdoutLine: {'line': b'[  1%] Built target robokpy_interfaces__rosidl_generator_type_description\n'}
[0.300149] (-) TimerEvent: {}
[0.400503] (-) TimerEvent: {}
[0.500835] (-) TimerEvent: {}
[0.601264] (-) TimerEvent: {}
[0.650945] (robokpy_interfaces) StdoutLine: {'line': b'[  1%] Built target ament_cmake_python_copy_robokpy_interfaces\n'}
[0.701393] (-) TimerEvent: {}
[0.801868] (-) TimerEvent: {}
[0.903882] (robokpy_interfaces) StdoutLine: {'line': b'[ 29%] Built target robokpy_interfaces__rosidl_generator_c\n'}
[0.904327] (-) TimerEvent: {}
[1.009400] (-) TimerEvent: {}
[1.109906] (-) TimerEvent: {}
[1.212533] (-) TimerEvent: {}
[1.317135] (-) TimerEvent: {}
[1.417602] (-) TimerEvent: {}
[1.518102] (-) TimerEvent: {}
[1.618629] (-) TimerEvent: {}
[1.720135] (-) TimerEvent: {}
[1.824134] (-) TimerEvent: {}
[1.925381] (-) TimerEvent: {}
[2.028145] (-) TimerEvent: {}
[2.128589] (-) TimerEvent: {}
[2.197682] (robokpy_interfaces) StdoutLine: {'line': b'running egg_info\n'}
[2.228708] (-) TimerEvent: {}
[2.284141] (robokpy_interfaces) StdoutLine: {'line': b'writing robokpy_interfaces.egg-info/PKG-INFO\n'}
[2.287562] (robokpy_interfaces) StdoutLine: {'line': b'writing dependency_links to robokpy_interfaces.egg-info/dependency_links.txt\n'}
[2.287987] (robokpy_interfaces) StdoutLine: {'line': b'writing top-level names to robokpy_interfaces.egg-info/top_level.txt\n'}
[2.328832] (-) TimerEvent: {}
[2.429278] (-) TimerEvent: {}
[2.529699] (-) TimerEvent: {}
[2.559198] (robokpy_interfaces) StdoutLine: {'line': b"reading manifest file 'robokpy_interfaces.egg-info/SOURCES.txt'\n"}
[2.560907] (robokpy_interfaces) StdoutLine: {'line': b"writing manifest file 'robokpy_interfaces.egg-info/SOURCES.txt'\n"}
[2.627041] (robokpy_interfaces) StdoutLine: {'line': b'[ 29%] Built target ament_cmake_python_build_robokpy_interfaces_egg\n'}
[2.629809] (-) TimerEvent: {}
[2.730187] (-) TimerEvent: {}
[2.830561] (-) TimerEvent: {}
[2.930981] (-) TimerEvent: {}
[3.031370] (-) TimerEvent: {}
[3.131704] (-) TimerEvent: {}
[3.186171] (robokpy_interfaces) StdoutLine: {'line': b'[ 39%] Built target robokpy_interfaces__rosidl_typesupport_introspection_c\n'}
[3.231895] (-) TimerEvent: {}
[3.332322] (-) TimerEvent: {}
[3.432734] (-) TimerEvent: {}
[3.533145] (-) TimerEvent: {}
[3.586110] (robokpy_interfaces) StdoutLine: {'line': b'[ 49%] Built target robokpy_interfaces__rosidl_typesupport_c\n'}
[3.633269] (-) TimerEvent: {}
[3.733679] (-) TimerEvent: {}
[3.834053] (-) TimerEvent: {}
[3.849908] (robokpy_interfaces) StdoutLine: {'line': b'[ 59%] Built target robokpy_interfaces__rosidl_typesupport_fastrtps_c\n'}
[3.934127] (-) TimerEvent: {}
[4.000095] (robokpy_interfaces) StdoutLine: {'line': b'[ 59%] Built target robokpy_interfaces__cpp\n'}
[4.034290] (-) TimerEvent: {}
[4.134803] (-) TimerEvent: {}
[4.235260] (-) TimerEvent: {}
[4.332591] (robokpy_interfaces) StdoutLine: {'line': b'[ 68%] Built target robokpy_interfaces__rosidl_typesupport_cpp\n'}
[4.335384] (-) TimerEvent: {}
[4.435806] (-) TimerEvent: {}
[4.498678] (robokpy_interfaces) StdoutLine: {'line': b'[ 78%] Built target robokpy_interfaces__rosidl_typesupport_introspection_cpp\n'}
[4.535924] (-) TimerEvent: {}
[4.636375] (-) TimerEvent: {}
[4.736791] (-) TimerEvent: {}
[4.758255] (robokpy_interfaces) StdoutLine: {'line': b'[ 88%] Built target robokpy_interfaces__rosidl_typesupport_fastrtps_cpp\n'}
[4.822769] (robokpy_interfaces) StdoutLine: {'line': b'[ 88%] Built target robokpy_interfaces\n'}
[4.836908] (-) TimerEvent: {}
[4.900976] (robokpy_interfaces) StdoutLine: {'line': b'[ 88%] Built target robokpy_interfaces__py\n'}
[4.937036] (-) TimerEvent: {}
[5.037625] (-) TimerEvent: {}
[5.138029] (-) TimerEvent: {}
[5.172882] (robokpy_interfaces) StdoutLine: {'line': b'[ 97%] Built target robokpy_interfaces__rosidl_generator_py\n'}
[5.238219] (-) TimerEvent: {}
[5.338639] (-) TimerEvent: {}
[5.411032] (robokpy_interfaces) StdoutLine: {'line': b'[ 98%] Built target robokpy_interfaces_s__rosidl_typesupport_fastrtps_c\n'}
[5.438828] (-) TimerEvent: {}
[5.539188] (-) TimerEvent: {}
[5.639586] (-) TimerEvent: {}
[5.667440] (robokpy_interfaces) StdoutLine: {'line': b'[ 99%] Built target robokpy_interfaces_s__rosidl_typesupport_c\n'}
[5.739772] (-) TimerEvent: {}
[5.840141] (-) TimerEvent: {}
[5.901007] (robokpy_interfaces) StdoutLine: {'line': b'[100%] Built target robokpy_interfaces_s__rosidl_typesupport_introspection_c\n'}
[5.926787] (robokpy_interfaces) CommandEnded: {'returncode': 0}
[5.940265] (-) TimerEvent: {}
[6.040723] (-) TimerEvent: {}
[6.135190] (robokpy) Command: {'cmd': ['/usr/bin/python3', '-W', 'ignore:setup.py install is deprecated', 'setup.py', 'egg_info', '--egg-base', '../../build/robokpy', 'build', '--build-base', '/home/meta/Documents/robotics_workspace_new/build/robokpy/build', 'install', '--record', '/home/meta/Documents/robotics_workspace_new/build/robokpy/install.log', '--single-version-externally-managed', 'install_data'], 'cwd': '/home/meta/Documents/robotics_workspace_new/src/robokpy', 'env': {'GJS_DEBUG_TOPICS': 'JS ERROR;JS LOG', 'XDG_ACTIVATION_TOKEN': 'gnome-shell/Terminator/2778-0-meta-Inspiron-3542_TIME261192', 'LESSOPEN': '| /usr/bin/lesspipe %s', 'LANGUAGE': 'en_US', 'USER': 'meta', 'GZ_CONFIG_PATH': '/opt/ros/jazzy/opt/gz_sim_vendor/share/gz:/opt/ros/jazzy/opt/sdformat_vendor/share/gz:/opt/ros/jazzy/opt/gz_gui_vendor/share/gz:/opt/ros/jazzy/opt/gz_transport_vendor/share/gz:/opt/ros/jazzy/opt/gz_rendering_vendor/share/gz:/opt/ros/jazzy/opt/gz_plugin_vendor/share/gz:/opt/ros/jazzy/opt/gz_fuel_tools_vendor/share/gz:/opt/ros/jazzy/opt/gz_msgs_vendor/share/gz:/opt/ros/jazzy/opt/gz_common_vendor/share/gz', 'XDG_SESSION_TYPE': 'x11', 'STM32CubeMX_PATH': '/home/meta/STM32CubeMX', 'SHLVL': '1', 'LD_LIBRARY_PATH': '/home/meta/Documents/robotics_workspace_new/install/robokpy_interfaces/lib:/opt/ros/jazzy/opt/gz_sim_vendor/lib:/opt/ros/jazzy/opt/gz_sensors_vendor/lib:/opt/ros/jazzy/opt/gz_physics_vendor/lib:/opt/ros/jazzy/opt/sdformat_vendor/lib:/opt/ros/jazzy/opt/rviz_ogre_vendor/lib:/opt/ros/jazzy/lib/x86_64-linux-gnu:/opt/ros/jazzy/opt/gz_gui_vendor/lib:/opt/ros/jazzy/opt/gz_transport_vendor/lib:/opt/ros/jazzy/opt/gz_rendering_vendor/lib:/opt/ros/jazzy/opt/gz_plugin_vendor/lib:/opt/ros/jazzy/opt/gz_fuel_tools_vendor/lib:/opt/ros/jazzy/opt/gz_msgs_vendor/lib:/opt/ros/jazzy/opt/gz_common_vendor/lib:/opt/ros/jazzy/opt/gz_math_vendor/lib:/opt/ros/jazzy/opt/gz_utils_vendor/lib:/opt/ros/jazzy/opt/gz_tools_vendor/lib:/opt/ros/jazzy/opt/gz_ogre_next_vendor/lib:/opt/ros/jazzy/opt/gz_dartsim_vendor/lib:/opt/ros/jazzy/opt/gz_cmake_vendor/lib:/opt/ros/jazzy/lib', 'HOME': '/home/meta', 'OLDPWD': '/home/meta/Documents', 'DESKTOP_SESSION': 'ubuntu', 'NVM_BIN': '/home/meta/.nvm/versions/node/v25.2.1/bin', 'NVM_INC': '/home/meta/.nvm/versions/node/v25.2.1/include/node', 'GIO_LAUNCHED_DESKTOP_FILE': '/usr/share/applications/terminator.desktop', 'ROS_PYTHON_VERSION': '3', 'GNOME_SHELL_SESSION_MODE': 'ubuntu', 'GTK_MODULES': 'gail:atk-bridge', 'XDG_SEAT_PATH': '/org/freedesktop/DisplayManager/Seat0', 'MANAGERPID': '2449', 'SYSTEMD_EXEC_PID': '2778', 'GSM_SKIP_SSH_AGENT_WORKAROUND': 'true', 'DBUS_SESSION_BUS_ADDRESS': 'unix:path=/run/user/1000/bus', 'COLORTERM': 'truecolor', 'TERMINATOR_DBUS_NAME': 'net.tenshu.Terminator21a9d5db22c73a993ff0b42f64b396873', 'LIBVIRT_DEFAULT_URI': 'qemu:///system', 'GIO_LAUNCHED_DESKTOP_FILE_PID': '3796', 'NVM_DIR': '/home/meta/.nvm', 'DEBUGINFOD_URLS': 'https://debuginfod.ubuntu.com', 'IM_CONFIG_PHASE': '1', 'COLCON_PREFIX_PATH': '/home/meta/Documents/robotics_workspace_new/install', 'ROS_DISTRO': 'jazzy', 'LOGNAME': 'meta', 'JOURNAL_STREAM': '8:21875', '_': '/bin/colcon', 'ROS_VERSION': '2', 'MEMORY_PRESSURE_WATCH': '/sys/fs/cgroup/user.slice/user-1000.slice/user@1000.service/session.slice/org.gnome.Shell@x11.service/memory.pressure', 'XDG_SESSION_CLASS': 'user', 'TERM': 'xterm-256color', 'GNOME_DESKTOP_SESSION_ID': 'this-is-deprecated', 'PATH': '/opt/ros/jazzy/opt/gz_msgs_vendor/bin:/opt/ros/jazzy/opt/gz_tools_vendor/bin:/opt/ros/jazzy/opt/gz_ogre_next_vendor/bin:/opt/ros/jazzy/bin:/home/meta/.local/bin:/bin:/usr/bin:/usr/local/bin:/usr/local/texlive/2025/texmf-dist/doc/man::/snap/bin', 'SESSION_MANAGER': 'local/meta-Inspiron-3542:@/tmp/.ICE-unix/2747,unix/meta-Inspiron-3542:/tmp/.ICE-unix/2747', 'GDM_LANG': 'en_US', 'INVOCATION_ID': 'dae5a5f36e5a461caa1c3cd733ba5d67', 'XDG_SESSION_PATH': '/org/freedesktop/DisplayManager/Session0', 'XDG_MENU_PREFIX': 'gnome-', 'VREP_DIR': '/home/meta/meta/Downloads/VREP', 'XDG_RUNTIME_DIR': '/run/user/1000', 'DISPLAY': ':0', 'TERMINATOR_DBUS_PATH': '/net/tenshu/Terminator2', 'LANG': 'en_US.UTF-8', 'XDG_CURRENT_DESKTOP': 'ubuntu:GNOME', 'RMW_IMPLEMENTATION': 'rmw_cyclonedds_cpp', 'XMODIFIERS': '@im=ibus', 'XDG_SESSION_DESKTOP': 'ubuntu', 'XAUTHORITY': '/home/meta/.Xauthority', 'LS_COLORS': 'rs=0:di=01;34:ln=01;36:mh=00:pi=40;33:so=01;35:do=01;35:bd=40;33;01:cd=40;33;01:or=40;31;01:mi=00:su=37;41:sg=30;43:ca=00:tw=30;42:ow=34;42:st=37;44:ex=01;32:*.tar=01;31:*.tgz=01;31:*.arc=01;31:*.arj=01;31:*.taz=01;31:*.lha=01;31:*.lz4=01;31:*.lzh=01;31:*.lzma=01;31:*.tlz=01;31:*.txz=01;31:*.tzo=01;31:*.t7z=01;31:*.zip=01;31:*.z=01;31:*.dz=01;31:*.gz=01;31:*.lrz=01;31:*.lz=01;31:*.lzo=01;31:*.xz=01;31:*.zst=01;31:*.tzst=01;31:*.bz2=01;31:*.bz=01;31:*.tbz=01;31:*.tbz2=01;31:*.tz=01;31:*.deb=01;31:*.rpm=01;31:*.jar=01;31:*.war=01;31:*.ear=01;31:*.sar=01;31:*.rar=01;31:*.alz=01;31:*.ace=01;31:*.zoo=01;31:*.cpio=01;31:*.7z=01;31:*.rz=01;31:*.cab=01;31:*.wim=01;31:*.swm=01;31:*.dwm=01;31:*.esd=01;31:*.avif=01;35:*.jpg=01;35:*.jpeg=01;35:*.mjpg=01;35:*.mjpeg=01;35:*.gif=01;35:*.bmp=01;35:*.pbm=01;35:*.pgm=01;35:*.ppm=01;35:*.tga=01;35:*.xbm=01;35:*.xpm=01;35:*.tif=01;35:*.tiff=01;35:*.png=01;35:*.svg=01;35:*.svgz=01;35:*.mng=01;35:*.pcx=01;35:*.mov=01;35:*.mpg=01;35:*.mpeg=01;35:*.m2v=01;35:*.mkv=01;35:*.webm=01;35:*.webp=01;35:*.ogm=01;35:*.mp4=01;35:*.m4v=01;35:*.mp4v=01;35:*.vob=01;35:*.qt=01;35:*.nuv=01;35:*.wmv=01;35:*.asf=01;35:*.rm=01;35:*.rmvb=01;35:*.flc=01;35:*.avi=01;35:*.fli=01;35:*.flv=01;35:*.gl=01;35:*.dl=01;35:*.xcf=01;35:*.xwd=01;35:*.yuv=01;35:*.cgm=01;35:*.emf=01;35:*.ogv=01;35:*.ogx=01;35:*.aac=00;36:*.au=00;36:*.flac=00;36:*.m4a=00;36:*.mid=00;36:*.midi=00;36:*.mka=00;36:*.mp3=00;36:*.mpc=00;36:*.ogg=00;36:*.ra=00;36:*.wav=00;36:*.oga=00;36:*.opus=00;36:*.spx=00;36:*.xspf=00;36:*~=00;90:*#=00;90:*.bak=00;90:*.crdownload=00;90:*.dpkg-dist=00;90:*.dpkg-new=00;90:*.dpkg-old=00;90:*.dpkg-tmp=00;90:*.old=00;90:*.orig=00;90:*.part=00;90:*.rej=00;90:*.rpmnew=00;90:*.rpmorig=00;90:*.rpmsave=00;90:*.swp=00;90:*.tmp=00;90:*.ucf-dist=00;90:*.ucf-new=00;90:*.ucf-old=00;90:', 'SSH_AUTH_SOCK': '/run/user/1000/keyring/ssh', 'XDG_GREETER_DATA_DIR': '/var/lib/lightdm-data/meta', 'AMENT_PREFIX_PATH': '/home/meta/Documents/robotics_workspace_new/install/robokpy_controller:/home/meta/Documents/robotics_workspace_new/install/robokpy_interfaces:/home/meta/Documents/robotics_workspace_new/install/robokpy:/opt/ros/jazzy', 'SHELL': '/bin/bash', 'TERMINATOR_UUID': 'urn:uuid:84026139-a2bf-4c72-a3d0-8674c443507c', 'QT_ACCESSIBILITY': '1', 'GDMSESSION': 'ubuntu', 'LESSCLOSE': '/usr/bin/lesspipe %s %s', 'GPG_AGENT_INFO': '/run/user/1000/gnupg/S.gpg-agent:0:1', 'GJS_DEBUG_OUTPUT': 'stderr', 'ROS_AUTOMATIC_DISCOVERY_RANGE': 'SUBNET', 'QT_IM_MODULE': 'ibus', 'PWD': '/home/meta/Documents/robotics_workspace_new/build/robokpy', 'QT_QPA_PLATFORM': 'xcb', 'LC_ALL': 'en_US.UTF-8', 'XDG_CONFIG_DIRS': '/etc/xdg/xdg-ubuntu:/etc/xdg', 'NVM_CD_FLAGS': '', 'XDG_DATA_DIRS': '/usr/share/ubuntu:/usr/share/gnome:/usr/local/share:/usr/share:/var/lib/snapd/desktop', 'QTWEBENGINE_DICTIONARIES_PATH': '/usr/share/hunspell-bdic/', 'PYTHONPATH': '/home/meta/Documents/robotics_workspace_new/build/robokpy/prefix_override:/usr/lib/python3/dist-packages/colcon_core/task/python/colcon_distutils_commands:/home/meta/Documents/robotics_workspace_new/install/robokpy/lib/python3.12/site-packages:/home/meta/Documents/robotics_workspace_new/install/robokpy_controller/lib/python3.12/site-packages:/home/meta/Documents/robotics_workspace_new/install/robokpy_interfaces/lib/python3.12/site-packages:/home/meta/Documents/robotics_workspace_new/install/robokpy/lib/python3.12/site-packages:/opt/ros/jazzy/lib/python3.12/site-packages', 'COLCON': '1', 'MEMORY_PRESSURE_WRITE': 'c29tZSAyMDAwMDAgMjAwMDAwMAA=', 'VTE_VERSION': '7600', 'CMAKE_PREFIX_PATH': '/home/meta/Documents/robotics_workspace_new/install/robokpy_interfaces:/opt/ros/jazzy/opt/gz_sim_vendor:/opt/ros/jazzy/opt/gz_sensors_vendor:/opt/ros/jazzy/opt/gz_physics_vendor:/opt/ros/jazzy/opt/sdformat_vendor:/opt/ros/jazzy/opt/gz_gui_vendor:/opt/ros/jazzy/opt/gz_transport_vendor:/opt/ros/jazzy/opt/gz_rendering_vendor:/opt/ros/jazzy/opt/gz_plugin_vendor:/opt/ros/jazzy/opt/gz_fuel_tools_vendor:/opt/ros/jazzy/opt/gz_msgs_vendor:/opt/ros/jazzy/opt/gz_common_vendor:/opt/ros/jazzy/opt/gz_math_vendor:/opt/ros/jazzy/opt/gz_utils_vendor:/opt/ros/jazzy/opt/gz_tools_vendor:/opt/ros/jazzy/opt/gz_ogre_next_vendor:/opt/ros/jazzy/opt/gz_dartsim_vendor:/opt/ros/jazzy/opt/gz_cmake_vendor'}, 'shell': False}
[6.140829] (-) TimerEvent: {}
[6.241234] (-) TimerEvent: {}
[6.341927] (-) TimerEvent: {}
[6.442359] (-) TimerEvent: {}
[6.542754] (-) TimerEvent: {}
[6.643486] (-) TimerEvent: {}
[6.743913] (-) TimerEvent: {}
[6.822133] (robokpy_interfaces) JobProgress: {'identifier': 'robokpy_interfaces', 'progress': 'install'}
[6.839392] (robokpy_interfaces) Command: {'cmd': ['/bin/cmake', '--install', '/home/meta/Documents/robotics_workspace_new/build/robokpy_interfaces'], 'cwd': '/home/meta/Documents/robotics_workspace_new/build/robokpy_interfaces', 'env': OrderedDict({'GJS_DEBUG_TOPICS': 'JS ERROR;JS LOG', 'XDG_ACTIVATION_TOKEN': 'gnome-shell/Terminator/2778-0-meta-Inspiron-3542_TIME261192', 'LESSOPEN': '| /usr/bin/lesspipe %s', 'LANGUAGE': 'en_US', 'USER': 'meta', 'GZ_CONFIG_PATH': '/opt/ros/jazzy/opt/gz_sim_vendor/share/gz:/opt/ros/jazzy/opt/sdformat_vendor/share/gz:/opt/ros/jazzy/opt/gz_gui_vendor/share/gz:/opt/ros/jazzy/opt/gz_transport_vendor/share/gz:/opt/ros/jazzy/opt/gz_rendering_vendor/share/gz:/opt/ros/jazzy/opt/gz_plugin_vendor/share/gz:/opt/ros/jazzy/opt/gz_fuel_tools_vendor/share/gz:/opt/ros/jazzy/opt/gz_msgs_vendor/share/gz:/opt/ros/jazzy/opt/gz_common_vendor/share/gz', 'XDG_SESSION_TYPE': 'x11', 'STM32CubeMX_PATH': '/home/meta/STM32CubeMX', 'SHLVL': '1', 'LD_LIBRARY_PATH': '/home/meta/Documents/robotics_workspace_new/install/robokpy_interfaces/lib:/opt/ros/jazzy/opt/gz_sim_vendor/lib:/opt/ros/jazzy/opt/gz_sensors_vendor/lib:/opt/ros/jazzy/opt/gz_physics_vendor/lib:/opt/ros/jazzy/opt/sdformat_vendor/lib:/opt/ros/jazzy/opt/rviz_ogre_vendor/lib:/opt/ros/jazzy/lib/x86_64-linux-gnu:/opt/ros/jazzy/opt/gz_gui_vendor/lib:/opt/ros/jazzy/opt/gz_transport_vendor/lib:/opt/ros/jazzy/opt/gz_rendering_vendor/lib:/opt/ros/jazzy/opt/gz_plugin_vendor/lib:/opt/ros/jazzy/opt/gz_fuel_tools_vendor/lib:/opt/ros/jazzy/opt/gz_msgs_vendor/lib:/opt/ros/jazzy/opt/gz_common_vendor/lib:/opt/ros/jazzy/opt/gz_math_vendor/lib:/opt/ros/jazzy/opt/gz_utils_vendor/lib:/opt/ros/jazzy/opt/gz_tools_vendor/lib:/opt/ros/jazzy/opt/gz_ogre_next_vendor/lib:/opt/ros/jazzy/opt/gz_dartsim_vendor/lib:/opt/ros/jazzy/opt/gz_cmake_vendor/lib:/opt/ros/jazzy/lib', 'HOME': '/home/meta', 'OLDPWD': '/home/meta/Documents', 'DESKTOP_SESSION': 'ubuntu', 'NVM_BIN': '/home/meta/.nvm/versions/node/v25.2.1/bin', 'NVM_INC': '/home/meta/.nvm/versions/node/v25.2.1/include/node', 'GIO_LAUNCHED_DESKTOP_FILE': '/usr/share/applications/terminator.desktop', 'ROS_PYTHON_VERSION': '3', 'GNOME_SHELL_SESSION_MODE': 'ubuntu', 'GTK_MODULES': 'gail:atk-bridge', 'XDG_SEAT_PATH': '/org/freedesktop/DisplayManager/Seat0', 'MANAGERPID': '2449', 'SYSTEMD_EXEC_PID': '2778', 'GSM_SKIP_SSH_AGENT_WORKAROUND': 'true', 'DBUS_SESSION_BUS_ADDRESS': 'unix:path=/run/user/1000/bus', 'COLORTERM': 'truecolor', 'TERMINATOR_DBUS_NAME': 'net.tenshu.Terminator21a9d5db22c73a993ff0b42f64b396873', 'LIBVIRT_DEFAULT_URI': 'qemu:///system', 'GIO_LAUNCHED_DESKTOP_FILE_PID': '3796', 'NVM_DIR': '/home/meta/.nvm', 'DEBUGINFOD_URLS': 'https://debuginfod.ubuntu.com', 'IM_CONFIG_PHASE': '1', 'COLCON_PREFIX_PATH': '/home/meta/Documents/robotics_workspace_new/install', 'ROS_DISTRO': 'jazzy', 'LOGNAME': 'meta', 'JOURNAL_STREAM': '8:21875', '_': '/bin/colcon', 'ROS_VERSION': '2', 'MEMORY_PRESSURE_WATCH': '/sys/fs/cgroup/user.slice/user-1000.slice/user@1000.service/session.slice/org.gnome.Shell@x11.service/memory.pressure', 'XDG_SESSION_CLASS': 'user', 'TERM': 'xterm-256color', 'GNOME_DESKTOP_SESSION_ID': 'this-is-deprecated', 'PATH': '/opt/ros/jazzy/opt/gz_msgs_vendor/bin:/opt/ros/jazzy/opt/gz_tools_vendor/bin:/opt/ros/jazzy/opt/gz_ogre_next_vendor/bin:/opt/ros/jazzy/bin:/home/meta/.local/bin:/bin:/usr/bin:/usr/local/bin:/usr/local/texlive/2025/texmf-dist/doc/man::/snap/bin', 'SESSION_MANAGER': 'local/meta-Inspiron-3542:@/tmp/.ICE-unix/2747,unix/meta-Inspiron-3542:/tmp/.ICE-unix/2747', 'GDM_LANG': 'en_US', 'INVOCATION_ID': 'dae5a5f36e5a461caa1c3cd733ba5d67', 'XDG_SESSION_PATH': '/org/freedesktop/DisplayManager/Session0', 'XDG_MENU_PREFIX': 'gnome-', 'VREP_DIR': '/home/meta/meta/Downloads/VREP', 'XDG_RUNTIME_DIR': '/run/user/1000', 'DISPLAY': ':0', 'TERMINATOR_DBUS_PATH': '/net/tenshu/Terminator2', 'LANG': 'en_US.UTF-8', 'XDG_CURRENT_DESKTOP': 'ubuntu:GNOME', 'RMW_IMPLEMENTATION': 'rmw_cyclonedds_cpp', 'XMODIFIERS': '@im=ibus', 'XDG_SESSION_DESKTOP': 'ubuntu', 'XAUTHORITY': '/home/meta/.Xauthority', 'LS_COLORS': 'rs=0:di=01;34:ln=01;36:mh=00:pi=40;33:so=01;35:do=01;35:bd=40;33;01:cd=40;33;01:or=40;31;01:mi=00:su=37;41:sg=30;43:ca=00:tw=30;42:ow=34;42:st=37;44:ex=01;32:*.tar=01;31:*.tgz=01;31:*.arc=01;31:*.arj=01;31:*.taz=01;31:*.lha=01;31:*.lz4=01;31:*.lzh=01;31:*.lzma=01;31:*.tlz=01;31:*.txz=01;31:*.tzo=01;31:*.t7z=01;31:*.zip=01;31:*.z=01;31:*.dz=01;31:*.gz=01;31:*.lrz=01;31:*.lz=01;31:*.lzo=01;31:*.xz=01;31:*.zst=01;31:*.tzst=01;31:*.bz2=01;31:*.bz=01;31:*.tbz=01;31:*.tbz2=01;31:*.tz=01;31:*.deb=01;31:*.rpm=01;31:*.jar=01;31:*.war=01;31:*.ear=01;31:*.sar=01;31:*.rar=01;31:*.alz=01;31:*.ace=01;31:*.zoo=01;31:*.cpio=01;31:*.7z=01;31:*.rz=01;31:*.cab=01;31:*.wim=01;31:*.swm=01;31:*.dwm=01;31:*.esd=01;31:*.avif=01;35:*.jpg=01;35:*.jpeg=01;35:*.mjpg=01;35:*.mjpeg=01;35:*.gif=01;35:*.bmp=01;35:*.pbm=01;35:*.pgm=01;35:*.ppm=01;35:*.tga=01;35:*.xbm=01;35:*.xpm=01;35:*.tif=01;35:*.tiff=01;35:*.png=01;35:*.svg=01;35:*.svgz=01;35:*.mng=01;35:*.pcx=01;35:*.mov=01;35:*.mpg=01;35:*.mpeg=01;35:*.m2v=01;35:*.mkv=01;35:*.webm=01;35:*.webp=01;35:*.ogm=01;35:*.mp4=01;35:*.m4v=01;35:*.mp4v=01;35:*.vob=01;35:*.qt=01;35:*.nuv=01;35:*.wmv=01;35:*.asf=01;35:*.rm=01;35:*.rmvb=01;35:*.flc=01;35:*.avi=01;35:*.fli=01;35:*.flv=01;35:*.gl=01;35:*.dl=01;35:*.xcf=01;35:*.xwd=01;35:*.yuv=01;35:*.cgm=01;35:*.emf=01;35:*.ogv=01;35:*.ogx=01;35:*.aac=00;36:*.au=00;36:*.flac=00;36:*.m4a=00;36:*.mid=00;36:*.midi=00;36:*.mka=00;36:*.mp3=00;36:*.mpc=00;36:*.ogg=00;36:*.ra=00;36:*.wav=00;36:*.oga=00;36:*.opus=00;36:*.spx=00;36:*.xspf=00;36:*~=00;90:*#=00;90:*.bak=00;90:*.crdownload=00;90:*.dpkg-dist=00;90:*.dpkg-new=00;90:*.dpkg-old=00;90:*.dpkg-tmp=00;90:*.old=00;90:*.orig=00;90:*.part=00;90:*.rej=00;90:*.rpmnew=00;90:*.rpmorig=00;90:*.rpmsave=00;90:*.swp=00;90:*.tmp=00;90:*.ucf-dist=00;90:*.ucf-new=00;90:*.ucf-old=00;90:', 'SSH_AUTH_SOCK': '/run/user/1000/keyring/ssh', 'XDG_GREETER_DATA_DIR': '/var/lib/lightdm-data/meta', 'AMENT_PREFIX_PATH': '/home/meta/Documents/robotics_workspace_new/install/robokpy_controller:/home/meta/Documents/robotics_workspace_new/install/robokpy_interfaces:/home/meta/Documents/robotics_workspace_new/install/robokpy:/opt/ros/jazzy', 'SHELL': '/bin/bash', 'TERMINATOR_UUID': 'urn:uuid:84026139-a2bf-4c72-a3d0-8674c443507c', 'QT_ACCESSIBILITY': '1', 'GDMSESSION': 'ubuntu', 'LESSCLOSE': '/usr/bin/lesspipe %s %s', 'GPG_AGENT_INFO': '/run/user/1000/gnupg/S.gpg-agent:0:1', 'GJS_DEBUG_OUTPUT': 'stderr', 'ROS_AUTOMATIC_DISCOVERY_RANGE': 'SUBNET', 'QT_IM_MODULE': 'ibus', 'PWD': '/home/meta/Documents/robotics_workspace_new/build/robokpy_interfaces', 'QT_QPA_PLATFORM': 'xcb', 'LC_ALL': 'en_US.UTF-8', 'XDG_CONFIG_DIRS': '/etc/xdg/xdg-ubuntu:/etc/xdg', 'NVM_CD_FLAGS': '', 'XDG_DATA_DIRS': '/usr/share/ubuntu:/usr/share/gnome:/usr/local/share:/usr/share:/var/lib/snapd/desktop', 'QTWEBENGINE_DICTIONARIES_PATH': '/usr/share/hunspell-bdic/', 'PYTHONPATH': '/home/meta/Documents/robotics_workspace_new/install/robokpy_controller/lib/python3.12/site-packages:/home/meta/Documents/robotics_workspace_new/install/robokpy_interfaces/lib/python3.12/site-packages:/home/meta/Documents/robotics_workspace_new/install/robokpy/lib/python3.12/site-packages:/opt/ros/jazzy/lib/python3.12/site-packages', 'COLCON': '1', 'MEMORY_PRESSURE_WRITE': 'c29tZSAyMDAwMDAgMjAwMDAwMAA=', 'VTE_VERSION': '7600', 'CMAKE_PREFIX_PATH': '/home/meta/Documents/robotics_workspace_new/install/robokpy_interfaces:/opt/ros/jazzy/opt/gz_sim_vendor:/opt/ros/jazzy/opt/gz_sensors_vendor:/opt/ros/jazzy/opt/gz_physics_vendor:/opt/ros/jazzy/opt/sdformat_vendor:/opt/ros/jazzy/opt/gz_gui_vendor:/opt/ros/jazzy/opt/gz_transport_vendor:/opt/ros/jazzy/opt/gz_rendering_vendor:/opt/ros/jazzy/opt/gz_plugin_vendor:/opt/ros/jazzy/opt/gz_fuel_tools_vendor:/opt/ros/jazzy/opt/gz_msgs_vendor:/opt/ros/jazzy/opt/gz_common_vendor:/opt/ros/jazzy/opt/gz_math_vendor:/opt/ros/jazzy/opt/gz_utils_vendor:/opt/ros/jazzy/opt/gz_tools_vendor:/opt/ros/jazzy/opt/gz_ogre_next_vendor:/opt/ros/jazzy/opt/gz_dartsim_vendor:/opt/ros/jazzy/opt/gz_cmake_vendor:/home/meta/Documents/robotics_workspace_new/install/robokpy_controller:/home/meta/Documents/robotics_workspace_new/install/robokpy:/opt/ros/jazzy'}), 'shell': False}
[6.844018] (-) TimerEvent: {}
[6.884965] (robokpy_interfaces) StdoutLine: {'line': b'-- Install configuration: ""\n'}
[6.885594] (robokpy_interfaces) StdoutLine: {'line': b'-- Up-to-date: /home/meta/Documents/robotics_workspace_new/install/robokpy_interfaces/share/ament_index/resource_index/rosidl_interfaces/robokpy_interfaces\n'}
[6.885893] (robokpy_interfaces) StdoutLine: {'line': b'-- Up-to-date: /home/meta/Documents/robotics_workspace_new/install/robokpy_interfaces/share/robokpy_interfaces/srv/ExecutionState.json\n'}
[6.886170] (robokpy_interfaces) StdoutLine: {'line': b'-- Up-to-date: /home/meta/Documents/robotics_workspace_new/install/robokpy_interfaces/share/robokpy_interfaces/srv/SystemMode.json\n'}
[6.886614] (robokpy_interfaces) StdoutLine: {'line': b'-- Up-to-date: /home/meta/Documents/robotics_workspace_new/install/robokpy_interfaces/share/robokpy_interfaces/srv/FK.json\n'}
[6.887189] (robokpy_interfaces) StdoutLine: {'line': b'-- Up-to-date: /home/meta/Documents/robotics_workspace_new/install/robokpy_interfaces/share/robokpy_interfaces/srv/IK.json\n'}
[6.887781] (robokpy_interfaces) StdoutLine: {'line': b'-- Up-to-date: /home/meta/Documents/robotics_workspace_new/install/robokpy_interfaces/share/robokpy_interfaces/srv/Jacobian.json\n'}
[6.888237] (robokpy_interfaces) StdoutLine: {'line': b'-- Up-to-date: /home/meta/Documents/robotics_workspace_new/install/robokpy_interfaces/share/robokpy_interfaces/srv/Reachable.json\n'}
[6.888834] (robokpy_interfaces) StdoutLine: {'line': b'-- Up-to-date: /home/meta/Documents/robotics_workspace_new/install/robokpy_interfaces/share/robokpy_interfaces/srv/ChainFK.json\n'}
[6.889203] (robokpy_interfaces) StdoutLine: {'line': b'-- Up-to-date: /home/meta/Documents/robotics_workspace_new/install/robokpy_interfaces/share/robokpy_interfaces/srv/SetPlanningTipLink.json\n'}
[6.889482] (robokpy_interfaces) StdoutLine: {'line': b'-- Up-to-date: /home/meta/Documents/robotics_workspace_new/install/robokpy_interfaces/share/robokpy_interfaces/srv/GraspAttach.json\n'}
[6.889735] (robokpy_interfaces) StdoutLine: {'line': b'-- Up-to-date: /home/meta/Documents/robotics_workspace_new/install/robokpy_interfaces/share/robokpy_interfaces/srv/ResumeExecution.json\n'}
[6.889967] (robokpy_interfaces) StdoutLine: {'line': b'-- Up-to-date: /home/meta/Documents/robotics_workspace_new/install/robokpy_interfaces/share/robokpy_interfaces/srv/LoadRecipe.json\n'}
[6.890224] (robokpy_interfaces) StdoutLine: {'line': b'-- Up-to-date: /home/meta/Documents/robotics_workspace_new/install/robokpy_interfaces/share/robokpy_interfaces/srv/SpawnObject.json\n'}
[6.890464] (robokpy_interfaces) StdoutLine: {'line': b'-- Up-to-date: /home/meta/Documents/robotics_workspace_new/install/robokpy_interfaces/share/robokpy_interfaces/srv/DespawnObject.json\n'}
[6.890693] (robokpy_interfaces) StdoutLine: {'line': b'-- Up-to-date: /home/meta/Documents/robotics_workspace_new/install/robokpy_interfaces/share/robokpy_interfaces/srv/ResolveObjectPose.json\n'}
[6.890918] (robokpy_interfaces) StdoutLine: {'line': b'-- Up-to-date: /home/meta/Documents/robotics_workspace_new/install/robokpy_interfaces/share/robokpy_interfaces/msg/CellState.json\n'}
[6.891170] (robokpy_interfaces) StdoutLine: {'line': b'-- Up-to-date: /home/meta/Documents/robotics_workspace_new/install/robokpy_interfaces/share/robokpy_interfaces/action/ExecuteMotion.json\n'}
[6.891411] (robokpy_interfaces) StdoutLine: {'line': b'-- Up-to-date: /home/meta/Documents/robotics_workspace_new/install/robokpy_interfaces/share/robokpy_interfaces/action/ExecuteToolOp.json\n'}
[6.891638] (robokpy_interfaces) StdoutLine: {'line': b'-- Up-to-date: /home/meta/Documents/robotics_workspace_new/install/robokpy_interfaces/share/robokpy_interfaces/action/ExecuteVisionOp.json\n'}
[6.891865] (robokpy_interfaces) StdoutLine: {'line': b'-- Up-to-date: /home/meta/Documents/robotics_workspace_new/install/robokpy_interfaces/share/robokpy_interfaces/action/SetJointTarget.json\n'}
[6.892145] (robokpy_interfaces) StdoutLine: {'line': b'-- Up-to-date: /home/meta/Documents/robotics_workspace_new/install/robokpy_interfaces/include/robokpy_interfaces/robokpy_interfaces\n'}
[6.892388] (robokpy_interfaces) StdoutLine: {'line': b'-- Up-to-date: /home/meta/Documents/robotics_workspace_new/install/robokpy_interfaces/include/robokpy_interfaces/robokpy_interfaces/srv\n'}
[6.892614] (robokpy_interfaces) StdoutLine: {'line': b'-- Up-to-date: /home/meta/Documents/robotics_workspace_new/install/robokpy_interfaces/include/robokpy_interfaces/robokpy_interfaces/srv/set_planning_tip_link.h\n'}
[6.892844] (robokpy_interfaces) StdoutLine: {'line': b'-- Up-to-date: /home/meta/Documents/robotics_workspace_new/install/robokpy_interfaces/include/robokpy_interfaces/robokpy_interfaces/srv/execution_state.h\n'}
[6.893080] (robokpy_interfaces) StdoutLine: {'line': b'-- Up-to-date: /home/meta/Documents/robotics_workspace_new/install/robokpy_interfaces/include/robokpy_interfaces/robokpy_interfaces/srv/ik.h\n'}
[6.893332] (robokpy_interfaces) StdoutLine: {'line': b'-- Up-to-date: /home/meta/Documents/robotics_workspace_new/install/robokpy_interfaces/include/robokpy_interfaces/robokpy_interfaces/srv/system_mode.h\n'}
[6.893567] (robokpy_interfaces) StdoutLine: {'line': b'-- Up-to-date: /home/meta/Documents/robotics_workspace_new/install/robokpy_interfaces/include/robokpy_interfaces/robokpy_interfaces/srv/fk.h\n'}
[6.893795] (robokpy_interfaces) StdoutLine: {'line': b'-- Up-to-date: /home/meta/Documents/robotics_workspace_new/install/robokpy_interfaces/include/robokpy_interfaces/robokpy_interfaces/srv/detail\n'}
[6.894022] (robokpy_interfaces) StdoutLine: {'line': b'-- Installing: /home/meta/Documents/robotics_workspace_new/install/robokpy_interfaces/include/robokpy_interfaces/robokpy_interfaces/srv/detail/spawn_object__type_support.c\n'}
[6.909130] (robokpy_interfaces) StdoutLine: {'line': b'-- Up-to-date: /home/meta/Documents/robotics_workspace_new/install/robokpy_interfaces/include/robokpy_interfaces/robokpy_interfaces/srv/detail/despawnobject__struct.h\n'}
[6.909603] (robokpy_interfaces) StdoutLine: {'line': b'-- Up-to-date: /home/meta/Documents/robotics_workspace_new/install/robokpy_interfaces/include/robokpy_interfaces/robokpy_interfaces/srv/detail/jacobian__struct.h\n'}
[6.909901] (robokpy_interfaces) StdoutLine: {'line': b'-- Up-to-date: /home/meta/Documents/robotics_workspace_new/install/robokpy_interfaces/include/robokpy_interfaces/robokpy_interfaces/srv/detail/chain_fk__struct.h\n'}
[6.910168] (robokpy_interfaces) StdoutLine: {'line': b'-- Up-to-date: /home/meta/Documents/robotics_workspace_new/install/robokpy_interfaces/include/robokpy_interfaces/robokpy_interfaces/srv/detail/jacobian__functions.h\n'}
[6.910417] (robokpy_interfaces) StdoutLine: {'line': b'-- Installing: /home/meta/Documents/robotics_workspace_new/install/robokpy_interfaces/include/robokpy_interfaces/robokpy_interfaces/srv/detail/system_mode__type_support.c\n'}
[6.920528] (robokpy_interfaces) StdoutLine: {'line': b'-- Up-to-date: /home/meta/Documents/robotics_workspace_new/install/robokpy_interfaces/include/robokpy_interfaces/robokpy_interfaces/srv/detail/resume_execution__functions.c\n'}
[6.921130] (robokpy_interfaces) StdoutLine: {'line': b'-- Up-to-date: /home/meta/Documents/robotics_workspace_new/install/robokpy_interfaces/include/robokpy_interfaces/robokpy_interfaces/srv/detail/ik__functions.h\n'}
[6.921406] (robokpy_interfaces) StdoutLine: {'line': b'-- Up-to-date: /home/meta/Documents/robotics_workspace_new/install/robokpy_interfaces/include/robokpy_interfaces/robokpy_interfaces/srv/detail/fk__struct.h\n'}
[6.921641] (robokpy_interfaces) StdoutLine: {'line': b'-- Up-to-date: /home/meta/Documents/robotics_workspace_new/install/robokpy_interfaces/include/robokpy_interfaces/robokpy_interfaces/srv/detail/execution_state__description.c\n'}
[6.921876] (robokpy_interfaces) StdoutLine: {'line': b'-- Up-to-date: /home/meta/Documents/robotics_workspace_new/install/robokpy_interfaces/include/robokpy_interfaces/robokpy_interfaces/srv/detail/chain_fk__functions.h\n'}
[6.922125] (robokpy_interfaces) StdoutLine: {'line': b'-- Up-to-date: /home/meta/Documents/robotics_workspace_new/install/robokpy_interfaces/include/robokpy_interfaces/robokpy_interfaces/srv/detail/fk__functions.h\n'}
[6.922387] (robokpy_interfaces) StdoutLine: {'line': b'-- Up-to-date: /home/meta/Documents/robotics_workspace_new/install/robokpy_interfaces/include/robokpy_interfaces/robokpy_interfaces/srv/detail/execution_state__functions.c\n'}
[6.922707] (robokpy_interfaces) StdoutLine: {'line': b'-- Installing: /home/meta/Documents/robotics_workspace_new/install/robokpy_interfaces/include/robokpy_interfaces/robokpy_interfaces/srv/detail/despawn_object__type_support.c\n'}
[6.941478] (robokpy_interfaces) StdoutLine: {'line': b'-- Up-to-date: /home/meta/Documents/robotics_workspace_new/install/robokpy_interfaces/include/robokpy_interfaces/robokpy_interfaces/srv/detail/resolve_object_pose__functions.h\n'}
[6.942180] (robokpy_interfaces) StdoutLine: {'line': b'-- Up-to-date: /home/meta/Documents/robotics_workspace_new/install/robokpy_interfaces/include/robokpy_interfaces/robokpy_interfaces/srv/detail/chain_fk__type_support.h\n'}
[6.942450] (robokpy_interfaces) StdoutLine: {'line': b'-- Up-to-date: /home/meta/Documents/robotics_workspace_new/install/robokpy_interfaces/include/robokpy_interfaces/robokpy_interfaces/srv/detail/despawnobject__description.c\n'}
[6.942687] (robokpy_interfaces) StdoutLine: {'line': b'-- Up-to-date: /home/meta/Documents/robotics_workspace_new/install/robokpy_interfaces/include/robokpy_interfaces/robokpy_interfaces/srv/detail/system_mode__type_support.h\n'}
[6.942953] (robokpy_interfaces) StdoutLine: {'line': b'-- Up-to-date: /home/meta/Documents/robotics_workspace_new/install/robokpy_interfaces/include/robokpy_interfaces/robokpy_interfaces/srv/detail/chain_fk__description.c\n'}
[6.943213] (robokpy_interfaces) StdoutLine: {'line': b'-- Up-to-date: /home/meta/Documents/robotics_workspace_new/install/robokpy_interfaces/include/robokpy_interfaces/robokpy_interfaces/srv/detail/system_mode__functions.c\n'}
[6.943453] (robokpy_interfaces) StdoutLine: {'line': b'-- Up-to-date: /home/meta/Documents/robotics_workspace_new/install/robokpy_interfaces/include/robokpy_interfaces/robokpy_interfaces/srv/detail/set_planning_tip_link__type_support.h\n'}
[6.943701] (robokpy_interfaces) StdoutLine: {'line': b'-- Up-to-date: /home/meta/Documents/robotics_workspace_new/install/robokpy_interfaces/include/robokpy_interfaces/robokpy_interfaces/srv/detail/spawn_object__functions.c\n'}
[6.943928] (robokpy_interfaces) StdoutLine: {'line': b'-- Up-to-date: /home/meta/Documents/robotics_workspace_new/install/robokpy_interfaces/include/robokpy_interfaces/robokpy_interfaces/srv/detail/grasp_attach__functions.h\n'}
[6.944181] (-) TimerEvent: {}
[6.944425] (robokpy_interfaces) StdoutLine: {'line': b'-- Installing: /home/meta/Documents/robotics_workspace_new/install/robokpy_interfaces/include/robokpy_interfaces/robokpy_interfaces/srv/detail/chain_fk__type_support.c\n'}
[6.951557] (robokpy_interfaces) StdoutLine: {'line': b'-- Up-to-date: /home/meta/Documents/robotics_workspace_new/install/robokpy_interfaces/include/robokpy_interfaces/robokpy_interfaces/srv/detail/despawn_object__description.c\n'}
[6.951991] (robokpy_interfaces) StdoutLine: {'line': b'-- Up-to-date: /home/meta/Documents/robotics_workspace_new/install/robokpy_interfaces/include/robokpy_interfaces/robokpy_interfaces/srv/detail/set_planning_tip_link__description.c\n'}
[6.952329] (robokpy_interfaces) StdoutLine: {'line': b'-- Up-to-date: /home/meta/Documents/robotics_workspace_new/install/robokpy_interfaces/include/robokpy_interfaces/robokpy_interfaces/srv/detail/reachable__functions.h\n'}
[6.952627] (robokpy_interfaces) StdoutLine: {'line': b'-- Up-to-date: /home/meta/Documents/robotics_workspace_new/install/robokpy_interfaces/include/robokpy_interfaces/robokpy_interfaces/srv/detail/ik__struct.h\n'}
[6.952989] (robokpy_interfaces) StdoutLine: {'line': b'-- Installing: /home/meta/Documents/robotics_workspace_new/install/robokpy_interfaces/include/robokpy_interfaces/robokpy_interfaces/srv/detail/despawnobject__type_support.c\n'}
[6.972539] (robokpy_interfaces) StdoutLine: {'line': b'-- Up-to-date: /home/meta/Documents/robotics_workspace_new/install/robokpy_interfaces/include/robokpy_interfaces/robokpy_interfaces/srv/detail/spawn_object__functions.h\n'}
[6.972955] (robokpy_interfaces) StdoutLine: {'line': b'-- Up-to-date: /home/meta/Documents/robotics_workspace_new/install/robokpy_interfaces/include/robokpy_interfaces/robokpy_interfaces/srv/detail/resume_execution__type_support.h\n'}
[6.973278] (robokpy_interfaces) StdoutLine: {'line': b'-- Up-to-date: /home/meta/Documents/robotics_workspace_new/install/robokpy_interfaces/include/robokpy_interfaces/robokpy_interfaces/srv/detail/spawn_object__type_support.h\n'}
[6.973536] (robokpy_interfaces) StdoutLine: {'line': b'-- Up-to-date: /home/meta/Documents/robotics_workspace_new/install/robokpy_interfaces/include/robokpy_interfaces/robokpy_interfaces/srv/detail/load_recipe__struct.h\n'}
[6.973780] (robokpy_interfaces) StdoutLine: {'line': b'-- Up-to-date: /home/meta/Documents/robotics_workspace_new/install/robokpy_interfaces/include/robokpy_interfaces/robokpy_interfaces/srv/detail/set_planning_tip_link__struct.h\n'}
[6.974015] (robokpy_interfaces) StdoutLine: {'line': b'-- Installing: /home/meta/Documents/robotics_workspace_new/install/robokpy_interfaces/include/robokpy_interfaces/robokpy_interfaces/srv/detail/reachable__type_support.c\n'}
[6.981823] (robokpy_interfaces) StdoutLine: {'line': b'-- Installing: /home/meta/Documents/robotics_workspace_new/install/robokpy_interfaces/include/robokpy_interfaces/robokpy_interfaces/srv/detail/resolve_object_pose__type_support.c\n'}
[6.982349] (robokpy_interfaces) StdoutLine: {'line': b'-- Up-to-date: /home/meta/Documents/robotics_workspace_new/install/robokpy_interfaces/include/robokpy_interfaces/robokpy_interfaces/srv/detail/jacobian__description.c\n'}
[6.982772] (robokpy_interfaces) StdoutLine: {'line': b'-- Up-to-date: /home/meta/Documents/robotics_workspace_new/install/robokpy_interfaces/include/robokpy_interfaces/robokpy_interfaces/srv/detail/despawn_object__functions.h\n'}
[6.983106] (robokpy_interfaces) StdoutLine: {'line': b'-- Up-to-date: /home/meta/Documents/robotics_workspace_new/install/robokpy_interfaces/include/robokpy_interfaces/robokpy_interfaces/srv/detail/spawnobject__functions.h\n'}
[6.983421] (robokpy_interfaces) StdoutLine: {'line': b'-- Installing: /home/meta/Documents/robotics_workspace_new/install/robokpy_interfaces/include/robokpy_interfaces/robokpy_interfaces/srv/detail/spawnobject__type_support.c\n'}
[6.997093] (robokpy_interfaces) StdoutLine: {'line': b'-- Up-to-date: /home/meta/Documents/robotics_workspace_new/install/robokpy_interfaces/include/robokpy_interfaces/robokpy_interfaces/srv/detail/resolve_object_pose__struct.h\n'}
[6.997581] (robokpy_interfaces) StdoutLine: {'line': b'-- Up-to-date: /home/meta/Documents/robotics_workspace_new/install/robokpy_interfaces/include/robokpy_interfaces/robokpy_interfaces/srv/detail/spawn_object__struct.h\n'}
[6.997920] (robokpy_interfaces) StdoutLine: {'line': b'-- Up-to-date: /home/meta/Documents/robotics_workspace_new/install/robokpy_interfaces/include/robokpy_interfaces/robokpy_interfaces/srv/detail/despawnobject__functions.h\n'}
[6.998239] (robokpy_interfaces) StdoutLine: {'line': b'-- Up-to-date: /home/meta/Documents/robotics_workspace_new/install/robokpy_interfaces/include/robokpy_interfaces/robokpy_interfaces/srv/detail/load_recipe__functions.c\n'}
[6.998536] (robokpy_interfaces) StdoutLine: {'line': b'-- Installing: /home/meta/Documents/robotics_workspace_new/install/robokpy_interfaces/include/robokpy_interfaces/robokpy_interfaces/srv/detail/ik__type_support.c\n'}
[7.013152] (robokpy_interfaces) StdoutLine: {'line': b'-- Up-to-date: /home/meta/Documents/robotics_workspace_new/install/robokpy_interfaces/include/robokpy_interfaces/robokpy_interfaces/srv/detail/fk__functions.c\n'}
[7.014073] (robokpy_interfaces) StdoutLine: {'line': b'-- Installing: /home/meta/Documents/robotics_workspace_new/install/robokpy_interfaces/include/robokpy_interfaces/robokpy_interfaces/srv/detail/fk__type_support.c\n'}
[7.014411] (robokpy_interfaces) StdoutLine: {'line': b'-- Installing: /home/meta/Documents/robotics_workspace_new/install/robokpy_interfaces/include/robokpy_interfaces/robokpy_interfaces/srv/detail/resume_execution__type_support.c\n'}
[7.018016] (robokpy_interfaces) StdoutLine: {'line': b'-- Installing: /home/meta/Documents/robotics_workspace_new/install/robokpy_interfaces/include/robokpy_interfaces/robokpy_interfaces/srv/detail/set_planning_tip_link__type_support.c\n'}
[7.018518] (robokpy_interfaces) StdoutLine: {'line': b'-- Up-to-date: /home/meta/Documents/robotics_workspace_new/install/robokpy_interfaces/include/robokpy_interfaces/robokpy_interfaces/srv/detail/spawnobject__type_support.h\n'}
[7.018972] (robokpy_interfaces) StdoutLine: {'line': b'-- Up-to-date: /home/meta/Documents/robotics_workspace_new/install/robokpy_interfaces/include/robokpy_interfaces/robokpy_interfaces/srv/detail/grasp_attach__description.c\n'}
[7.019305] (robokpy_interfaces) StdoutLine: {'line': b'-- Up-to-date: /home/meta/Documents/robotics_workspace_new/install/robokpy_interfaces/include/robokpy_interfaces/robokpy_interfaces/srv/detail/despawnobject__type_support.h\n'}
[7.019615] (robokpy_interfaces) StdoutLine: {'line': b'-- Up-to-date: /home/meta/Documents/robotics_workspace_new/install/robokpy_interfaces/include/robokpy_interfaces/robokpy_interfaces/srv/detail/execution_state__struct.h\n'}
[7.020104] (robokpy_interfaces) StdoutLine: {'line': b'-- Up-to-date: /home/meta/Documents/robotics_workspace_new/install/robokpy_interfaces/include/robokpy_interfaces/robokpy_interfaces/srv/detail/ik__type_support.h\n'}
[7.020488] (robokpy_interfaces) StdoutLine: {'line': b'-- Up-to-date: /home/meta/Documents/robotics_workspace_new/install/robokpy_interfaces/include/robokpy_interfaces/robokpy_interfaces/srv/detail/grasp_attach__struct.h\n'}
[7.020900] (robokpy_interfaces) StdoutLine: {'line': b'-- Up-to-date: /home/meta/Documents/robotics_workspace_new/install/robokpy_interfaces/include/robokpy_interfaces/robokpy_interfaces/srv/detail/ik__functions.c\n'}
[7.021368] (robokpy_interfaces) StdoutLine: {'line': b'-- Up-to-date: /home/meta/Documents/robotics_workspace_new/install/robokpy_interfaces/include/robokpy_interfaces/robokpy_interfaces/srv/detail/set_planning_tip_link__functions.h\n'}
[7.021760] (robokpy_interfaces) StdoutLine: {'line': b'-- Up-to-date: /home/meta/Documents/robotics_workspace_new/install/robokpy_interfaces/include/robokpy_interfaces/robokpy_interfaces/srv/detail/resume_execution__description.c\n'}
[7.022076] (robokpy_interfaces) StdoutLine: {'line': b'-- Up-to-date: /home/meta/Documents/robotics_workspace_new/install/robokpy_interfaces/include/robokpy_interfaces/robokpy_interfaces/srv/detail/load_recipe__description.c\n'}
[7.022494] (robokpy_interfaces) StdoutLine: {'line': b'-- Up-to-date: /home/meta/Documents/robotics_workspace_new/install/robokpy_interfaces/include/robokpy_interfaces/robokpy_interfaces/srv/detail/resolve_object_pose__type_support.h\n'}
[7.022915] (robokpy_interfaces) StdoutLine: {'line': b'-- Installing: /home/meta/Documents/robotics_workspace_new/install/robokpy_interfaces/include/robokpy_interfaces/robokpy_interfaces/srv/detail/load_recipe__type_support.c\n'}
[7.023308] (robokpy_interfaces) StdoutLine: {'line': b'-- Up-to-date: /home/meta/Documents/robotics_workspace_new/install/robokpy_interfaces/include/robokpy_interfaces/robokpy_interfaces/srv/detail/reachable__type_support.h\n'}
[7.023686] (robokpy_interfaces) StdoutLine: {'line': b'-- Up-to-date: /home/meta/Documents/robotics_workspace_new/install/robokpy_interfaces/include/robokpy_interfaces/robokpy_interfaces/srv/detail/chain_fk__functions.c\n'}
[7.024149] (robokpy_interfaces) StdoutLine: {'line': b'-- Installing: /home/meta/Documents/robotics_workspace_new/install/robokpy_interfaces/include/robokpy_interfaces/robokpy_interfaces/srv/detail/jacobian__type_support.c\n'}
[7.024449] (robokpy_interfaces) StdoutLine: {'line': b'-- Up-to-date: /home/meta/Documents/robotics_workspace_new/install/robokpy_interfaces/include/robokpy_interfaces/robokpy_interfaces/srv/detail/resolve_object_pose__description.c\n'}
[7.024728] (robokpy_interfaces) StdoutLine: {'line': b'-- Up-to-date: /home/meta/Documents/robotics_workspace_new/install/robokpy_interfaces/include/robokpy_interfaces/robokpy_interfaces/srv/detail/spawnobject__functions.c\n'}
[7.025048] (robokpy_interfaces) StdoutLine: {'line': b'-- Up-to-date: /home/meta/Documents/robotics_workspace_new/install/robokpy_interfaces/include/robokpy_interfaces/robokpy_interfaces/srv/detail/reachable__description.c\n'}
[7.025365] (robokpy_interfaces) StdoutLine: {'line': b'-- Up-to-date: /home/meta/Documents/robotics_workspace_new/install/robokpy_interfaces/include/robokpy_interfaces/robokpy_interfaces/srv/detail/reachable__functions.c\n'}
[7.025644] (robokpy_interfaces) StdoutLine: {'line': b'-- Up-to-date: /home/meta/Documents/robotics_workspace_new/install/robokpy_interfaces/include/robokpy_interfaces/robokpy_interfaces/srv/detail/despawn_object__functions.c\n'}
[7.025925] (robokpy_interfaces) StdoutLine: {'line': b'-- Up-to-date: /home/meta/Documents/robotics_workspace_new/install/robokpy_interfaces/include/robokpy_interfaces/robokpy_interfaces/srv/detail/jacobian__functions.c\n'}
[7.026228] (robokpy_interfaces) StdoutLine: {'line': b'-- Up-to-date: /home/meta/Documents/robotics_workspace_new/install/robokpy_interfaces/include/robokpy_interfaces/robokpy_interfaces/srv/detail/resolve_object_pose__functions.c\n'}
[7.026520] (robokpy_interfaces) StdoutLine: {'line': b'-- Installing: /home/meta/Documents/robotics_workspace_new/install/robokpy_interfaces/include/robokpy_interfaces/robokpy_interfaces/srv/detail/grasp_attach__type_support.c\n'}
[7.026796] (robokpy_interfaces) StdoutLine: {'line': b'-- Up-to-date: /home/meta/Documents/robotics_workspace_new/install/robokpy_interfaces/include/robokpy_interfaces/robokpy_interfaces/srv/detail/execution_state__type_support.h\n'}
[7.027088] (robokpy_interfaces) StdoutLine: {'line': b'-- Up-to-date: /home/meta/Documents/robotics_workspace_new/install/robokpy_interfaces/include/robokpy_interfaces/robokpy_interfaces/srv/detail/spawn_object__description.c\n'}
[7.027411] (robokpy_interfaces) StdoutLine: {'line': b'-- Up-to-date: /home/meta/Documents/robotics_workspace_new/install/robokpy_interfaces/include/robokpy_interfaces/robokpy_interfaces/srv/detail/despawn_object__struct.h\n'}
[7.027696] (robokpy_interfaces) StdoutLine: {'line': b'-- Up-to-date: /home/meta/Documents/robotics_workspace_new/install/robokpy_interfaces/include/robokpy_interfaces/robokpy_interfaces/srv/detail/load_recipe__type_support.h\n'}
[7.027984] (robokpy_interfaces) StdoutLine: {'line': b'-- Up-to-date: /home/meta/Documents/robotics_workspace_new/install/robokpy_interfaces/include/robokpy_interfaces/robokpy_interfaces/srv/detail/resume_execution__functions.h\n'}
[7.028273] (robokpy_interfaces) StdoutLine: {'line': b'-- Up-to-date: /home/meta/Documents/robotics_workspace_new/install/robokpy_interfaces/include/robokpy_interfaces/robokpy_interfaces/srv/detail/ik__description.c\n'}
[7.028519] (robokpy_interfaces) StdoutLine: {'line': b'-- Up-to-date: /home/meta/Documents/robotics_workspace_new/install/robokpy_interfaces/include/robokpy_interfaces/robokpy_interfaces/srv/detail/grasp_attach__type_support.h\n'}
[7.028753] (robokpy_interfaces) StdoutLine: {'line': b'-- Up-to-date: /home/meta/Documents/robotics_workspace_new/install/robokpy_interfaces/include/robokpy_interfaces/robokpy_interfaces/srv/detail/spawnobject__struct.h\n'}
[7.028985] (robokpy_interfaces) StdoutLine: {'line': b'-- Up-to-date: /home/meta/Documents/robotics_workspace_new/install/robokpy_interfaces/include/robokpy_interfaces/robokpy_interfaces/srv/detail/set_planning_tip_link__functions.c\n'}
[7.029248] (robokpy_interfaces) StdoutLine: {'line': b'-- Up-to-date: /home/meta/Documents/robotics_workspace_new/install/robokpy_interfaces/include/robokpy_interfaces/robokpy_interfaces/srv/detail/grasp_attach__functions.c\n'}
[7.029487] (robokpy_interfaces) StdoutLine: {'line': b'-- Up-to-date: /home/meta/Documents/robotics_workspace_new/install/robokpy_interfaces/include/robokpy_interfaces/robokpy_interfaces/srv/detail/fk__description.c\n'}
[7.029719] (robokpy_interfaces) StdoutLine: {'line': b'-- Up-to-date: /home/meta/Documents/robotics_workspace_new/install/robokpy_interfaces/include/robokpy_interfaces/robokpy_interfaces/srv/detail/load_recipe__functions.h\n'}
[7.029949] (robokpy_interfaces) StdoutLine: {'line': b'-- Up-to-date: /home/meta/Documents/robotics_workspace_new/install/robokpy_interfaces/include/robokpy_interfaces/robokpy_interfaces/srv/detail/despawn_object__type_support.h\n'}
[7.030208] (robokpy_interfaces) StdoutLine: {'line': b'-- Up-to-date: /home/meta/Documents/robotics_workspace_new/install/robokpy_interfaces/include/robokpy_interfaces/robokpy_interfaces/srv/detail/reachable__struct.h\n'}
[7.030452] (robokpy_interfaces) StdoutLine: {'line': b'-- Installing: /home/meta/Documents/robotics_workspace_new/install/robokpy_interfaces/include/robokpy_interfaces/robokpy_interfaces/srv/detail/execution_state__type_support.c\n'}
[7.044294] (-) TimerEvent: {}
[7.049695] (robokpy_interfaces) StdoutLine: {'line': b'-- Up-to-date: /home/meta/Documents/robotics_workspace_new/install/robokpy_interfaces/include/robokpy_interfaces/robokpy_interfaces/srv/detail/fk__type_support.h\n'}
[7.051142] (robokpy_interfaces) StdoutLine: {'line': b'-- Up-to-date: /home/meta/Documents/robotics_workspace_new/install/robokpy_interfaces/include/robokpy_interfaces/robokpy_interfaces/srv/detail/resume_execution__struct.h\n'}
[7.051713] (robokpy_interfaces) StdoutLine: {'line': b'-- Up-to-date: /home/meta/Documents/robotics_workspace_new/install/robokpy_interfaces/include/robokpy_interfaces/robokpy_interfaces/srv/detail/system_mode__description.c\n'}
[7.052165] (robokpy_interfaces) StdoutLine: {'line': b'-- Up-to-date: /home/meta/Documents/robotics_workspace_new/install/robokpy_interfaces/include/robokpy_interfaces/robokpy_interfaces/srv/detail/system_mode__struct.h\n'}
[7.052761] (robokpy_interfaces) StdoutLine: {'line': b'-- Up-to-date: /home/meta/Documents/robotics_workspace_new/install/robokpy_interfaces/include/robokpy_interfaces/robokpy_interfaces/srv/detail/despawnobject__functions.c\n'}
[7.053094] (robokpy_interfaces) StdoutLine: {'line': b'-- Up-to-date: /home/meta/Documents/robotics_workspace_new/install/robokpy_interfaces/include/robokpy_interfaces/robokpy_interfaces/srv/detail/spawnobject__description.c\n'}
[7.053407] (robokpy_interfaces) StdoutLine: {'line': b'-- Up-to-date: /home/meta/Documents/robotics_workspace_new/install/robokpy_interfaces/include/robokpy_interfaces/robokpy_interfaces/srv/detail/system_mode__functions.h\n'}
[7.053692] (robokpy_interfaces) StdoutLine: {'line': b'-- Up-to-date: /home/meta/Documents/robotics_workspace_new/install/robokpy_interfaces/include/robokpy_interfaces/robokpy_interfaces/srv/detail/jacobian__type_support.h\n'}
[7.054647] (robokpy_interfaces) StdoutLine: {'line': b'-- Up-to-date: /home/meta/Documents/robotics_workspace_new/install/robokpy_interfaces/include/robokpy_interfaces/robokpy_interfaces/srv/detail/execution_state__functions.h\n'}
[7.054949] (robokpy_interfaces) StdoutLine: {'line': b'-- Up-to-date: /home/meta/Documents/robotics_workspace_new/install/robokpy_interfaces/include/robokpy_interfaces/robokpy_interfaces/srv/grasp_attach.h\n'}
[7.055765] (robokpy_interfaces) StdoutLine: {'line': b'-- Up-to-date: /home/meta/Documents/robotics_workspace_new/install/robokpy_interfaces/include/robokpy_interfaces/robokpy_interfaces/srv/reachable.h\n'}
[7.056078] (robokpy_interfaces) StdoutLine: {'line': b'-- Up-to-date: /home/meta/Documents/robotics_workspace_new/install/robokpy_interfaces/include/robokpy_interfaces/robokpy_interfaces/srv/chain_fk.h\n'}
[7.056403] (robokpy_interfaces) StdoutLine: {'line': b'-- Up-to-date: /home/meta/Documents/robotics_workspace_new/install/robokpy_interfaces/include/robokpy_interfaces/robokpy_interfaces/srv/spawnobject.h\n'}
[7.056693] (robokpy_interfaces) StdoutLine: {'line': b'-- Up-to-date: /home/meta/Documents/robotics_workspace_new/install/robokpy_interfaces/include/robokpy_interfaces/robokpy_interfaces/srv/resolve_object_pose.h\n'}
[7.056975] (robokpy_interfaces) StdoutLine: {'line': b'-- Up-to-date: /home/meta/Documents/robotics_workspace_new/install/robokpy_interfaces/include/robokpy_interfaces/robokpy_interfaces/srv/jacobian.h\n'}
[7.057994] (robokpy_interfaces) StdoutLine: {'line': b'-- Up-to-date: /home/meta/Documents/robotics_workspace_new/install/robokpy_interfaces/include/robokpy_interfaces/robokpy_interfaces/srv/resume_execution.h\n'}
[7.058336] (robokpy_interfaces) StdoutLine: {'line': b'-- Up-to-date: /home/meta/Documents/robotics_workspace_new/install/robokpy_interfaces/include/robokpy_interfaces/robokpy_interfaces/srv/spawn_object.h\n'}
[7.058631] (robokpy_interfaces) StdoutLine: {'line': b'-- Up-to-date: /home/meta/Documents/robotics_workspace_new/install/robokpy_interfaces/include/robokpy_interfaces/robokpy_interfaces/srv/despawn_object.h\n'}
[7.058908] (robokpy_interfaces) StdoutLine: {'line': b'-- Up-to-date: /home/meta/Documents/robotics_workspace_new/install/robokpy_interfaces/include/robokpy_interfaces/robokpy_interfaces/srv/load_recipe.h\n'}
[7.059219] (robokpy_interfaces) StdoutLine: {'line': b'-- Up-to-date: /home/meta/Documents/robotics_workspace_new/install/robokpy_interfaces/include/robokpy_interfaces/robokpy_interfaces/srv/despawnobject.h\n'}
[7.059507] (robokpy_interfaces) StdoutLine: {'line': b'-- Up-to-date: /home/meta/Documents/robotics_workspace_new/install/robokpy_interfaces/include/robokpy_interfaces/robokpy_interfaces/action\n'}
[7.059790] (robokpy_interfaces) StdoutLine: {'line': b'-- Up-to-date: /home/meta/Documents/robotics_workspace_new/install/robokpy_interfaces/include/robokpy_interfaces/robokpy_interfaces/action/robot_trajectory.h\n'}
[7.060082] (robokpy_interfaces) StdoutLine: {'line': b'-- Up-to-date: /home/meta/Documents/robotics_workspace_new/install/robokpy_interfaces/include/robokpy_interfaces/robokpy_interfaces/action/detail\n'}
[7.060342] (robokpy_interfaces) StdoutLine: {'line': b'-- Up-to-date: /home/meta/Documents/robotics_workspace_new/install/robokpy_interfaces/include/robokpy_interfaces/robokpy_interfaces/action/detail/tool_execution__type_support.h\n'}
[7.060647] (robokpy_interfaces) StdoutLine: {'line': b'-- Up-to-date: /home/meta/Documents/robotics_workspace_new/install/robokpy_interfaces/include/robokpy_interfaces/robokpy_interfaces/action/detail/execute_vision_op__type_support.h\n'}
[7.060926] (robokpy_interfaces) StdoutLine: {'line': b'-- Up-to-date: /home/meta/Documents/robotics_workspace_new/install/robokpy_interfaces/include/robokpy_interfaces/robokpy_interfaces/action/detail/robot_trajectory__type_support.h\n'}
[7.061234] (robokpy_interfaces) StdoutLine: {'line': b'-- Up-to-date: /home/meta/Documents/robotics_workspace_new/install/robokpy_interfaces/include/robokpy_interfaces/robokpy_interfaces/action/detail/tool_execution__description.c\n'}
[7.061524] (robokpy_interfaces) StdoutLine: {'line': b'-- Installing: /home/meta/Documents/robotics_workspace_new/install/robokpy_interfaces/include/robokpy_interfaces/robokpy_interfaces/action/detail/set_joint_target__type_support.c\n'}
[7.061806] (robokpy_interfaces) StdoutLine: {'line': b'-- Up-to-date: /home/meta/Documents/robotics_workspace_new/install/robokpy_interfaces/include/robokpy_interfaces/robokpy_interfaces/action/detail/robot_trajectory__functions.h\n'}
[7.062138] (robokpy_interfaces) StdoutLine: {'line': b'-- Up-to-date: /home/meta/Documents/robotics_workspace_new/install/robokpy_interfaces/include/robokpy_interfaces/robokpy_interfaces/action/detail/execute_vision_op__struct.h\n'}
[7.062437] (robokpy_interfaces) StdoutLine: {'line': b'-- Installing: /home/meta/Documents/robotics_workspace_new/install/robokpy_interfaces/include/robokpy_interfaces/robokpy_interfaces/action/detail/execute_vision_op__type_support.c\n'}
[7.062715] (robokpy_interfaces) StdoutLine: {'line': b'-- Up-to-date: /home/meta/Documents/robotics_workspace_new/install/robokpy_interfaces/include/robokpy_interfaces/robokpy_interfaces/action/detail/robot_trajectory__functions.c\n'}
[7.062993] (robokpy_interfaces) StdoutLine: {'line': b'-- Up-to-date: /home/meta/Documents/robotics_workspace_new/install/robokpy_interfaces/include/robokpy_interfaces/robokpy_interfaces/action/detail/set_joint_target__struct.h\n'}
[7.063304] (robokpy_interfaces) StdoutLine: {'line': b'-- Installing: /home/meta/Documents/robotics_workspace_new/install/robokpy_interfaces/include/robokpy_interfaces/robokpy_interfaces/action/detail/execute_tool_op__type_support.c\n'}
[7.063587] (robokpy_interfaces) StdoutLine: {'line': b'-- Up-to-date: /home/meta/Documents/robotics_workspace_new/install/robokpy_interfaces/include/robokpy_interfaces/robokpy_interfaces/action/detail/execute_tool_op__struct.h\n'}
[7.063865] (robokpy_interfaces) StdoutLine: {'line': b'-- Up-to-date: /home/meta/Documents/robotics_workspace_new/install/robokpy_interfaces/include/robokpy_interfaces/robokpy_interfaces/action/detail/set_joint_target__functions.h\n'}
[7.064179] (robokpy_interfaces) StdoutLine: {'line': b'-- Up-to-date: /home/meta/Documents/robotics_workspace_new/install/robokpy_interfaces/include/robokpy_interfaces/robokpy_interfaces/action/detail/execute_tool_op__functions.h\n'}
[7.064480] (robokpy_interfaces) StdoutLine: {'line': b'-- Up-to-date: /home/meta/Documents/robotics_workspace_new/install/robokpy_interfaces/include/robokpy_interfaces/robokpy_interfaces/action/detail/execute_motion__type_support.h\n'}
[7.064758] (robokpy_interfaces) StdoutLine: {'line': b'-- Up-to-date: /home/meta/Documents/robotics_workspace_new/install/robokpy_interfaces/include/robokpy_interfaces/robokpy_interfaces/action/detail/set_joint_target__functions.c\n'}
[7.065048] (robokpy_interfaces) StdoutLine: {'line': b'-- Installing: /home/meta/Documents/robotics_workspace_new/install/robokpy_interfaces/include/robokpy_interfaces/robokpy_interfaces/action/detail/robot_trajectory__type_support.c\n'}
[7.073510] (robokpy_interfaces) StdoutLine: {'line': b'-- Up-to-date: /home/meta/Documents/robotics_workspace_new/install/robokpy_interfaces/include/robokpy_interfaces/robokpy_interfaces/action/detail/robot_trajectory__struct.h\n'}
[7.074116] (robokpy_interfaces) StdoutLine: {'line': b'-- Up-to-date: /home/meta/Documents/robotics_workspace_new/install/robokpy_interfaces/include/robokpy_interfaces/robokpy_interfaces/action/detail/set_joint_target__description.c\n'}
[7.074427] (robokpy_interfaces) StdoutLine: {'line': b'-- Up-to-date: /home/meta/Documents/robotics_workspace_new/install/robokpy_interfaces/include/robokpy_interfaces/robokpy_interfaces/action/detail/execute_tool_op__type_support.h\n'}
[7.074832] (robokpy_interfaces) StdoutLine: {'line': b'-- Up-to-date: /home/meta/Documents/robotics_workspace_new/install/robokpy_interfaces/include/robokpy_interfaces/robokpy_interfaces/action/detail/execute_vision_op__functions.c\n'}
[7.075371] (robokpy_interfaces) StdoutLine: {'line': b'-- Up-to-date: /home/meta/Documents/robotics_workspace_new/install/robokpy_interfaces/include/robokpy_interfaces/robokpy_interfaces/action/detail/execute_vision_op__functions.h\n'}
[7.076254] (robokpy_interfaces) StdoutLine: {'line': b'-- Up-to-date: /home/meta/Documents/robotics_workspace_new/install/robokpy_interfaces/include/robokpy_interfaces/robokpy_interfaces/action/detail/execute_vision_op__description.c\n'}
[7.076718] (robokpy_interfaces) StdoutLine: {'line': b'-- Up-to-date: /home/meta/Documents/robotics_workspace_new/install/robokpy_interfaces/include/robokpy_interfaces/robokpy_interfaces/action/detail/tool_execution__functions.h\n'}
[7.077007] (robokpy_interfaces) StdoutLine: {'line': b'-- Up-to-date: /home/meta/Documents/robotics_workspace_new/install/robokpy_interfaces/include/robokpy_interfaces/robokpy_interfaces/action/detail/robot_trajectory__description.c\n'}
[7.077461] (robokpy_interfaces) StdoutLine: {'line': b'-- Installing: /home/meta/Documents/robotics_workspace_new/install/robokpy_interfaces/include/robokpy_interfaces/robokpy_interfaces/action/detail/tool_execution__type_support.c\n'}
[7.077748] (robokpy_interfaces) StdoutLine: {'line': b'-- Up-to-date: /home/meta/Documents/robotics_workspace_new/install/robokpy_interfaces/include/robokpy_interfaces/robokpy_interfaces/action/detail/execute_motion__functions.h\n'}
[7.078028] (robokpy_interfaces) StdoutLine: {'line': b'-- Installing: /home/meta/Documents/robotics_workspace_new/install/robokpy_interfaces/include/robokpy_interfaces/robokpy_interfaces/action/detail/execute_motion__type_support.c\n'}
[7.078345] (robokpy_interfaces) StdoutLine: {'line': b'-- Up-to-date: /home/meta/Documents/robotics_workspace_new/install/robokpy_interfaces/include/robokpy_interfaces/robokpy_interfaces/action/detail/execute_motion__struct.h\n'}
[7.078670] (robokpy_interfaces) StdoutLine: {'line': b'-- Up-to-date: /home/meta/Documents/robotics_workspace_new/install/robokpy_interfaces/include/robokpy_interfaces/robokpy_interfaces/action/detail/set_joint_target__type_support.h\n'}
[7.078946] (robokpy_interfaces) StdoutLine: {'line': b'-- Up-to-date: /home/meta/Documents/robotics_workspace_new/install/robokpy_interfaces/include/robokpy_interfaces/robokpy_interfaces/action/detail/tool_execution__functions.c\n'}
[7.079257] (robokpy_interfaces) StdoutLine: {'line': b'-- Up-to-date: /home/meta/Documents/robotics_workspace_new/install/robokpy_interfaces/include/robokpy_interfaces/robokpy_interfaces/action/detail/tool_execution__struct.h\n'}
[7.079856] (robokpy_interfaces) StdoutLine: {'line': b'-- Up-to-date: /home/meta/Documents/robotics_workspace_new/install/robokpy_interfaces/include/robokpy_interfaces/robokpy_interfaces/action/detail/execute_tool_op__functions.c\n'}
[7.080247] (robokpy_interfaces) StdoutLine: {'line': b'-- Up-to-date: /home/meta/Documents/robotics_workspace_new/install/robokpy_interfaces/include/robokpy_interfaces/robokpy_interfaces/action/detail/execute_motion__functions.c\n'}
[7.080649] (robokpy_interfaces) StdoutLine: {'line': b'-- Up-to-date: /home/meta/Documents/robotics_workspace_new/install/robokpy_interfaces/include/robokpy_interfaces/robokpy_interfaces/action/detail/execute_tool_op__description.c\n'}
[7.080956] (robokpy_interfaces) StdoutLine: {'line': b'-- Up-to-date: /home/meta/Documents/robotics_workspace_new/install/robokpy_interfaces/include/robokpy_interfaces/robokpy_interfaces/action/detail/execute_motion__description.c\n'}
[7.081434] (robokpy_interfaces) StdoutLine: {'line': b'-- Up-to-date: /home/meta/Documents/robotics_workspace_new/install/robokpy_interfaces/include/robokpy_interfaces/robokpy_interfaces/action/tool_execution.h\n'}
[7.081721] (robokpy_interfaces) StdoutLine: {'line': b'-- Up-to-date: /home/meta/Documents/robotics_workspace_new/install/robokpy_interfaces/include/robokpy_interfaces/robokpy_interfaces/action/set_joint_target.h\n'}
[7.082001] (robokpy_interfaces) StdoutLine: {'line': b'-- Up-to-date: /home/meta/Documents/robotics_workspace_new/install/robokpy_interfaces/include/robokpy_interfaces/robokpy_interfaces/action/execute_motion.h\n'}
[7.082504] (robokpy_interfaces) StdoutLine: {'line': b'-- Up-to-date: /home/meta/Documents/robotics_workspace_new/install/robokpy_interfaces/include/robokpy_interfaces/robokpy_interfaces/action/execute_vision_op.h\n'}
[7.082801] (robokpy_interfaces) StdoutLine: {'line': b'-- Up-to-date: /home/meta/Documents/robotics_workspace_new/install/robokpy_interfaces/include/robokpy_interfaces/robokpy_interfaces/action/execute_tool_op.h\n'}
[7.083375] (robokpy_interfaces) StdoutLine: {'line': b'-- Up-to-date: /home/meta/Documents/robotics_workspace_new/install/robokpy_interfaces/include/robokpy_interfaces/robokpy_interfaces/msg\n'}
[7.084198] (robokpy_interfaces) StdoutLine: {'line': b'-- Up-to-date: /home/meta/Documents/robotics_workspace_new/install/robokpy_interfaces/include/robokpy_interfaces/robokpy_interfaces/msg/cell_state.h\n'}
[7.084502] (robokpy_interfaces) StdoutLine: {'line': b'-- Up-to-date: /home/meta/Documents/robotics_workspace_new/install/robokpy_interfaces/include/robokpy_interfaces/robokpy_interfaces/msg/detail\n'}
[7.084950] (robokpy_interfaces) StdoutLine: {'line': b'-- Up-to-date: /home/meta/Documents/robotics_workspace_new/install/robokpy_interfaces/include/robokpy_interfaces/robokpy_interfaces/msg/detail/cell_state__functions.h\n'}
[7.085265] (robokpy_interfaces) StdoutLine: {'line': b'-- Up-to-date: /home/meta/Documents/robotics_workspace_new/install/robokpy_interfaces/include/robokpy_interfaces/robokpy_interfaces/msg/detail/cell_state__functions.c\n'}
[7.085563] (robokpy_interfaces) StdoutLine: {'line': b'-- Up-to-date: /home/meta/Documents/robotics_workspace_new/install/robokpy_interfaces/include/robokpy_interfaces/robokpy_interfaces/msg/detail/cell_state__type_support.h\n'}
[7.086035] (robokpy_interfaces) StdoutLine: {'line': b'-- Up-to-date: /home/meta/Documents/robotics_workspace_new/install/robokpy_interfaces/include/robokpy_interfaces/robokpy_interfaces/msg/detail/cell_state__struct.h\n'}
[7.086463] (robokpy_interfaces) StdoutLine: {'line': b'-- Installing: /home/meta/Documents/robotics_workspace_new/install/robokpy_interfaces/include/robokpy_interfaces/robokpy_interfaces/msg/detail/cell_state__type_support.c\n'}
[7.086745] (robokpy_interfaces) StdoutLine: {'line': b'-- Up-to-date: /home/meta/Documents/robotics_workspace_new/install/robokpy_interfaces/include/robokpy_interfaces/robokpy_interfaces/msg/detail/cell_state__description.c\n'}
[7.087021] (robokpy_interfaces) StdoutLine: {'line': b'-- Up-to-date: /home/meta/Documents/robotics_workspace_new/install/robokpy_interfaces/include/robokpy_interfaces/robokpy_interfaces/msg/rosidl_generator_c__visibility_control.h\n'}
[7.087332] (robokpy_interfaces) StdoutLine: {'line': b'-- Up-to-date: /home/meta/Documents/robotics_workspace_new/install/robokpy_interfaces/share/robokpy_interfaces/environment/library_path.sh\n'}
[7.087625] (robokpy_interfaces) StdoutLine: {'line': b'-- Up-to-date: /home/meta/Documents/robotics_workspace_new/install/robokpy_interfaces/share/robokpy_interfaces/environment/library_path.dsv\n'}
[7.087904] (robokpy_interfaces) StdoutLine: {'line': b'-- Up-to-date: /home/meta/Documents/robotics_workspace_new/install/robokpy_interfaces/lib/librobokpy_interfaces__rosidl_generator_c.so\n'}
[7.088247] (robokpy_interfaces) StdoutLine: {'line': b'-- Up-to-date: /home/meta/Documents/robotics_workspace_new/install/robokpy_interfaces/include/robokpy_interfaces/robokpy_interfaces\n'}
[7.088551] (robokpy_interfaces) StdoutLine: {'line': b'-- Up-to-date: /home/meta/Documents/robotics_workspace_new/install/robokpy_interfaces/include/robokpy_interfaces/robokpy_interfaces/srv\n'}
[7.088827] (robokpy_interfaces) StdoutLine: {'line': b'-- Up-to-date: /home/meta/Documents/robotics_workspace_new/install/robokpy_interfaces/include/robokpy_interfaces/robokpy_interfaces/srv/detail\n'}
[7.089117] (robokpy_interfaces) StdoutLine: {'line': b'-- Up-to-date: /home/meta/Documents/robotics_workspace_new/install/robokpy_interfaces/include/robokpy_interfaces/robokpy_interfaces/srv/detail/despawn_object__rosidl_typesupport_fastrtps_c.h\n'}
[7.089419] (robokpy_interfaces) StdoutLine: {'line': b'-- Up-to-date: /home/meta/Documents/robotics_workspace_new/install/robokpy_interfaces/include/robokpy_interfaces/robokpy_interfaces/srv/detail/grasp_attach__rosidl_typesupport_fastrtps_c.h\n'}
[7.089714] (robokpy_interfaces) StdoutLine: {'line': b'-- Up-to-date: /home/meta/Documents/robotics_workspace_new/install/robokpy_interfaces/include/robokpy_interfaces/robokpy_interfaces/srv/detail/spawn_object__rosidl_typesupport_fastrtps_c.h\n'}
[7.089991] (robokpy_interfaces) StdoutLine: {'line': b'-- Up-to-date: /home/meta/Documents/robotics_workspace_new/install/robokpy_interfaces/include/robokpy_interfaces/robokpy_interfaces/srv/detail/system_mode__rosidl_typesupport_fastrtps_c.h\n'}
[7.090306] (robokpy_interfaces) StdoutLine: {'line': b'-- Up-to-date: /home/meta/Documents/robotics_workspace_new/install/robokpy_interfaces/include/robokpy_interfaces/robokpy_interfaces/srv/detail/jacobian__rosidl_typesupport_fastrtps_c.h\n'}
[7.090596] (robokpy_interfaces) StdoutLine: {'line': b'-- Up-to-date: /home/meta/Documents/robotics_workspace_new/install/robokpy_interfaces/include/robokpy_interfaces/robokpy_interfaces/srv/detail/fk__rosidl_typesupport_fastrtps_c.h\n'}
[7.090881] (robokpy_interfaces) StdoutLine: {'line': b'-- Up-to-date: /home/meta/Documents/robotics_workspace_new/install/robokpy_interfaces/include/robokpy_interfaces/robokpy_interfaces/srv/detail/ik__rosidl_typesupport_fastrtps_c.h\n'}
[7.091181] (robokpy_interfaces) StdoutLine: {'line': b'-- Up-to-date: /home/meta/Documents/robotics_workspace_new/install/robokpy_interfaces/include/robokpy_interfaces/robokpy_interfaces/srv/detail/resolve_object_pose__rosidl_typesupport_fastrtps_c.h\n'}
[7.091478] (robokpy_interfaces) StdoutLine: {'line': b'-- Up-to-date: /home/meta/Documents/robotics_workspace_new/install/robokpy_interfaces/include/robokpy_interfaces/robokpy_interfaces/srv/detail/despawnobject__rosidl_typesupport_fastrtps_c.h\n'}
[7.091757] (robokpy_interfaces) StdoutLine: {'line': b'-- Up-to-date: /home/meta/Documents/robotics_workspace_new/install/robokpy_interfaces/include/robokpy_interfaces/robokpy_interfaces/srv/detail/execution_state__rosidl_typesupport_fastrtps_c.h\n'}
[7.092030] (robokpy_interfaces) StdoutLine: {'line': b'-- Up-to-date: /home/meta/Documents/robotics_workspace_new/install/robokpy_interfaces/include/robokpy_interfaces/robokpy_interfaces/srv/detail/reachable__rosidl_typesupport_fastrtps_c.h\n'}
[7.092336] (robokpy_interfaces) StdoutLine: {'line': b'-- Up-to-date: /home/meta/Documents/robotics_workspace_new/install/robokpy_interfaces/include/robokpy_interfaces/robokpy_interfaces/srv/detail/chain_fk__rosidl_typesupport_fastrtps_c.h\n'}
[7.092620] (robokpy_interfaces) StdoutLine: {'line': b'-- Up-to-date: /home/meta/Documents/robotics_workspace_new/install/robokpy_interfaces/include/robokpy_interfaces/robokpy_interfaces/srv/detail/set_planning_tip_link__rosidl_typesupport_fastrtps_c.h\n'}
[7.092895] (robokpy_interfaces) StdoutLine: {'line': b'-- Up-to-date: /home/meta/Documents/robotics_workspace_new/install/robokpy_interfaces/include/robokpy_interfaces/robokpy_interfaces/srv/detail/load_recipe__rosidl_typesupport_fastrtps_c.h\n'}
[7.093200] (robokpy_interfaces) StdoutLine: {'line': b'-- Up-to-date: /home/meta/Documents/robotics_workspace_new/install/robokpy_interfaces/include/robokpy_interfaces/robokpy_interfaces/srv/detail/spawnobject__rosidl_typesupport_fastrtps_c.h\n'}
[7.093510] (robokpy_interfaces) StdoutLine: {'line': b'-- Up-to-date: /home/meta/Documents/robotics_workspace_new/install/robokpy_interfaces/include/robokpy_interfaces/robokpy_interfaces/srv/detail/resume_execution__rosidl_typesupport_fastrtps_c.h\n'}
[7.093788] (robokpy_interfaces) StdoutLine: {'line': b'-- Up-to-date: /home/meta/Documents/robotics_workspace_new/install/robokpy_interfaces/include/robokpy_interfaces/robokpy_interfaces/action\n'}
[7.094052] (robokpy_interfaces) StdoutLine: {'line': b'-- Up-to-date: /home/meta/Documents/robotics_workspace_new/install/robokpy_interfaces/include/robokpy_interfaces/robokpy_interfaces/action/detail\n'}
[7.094365] (robokpy_interfaces) StdoutLine: {'line': b'-- Up-to-date: /home/meta/Documents/robotics_workspace_new/install/robokpy_interfaces/include/robokpy_interfaces/robokpy_interfaces/action/detail/execute_tool_op__rosidl_typesupport_fastrtps_c.h\n'}
[7.094648] (robokpy_interfaces) StdoutLine: {'line': b'-- Up-to-date: /home/meta/Documents/robotics_workspace_new/install/robokpy_interfaces/include/robokpy_interfaces/robokpy_interfaces/action/detail/tool_execution__rosidl_typesupport_fastrtps_c.h\n'}
[7.094965] (robokpy_interfaces) StdoutLine: {'line': b'-- Up-to-date: /home/meta/Documents/robotics_workspace_new/install/robokpy_interfaces/include/robokpy_interfaces/robokpy_interfaces/action/detail/set_joint_target__rosidl_typesupport_fastrtps_c.h\n'}
[7.095286] (robokpy_interfaces) StdoutLine: {'line': b'-- Up-to-date: /home/meta/Documents/robotics_workspace_new/install/robokpy_interfaces/include/robokpy_interfaces/robokpy_interfaces/action/detail/execute_vision_op__rosidl_typesupport_fastrtps_c.h\n'}
[7.095572] (robokpy_interfaces) StdoutLine: {'line': b'-- Up-to-date: /home/meta/Documents/robotics_workspace_new/install/robokpy_interfaces/include/robokpy_interfaces/robokpy_interfaces/action/detail/execute_motion__rosidl_typesupport_fastrtps_c.h\n'}
[7.095851] (robokpy_interfaces) StdoutLine: {'line': b'-- Up-to-date: /home/meta/Documents/robotics_workspace_new/install/robokpy_interfaces/include/robokpy_interfaces/robokpy_interfaces/action/detail/robot_trajectory__rosidl_typesupport_fastrtps_c.h\n'}
[7.096164] (robokpy_interfaces) StdoutLine: {'line': b'-- Up-to-date: /home/meta/Documents/robotics_workspace_new/install/robokpy_interfaces/include/robokpy_interfaces/robokpy_interfaces/msg\n'}
[7.096463] (robokpy_interfaces) StdoutLine: {'line': b'-- Up-to-date: /home/meta/Documents/robotics_workspace_new/install/robokpy_interfaces/include/robokpy_interfaces/robokpy_interfaces/msg/detail\n'}
[7.096739] (robokpy_interfaces) StdoutLine: {'line': b'-- Up-to-date: /home/meta/Documents/robotics_workspace_new/install/robokpy_interfaces/include/robokpy_interfaces/robokpy_interfaces/msg/detail/cell_state__rosidl_typesupport_fastrtps_c.h\n'}
[7.097015] (robokpy_interfaces) StdoutLine: {'line': b'-- Up-to-date: /home/meta/Documents/robotics_workspace_new/install/robokpy_interfaces/include/robokpy_interfaces/robokpy_interfaces/msg/rosidl_typesupport_fastrtps_c__visibility_control.h\n'}
[7.097324] (robokpy_interfaces) StdoutLine: {'line': b'-- Up-to-date: /home/meta/Documents/robotics_workspace_new/install/robokpy_interfaces/lib/librobokpy_interfaces__rosidl_typesupport_fastrtps_c.so\n'}
[7.097607] (robokpy_interfaces) StdoutLine: {'line': b'-- Up-to-date: /home/meta/Documents/robotics_workspace_new/install/robokpy_interfaces/include/robokpy_interfaces/robokpy_interfaces\n'}
[7.097881] (robokpy_interfaces) StdoutLine: {'line': b'-- Up-to-date: /home/meta/Documents/robotics_workspace_new/install/robokpy_interfaces/include/robokpy_interfaces/robokpy_interfaces/srv\n'}
[7.098179] (robokpy_interfaces) StdoutLine: {'line': b'-- Up-to-date: /home/meta/Documents/robotics_workspace_new/install/robokpy_interfaces/include/robokpy_interfaces/robokpy_interfaces/srv/detail\n'}
[7.098472] (robokpy_interfaces) StdoutLine: {'line': b'-- Installing: /home/meta/Documents/robotics_workspace_new/install/robokpy_interfaces/include/robokpy_interfaces/robokpy_interfaces/srv/detail/spawn_object__type_support.c\n'}
[7.099934] (robokpy_interfaces) StdoutLine: {'line': b'-- Installing: /home/meta/Documents/robotics_workspace_new/install/robokpy_interfaces/include/robokpy_interfaces/robokpy_interfaces/srv/detail/system_mode__type_support.c\n'}
[7.105318] (robokpy_interfaces) StdoutLine: {'line': b'-- Installing: /home/meta/Documents/robotics_workspace_new/install/robokpy_interfaces/include/robokpy_interfaces/robokpy_interfaces/srv/detail/despawn_object__type_support.c\n'}
[7.106034] (robokpy_interfaces) StdoutLine: {'line': b'-- Up-to-date: /home/meta/Documents/robotics_workspace_new/install/robokpy_interfaces/include/robokpy_interfaces/robokpy_interfaces/srv/detail/fk__rosidl_typesupport_introspection_c.h\n'}
[7.106451] (robokpy_interfaces) StdoutLine: {'line': b'-- Installing: /home/meta/Documents/robotics_workspace_new/install/robokpy_interfaces/include/robokpy_interfaces/robokpy_interfaces/srv/detail/chain_fk__type_support.c\n'}
[7.130355] (robokpy) StdoutLine: {'line': b'running egg_info\n'}
[7.144475] (-) TimerEvent: {}
[7.165285] (robokpy_interfaces) StdoutLine: {'line': b'-- Up-to-date: /home/meta/Documents/robotics_workspace_new/install/robokpy_interfaces/include/robokpy_interfaces/robokpy_interfaces/srv/detail/spawnobject__rosidl_typesupport_introspection_c.h\n'}
[7.165697] (robokpy_interfaces) StdoutLine: {'line': b'-- Installing: /home/meta/Documents/robotics_workspace_new/install/robokpy_interfaces/include/robokpy_interfaces/robokpy_interfaces/srv/detail/despawnobject__type_support.c\n'}
[7.190553] (robokpy_interfaces) StdoutLine: {'line': b'-- Up-to-date: /home/meta/Documents/robotics_workspace_new/install/robokpy_interfaces/include/robokpy_interfaces/robokpy_interfaces/srv/detail/grasp_attach__rosidl_typesupport_introspection_c.h\n'}
[7.191052] (robokpy_interfaces) StdoutLine: {'line': b'-- Installing: /home/meta/Documents/robotics_workspace_new/install/robokpy_interfaces/include/robokpy_interfaces/robokpy_interfaces/srv/detail/reachable__type_support.c\n'}
[7.191452] (robokpy_interfaces) StdoutLine: {'line': b'-- Installing: /home/meta/Documents/robotics_workspace_new/install/robokpy_interfaces/include/robokpy_interfaces/robokpy_interfaces/srv/detail/resolve_object_pose__type_support.c\n'}
[7.211900] (robokpy_interfaces) StdoutLine: {'line': b'-- Installing: /home/meta/Documents/robotics_workspace_new/install/robokpy_interfaces/include/robokpy_interfaces/robokpy_interfaces/srv/detail/spawnobject__type_support.c\n'}
[7.212990] (robokpy_interfaces) StdoutLine: {'line': b'-- Up-to-date: /home/meta/Documents/robotics_workspace_new/install/robokpy_interfaces/include/robokpy_interfaces/robokpy_interfaces/srv/detail/ik__rosidl_typesupport_introspection_c.h\n'}
[7.213346] (robokpy_interfaces) StdoutLine: {'line': b'-- Up-to-date: /home/meta/Documents/robotics_workspace_new/install/robokpy_interfaces/include/robokpy_interfaces/robokpy_interfaces/srv/detail/set_planning_tip_link__rosidl_typesupport_introspection_c.h\n'}
[7.213595] (robokpy_interfaces) StdoutLine: {'line': b'-- Installing: /home/meta/Documents/robotics_workspace_new/install/robokpy_interfaces/include/robokpy_interfaces/robokpy_interfaces/srv/detail/ik__type_support.c\n'}
[7.215133] (robokpy_interfaces) StdoutLine: {'line': b'-- Installing: /home/meta/Documents/robotics_workspace_new/install/robokpy_interfaces/include/robokpy_interfaces/robokpy_interfaces/srv/detail/fk__type_support.c\n'}
[7.215695] (robokpy_interfaces) StdoutLine: {'line': b'-- Installing: /home/meta/Documents/robotics_workspace_new/install/robokpy_interfaces/include/robokpy_interfaces/robokpy_interfaces/srv/detail/resume_execution__type_support.c\n'}
[7.216666] (robokpy_interfaces) StdoutLine: {'line': b'-- Installing: /home/meta/Documents/robotics_workspace_new/install/robokpy_interfaces/include/robokpy_interfaces/robokpy_interfaces/srv/detail/set_planning_tip_link__type_support.c\n'}
[7.217511] (robokpy_interfaces) StdoutLine: {'line': b'-- Up-to-date: /home/meta/Documents/robotics_workspace_new/install/robokpy_interfaces/include/robokpy_interfaces/robokpy_interfaces/srv/detail/despawn_object__rosidl_typesupport_introspection_c.h\n'}
[7.217963] (robokpy_interfaces) StdoutLine: {'line': b'-- Up-to-date: /home/meta/Documents/robotics_workspace_new/install/robokpy_interfaces/include/robokpy_interfaces/robokpy_interfaces/srv/detail/jacobian__rosidl_typesupport_introspection_c.h\n'}
[7.218350] (robokpy_interfaces) StdoutLine: {'line': b'-- Installing: /home/meta/Documents/robotics_workspace_new/install/robokpy_interfaces/include/robokpy_interfaces/robokpy_interfaces/srv/detail/load_recipe__type_support.c\n'}
[7.222334] (robokpy_interfaces) StdoutLine: {'line': b'-- Installing: /home/meta/Documents/robotics_workspace_new/install/robokpy_interfaces/include/robokpy_interfaces/robokpy_interfaces/srv/detail/jacobian__type_support.c\n'}
[7.223500] (robokpy_interfaces) StdoutLine: {'line': b'-- Up-to-date: /home/meta/Documents/robotics_workspace_new/install/robokpy_interfaces/include/robokpy_interfaces/robokpy_interfaces/srv/detail/resolve_object_pose__rosidl_typesupport_introspection_c.h\n'}
[7.223809] (robokpy_interfaces) StdoutLine: {'line': b'-- Up-to-date: /home/meta/Documents/robotics_workspace_new/install/robokpy_interfaces/include/robokpy_interfaces/robokpy_interfaces/srv/detail/reachable__rosidl_typesupport_introspection_c.h\n'}
[7.224058] (robokpy_interfaces) StdoutLine: {'line': b'-- Up-to-date: /home/meta/Documents/robotics_workspace_new/install/robokpy_interfaces/include/robokpy_interfaces/robokpy_interfaces/srv/detail/load_recipe__rosidl_typesupport_introspection_c.h\n'}
[7.224380] (robokpy_interfaces) StdoutLine: {'line': b'-- Installing: /home/meta/Documents/robotics_workspace_new/install/robokpy_interfaces/include/robokpy_interfaces/robokpy_interfaces/srv/detail/grasp_attach__type_support.c\n'}
[7.224754] (robokpy_interfaces) StdoutLine: {'line': b'-- Up-to-date: /home/meta/Documents/robotics_workspace_new/install/robokpy_interfaces/include/robokpy_interfaces/robokpy_interfaces/srv/detail/despawnobject__rosidl_typesupport_introspection_c.h\n'}
[7.225032] (robokpy_interfaces) StdoutLine: {'line': b'-- Installing: /home/meta/Documents/robotics_workspace_new/install/robokpy_interfaces/include/robokpy_interfaces/robokpy_interfaces/srv/detail/execution_state__type_support.c\n'}
[7.225448] (robokpy_interfaces) StdoutLine: {'line': b'-- Up-to-date: /home/meta/Documents/robotics_workspace_new/install/robokpy_interfaces/include/robokpy_interfaces/robokpy_interfaces/srv/detail/chain_fk__rosidl_typesupport_introspection_c.h\n'}
[7.225825] (robokpy_interfaces) StdoutLine: {'line': b'-- Up-to-date: /home/meta/Documents/robotics_workspace_new/install/robokpy_interfaces/include/robokpy_interfaces/robokpy_interfaces/srv/detail/resume_execution__rosidl_typesupport_introspection_c.h\n'}
[7.226099] (robokpy_interfaces) StdoutLine: {'line': b'-- Up-to-date: /home/meta/Documents/robotics_workspace_new/install/robokpy_interfaces/include/robokpy_interfaces/robokpy_interfaces/srv/detail/execution_state__rosidl_typesupport_introspection_c.h\n'}
[7.226362] (robokpy_interfaces) StdoutLine: {'line': b'-- Up-to-date: /home/meta/Documents/robotics_workspace_new/install/robokpy_interfaces/include/robokpy_interfaces/robokpy_interfaces/srv/detail/system_mode__rosidl_typesupport_introspection_c.h\n'}
[7.226609] (robokpy_interfaces) StdoutLine: {'line': b'-- Up-to-date: /home/meta/Documents/robotics_workspace_new/install/robokpy_interfaces/include/robokpy_interfaces/robokpy_interfaces/srv/detail/spawn_object__rosidl_typesupport_introspection_c.h\n'}
[7.226846] (robokpy_interfaces) StdoutLine: {'line': b'-- Up-to-date: /home/meta/Documents/robotics_workspace_new/install/robokpy_interfaces/include/robokpy_interfaces/robokpy_interfaces/action\n'}
[7.227196] (robokpy_interfaces) StdoutLine: {'line': b'-- Up-to-date: /home/meta/Documents/robotics_workspace_new/install/robokpy_interfaces/include/robokpy_interfaces/robokpy_interfaces/action/detail\n'}
[7.227481] (robokpy_interfaces) StdoutLine: {'line': b'-- Up-to-date: /home/meta/Documents/robotics_workspace_new/install/robokpy_interfaces/include/robokpy_interfaces/robokpy_interfaces/action/detail/robot_trajectory__rosidl_typesupport_introspection_c.h\n'}
[7.227762] (robokpy_interfaces) StdoutLine: {'line': b'-- Up-to-date: /home/meta/Documents/robotics_workspace_new/install/robokpy_interfaces/include/robokpy_interfaces/robokpy_interfaces/action/detail/execute_tool_op__rosidl_typesupport_introspection_c.h\n'}
[7.228003] (robokpy_interfaces) StdoutLine: {'line': b'-- Installing: /home/meta/Documents/robotics_workspace_new/install/robokpy_interfaces/include/robokpy_interfaces/robokpy_interfaces/action/detail/set_joint_target__type_support.c\n'}
[7.235365] (robokpy) StdoutLine: {'line': b'writing ../../build/robokpy/robokpy.egg-info/PKG-INFO\n'}
[7.235821] (robokpy) StdoutLine: {'line': b'writing dependency_links to ../../build/robokpy/robokpy.egg-info/dependency_links.txt\n'}
[7.236226] (robokpy) StdoutLine: {'line': b'writing requirements to ../../build/robokpy/robokpy.egg-info/requires.txt\n'}
[7.236584] (robokpy) StdoutLine: {'line': b'writing top-level names to ../../build/robokpy/robokpy.egg-info/top_level.txt\n'}
[7.244582] (-) TimerEvent: {}
[7.245862] (robokpy_interfaces) StdoutLine: {'line': b'-- Installing: /home/meta/Documents/robotics_workspace_new/install/robokpy_interfaces/include/robokpy_interfaces/robokpy_interfaces/action/detail/execute_vision_op__type_support.c\n'}
[7.255592] (robokpy_interfaces) StdoutLine: {'line': b'-- Installing: /home/meta/Documents/robotics_workspace_new/install/robokpy_interfaces/include/robokpy_interfaces/robokpy_interfaces/action/detail/execute_tool_op__type_support.c\n'}
[7.256720] (robokpy_interfaces) StdoutLine: {'line': b'-- Up-to-date: /home/meta/Documents/robotics_workspace_new/install/robokpy_interfaces/include/robokpy_interfaces/robokpy_interfaces/action/detail/tool_execution__rosidl_typesupport_introspection_c.h\n'}
[7.257140] (robokpy_interfaces) StdoutLine: {'line': b'-- Installing: /home/meta/Documents/robotics_workspace_new/install/robokpy_interfaces/include/robokpy_interfaces/robokpy_interfaces/action/detail/robot_trajectory__type_support.c\n'}
[7.266201] (robokpy_interfaces) StdoutLine: {'line': b'-- Installing: /home/meta/Documents/robotics_workspace_new/install/robokpy_interfaces/include/robokpy_interfaces/robokpy_interfaces/action/detail/tool_execution__type_support.c\n'}
[7.279367] (robokpy_interfaces) StdoutLine: {'line': b'-- Up-to-date: /home/meta/Documents/robotics_workspace_new/install/robokpy_interfaces/include/robokpy_interfaces/robokpy_interfaces/action/detail/execute_vision_op__rosidl_typesupport_introspection_c.h\n'}
[7.279840] (robokpy_interfaces) StdoutLine: {'line': b'-- Installing: /home/meta/Documents/robotics_workspace_new/install/robokpy_interfaces/include/robokpy_interfaces/robokpy_interfaces/action/detail/execute_motion__type_support.c\n'}
[7.299982] (robokpy_interfaces) StdoutLine: {'line': b'-- Up-to-date: /home/meta/Documents/robotics_workspace_new/install/robokpy_interfaces/include/robokpy_interfaces/robokpy_interfaces/action/detail/set_joint_target__rosidl_typesupport_introspection_c.h\n'}
[7.300536] (robokpy_interfaces) StdoutLine: {'line': b'-- Up-to-date: /home/meta/Documents/robotics_workspace_new/install/robokpy_interfaces/include/robokpy_interfaces/robokpy_interfaces/action/detail/execute_motion__rosidl_typesupport_introspection_c.h\n'}
[7.300912] (robokpy_interfaces) StdoutLine: {'line': b'-- Up-to-date: /home/meta/Documents/robotics_workspace_new/install/robokpy_interfaces/include/robokpy_interfaces/robokpy_interfaces/msg\n'}
[7.301333] (robokpy_interfaces) StdoutLine: {'line': b'-- Up-to-date: /home/meta/Documents/robotics_workspace_new/install/robokpy_interfaces/include/robokpy_interfaces/robokpy_interfaces/msg/detail\n'}
[7.301625] (robokpy_interfaces) StdoutLine: {'line': b'-- Installing: /home/meta/Documents/robotics_workspace_new/install/robokpy_interfaces/include/robokpy_interfaces/robokpy_interfaces/msg/detail/cell_state__type_support.c\n'}
[7.301871] (robokpy_interfaces) StdoutLine: {'line': b'-- Up-to-date: /home/meta/Documents/robotics_workspace_new/install/robokpy_interfaces/include/robokpy_interfaces/robokpy_interfaces/msg/detail/cell_state__rosidl_typesupport_introspection_c.h\n'}
[7.302170] (robokpy_interfaces) StdoutLine: {'line': b'-- Up-to-date: /home/meta/Documents/robotics_workspace_new/install/robokpy_interfaces/include/robokpy_interfaces/robokpy_interfaces/msg/rosidl_typesupport_introspection_c__visibility_control.h\n'}
[7.302511] (robokpy_interfaces) StdoutLine: {'line': b'-- Up-to-date: /home/meta/Documents/robotics_workspace_new/install/robokpy_interfaces/lib/librobokpy_interfaces__rosidl_typesupport_introspection_c.so\n'}
[7.302865] (robokpy_interfaces) StdoutLine: {'line': b'-- Up-to-date: /home/meta/Documents/robotics_workspace_new/install/robokpy_interfaces/lib/librobokpy_interfaces__rosidl_typesupport_c.so\n'}
[7.303309] (robokpy_interfaces) StdoutLine: {'line': b'-- Up-to-date: /home/meta/Documents/robotics_workspace_new/install/robokpy_interfaces/include/robokpy_interfaces/robokpy_interfaces\n'}
[7.303717] (robokpy_interfaces) StdoutLine: {'line': b'-- Up-to-date: /home/meta/Documents/robotics_workspace_new/install/robokpy_interfaces/include/robokpy_interfaces/robokpy_interfaces/srv\n'}
[7.304396] (robokpy_interfaces) StdoutLine: {'line': b'-- Up-to-date: /home/meta/Documents/robotics_workspace_new/install/robokpy_interfaces/include/robokpy_interfaces/robokpy_interfaces/srv/spawn_object.hpp\n'}
[7.305127] (robokpy_interfaces) StdoutLine: {'line': b'-- Up-to-date: /home/meta/Documents/robotics_workspace_new/install/robokpy_interfaces/include/robokpy_interfaces/robokpy_interfaces/srv/system_mode.hpp\n'}
[7.305739] (robokpy_interfaces) StdoutLine: {'line': b'-- Up-to-date: /home/meta/Documents/robotics_workspace_new/install/robokpy_interfaces/include/robokpy_interfaces/robokpy_interfaces/srv/set_planning_tip_link.hpp\n'}
[7.306520] (robokpy_interfaces) StdoutLine: {'line': b'-- Up-to-date: /home/meta/Documents/robotics_workspace_new/install/robokpy_interfaces/include/robokpy_interfaces/robokpy_interfaces/srv/execution_state.hpp\n'}
[7.307377] (robokpy_interfaces) StdoutLine: {'line': b'-- Up-to-date: /home/meta/Documents/robotics_workspace_new/install/robokpy_interfaces/include/robokpy_interfaces/robokpy_interfaces/srv/jacobian.hpp\n'}
[7.308134] (robokpy_interfaces) StdoutLine: {'line': b'-- Up-to-date: /home/meta/Documents/robotics_workspace_new/install/robokpy_interfaces/include/robokpy_interfaces/robokpy_interfaces/srv/grasp_attach.hpp\n'}
[7.308791] (robokpy_interfaces) StdoutLine: {'line': b'-- Up-to-date: /home/meta/Documents/robotics_workspace_new/install/robokpy_interfaces/include/robokpy_interfaces/robokpy_interfaces/srv/load_recipe.hpp\n'}
[7.309452] (robokpy_interfaces) StdoutLine: {'line': b'-- Up-to-date: /home/meta/Documents/robotics_workspace_new/install/robokpy_interfaces/include/robokpy_interfaces/robokpy_interfaces/srv/detail\n'}
[7.310044] (robokpy_interfaces) StdoutLine: {'line': b'-- Up-to-date: /home/meta/Documents/robotics_workspace_new/install/robokpy_interfaces/include/robokpy_interfaces/robokpy_interfaces/srv/detail/grasp_attach__struct.hpp\n'}
[7.310741] (robokpy_interfaces) StdoutLine: {'line': b'-- Up-to-date: /home/meta/Documents/robotics_workspace_new/install/robokpy_interfaces/include/robokpy_interfaces/robokpy_interfaces/srv/detail/resume_execution__type_support.hpp\n'}
[7.311361] (robokpy_interfaces) StdoutLine: {'line': b'-- Up-to-date: /home/meta/Documents/robotics_workspace_new/install/robokpy_interfaces/include/robokpy_interfaces/robokpy_interfaces/srv/detail/ik__struct.hpp\n'}
[7.312973] (robokpy_interfaces) StdoutLine: {'line': b'-- Up-to-date: /home/meta/Documents/robotics_workspace_new/install/robokpy_interfaces/include/robokpy_interfaces/robokpy_interfaces/srv/detail/reachable__type_support.hpp\n'}
[7.313721] (robokpy_interfaces) StdoutLine: {'line': b'-- Up-to-date: /home/meta/Documents/robotics_workspace_new/install/robokpy_interfaces/include/robokpy_interfaces/robokpy_interfaces/srv/detail/system_mode__type_support.hpp\n'}
[7.314307] (robokpy_interfaces) StdoutLine: {'line': b'-- Up-to-date: /home/meta/Documents/robotics_workspace_new/install/robokpy_interfaces/include/robokpy_interfaces/robokpy_interfaces/srv/detail/despawnobject__builder.hpp\n'}
[7.315020] (robokpy_interfaces) StdoutLine: {'line': b'-- Up-to-date: /home/meta/Documents/robotics_workspace_new/install/robokpy_interfaces/include/robokpy_interfaces/robokpy_interfaces/srv/detail/despawnobject__type_support.hpp\n'}
[7.315421] (robokpy_interfaces) StdoutLine: {'line': b'-- Up-to-date: /home/meta/Documents/robotics_workspace_new/install/robokpy_interfaces/include/robokpy_interfaces/robokpy_interfaces/srv/detail/execution_state__type_support.hpp\n'}
[7.315669] (robokpy_interfaces) StdoutLine: {'line': b'-- Up-to-date: /home/meta/Documents/robotics_workspace_new/install/robokpy_interfaces/include/robokpy_interfaces/robokpy_interfaces/srv/detail/fk__type_support.hpp\n'}
[7.315933] (robokpy_interfaces) StdoutLine: {'line': b'-- Up-to-date: /home/meta/Documents/robotics_workspace_new/install/robokpy_interfaces/include/robokpy_interfaces/robokpy_interfaces/srv/detail/jacobian__struct.hpp\n'}
[7.316287] (robokpy_interfaces) StdoutLine: {'line': b'-- Up-to-date: /home/meta/Documents/robotics_workspace_new/install/robokpy_interfaces/include/robokpy_interfaces/robokpy_interfaces/srv/detail/ik__traits.hpp\n'}
[7.316723] (robokpy_interfaces) StdoutLine: {'line': b'-- Up-to-date: /home/meta/Documents/robotics_workspace_new/install/robokpy_interfaces/include/robokpy_interfaces/robokpy_interfaces/srv/detail/fk__struct.hpp\n'}
[7.317285] (robokpy_interfaces) StdoutLine: {'line': b'-- Up-to-date: /home/meta/Documents/robotics_workspace_new/install/robokpy_interfaces/include/robokpy_interfaces/robokpy_interfaces/srv/detail/grasp_attach__type_support.hpp\n'}
[7.317543] (robokpy_interfaces) StdoutLine: {'line': b'-- Up-to-date: /home/meta/Documents/robotics_workspace_new/install/robokpy_interfaces/include/robokpy_interfaces/robokpy_interfaces/srv/detail/execution_state__struct.hpp\n'}
[7.317782] (robokpy_interfaces) StdoutLine: {'line': b'-- Up-to-date: /home/meta/Documents/robotics_workspace_new/install/robokpy_interfaces/include/robokpy_interfaces/robokpy_interfaces/srv/detail/resume_execution__builder.hpp\n'}
[7.318013] (robokpy_interfaces) StdoutLine: {'line': b'-- Up-to-date: /home/meta/Documents/robotics_workspace_new/install/robokpy_interfaces/include/robokpy_interfaces/robokpy_interfaces/srv/detail/despawnobject__traits.hpp\n'}
[7.318875] (robokpy_interfaces) StdoutLine: {'line': b'-- Up-to-date: /home/meta/Documents/robotics_workspace_new/install/robokpy_interfaces/include/robokpy_interfaces/robokpy_interfaces/srv/detail/execution_state__traits.hpp\n'}
[7.319635] (robokpy_interfaces) StdoutLine: {'line': b'-- Up-to-date: /home/meta/Documents/robotics_workspace_new/install/robokpy_interfaces/include/robokpy_interfaces/robokpy_interfaces/srv/detail/chain_fk__type_support.hpp\n'}
[7.320362] (robokpy_interfaces) StdoutLine: {'line': b'-- Up-to-date: /home/meta/Documents/robotics_workspace_new/install/robokpy_interfaces/include/robokpy_interfaces/robokpy_interfaces/srv/detail/resolve_object_pose__builder.hpp\n'}
[7.320693] (robokpy_interfaces) StdoutLine: {'line': b'-- Up-to-date: /home/meta/Documents/robotics_workspace_new/install/robokpy_interfaces/include/robokpy_interfaces/robokpy_interfaces/srv/detail/resolve_object_pose__type_support.hpp\n'}
[7.321013] (robokpy_interfaces) StdoutLine: {'line': b'-- Up-to-date: /home/meta/Documents/robotics_workspace_new/install/robokpy_interfaces/include/robokpy_interfaces/robokpy_interfaces/srv/detail/fk__traits.hpp\n'}
[7.321286] (robokpy_interfaces) StdoutLine: {'line': b'-- Up-to-date: /home/meta/Documents/robotics_workspace_new/install/robokpy_interfaces/include/robokpy_interfaces/robokpy_interfaces/srv/detail/jacobian__type_support.hpp\n'}
[7.321525] (robokpy_interfaces) StdoutLine: {'line': b'-- Up-to-date: /home/meta/Documents/robotics_workspace_new/install/robokpy_interfaces/include/robokpy_interfaces/robokpy_interfaces/srv/detail/resolve_object_pose__struct.hpp\n'}
[7.321757] (robokpy_interfaces) StdoutLine: {'line': b'-- Up-to-date: /home/meta/Documents/robotics_workspace_new/install/robokpy_interfaces/include/robokpy_interfaces/robokpy_interfaces/srv/detail/despawn_object__traits.hpp\n'}
[7.322011] (robokpy_interfaces) StdoutLine: {'line': b'-- Up-to-date: /home/meta/Documents/robotics_workspace_new/install/robokpy_interfaces/include/robokpy_interfaces/robokpy_interfaces/srv/detail/load_recipe__type_support.hpp\n'}
[7.322408] (robokpy_interfaces) StdoutLine: {'line': b'-- Up-to-date: /home/meta/Documents/robotics_workspace_new/install/robokpy_interfaces/include/robokpy_interfaces/robokpy_interfaces/srv/detail/reachable__traits.hpp\n'}
[7.322648] (robokpy_interfaces) StdoutLine: {'line': b'-- Up-to-date: /home/meta/Documents/robotics_workspace_new/install/robokpy_interfaces/include/robokpy_interfaces/robokpy_interfaces/srv/detail/spawnobject__struct.hpp\n'}
[7.322879] (robokpy_interfaces) StdoutLine: {'line': b'-- Up-to-date: /home/meta/Documents/robotics_workspace_new/install/robokpy_interfaces/include/robokpy_interfaces/robokpy_interfaces/srv/detail/system_mode__builder.hpp\n'}
[7.323235] (robokpy_interfaces) StdoutLine: {'line': b'-- Up-to-date: /home/meta/Documents/robotics_workspace_new/install/robokpy_interfaces/include/robokpy_interfaces/robokpy_interfaces/srv/detail/set_planning_tip_link__builder.hpp\n'}
[7.323687] (robokpy_interfaces) StdoutLine: {'line': b'-- Up-to-date: /home/meta/Documents/robotics_workspace_new/install/robokpy_interfaces/include/robokpy_interfaces/robokpy_interfaces/srv/detail/resolve_object_pose__traits.hpp\n'}
[7.323933] (robokpy_interfaces) StdoutLine: {'line': b'-- Up-to-date: /home/meta/Documents/robotics_workspace_new/install/robokpy_interfaces/include/robokpy_interfaces/robokpy_interfaces/srv/detail/set_planning_tip_link__type_support.hpp\n'}
[7.324292] (robokpy_interfaces) StdoutLine: {'line': b'-- Up-to-date: /home/meta/Documents/robotics_workspace_new/install/robokpy_interfaces/include/robokpy_interfaces/robokpy_interfaces/srv/detail/reachable__struct.hpp\n'}
[7.324632] (robokpy_interfaces) StdoutLine: {'line': b'-- Up-to-date: /home/meta/Documents/robotics_workspace_new/install/robokpy_interfaces/include/robokpy_interfaces/robokpy_interfaces/srv/detail/resume_execution__struct.hpp\n'}
[7.324927] (robokpy_interfaces) StdoutLine: {'line': b'-- Up-to-date: /home/meta/Documents/robotics_workspace_new/install/robokpy_interfaces/include/robokpy_interfaces/robokpy_interfaces/srv/detail/spawn_object__type_support.hpp\n'}
[7.325207] (robokpy_interfaces) StdoutLine: {'line': b'-- Up-to-date: /home/meta/Documents/robotics_workspace_new/install/robokpy_interfaces/include/robokpy_interfaces/robokpy_interfaces/srv/detail/spawnobject__builder.hpp\n'}
[7.325772] (robokpy_interfaces) StdoutLine: {'line': b'-- Up-to-date: /home/meta/Documents/robotics_workspace_new/install/robokpy_interfaces/include/robokpy_interfaces/robokpy_interfaces/srv/detail/despawn_object__type_support.hpp\n'}
[7.326550] (robokpy_interfaces) StdoutLine: {'line': b'-- Up-to-date: /home/meta/Documents/robotics_workspace_new/install/robokpy_interfaces/include/robokpy_interfaces/robokpy_interfaces/srv/detail/system_mode__traits.hpp\n'}
[7.327334] (robokpy_interfaces) StdoutLine: {'line': b'-- Up-to-date: /home/meta/Documents/robotics_workspace_new/install/robokpy_interfaces/include/robokpy_interfaces/robokpy_interfaces/srv/detail/spawnobject__type_support.hpp\n'}
[7.327991] (robokpy_interfaces) StdoutLine: {'line': b'-- Up-to-date: /home/meta/Documents/robotics_workspace_new/install/robokpy_interfaces/include/robokpy_interfaces/robokpy_interfaces/srv/detail/spawn_object__struct.hpp\n'}
[7.328691] (robokpy_interfaces) StdoutLine: {'line': b'-- Up-to-date: /home/meta/Documents/robotics_workspace_new/install/robokpy_interfaces/include/robokpy_interfaces/robokpy_interfaces/srv/detail/ik__builder.hpp\n'}
[7.329411] (robokpy_interfaces) StdoutLine: {'line': b'-- Up-to-date: /home/meta/Documents/robotics_workspace_new/install/robokpy_interfaces/include/robokpy_interfaces/robokpy_interfaces/srv/detail/chain_fk__traits.hpp\n'}
[7.329881] (robokpy_interfaces) StdoutLine: {'line': b'-- Up-to-date: /home/meta/Documents/robotics_workspace_new/install/robokpy_interfaces/include/robokpy_interfaces/robokpy_interfaces/srv/detail/ik__type_support.hpp\n'}
[7.330155] (robokpy_interfaces) StdoutLine: {'line': b'-- Up-to-date: /home/meta/Documents/robotics_workspace_new/install/robokpy_interfaces/include/robokpy_interfaces/robokpy_interfaces/srv/detail/load_recipe__traits.hpp\n'}
[7.330411] (robokpy_interfaces) StdoutLine: {'line': b'-- Up-to-date: /home/meta/Documents/robotics_workspace_new/install/robokpy_interfaces/include/robokpy_interfaces/robokpy_interfaces/srv/detail/jacobian__traits.hpp\n'}
[7.330674] (robokpy_interfaces) StdoutLine: {'line': b'-- Up-to-date: /home/meta/Documents/robotics_workspace_new/install/robokpy_interfaces/include/robokpy_interfaces/robokpy_interfaces/srv/detail/despawnobject__struct.hpp\n'}
[7.330909] (robokpy_interfaces) StdoutLine: {'line': b'-- Up-to-date: /home/meta/Documents/robotics_workspace_new/install/robokpy_interfaces/include/robokpy_interfaces/robokpy_interfaces/srv/detail/execution_state__builder.hpp\n'}
[7.331182] (robokpy_interfaces) StdoutLine: {'line': b'-- Up-to-date: /home/meta/Documents/robotics_workspace_new/install/robokpy_interfaces/include/robokpy_interfaces/robokpy_interfaces/srv/detail/grasp_attach__builder.hpp\n'}
[7.331435] (robokpy_interfaces) StdoutLine: {'line': b'-- Up-to-date: /home/meta/Documents/robotics_workspace_new/install/robokpy_interfaces/include/robokpy_interfaces/robokpy_interfaces/srv/detail/jacobian__builder.hpp\n'}
[7.331668] (robokpy_interfaces) StdoutLine: {'line': b'-- Up-to-date: /home/meta/Documents/robotics_workspace_new/install/robokpy_interfaces/include/robokpy_interfaces/robokpy_interfaces/srv/detail/spawn_object__builder.hpp\n'}
[7.331895] (robokpy_interfaces) StdoutLine: {'line': b'-- Up-to-date: /home/meta/Documents/robotics_workspace_new/install/robokpy_interfaces/include/robokpy_interfaces/robokpy_interfaces/srv/detail/spawnobject__traits.hpp\n'}
[7.332145] (robokpy_interfaces) StdoutLine: {'line': b'-- Up-to-date: /home/meta/Documents/robotics_workspace_new/install/robokpy_interfaces/include/robokpy_interfaces/robokpy_interfaces/srv/detail/reachable__builder.hpp\n'}
[7.332384] (robokpy_interfaces) StdoutLine: {'line': b'-- Up-to-date: /home/meta/Documents/robotics_workspace_new/install/robokpy_interfaces/include/robokpy_interfaces/robokpy_interfaces/srv/detail/chain_fk__builder.hpp\n'}
[7.332612] (robokpy_interfaces) StdoutLine: {'line': b'-- Up-to-date: /home/meta/Documents/robotics_workspace_new/install/robokpy_interfaces/include/robokpy_interfaces/robokpy_interfaces/srv/detail/system_mode__struct.hpp\n'}
[7.332842] (robokpy_interfaces) StdoutLine: {'line': b'-- Up-to-date: /home/meta/Documents/robotics_workspace_new/install/robokpy_interfaces/include/robokpy_interfaces/robokpy_interfaces/srv/detail/grasp_attach__traits.hpp\n'}
[7.333078] (robokpy_interfaces) StdoutLine: {'line': b'-- Up-to-date: /home/meta/Documents/robotics_workspace_new/install/robokpy_interfaces/include/robokpy_interfaces/robokpy_interfaces/srv/detail/spawn_object__traits.hpp\n'}
[7.333348] (robokpy_interfaces) StdoutLine: {'line': b'-- Up-to-date: /home/meta/Documents/robotics_workspace_new/install/robokpy_interfaces/include/robokpy_interfaces/robokpy_interfaces/srv/detail/fk__builder.hpp\n'}
[7.333574] (robokpy_interfaces) StdoutLine: {'line': b'-- Up-to-date: /home/meta/Documents/robotics_workspace_new/install/robokpy_interfaces/include/robokpy_interfaces/robokpy_interfaces/srv/detail/load_recipe__builder.hpp\n'}
[7.333799] (robokpy_interfaces) StdoutLine: {'line': b'-- Up-to-date: /home/meta/Documents/robotics_workspace_new/install/robokpy_interfaces/include/robokpy_interfaces/robokpy_interfaces/srv/detail/resume_execution__traits.hpp\n'}
[7.334029] (robokpy_interfaces) StdoutLine: {'line': b'-- Up-to-date: /home/meta/Documents/robotics_workspace_new/install/robokpy_interfaces/include/robokpy_interfaces/robokpy_interfaces/srv/detail/chain_fk__struct.hpp\n'}
[7.334289] (robokpy_interfaces) StdoutLine: {'line': b'-- Up-to-date: /home/meta/Documents/robotics_workspace_new/install/robokpy_interfaces/include/robokpy_interfaces/robokpy_interfaces/srv/detail/set_planning_tip_link__traits.hpp\n'}
[7.334544] (robokpy_interfaces) StdoutLine: {'line': b'-- Up-to-date: /home/meta/Documents/robotics_workspace_new/install/robokpy_interfaces/include/robokpy_interfaces/robokpy_interfaces/srv/detail/despawn_object__builder.hpp\n'}
[7.334774] (robokpy_interfaces) StdoutLine: {'line': b'-- Up-to-date: /home/meta/Documents/robotics_workspace_new/install/robokpy_interfaces/include/robokpy_interfaces/robokpy_interfaces/srv/detail/despawn_object__struct.hpp\n'}
[7.334998] (robokpy_interfaces) StdoutLine: {'line': b'-- Up-to-date: /home/meta/Documents/robotics_workspace_new/install/robokpy_interfaces/include/robokpy_interfaces/robokpy_interfaces/srv/detail/load_recipe__struct.hpp\n'}
[7.335261] (robokpy_interfaces) StdoutLine: {'line': b'-- Up-to-date: /home/meta/Documents/robotics_workspace_new/install/robokpy_interfaces/include/robokpy_interfaces/robokpy_interfaces/srv/detail/set_planning_tip_link__struct.hpp\n'}
[7.335497] (robokpy_interfaces) StdoutLine: {'line': b'-- Up-to-date: /home/meta/Documents/robotics_workspace_new/install/robokpy_interfaces/include/robokpy_interfaces/robokpy_interfaces/srv/despawnobject.hpp\n'}
[7.335737] (robokpy_interfaces) StdoutLine: {'line': b'-- Up-to-date: /home/meta/Documents/robotics_workspace_new/install/robokpy_interfaces/include/robokpy_interfaces/robokpy_interfaces/srv/ik.hpp\n'}
[7.335969] (robokpy_interfaces) StdoutLine: {'line': b'-- Up-to-date: /home/meta/Documents/robotics_workspace_new/install/robokpy_interfaces/include/robokpy_interfaces/robokpy_interfaces/srv/spawnobject.hpp\n'}
[7.336248] (robokpy_interfaces) StdoutLine: {'line': b'-- Up-to-date: /home/meta/Documents/robotics_workspace_new/install/robokpy_interfaces/include/robokpy_interfaces/robokpy_interfaces/srv/resume_execution.hpp\n'}
[7.336495] (robokpy_interfaces) StdoutLine: {'line': b'-- Up-to-date: /home/meta/Documents/robotics_workspace_new/install/robokpy_interfaces/include/robokpy_interfaces/robokpy_interfaces/srv/reachable.hpp\n'}
[7.336753] (robokpy_interfaces) StdoutLine: {'line': b'-- Up-to-date: /home/meta/Documents/robotics_workspace_new/install/robokpy_interfaces/include/robokpy_interfaces/robokpy_interfaces/srv/fk.hpp\n'}
[7.336977] (robokpy_interfaces) StdoutLine: {'line': b'-- Up-to-date: /home/meta/Documents/robotics_workspace_new/install/robokpy_interfaces/include/robokpy_interfaces/robokpy_interfaces/srv/despawn_object.hpp\n'}
[7.337237] (robokpy_interfaces) StdoutLine: {'line': b'-- Up-to-date: /home/meta/Documents/robotics_workspace_new/install/robokpy_interfaces/include/robokpy_interfaces/robokpy_interfaces/srv/resolve_object_pose.hpp\n'}
[7.337466] (robokpy_interfaces) StdoutLine: {'line': b'-- Up-to-date: /home/meta/Documents/robotics_workspace_new/install/robokpy_interfaces/include/robokpy_interfaces/robokpy_interfaces/srv/chain_fk.hpp\n'}
[7.337701] (robokpy_interfaces) StdoutLine: {'line': b'-- Up-to-date: /home/meta/Documents/robotics_workspace_new/install/robokpy_interfaces/include/robokpy_interfaces/robokpy_interfaces/action\n'}
[7.337928] (robokpy_interfaces) StdoutLine: {'line': b'-- Up-to-date: /home/meta/Documents/robotics_workspace_new/install/robokpy_interfaces/include/robokpy_interfaces/robokpy_interfaces/action/robot_trajectory.hpp\n'}
[7.338180] (robokpy_interfaces) StdoutLine: {'line': b'-- Up-to-date: /home/meta/Documents/robotics_workspace_new/install/robokpy_interfaces/include/robokpy_interfaces/robokpy_interfaces/action/set_joint_target.hpp\n'}
[7.338419] (robokpy_interfaces) StdoutLine: {'line': b'-- Up-to-date: /home/meta/Documents/robotics_workspace_new/install/robokpy_interfaces/include/robokpy_interfaces/robokpy_interfaces/action/tool_execution.hpp\n'}
[7.338644] (robokpy_interfaces) StdoutLine: {'line': b'-- Up-to-date: /home/meta/Documents/robotics_workspace_new/install/robokpy_interfaces/include/robokpy_interfaces/robokpy_interfaces/action/detail\n'}
[7.338891] (robokpy_interfaces) StdoutLine: {'line': b'-- Up-to-date: /home/meta/Documents/robotics_workspace_new/install/robokpy_interfaces/include/robokpy_interfaces/robokpy_interfaces/action/detail/execute_motion__type_support.hpp\n'}
[7.339138] (robokpy_interfaces) StdoutLine: {'line': b'-- Up-to-date: /home/meta/Documents/robotics_workspace_new/install/robokpy_interfaces/include/robokpy_interfaces/robokpy_interfaces/action/detail/execute_tool_op__traits.hpp\n'}
[7.339376] (robokpy_interfaces) StdoutLine: {'line': b'-- Up-to-date: /home/meta/Documents/robotics_workspace_new/install/robokpy_interfaces/include/robokpy_interfaces/robokpy_interfaces/action/detail/robot_trajectory__type_support.hpp\n'}
[7.339605] (robokpy_interfaces) StdoutLine: {'line': b'-- Up-to-date: /home/meta/Documents/robotics_workspace_new/install/robokpy_interfaces/include/robokpy_interfaces/robokpy_interfaces/action/detail/robot_trajectory__struct.hpp\n'}
[7.339835] (robokpy_interfaces) StdoutLine: {'line': b'-- Up-to-date: /home/meta/Documents/robotics_workspace_new/install/robokpy_interfaces/include/robokpy_interfaces/robokpy_interfaces/action/detail/execute_vision_op__struct.hpp\n'}
[7.340058] (robokpy_interfaces) StdoutLine: {'line': b'-- Up-to-date: /home/meta/Documents/robotics_workspace_new/install/robokpy_interfaces/include/robokpy_interfaces/robokpy_interfaces/action/detail/execute_motion__traits.hpp\n'}
[7.340343] (robokpy_interfaces) StdoutLine: {'line': b'-- Up-to-date: /home/meta/Documents/robotics_workspace_new/install/robokpy_interfaces/include/robokpy_interfaces/robokpy_interfaces/action/detail/set_joint_target__builder.hpp\n'}
[7.340570] (robokpy_interfaces) StdoutLine: {'line': b'-- Up-to-date: /home/meta/Documents/robotics_workspace_new/install/robokpy_interfaces/include/robokpy_interfaces/robokpy_interfaces/action/detail/execute_vision_op__builder.hpp\n'}
[7.340797] (robokpy_interfaces) StdoutLine: {'line': b'-- Up-to-date: /home/meta/Documents/robotics_workspace_new/install/robokpy_interfaces/include/robokpy_interfaces/robokpy_interfaces/action/detail/execute_tool_op__type_support.hpp\n'}
[7.341021] (robokpy_interfaces) StdoutLine: {'line': b'-- Up-to-date: /home/meta/Documents/robotics_workspace_new/install/robokpy_interfaces/include/robokpy_interfaces/robokpy_interfaces/action/detail/tool_execution__builder.hpp\n'}
[7.341285] (robokpy_interfaces) StdoutLine: {'line': b'-- Up-to-date: /home/meta/Documents/robotics_workspace_new/install/robokpy_interfaces/include/robokpy_interfaces/robokpy_interfaces/action/detail/set_joint_target__traits.hpp\n'}
[7.341565] (robokpy_interfaces) StdoutLine: {'line': b'-- Up-to-date: /home/meta/Documents/robotics_workspace_new/install/robokpy_interfaces/include/robokpy_interfaces/robokpy_interfaces/action/detail/execute_vision_op__traits.hpp\n'}
[7.341800] (robokpy_interfaces) StdoutLine: {'line': b'-- Up-to-date: /home/meta/Documents/robotics_workspace_new/install/robokpy_interfaces/include/robokpy_interfaces/robokpy_interfaces/action/detail/execute_tool_op__struct.hpp\n'}
[7.342025] (robokpy_interfaces) StdoutLine: {'line': b'-- Up-to-date: /home/meta/Documents/robotics_workspace_new/install/robokpy_interfaces/include/robokpy_interfaces/robokpy_interfaces/action/detail/tool_execution__struct.hpp\n'}
[7.342286] (robokpy_interfaces) StdoutLine: {'line': b'-- Up-to-date: /home/meta/Documents/robotics_workspace_new/install/robokpy_interfaces/include/robokpy_interfaces/robokpy_interfaces/action/detail/set_joint_target__struct.hpp\n'}
[7.342517] (robokpy_interfaces) StdoutLine: {'line': b'-- Up-to-date: /home/meta/Documents/robotics_workspace_new/install/robokpy_interfaces/include/robokpy_interfaces/robokpy_interfaces/action/detail/execute_motion__builder.hpp\n'}
[7.342777] (robokpy_interfaces) StdoutLine: {'line': b'-- Up-to-date: /home/meta/Documents/robotics_workspace_new/install/robokpy_interfaces/include/robokpy_interfaces/robokpy_interfaces/action/detail/tool_execution__type_support.hpp\n'}
[7.343001] (robokpy_interfaces) StdoutLine: {'line': b'-- Up-to-date: /home/meta/Documents/robotics_workspace_new/install/robokpy_interfaces/include/robokpy_interfaces/robokpy_interfaces/action/detail/execute_tool_op__builder.hpp\n'}
[7.343283] (robokpy_interfaces) StdoutLine: {'line': b'-- Up-to-date: /home/meta/Documents/robotics_workspace_new/install/robokpy_interfaces/include/robokpy_interfaces/robokpy_interfaces/action/detail/tool_execution__traits.hpp\n'}
[7.343522] (robokpy_interfaces) StdoutLine: {'line': b'-- Up-to-date: /home/meta/Documents/robotics_workspace_new/install/robokpy_interfaces/include/robokpy_interfaces/robokpy_interfaces/action/detail/robot_trajectory__traits.hpp\n'}
[7.343748] (robokpy_interfaces) StdoutLine: {'line': b'-- Up-to-date: /home/meta/Documents/robotics_workspace_new/install/robokpy_interfaces/include/robokpy_interfaces/robokpy_interfaces/action/detail/robot_trajectory__builder.hpp\n'}
[7.343975] (robokpy_interfaces) StdoutLine: {'line': b'-- Up-to-date: /home/meta/Documents/robotics_workspace_new/install/robokpy_interfaces/include/robokpy_interfaces/robokpy_interfaces/action/detail/execute_vision_op__type_support.hpp\n'}
[7.344543] (robokpy_interfaces) StdoutLine: {'line': b'-- Up-to-date: /home/meta/Documents/robotics_workspace_new/install/robokpy_interfaces/include/robokpy_interfaces/robokpy_interfaces/action/detail/execute_motion__struct.hpp\n'}
[7.344778] (-) TimerEvent: {}
[7.347043] (robokpy_interfaces) StdoutLine: {'line': b'-- Up-to-date: /home/meta/Documents/robotics_workspace_new/install/robokpy_interfaces/include/robokpy_interfaces/robokpy_interfaces/action/detail/set_joint_target__type_support.hpp\n'}
[7.347712] (robokpy_interfaces) StdoutLine: {'line': b'-- Up-to-date: /home/meta/Documents/robotics_workspace_new/install/robokpy_interfaces/include/robokpy_interfaces/robokpy_interfaces/action/execute_vision_op.hpp\n'}
[7.348090] (robokpy_interfaces) StdoutLine: {'line': b'-- Up-to-date: /home/meta/Documents/robotics_workspace_new/install/robokpy_interfaces/include/robokpy_interfaces/robokpy_interfaces/action/execute_motion.hpp\n'}
[7.348413] (robokpy_interfaces) StdoutLine: {'line': b'-- Up-to-date: /home/meta/Documents/robotics_workspace_new/install/robokpy_interfaces/include/robokpy_interfaces/robokpy_interfaces/action/execute_tool_op.hpp\n'}
[7.348691] (robokpy_interfaces) StdoutLine: {'line': b'-- Up-to-date: /home/meta/Documents/robotics_workspace_new/install/robokpy_interfaces/include/robokpy_interfaces/robokpy_interfaces/msg\n'}
[7.348944] (robokpy_interfaces) StdoutLine: {'line': b'-- Up-to-date: /home/meta/Documents/robotics_workspace_new/install/robokpy_interfaces/include/robokpy_interfaces/robokpy_interfaces/msg/rosidl_generator_cpp__visibility_control.hpp\n'}
[7.350637] (robokpy_interfaces) StdoutLine: {'line': b'-- Up-to-date: /home/meta/Documents/robotics_workspace_new/install/robokpy_interfaces/include/robokpy_interfaces/robokpy_interfaces/msg/cell_state.hpp\n'}
[7.354504] (robokpy_interfaces) StdoutLine: {'line': b'-- Up-to-date: /home/meta/Documents/robotics_workspace_new/install/robokpy_interfaces/include/robokpy_interfaces/robokpy_interfaces/msg/detail\n'}
[7.354803] (robokpy_interfaces) StdoutLine: {'line': b'-- Up-to-date: /home/meta/Documents/robotics_workspace_new/install/robokpy_interfaces/include/robokpy_interfaces/robokpy_interfaces/msg/detail/cell_state__traits.hpp\n'}
[7.355076] (robokpy_interfaces) StdoutLine: {'line': b'-- Up-to-date: /home/meta/Documents/robotics_workspace_new/install/robokpy_interfaces/include/robokpy_interfaces/robokpy_interfaces/msg/detail/cell_state__struct.hpp\n'}
[7.355345] (robokpy_interfaces) StdoutLine: {'line': b'-- Up-to-date: /home/meta/Documents/robotics_workspace_new/install/robokpy_interfaces/include/robokpy_interfaces/robokpy_interfaces/msg/detail/cell_state__type_support.hpp\n'}
[7.355613] (robokpy_interfaces) StdoutLine: {'line': b'-- Up-to-date: /home/meta/Documents/robotics_workspace_new/install/robokpy_interfaces/include/robokpy_interfaces/robokpy_interfaces/msg/detail/cell_state__builder.hpp\n'}
[7.355853] (robokpy_interfaces) StdoutLine: {'line': b'-- Up-to-date: /home/meta/Documents/robotics_workspace_new/install/robokpy_interfaces/include/robokpy_interfaces/robokpy_interfaces\n'}
[7.356478] (robokpy_interfaces) StdoutLine: {'line': b'-- Up-to-date: /home/meta/Documents/robotics_workspace_new/install/robokpy_interfaces/include/robokpy_interfaces/robokpy_interfaces/srv\n'}
[7.356771] (robokpy_interfaces) StdoutLine: {'line': b'-- Up-to-date: /home/meta/Documents/robotics_workspace_new/install/robokpy_interfaces/include/robokpy_interfaces/robokpy_interfaces/srv/detail\n'}
[7.357028] (robokpy_interfaces) StdoutLine: {'line': b'-- Up-to-date: /home/meta/Documents/robotics_workspace_new/install/robokpy_interfaces/include/robokpy_interfaces/robokpy_interfaces/srv/detail/spawn_object__rosidl_typesupport_fastrtps_cpp.hpp\n'}
[7.357311] (robokpy_interfaces) StdoutLine: {'line': b'-- Up-to-date: /home/meta/Documents/robotics_workspace_new/install/robokpy_interfaces/include/robokpy_interfaces/robokpy_interfaces/srv/detail/spawnobject__rosidl_typesupport_fastrtps_cpp.hpp\n'}
[7.357609] (robokpy_interfaces) StdoutLine: {'line': b'-- Up-to-date: /home/meta/Documents/robotics_workspace_new/install/robokpy_interfaces/include/robokpy_interfaces/robokpy_interfaces/srv/detail/reachable__rosidl_typesupport_fastrtps_cpp.hpp\n'}
[7.357851] (robokpy_interfaces) StdoutLine: {'line': b'-- Up-to-date: /home/meta/Documents/robotics_workspace_new/install/robokpy_interfaces/include/robokpy_interfaces/robokpy_interfaces/srv/detail/fk__rosidl_typesupport_fastrtps_cpp.hpp\n'}
[7.358099] (robokpy_interfaces) StdoutLine: {'line': b'-- Up-to-date: /home/meta/Documents/robotics_workspace_new/install/robokpy_interfaces/include/robokpy_interfaces/robokpy_interfaces/srv/detail/ik__rosidl_typesupport_fastrtps_cpp.hpp\n'}
[7.358364] (robokpy_interfaces) StdoutLine: {'line': b'-- Up-to-date: /home/meta/Documents/robotics_workspace_new/install/robokpy_interfaces/include/robokpy_interfaces/robokpy_interfaces/srv/detail/resolve_object_pose__rosidl_typesupport_fastrtps_cpp.hpp\n'}
[7.358596] (robokpy_interfaces) StdoutLine: {'line': b'-- Up-to-date: /home/meta/Documents/robotics_workspace_new/install/robokpy_interfaces/include/robokpy_interfaces/robokpy_interfaces/srv/detail/execution_state__rosidl_typesupport_fastrtps_cpp.hpp\n'}
[7.358826] (robokpy_interfaces) StdoutLine: {'line': b'-- Up-to-date: /home/meta/Documents/robotics_workspace_new/install/robokpy_interfaces/include/robokpy_interfaces/robokpy_interfaces/srv/detail/grasp_attach__rosidl_typesupport_fastrtps_cpp.hpp\n'}
[7.359055] (robokpy_interfaces) StdoutLine: {'line': b'-- Up-to-date: /home/meta/Documents/robotics_workspace_new/install/robokpy_interfaces/include/robokpy_interfaces/robokpy_interfaces/srv/detail/resume_execution__rosidl_typesupport_fastrtps_cpp.hpp\n'}
[7.360082] (robokpy_interfaces) StdoutLine: {'line': b'-- Up-to-date: /home/meta/Documents/robotics_workspace_new/install/robokpy_interfaces/include/robokpy_interfaces/robokpy_interfaces/srv/detail/chain_fk__rosidl_typesupport_fastrtps_cpp.hpp\n'}
[7.360424] (robokpy_interfaces) StdoutLine: {'line': b'-- Up-to-date: /home/meta/Documents/robotics_workspace_new/install/robokpy_interfaces/include/robokpy_interfaces/robokpy_interfaces/srv/detail/system_mode__rosidl_typesupport_fastrtps_cpp.hpp\n'}
[7.360713] (robokpy_interfaces) StdoutLine: {'line': b'-- Up-to-date: /home/meta/Documents/robotics_workspace_new/install/robokpy_interfaces/include/robokpy_interfaces/robokpy_interfaces/srv/detail/load_recipe__rosidl_typesupport_fastrtps_cpp.hpp\n'}
[7.360994] (robokpy_interfaces) StdoutLine: {'line': b'-- Up-to-date: /home/meta/Documents/robotics_workspace_new/install/robokpy_interfaces/include/robokpy_interfaces/robokpy_interfaces/srv/detail/despawn_object__rosidl_typesupport_fastrtps_cpp.hpp\n'}
[7.361478] (robokpy_interfaces) StdoutLine: {'line': b'-- Up-to-date: /home/meta/Documents/robotics_workspace_new/install/robokpy_interfaces/include/robokpy_interfaces/robokpy_interfaces/srv/detail/dds_fastrtps\n'}
[7.361742] (robokpy_interfaces) StdoutLine: {'line': b'-- Up-to-date: /home/meta/Documents/robotics_workspace_new/install/robokpy_interfaces/include/robokpy_interfaces/robokpy_interfaces/srv/detail/jacobian__rosidl_typesupport_fastrtps_cpp.hpp\n'}
[7.362010] (robokpy_interfaces) StdoutLine: {'line': b'-- Up-to-date: /home/meta/Documents/robotics_workspace_new/install/robokpy_interfaces/include/robokpy_interfaces/robokpy_interfaces/srv/detail/set_planning_tip_link__rosidl_typesupport_fastrtps_cpp.hpp\n'}
[7.362294] (robokpy_interfaces) StdoutLine: {'line': b'-- Up-to-date: /home/meta/Documents/robotics_workspace_new/install/robokpy_interfaces/include/robokpy_interfaces/robokpy_interfaces/srv/detail/despawnobject__rosidl_typesupport_fastrtps_cpp.hpp\n'}
[7.362554] (robokpy_interfaces) StdoutLine: {'line': b'-- Up-to-date: /home/meta/Documents/robotics_workspace_new/install/robokpy_interfaces/include/robokpy_interfaces/robokpy_interfaces/action\n'}
[7.362871] (robokpy_interfaces) StdoutLine: {'line': b'-- Up-to-date: /home/meta/Documents/robotics_workspace_new/install/robokpy_interfaces/include/robokpy_interfaces/robokpy_interfaces/action/detail\n'}
[7.363163] (robokpy_interfaces) StdoutLine: {'line': b'-- Up-to-date: /home/meta/Documents/robotics_workspace_new/install/robokpy_interfaces/include/robokpy_interfaces/robokpy_interfaces/action/detail/set_joint_target__rosidl_typesupport_fastrtps_cpp.hpp\n'}
[7.363459] (robokpy_interfaces) StdoutLine: {'line': b'-- Up-to-date: /home/meta/Documents/robotics_workspace_new/install/robokpy_interfaces/include/robokpy_interfaces/robokpy_interfaces/action/detail/robot_trajectory__rosidl_typesupport_fastrtps_cpp.hpp\n'}
[7.363736] (robokpy_interfaces) StdoutLine: {'line': b'-- Up-to-date: /home/meta/Documents/robotics_workspace_new/install/robokpy_interfaces/include/robokpy_interfaces/robokpy_interfaces/action/detail/tool_execution__rosidl_typesupport_fastrtps_cpp.hpp\n'}
[7.364132] (robokpy_interfaces) StdoutLine: {'line': b'-- Up-to-date: /home/meta/Documents/robotics_workspace_new/install/robokpy_interfaces/include/robokpy_interfaces/robokpy_interfaces/action/detail/execute_vision_op__rosidl_typesupport_fastrtps_cpp.hpp\n'}
[7.364441] (robokpy_interfaces) StdoutLine: {'line': b'-- Up-to-date: /home/meta/Documents/robotics_workspace_new/install/robokpy_interfaces/include/robokpy_interfaces/robokpy_interfaces/action/detail/dds_fastrtps\n'}
[7.364967] (robokpy_interfaces) StdoutLine: {'line': b'-- Up-to-date: /home/meta/Documents/robotics_workspace_new/install/robokpy_interfaces/include/robokpy_interfaces/robokpy_interfaces/action/detail/execute_motion__rosidl_typesupport_fastrtps_cpp.hpp\n'}
[7.365299] (robokpy_interfaces) StdoutLine: {'line': b'-- Up-to-date: /home/meta/Documents/robotics_workspace_new/install/robokpy_interfaces/include/robokpy_interfaces/robokpy_interfaces/action/detail/execute_tool_op__rosidl_typesupport_fastrtps_cpp.hpp\n'}
[7.365571] (robokpy_interfaces) StdoutLine: {'line': b'-- Up-to-date: /home/meta/Documents/robotics_workspace_new/install/robokpy_interfaces/include/robokpy_interfaces/robokpy_interfaces/msg\n'}
[7.365809] (robokpy_interfaces) StdoutLine: {'line': b'-- Up-to-date: /home/meta/Documents/robotics_workspace_new/install/robokpy_interfaces/include/robokpy_interfaces/robokpy_interfaces/msg/rosidl_typesupport_fastrtps_cpp__visibility_control.h\n'}
[7.366049] (robokpy_interfaces) StdoutLine: {'line': b'-- Up-to-date: /home/meta/Documents/robotics_workspace_new/install/robokpy_interfaces/include/robokpy_interfaces/robokpy_interfaces/msg/detail\n'}
[7.366337] (robokpy_interfaces) StdoutLine: {'line': b'-- Up-to-date: /home/meta/Documents/robotics_workspace_new/install/robokpy_interfaces/include/robokpy_interfaces/robokpy_interfaces/msg/detail/cell_state__rosidl_typesupport_fastrtps_cpp.hpp\n'}
[7.366572] (robokpy_interfaces) StdoutLine: {'line': b'-- Up-to-date: /home/meta/Documents/robotics_workspace_new/install/robokpy_interfaces/include/robokpy_interfaces/robokpy_interfaces/msg/detail/dds_fastrtps\n'}
[7.366803] (robokpy_interfaces) StdoutLine: {'line': b'-- Up-to-date: /home/meta/Documents/robotics_workspace_new/install/robokpy_interfaces/lib/librobokpy_interfaces__rosidl_typesupport_fastrtps_cpp.so\n'}
[7.367054] (robokpy_interfaces) StdoutLine: {'line': b'-- Up-to-date: /home/meta/Documents/robotics_workspace_new/install/robokpy_interfaces/include/robokpy_interfaces/robokpy_interfaces\n'}
[7.367333] (robokpy_interfaces) StdoutLine: {'line': b'-- Up-to-date: /home/meta/Documents/robotics_workspace_new/install/robokpy_interfaces/include/robokpy_interfaces/robokpy_interfaces/srv\n'}
[7.368134] (robokpy_interfaces) StdoutLine: {'line': b'-- Up-to-date: /home/meta/Documents/robotics_workspace_new/install/robokpy_interfaces/include/robokpy_interfaces/robokpy_interfaces/srv/detail\n'}
[7.368425] (robokpy_interfaces) StdoutLine: {'line': b'-- Up-to-date: /home/meta/Documents/robotics_workspace_new/install/robokpy_interfaces/include/robokpy_interfaces/robokpy_interfaces/srv/detail/spawnobject__rosidl_typesupport_introspection_cpp.hpp\n'}
[7.368673] (robokpy_interfaces) StdoutLine: {'line': b'-- Up-to-date: /home/meta/Documents/robotics_workspace_new/install/robokpy_interfaces/include/robokpy_interfaces/robokpy_interfaces/srv/detail/despawnobject__rosidl_typesupport_introspection_cpp.hpp\n'}
[7.368923] (robokpy_interfaces) StdoutLine: {'line': b'-- Up-to-date: /home/meta/Documents/robotics_workspace_new/install/robokpy_interfaces/include/robokpy_interfaces/robokpy_interfaces/srv/detail/ik__rosidl_typesupport_introspection_cpp.hpp\n'}
[7.369186] (robokpy_interfaces) StdoutLine: {'line': b'-- Up-to-date: /home/meta/Documents/robotics_workspace_new/install/robokpy_interfaces/include/robokpy_interfaces/robokpy_interfaces/srv/detail/ik__type_support.cpp\n'}
[7.369431] (robokpy_interfaces) StdoutLine: {'line': b'-- Up-to-date: /home/meta/Documents/robotics_workspace_new/install/robokpy_interfaces/include/robokpy_interfaces/robokpy_interfaces/srv/detail/jacobian__type_support.cpp\n'}
[7.369679] (robokpy_interfaces) StdoutLine: {'line': b'-- Up-to-date: /home/meta/Documents/robotics_workspace_new/install/robokpy_interfaces/include/robokpy_interfaces/robokpy_interfaces/srv/detail/despawn_object__type_support.cpp\n'}
[7.369912] (robokpy_interfaces) StdoutLine: {'line': b'-- Up-to-date: /home/meta/Documents/robotics_workspace_new/install/robokpy_interfaces/include/robokpy_interfaces/robokpy_interfaces/srv/detail/system_mode__rosidl_typesupport_introspection_cpp.hpp\n'}
[7.370169] (robokpy_interfaces) StdoutLine: {'line': b'-- Up-to-date: /home/meta/Documents/robotics_workspace_new/install/robokpy_interfaces/include/robokpy_interfaces/robokpy_interfaces/srv/detail/fk__type_support.cpp\n'}
[7.370409] (robokpy_interfaces) StdoutLine: {'line': b'-- Up-to-date: /home/meta/Documents/robotics_workspace_new/install/robokpy_interfaces/include/robokpy_interfaces/robokpy_interfaces/srv/detail/despawn_object__rosidl_typesupport_introspection_cpp.hpp\n'}
[7.370639] (robokpy_interfaces) StdoutLine: {'line': b'-- Up-to-date: /home/meta/Documents/robotics_workspace_new/install/robokpy_interfaces/include/robokpy_interfaces/robokpy_interfaces/srv/detail/despawnobject__type_support.cpp\n'}
[7.372375] (robokpy_interfaces) StdoutLine: {'line': b'-- Up-to-date: /home/meta/Documents/robotics_workspace_new/install/robokpy_interfaces/include/robokpy_interfaces/robokpy_interfaces/srv/detail/system_mode__type_support.cpp\n'}
[7.372648] (robokpy_interfaces) StdoutLine: {'line': b'-- Up-to-date: /home/meta/Documents/robotics_workspace_new/install/robokpy_interfaces/include/robokpy_interfaces/robokpy_interfaces/srv/detail/load_recipe__type_support.cpp\n'}
[7.372887] (robokpy_interfaces) StdoutLine: {'line': b'-- Up-to-date: /home/meta/Documents/robotics_workspace_new/install/robokpy_interfaces/include/robokpy_interfaces/robokpy_interfaces/srv/detail/set_planning_tip_link__type_support.cpp\n'}
[7.373186] (robokpy_interfaces) StdoutLine: {'line': b'-- Up-to-date: /home/meta/Documents/robotics_workspace_new/install/robokpy_interfaces/include/robokpy_interfaces/robokpy_interfaces/srv/detail/grasp_attach__rosidl_typesupport_introspection_cpp.hpp\n'}
[7.373435] (robokpy_interfaces) StdoutLine: {'line': b'-- Up-to-date: /home/meta/Documents/robotics_workspace_new/install/robokpy_interfaces/include/robokpy_interfaces/robokpy_interfaces/srv/detail/jacobian__rosidl_typesupport_introspection_cpp.hpp\n'}
[7.373687] (robokpy_interfaces) StdoutLine: {'line': b'-- Up-to-date: /home/meta/Documents/robotics_workspace_new/install/robokpy_interfaces/include/robokpy_interfaces/robokpy_interfaces/srv/detail/resume_execution__rosidl_typesupport_introspection_cpp.hpp\n'}
[7.373915] (robokpy_interfaces) StdoutLine: {'line': b'-- Up-to-date: /home/meta/Documents/robotics_workspace_new/install/robokpy_interfaces/include/robokpy_interfaces/robokpy_interfaces/srv/detail/chain_fk__rosidl_typesupport_introspection_cpp.hpp\n'}
[7.374166] (robokpy_interfaces) StdoutLine: {'line': b'-- Up-to-date: /home/meta/Documents/robotics_workspace_new/install/robokpy_interfaces/include/robokpy_interfaces/robokpy_interfaces/srv/detail/spawn_object__rosidl_typesupport_introspection_cpp.hpp\n'}
[7.374421] (robokpy_interfaces) StdoutLine: {'line': b'-- Up-to-date: /home/meta/Documents/robotics_workspace_new/install/robokpy_interfaces/include/robokpy_interfaces/robokpy_interfaces/srv/detail/reachable__type_support.cpp\n'}
[7.374649] (robokpy_interfaces) StdoutLine: {'line': b'-- Up-to-date: /home/meta/Documents/robotics_workspace_new/install/robokpy_interfaces/include/robokpy_interfaces/robokpy_interfaces/srv/detail/execution_state__rosidl_typesupport_introspection_cpp.hpp\n'}
[7.374880] (robokpy_interfaces) StdoutLine: {'line': b'-- Up-to-date: /home/meta/Documents/robotics_workspace_new/install/robokpy_interfaces/include/robokpy_interfaces/robokpy_interfaces/srv/detail/resume_execution__type_support.cpp\n'}
[7.375124] (robokpy_interfaces) StdoutLine: {'line': b'-- Up-to-date: /home/meta/Documents/robotics_workspace_new/install/robokpy_interfaces/include/robokpy_interfaces/robokpy_interfaces/srv/detail/resolve_object_pose__type_support.cpp\n'}
[7.375370] (robokpy_interfaces) StdoutLine: {'line': b'-- Up-to-date: /home/meta/Documents/robotics_workspace_new/install/robokpy_interfaces/include/robokpy_interfaces/robokpy_interfaces/srv/detail/grasp_attach__type_support.cpp\n'}
[7.375598] (robokpy_interfaces) StdoutLine: {'line': b'-- Up-to-date: /home/meta/Documents/robotics_workspace_new/install/robokpy_interfaces/include/robokpy_interfaces/robokpy_interfaces/srv/detail/execution_state__type_support.cpp\n'}
[7.375824] (robokpy_interfaces) StdoutLine: {'line': b'-- Up-to-date: /home/meta/Documents/robotics_workspace_new/install/robokpy_interfaces/include/robokpy_interfaces/robokpy_interfaces/srv/detail/spawnobject__type_support.cpp\n'}
[7.376046] (robokpy_interfaces) StdoutLine: {'line': b'-- Up-to-date: /home/meta/Documents/robotics_workspace_new/install/robokpy_interfaces/include/robokpy_interfaces/robokpy_interfaces/srv/detail/set_planning_tip_link__rosidl_typesupport_introspection_cpp.hpp\n'}
[7.376321] (robokpy_interfaces) StdoutLine: {'line': b'-- Up-to-date: /home/meta/Documents/robotics_workspace_new/install/robokpy_interfaces/include/robokpy_interfaces/robokpy_interfaces/srv/detail/reachable__rosidl_typesupport_introspection_cpp.hpp\n'}
[7.376555] (robokpy_interfaces) StdoutLine: {'line': b'-- Up-to-date: /home/meta/Documents/robotics_workspace_new/install/robokpy_interfaces/include/robokpy_interfaces/robokpy_interfaces/srv/detail/load_recipe__rosidl_typesupport_introspection_cpp.hpp\n'}
[7.376786] (robokpy_interfaces) StdoutLine: {'line': b'-- Up-to-date: /home/meta/Documents/robotics_workspace_new/install/robokpy_interfaces/include/robokpy_interfaces/robokpy_interfaces/srv/detail/fk__rosidl_typesupport_introspection_cpp.hpp\n'}
[7.377016] (robokpy_interfaces) StdoutLine: {'line': b'-- Up-to-date: /home/meta/Documents/robotics_workspace_new/install/robokpy_interfaces/include/robokpy_interfaces/robokpy_interfaces/srv/detail/spawn_object__type_support.cpp\n'}
[7.377272] (robokpy_interfaces) StdoutLine: {'line': b'-- Up-to-date: /home/meta/Documents/robotics_workspace_new/install/robokpy_interfaces/include/robokpy_interfaces/robokpy_interfaces/srv/detail/resolve_object_pose__rosidl_typesupport_introspection_cpp.hpp\n'}
[7.377529] (robokpy_interfaces) StdoutLine: {'line': b'-- Up-to-date: /home/meta/Documents/robotics_workspace_new/install/robokpy_interfaces/include/robokpy_interfaces/robokpy_interfaces/srv/detail/chain_fk__type_support.cpp\n'}
[7.377754] (robokpy_interfaces) StdoutLine: {'line': b'-- Up-to-date: /home/meta/Documents/robotics_workspace_new/install/robokpy_interfaces/include/robokpy_interfaces/robokpy_interfaces/action\n'}
[7.377981] (robokpy_interfaces) StdoutLine: {'line': b'-- Up-to-date: /home/meta/Documents/robotics_workspace_new/install/robokpy_interfaces/include/robokpy_interfaces/robokpy_interfaces/action/detail\n'}
[7.378240] (robokpy_interfaces) StdoutLine: {'line': b'-- Up-to-date: /home/meta/Documents/robotics_workspace_new/install/robokpy_interfaces/include/robokpy_interfaces/robokpy_interfaces/action/detail/execute_tool_op__type_support.cpp\n'}
[7.378477] (robokpy_interfaces) StdoutLine: {'line': b'-- Up-to-date: /home/meta/Documents/robotics_workspace_new/install/robokpy_interfaces/include/robokpy_interfaces/robokpy_interfaces/action/detail/execute_vision_op__type_support.cpp\n'}
[7.378733] (robokpy_interfaces) StdoutLine: {'line': b'-- Up-to-date: /home/meta/Documents/robotics_workspace_new/install/robokpy_interfaces/include/robokpy_interfaces/robokpy_interfaces/action/detail/execute_vision_op__rosidl_typesupport_introspection_cpp.hpp\n'}
[7.378960] (robokpy_interfaces) StdoutLine: {'line': b'-- Up-to-date: /home/meta/Documents/robotics_workspace_new/install/robokpy_interfaces/include/robokpy_interfaces/robokpy_interfaces/action/detail/set_joint_target__type_support.cpp\n'}
[7.379217] (robokpy_interfaces) StdoutLine: {'line': b'-- Up-to-date: /home/meta/Documents/robotics_workspace_new/install/robokpy_interfaces/include/robokpy_interfaces/robokpy_interfaces/action/detail/robot_trajectory__rosidl_typesupport_introspection_cpp.hpp\n'}
[7.379458] (robokpy_interfaces) StdoutLine: {'line': b'-- Up-to-date: /home/meta/Documents/robotics_workspace_new/install/robokpy_interfaces/include/robokpy_interfaces/robokpy_interfaces/action/detail/set_joint_target__rosidl_typesupport_introspection_cpp.hpp\n'}
[7.379684] (robokpy_interfaces) StdoutLine: {'line': b'-- Up-to-date: /home/meta/Documents/robotics_workspace_new/install/robokpy_interfaces/include/robokpy_interfaces/robokpy_interfaces/action/detail/execute_tool_op__rosidl_typesupport_introspection_cpp.hpp\n'}
[7.379912] (robokpy_interfaces) StdoutLine: {'line': b'-- Up-to-date: /home/meta/Documents/robotics_workspace_new/install/robokpy_interfaces/include/robokpy_interfaces/robokpy_interfaces/action/detail/tool_execution__rosidl_typesupport_introspection_cpp.hpp\n'}
[7.380160] (robokpy_interfaces) StdoutLine: {'line': b'-- Up-to-date: /home/meta/Documents/robotics_workspace_new/install/robokpy_interfaces/include/robokpy_interfaces/robokpy_interfaces/action/detail/tool_execution__type_support.cpp\n'}
[7.380399] (robokpy_interfaces) StdoutLine: {'line': b'-- Up-to-date: /home/meta/Documents/robotics_workspace_new/install/robokpy_interfaces/include/robokpy_interfaces/robokpy_interfaces/action/detail/execute_motion__rosidl_typesupport_introspection_cpp.hpp\n'}
[7.380630] (robokpy_interfaces) StdoutLine: {'line': b'-- Up-to-date: /home/meta/Documents/robotics_workspace_new/install/robokpy_interfaces/include/robokpy_interfaces/robokpy_interfaces/action/detail/robot_trajectory__type_support.cpp\n'}
[7.380857] (robokpy_interfaces) StdoutLine: {'line': b'-- Up-to-date: /home/meta/Documents/robotics_workspace_new/install/robokpy_interfaces/include/robokpy_interfaces/robokpy_interfaces/action/detail/execute_motion__type_support.cpp\n'}
[7.381096] (robokpy_interfaces) StdoutLine: {'line': b'-- Up-to-date: /home/meta/Documents/robotics_workspace_new/install/robokpy_interfaces/include/robokpy_interfaces/robokpy_interfaces/msg\n'}
[7.381346] (robokpy_interfaces) StdoutLine: {'line': b'-- Up-to-date: /home/meta/Documents/robotics_workspace_new/install/robokpy_interfaces/include/robokpy_interfaces/robokpy_interfaces/msg/detail\n'}
[7.381588] (robokpy_interfaces) StdoutLine: {'line': b'-- Up-to-date: /home/meta/Documents/robotics_workspace_new/install/robokpy_interfaces/include/robokpy_interfaces/robokpy_interfaces/msg/detail/cell_state__type_support.cpp\n'}
[7.381841] (robokpy_interfaces) StdoutLine: {'line': b'-- Up-to-date: /home/meta/Documents/robotics_workspace_new/install/robokpy_interfaces/include/robokpy_interfaces/robokpy_interfaces/msg/detail/cell_state__rosidl_typesupport_introspection_cpp.hpp\n'}
[7.382090] (robokpy_interfaces) StdoutLine: {'line': b'-- Up-to-date: /home/meta/Documents/robotics_workspace_new/install/robokpy_interfaces/lib/librobokpy_interfaces__rosidl_typesupport_introspection_cpp.so\n'}
[7.382338] (robokpy_interfaces) StdoutLine: {'line': b'-- Up-to-date: /home/meta/Documents/robotics_workspace_new/install/robokpy_interfaces/lib/librobokpy_interfaces__rosidl_typesupport_cpp.so\n'}
[7.382569] (robokpy_interfaces) StdoutLine: {'line': b'-- Up-to-date: /home/meta/Documents/robotics_workspace_new/install/robokpy_interfaces/share/robokpy_interfaces/environment/pythonpath.sh\n'}
[7.382798] (robokpy_interfaces) StdoutLine: {'line': b'-- Up-to-date: /home/meta/Documents/robotics_workspace_new/install/robokpy_interfaces/share/robokpy_interfaces/environment/pythonpath.dsv\n'}
[7.383021] (robokpy_interfaces) StdoutLine: {'line': b'-- Up-to-date: /home/meta/Documents/robotics_workspace_new/install/robokpy_interfaces/lib/python3.12/site-packages/robokpy_interfaces-0.0.0-py3.12.egg-info\n'}
[7.383279] (robokpy_interfaces) StdoutLine: {'line': b'-- Installing: /home/meta/Documents/robotics_workspace_new/install/robokpy_interfaces/lib/python3.12/site-packages/robokpy_interfaces-0.0.0-py3.12.egg-info/dependency_links.txt\n'}
[7.383514] (robokpy_interfaces) StdoutLine: {'line': b'-- Installing: /home/meta/Documents/robotics_workspace_new/install/robokpy_interfaces/lib/python3.12/site-packages/robokpy_interfaces-0.0.0-py3.12.egg-info/SOURCES.txt\n'}
[7.383740] (robokpy_interfaces) StdoutLine: {'line': b'-- Installing: /home/meta/Documents/robotics_workspace_new/install/robokpy_interfaces/lib/python3.12/site-packages/robokpy_interfaces-0.0.0-py3.12.egg-info/PKG-INFO\n'}
[7.384484] (robokpy_interfaces) StdoutLine: {'line': b'-- Installing: /home/meta/Documents/robotics_workspace_new/install/robokpy_interfaces/lib/python3.12/site-packages/robokpy_interfaces-0.0.0-py3.12.egg-info/top_level.txt\n'}
[7.384797] (robokpy_interfaces) StdoutLine: {'line': b'-- Up-to-date: /home/meta/Documents/robotics_workspace_new/install/robokpy_interfaces/lib/python3.12/site-packages/robokpy_interfaces\n'}
[7.385043] (robokpy_interfaces) StdoutLine: {'line': b'-- Up-to-date: /home/meta/Documents/robotics_workspace_new/install/robokpy_interfaces/lib/python3.12/site-packages/robokpy_interfaces/srv\n'}
[7.385310] (robokpy_interfaces) StdoutLine: {'line': b'-- Up-to-date: /home/meta/Documents/robotics_workspace_new/install/robokpy_interfaces/lib/python3.12/site-packages/robokpy_interfaces/srv/_resolve_object_pose_s.c\n'}
[7.385551] (robokpy_interfaces) StdoutLine: {'line': b'-- Up-to-date: /home/meta/Documents/robotics_workspace_new/install/robokpy_interfaces/lib/python3.12/site-packages/robokpy_interfaces/srv/_jacobian.py\n'}
[7.385787] (robokpy_interfaces) StdoutLine: {'line': b'-- Up-to-date: /home/meta/Documents/robotics_workspace_new/install/robokpy_interfaces/lib/python3.12/site-packages/robokpy_interfaces/srv/_resume_execution.py\n'}
[7.386010] (robokpy_interfaces) StdoutLine: {'line': b'-- Up-to-date: /home/meta/Documents/robotics_workspace_new/install/robokpy_interfaces/lib/python3.12/site-packages/robokpy_interfaces/srv/_despawnobject.py\n'}
[7.386271] (robokpy_interfaces) StdoutLine: {'line': b'-- Up-to-date: /home/meta/Documents/robotics_workspace_new/install/robokpy_interfaces/lib/python3.12/site-packages/robokpy_interfaces/srv/_grasp_attach_s.c\n'}
[7.386505] (robokpy_interfaces) StdoutLine: {'line': b'-- Up-to-date: /home/meta/Documents/robotics_workspace_new/install/robokpy_interfaces/lib/python3.12/site-packages/robokpy_interfaces/srv/_spawnobject.py\n'}
[7.386735] (robokpy_interfaces) StdoutLine: {'line': b'-- Up-to-date: /home/meta/Documents/robotics_workspace_new/install/robokpy_interfaces/lib/python3.12/site-packages/robokpy_interfaces/srv/_despawn_object_s.c\n'}
[7.386981] (robokpy_interfaces) StdoutLine: {'line': b'-- Up-to-date: /home/meta/Documents/robotics_workspace_new/install/robokpy_interfaces/lib/python3.12/site-packages/robokpy_interfaces/srv/_load_recipe_s.c\n'}
[7.387239] (robokpy_interfaces) StdoutLine: {'line': b'-- Up-to-date: /home/meta/Documents/robotics_workspace_new/install/robokpy_interfaces/lib/python3.12/site-packages/robokpy_interfaces/srv/_resume_execution_s.c\n'}
[7.387474] (robokpy_interfaces) StdoutLine: {'line': b'-- Up-to-date: /home/meta/Documents/robotics_workspace_new/install/robokpy_interfaces/lib/python3.12/site-packages/robokpy_interfaces/srv/_execution_state_s.c\n'}
[7.387697] (robokpy_interfaces) StdoutLine: {'line': b'-- Up-to-date: /home/meta/Documents/robotics_workspace_new/install/robokpy_interfaces/lib/python3.12/site-packages/robokpy_interfaces/srv/_spawnobject_s.c\n'}
[7.387941] (robokpy_interfaces) StdoutLine: {'line': b'-- Up-to-date: /home/meta/Documents/robotics_workspace_new/install/robokpy_interfaces/lib/python3.12/site-packages/robokpy_interfaces/srv/_fk_s.c\n'}
[7.388198] (robokpy_interfaces) StdoutLine: {'line': b'-- Up-to-date: /home/meta/Documents/robotics_workspace_new/install/robokpy_interfaces/lib/python3.12/site-packages/robokpy_interfaces/srv/_reachable_s.c\n'}
[7.388433] (robokpy_interfaces) StdoutLine: {'line': b'-- Up-to-date: /home/meta/Documents/robotics_workspace_new/install/robokpy_interfaces/lib/python3.12/site-packages/robokpy_interfaces/srv/_despawn_object.py\n'}
[7.388661] (robokpy_interfaces) StdoutLine: {'line': b'-- Up-to-date: /home/meta/Documents/robotics_workspace_new/install/robokpy_interfaces/lib/python3.12/site-packages/robokpy_interfaces/srv/_spawn_object.py\n'}
[7.388884] (robokpy_interfaces) StdoutLine: {'line': b'-- Up-to-date: /home/meta/Documents/robotics_workspace_new/install/robokpy_interfaces/lib/python3.12/site-packages/robokpy_interfaces/srv/_load_recipe.py\n'}
[7.389131] (robokpy_interfaces) StdoutLine: {'line': b'-- Up-to-date: /home/meta/Documents/robotics_workspace_new/install/robokpy_interfaces/lib/python3.12/site-packages/robokpy_interfaces/srv/_fk.py\n'}
[7.389369] (robokpy_interfaces) StdoutLine: {'line': b'-- Up-to-date: /home/meta/Documents/robotics_workspace_new/install/robokpy_interfaces/lib/python3.12/site-packages/robokpy_interfaces/srv/_execution_state.py\n'}
[7.389599] (robokpy_interfaces) StdoutLine: {'line': b'-- Up-to-date: /home/meta/Documents/robotics_workspace_new/install/robokpy_interfaces/lib/python3.12/site-packages/robokpy_interfaces/srv/_resolve_object_pose.py\n'}
[7.389829] (robokpy_interfaces) StdoutLine: {'line': b'-- Up-to-date: /home/meta/Documents/robotics_workspace_new/install/robokpy_interfaces/lib/python3.12/site-packages/robokpy_interfaces/srv/_jacobian_s.c\n'}
[7.390055] (robokpy_interfaces) StdoutLine: {'line': b'-- Up-to-date: /home/meta/Documents/robotics_workspace_new/install/robokpy_interfaces/lib/python3.12/site-packages/robokpy_interfaces/srv/_system_mode.py\n'}
[7.390316] (robokpy_interfaces) StdoutLine: {'line': b'-- Up-to-date: /home/meta/Documents/robotics_workspace_new/install/robokpy_interfaces/lib/python3.12/site-packages/robokpy_interfaces/srv/_chain_fk.py\n'}
[7.390547] (robokpy_interfaces) StdoutLine: {'line': b'-- Up-to-date: /home/meta/Documents/robotics_workspace_new/install/robokpy_interfaces/lib/python3.12/site-packages/robokpy_interfaces/srv/_reachable.py\n'}
[7.390773] (robokpy_interfaces) StdoutLine: {'line': b'-- Up-to-date: /home/meta/Documents/robotics_workspace_new/install/robokpy_interfaces/lib/python3.12/site-packages/robokpy_interfaces/srv/_system_mode_s.c\n'}
[7.390995] (robokpy_interfaces) StdoutLine: {'line': b'-- Up-to-date: /home/meta/Documents/robotics_workspace_new/install/robokpy_interfaces/lib/python3.12/site-packages/robokpy_interfaces/srv/_ik_s.c\n'}
[7.391293] (robokpy_interfaces) StdoutLine: {'line': b'-- Up-to-date: /home/meta/Documents/robotics_workspace_new/install/robokpy_interfaces/lib/python3.12/site-packages/robokpy_interfaces/srv/__init__.py\n'}
[7.391542] (robokpy_interfaces) StdoutLine: {'line': b'-- Up-to-date: /home/meta/Documents/robotics_workspace_new/install/robokpy_interfaces/lib/python3.12/site-packages/robokpy_interfaces/srv/_ik.py\n'}
[7.391773] (robokpy_interfaces) StdoutLine: {'line': b'-- Up-to-date: /home/meta/Documents/robotics_workspace_new/install/robokpy_interfaces/lib/python3.12/site-packages/robokpy_interfaces/srv/_grasp_attach.py\n'}
[7.392002] (robokpy_interfaces) StdoutLine: {'line': b'-- Up-to-date: /home/meta/Documents/robotics_workspace_new/install/robokpy_interfaces/lib/python3.12/site-packages/robokpy_interfaces/srv/_despawnobject_s.c\n'}
[7.392270] (robokpy_interfaces) StdoutLine: {'line': b'-- Up-to-date: /home/meta/Documents/robotics_workspace_new/install/robokpy_interfaces/lib/python3.12/site-packages/robokpy_interfaces/srv/_set_planning_tip_link_s.c\n'}
[7.392503] (robokpy_interfaces) StdoutLine: {'line': b'-- Up-to-date: /home/meta/Documents/robotics_workspace_new/install/robokpy_interfaces/lib/python3.12/site-packages/robokpy_interfaces/srv/_spawn_object_s.c\n'}
[7.392728] (robokpy_interfaces) StdoutLine: {'line': b'-- Up-to-date: /home/meta/Documents/robotics_workspace_new/install/robokpy_interfaces/lib/python3.12/site-packages/robokpy_interfaces/srv/_set_planning_tip_link.py\n'}
[7.392949] (robokpy_interfaces) StdoutLine: {'line': b'-- Up-to-date: /home/meta/Documents/robotics_workspace_new/install/robokpy_interfaces/lib/python3.12/site-packages/robokpy_interfaces/srv/_chain_fk_s.c\n'}
[7.393199] (robokpy_interfaces) StdoutLine: {'line': b'-- Up-to-date: /home/meta/Documents/robotics_workspace_new/install/robokpy_interfaces/lib/python3.12/site-packages/robokpy_interfaces/robokpy_interfaces_s__rosidl_typesupport_c.so\n'}
[7.393432] (robokpy_interfaces) StdoutLine: {'line': b'-- Up-to-date: /home/meta/Documents/robotics_workspace_new/install/robokpy_interfaces/lib/python3.12/site-packages/robokpy_interfaces/_robokpy_interfaces_s.ep.rosidl_typesupport_introspection_c.c\n'}
[7.393662] (robokpy_interfaces) StdoutLine: {'line': b'-- Up-to-date: /home/meta/Documents/robotics_workspace_new/install/robokpy_interfaces/lib/python3.12/site-packages/robokpy_interfaces/action\n'}
[7.393907] (robokpy_interfaces) StdoutLine: {'line': b'-- Up-to-date: /home/meta/Documents/robotics_workspace_new/install/robokpy_interfaces/lib/python3.12/site-packages/robokpy_interfaces/action/_execute_tool_op_s.c\n'}
[7.394157] (robokpy_interfaces) StdoutLine: {'line': b'-- Up-to-date: /home/meta/Documents/robotics_workspace_new/install/robokpy_interfaces/lib/python3.12/site-packages/robokpy_interfaces/action/_execute_vision_op.py\n'}
[7.394398] (robokpy_interfaces) StdoutLine: {'line': b'-- Up-to-date: /home/meta/Documents/robotics_workspace_new/install/robokpy_interfaces/lib/python3.12/site-packages/robokpy_interfaces/action/_tool_execution.py\n'}
[7.394624] (robokpy_interfaces) StdoutLine: {'line': b'-- Up-to-date: /home/meta/Documents/robotics_workspace_new/install/robokpy_interfaces/lib/python3.12/site-packages/robokpy_interfaces/action/_robot_trajectory.py\n'}
[7.394851] (robokpy_interfaces) StdoutLine: {'line': b'-- Up-to-date: /home/meta/Documents/robotics_workspace_new/install/robokpy_interfaces/lib/python3.12/site-packages/robokpy_interfaces/action/_tool_execution_s.c\n'}
[7.395086] (robokpy_interfaces) StdoutLine: {'line': b'-- Up-to-date: /home/meta/Documents/robotics_workspace_new/install/robokpy_interfaces/lib/python3.12/site-packages/robokpy_interfaces/action/_execute_tool_op.py\n'}
[7.395338] (robokpy_interfaces) StdoutLine: {'line': b'-- Up-to-date: /home/meta/Documents/robotics_workspace_new/install/robokpy_interfaces/lib/python3.12/site-packages/robokpy_interfaces/action/_set_joint_target.py\n'}
[7.395568] (robokpy_interfaces) StdoutLine: {'line': b'-- Up-to-date: /home/meta/Documents/robotics_workspace_new/install/robokpy_interfaces/lib/python3.12/site-packages/robokpy_interfaces/action/_execute_motion_s.c\n'}
[7.395794] (robokpy_interfaces) StdoutLine: {'line': b'-- Up-to-date: /home/meta/Documents/robotics_workspace_new/install/robokpy_interfaces/lib/python3.12/site-packages/robokpy_interfaces/action/__init__.py\n'}
[7.396033] (robokpy_interfaces) StdoutLine: {'line': b'-- Up-to-date: /home/meta/Documents/robotics_workspace_new/install/robokpy_interfaces/lib/python3.12/site-packages/robokpy_interfaces/action/_execute_vision_op_s.c\n'}
[7.396287] (robokpy_interfaces) StdoutLine: {'line': b'-- Up-to-date: /home/meta/Documents/robotics_workspace_new/install/robokpy_interfaces/lib/python3.12/site-packages/robokpy_interfaces/action/_set_joint_target_s.c\n'}
[7.396514] (robokpy_interfaces) StdoutLine: {'line': b'-- Up-to-date: /home/meta/Documents/robotics_workspace_new/install/robokpy_interfaces/lib/python3.12/site-packages/robokpy_interfaces/action/_execute_motion.py\n'}
[7.396740] (robokpy_interfaces) StdoutLine: {'line': b'-- Up-to-date: /home/meta/Documents/robotics_workspace_new/install/robokpy_interfaces/lib/python3.12/site-packages/robokpy_interfaces/action/_robot_trajectory_s.c\n'}
[7.396966] (robokpy_interfaces) StdoutLine: {'line': b'-- Up-to-date: /home/meta/Documents/robotics_workspace_new/install/robokpy_interfaces/lib/python3.12/site-packages/robokpy_interfaces/msg\n'}
[7.397243] (robokpy_interfaces) StdoutLine: {'line': b'-- Up-to-date: /home/meta/Documents/robotics_workspace_new/install/robokpy_interfaces/lib/python3.12/site-packages/robokpy_interfaces/msg/_cell_state_s.c\n'}
[7.397482] (robokpy_interfaces) StdoutLine: {'line': b'-- Up-to-date: /home/meta/Documents/robotics_workspace_new/install/robokpy_interfaces/lib/python3.12/site-packages/robokpy_interfaces/msg/__init__.py\n'}
[7.397705] (robokpy_interfaces) StdoutLine: {'line': b'-- Up-to-date: /home/meta/Documents/robotics_workspace_new/install/robokpy_interfaces/lib/python3.12/site-packages/robokpy_interfaces/msg/_cell_state.py\n'}
[7.397927] (robokpy_interfaces) StdoutLine: {'line': b'-- Up-to-date: /home/meta/Documents/robotics_workspace_new/install/robokpy_interfaces/lib/python3.12/site-packages/robokpy_interfaces/robokpy_interfaces_s__rosidl_typesupport_fastrtps_c.so\n'}
[7.398179] (robokpy_interfaces) StdoutLine: {'line': b'-- Up-to-date: /home/meta/Documents/robotics_workspace_new/install/robokpy_interfaces/lib/python3.12/site-packages/robokpy_interfaces/_robokpy_interfaces_s.ep.rosidl_typesupport_c.c\n'}
[7.398417] (robokpy_interfaces) StdoutLine: {'line': b'-- Up-to-date: /home/meta/Documents/robotics_workspace_new/install/robokpy_interfaces/lib/python3.12/site-packages/robokpy_interfaces/robokpy_interfaces_s__rosidl_typesupport_introspection_c.so\n'}
[7.398640] (robokpy_interfaces) StdoutLine: {'line': b'-- Up-to-date: /home/meta/Documents/robotics_workspace_new/install/robokpy_interfaces/lib/python3.12/site-packages/robokpy_interfaces/__init__.py\n'}
[7.398865] (robokpy_interfaces) StdoutLine: {'line': b'-- Up-to-date: /home/meta/Documents/robotics_workspace_new/install/robokpy_interfaces/lib/python3.12/site-packages/robokpy_interfaces/_robokpy_interfaces_s.ep.rosidl_typesupport_fastrtps_c.c\n'}
[7.445637] (-) TimerEvent: {}
[7.493134] (robokpy) StdoutLine: {'line': b"reading manifest file '../../build/robokpy/robokpy.egg-info/SOURCES.txt'\n"}
[7.525890] (robokpy) StdoutLine: {'line': b"writing manifest file '../../build/robokpy/robokpy.egg-info/SOURCES.txt'\n"}
[7.526306] (robokpy) StdoutLine: {'line': b'running build\n'}
[7.526607] (robokpy) StdoutLine: {'line': b'running build_py\n'}
[7.526972] (robokpy) StdoutLine: {'line': b'running install\n'}
[7.545745] (-) TimerEvent: {}
[7.551010] (robokpy) StdoutLine: {'line': b'running install_lib\n'}
[7.570129] (robokpy_interfaces) StdoutLine: {'line': b"Listing '/home/meta/Documents/robotics_workspace_new/install/robokpy_interfaces/lib/python3.12/site-packages/robokpy_interfaces'...\n"}
[7.570553] (robokpy_interfaces) StdoutLine: {'line': b"Listing '/home/meta/Documents/robotics_workspace_new/install/robokpy_interfaces/lib/python3.12/site-packages/robokpy_interfaces/action'...\n"}
[7.570864] (robokpy_interfaces) StdoutLine: {'line': b"Listing '/home/meta/Documents/robotics_workspace_new/install/robokpy_interfaces/lib/python3.12/site-packages/robokpy_interfaces/msg'...\n"}
[7.571177] (robokpy_interfaces) StdoutLine: {'line': b"Listing '/home/meta/Documents/robotics_workspace_new/install/robokpy_interfaces/lib/python3.12/site-packages/robokpy_interfaces/srv'...\n"}
[7.588205] (robokpy_interfaces) StdoutLine: {'line': b'-- Up-to-date: /home/meta/Documents/robotics_workspace_new/install/robokpy_interfaces/lib/python3.12/site-packages/robokpy_interfaces/robokpy_interfaces_s__rosidl_typesupport_fastrtps_c.so\n'}
[7.589315] (robokpy_interfaces) StdoutLine: {'line': b'-- Up-to-date: /home/meta/Documents/robotics_workspace_new/install/robokpy_interfaces/lib/python3.12/site-packages/robokpy_interfaces/robokpy_interfaces_s__rosidl_typesupport_introspection_c.so\n'}
[7.592121] (robokpy_interfaces) StdoutLine: {'line': b'-- Up-to-date: /home/meta/Documents/robotics_workspace_new/install/robokpy_interfaces/lib/python3.12/site-packages/robokpy_interfaces/robokpy_interfaces_s__rosidl_typesupport_c.so\n'}
[7.592512] (robokpy_interfaces) StdoutLine: {'line': b'-- Up-to-date: /home/meta/Documents/robotics_workspace_new/install/robokpy_interfaces/lib/librobokpy_interfaces__rosidl_generator_py.so\n'}
[7.593586] (robokpy_interfaces) StdoutLine: {'line': b'-- Up-to-date: /home/meta/Documents/robotics_workspace_new/install/robokpy_interfaces/share/robokpy_interfaces/srv/ExecutionState.idl\n'}
[7.595150] (robokpy_interfaces) StdoutLine: {'line': b'-- Up-to-date: /home/meta/Documents/robotics_workspace_new/install/robokpy_interfaces/share/robokpy_interfaces/srv/SystemMode.idl\n'}
[7.595496] (robokpy_interfaces) StdoutLine: {'line': b'-- Up-to-date: /home/meta/Documents/robotics_workspace_new/install/robokpy_interfaces/share/robokpy_interfaces/srv/FK.idl\n'}
[7.595757] (robokpy_interfaces) StdoutLine: {'line': b'-- Up-to-date: /home/meta/Documents/robotics_workspace_new/install/robokpy_interfaces/share/robokpy_interfaces/srv/IK.idl\n'}
[7.600119] (robokpy_interfaces) StdoutLine: {'line': b'-- Up-to-date: /home/meta/Documents/robotics_workspace_new/install/robokpy_interfaces/share/robokpy_interfaces/srv/Jacobian.idl\n'}
[7.600568] (robokpy_interfaces) StdoutLine: {'line': b'-- Up-to-date: /home/meta/Documents/robotics_workspace_new/install/robokpy_interfaces/share/robokpy_interfaces/srv/Reachable.idl\n'}
[7.600848] (robokpy_interfaces) StdoutLine: {'line': b'-- Up-to-date: /home/meta/Documents/robotics_workspace_new/install/robokpy_interfaces/share/robokpy_interfaces/srv/ChainFK.idl\n'}
[7.601148] (robokpy_interfaces) StdoutLine: {'line': b'-- Up-to-date: /home/meta/Documents/robotics_workspace_new/install/robokpy_interfaces/share/robokpy_interfaces/srv/SetPlanningTipLink.idl\n'}
[7.601440] (robokpy_interfaces) StdoutLine: {'line': b'-- Up-to-date: /home/meta/Documents/robotics_workspace_new/install/robokpy_interfaces/share/robokpy_interfaces/srv/GraspAttach.idl\n'}
[7.601696] (robokpy_interfaces) StdoutLine: {'line': b'-- Up-to-date: /home/meta/Documents/robotics_workspace_new/install/robokpy_interfaces/share/robokpy_interfaces/srv/ResumeExecution.idl\n'}
[7.601944] (robokpy_interfaces) StdoutLine: {'line': b'-- Up-to-date: /home/meta/Documents/robotics_workspace_new/install/robokpy_interfaces/share/robokpy_interfaces/srv/LoadRecipe.idl\n'}
[7.602213] (robokpy_interfaces) StdoutLine: {'line': b'-- Up-to-date: /home/meta/Documents/robotics_workspace_new/install/robokpy_interfaces/share/robokpy_interfaces/srv/SpawnObject.idl\n'}
[7.602494] (robokpy_interfaces) StdoutLine: {'line': b'-- Up-to-date: /home/meta/Documents/robotics_workspace_new/install/robokpy_interfaces/share/robokpy_interfaces/srv/DespawnObject.idl\n'}
[7.602730] (robokpy_interfaces) StdoutLine: {'line': b'-- Up-to-date: /home/meta/Documents/robotics_workspace_new/install/robokpy_interfaces/share/robokpy_interfaces/srv/ResolveObjectPose.idl\n'}
[7.602963] (robokpy_interfaces) StdoutLine: {'line': b'-- Up-to-date: /home/meta/Documents/robotics_workspace_new/install/robokpy_interfaces/share/robokpy_interfaces/msg/CellState.idl\n'}
[7.606956] (robokpy_interfaces) StdoutLine: {'line': b'-- Up-to-date: /home/meta/Documents/robotics_workspace_new/install/robokpy_interfaces/share/robokpy_interfaces/action/ExecuteMotion.idl\n'}
[7.607294] (robokpy_interfaces) StdoutLine: {'line': b'-- Up-to-date: /home/meta/Documents/robotics_workspace_new/install/robokpy_interfaces/share/robokpy_interfaces/action/ExecuteToolOp.idl\n'}
[7.607558] (robokpy_interfaces) StdoutLine: {'line': b'-- Up-to-date: /home/meta/Documents/robotics_workspace_new/install/robokpy_interfaces/share/robokpy_interfaces/action/ExecuteVisionOp.idl\n'}
[7.607803] (robokpy_interfaces) StdoutLine: {'line': b'-- Up-to-date: /home/meta/Documents/robotics_workspace_new/install/robokpy_interfaces/share/robokpy_interfaces/action/SetJointTarget.idl\n'}
[7.608039] (robokpy_interfaces) StdoutLine: {'line': b'-- Up-to-date: /home/meta/Documents/robotics_workspace_new/install/robokpy_interfaces/share/robokpy_interfaces/srv/ExecutionState.srv\n'}
[7.608330] (robokpy_interfaces) StdoutLine: {'line': b'-- Up-to-date: /home/meta/Documents/robotics_workspace_new/install/robokpy_interfaces/share/robokpy_interfaces/srv/SystemMode.srv\n'}
[7.608570] (robokpy_interfaces) StdoutLine: {'line': b'-- Up-to-date: /home/meta/Documents/robotics_workspace_new/install/robokpy_interfaces/share/robokpy_interfaces/srv/FK.srv\n'}
[7.608825] (robokpy_interfaces) StdoutLine: {'line': b'-- Up-to-date: /home/meta/Documents/robotics_workspace_new/install/robokpy_interfaces/share/robokpy_interfaces/srv/IK.srv\n'}
[7.611084] (robokpy_interfaces) StdoutLine: {'line': b'-- Up-to-date: /home/meta/Documents/robotics_workspace_new/install/robokpy_interfaces/share/robokpy_interfaces/srv/Jacobian.srv\n'}
[7.611577] (robokpy_interfaces) StdoutLine: {'line': b'-- Up-to-date: /home/meta/Documents/robotics_workspace_new/install/robokpy_interfaces/share/robokpy_interfaces/srv/Reachable.srv\n'}
[7.611847] (robokpy_interfaces) StdoutLine: {'line': b'-- Up-to-date: /home/meta/Documents/robotics_workspace_new/install/robokpy_interfaces/share/robokpy_interfaces/srv/ChainFK.srv\n'}
[7.612127] (robokpy_interfaces) StdoutLine: {'line': b'-- Up-to-date: /home/meta/Documents/robotics_workspace_new/install/robokpy_interfaces/share/robokpy_interfaces/srv/SetPlanningTipLink.srv\n'}
[7.612398] (robokpy_interfaces) StdoutLine: {'line': b'-- Up-to-date: /home/meta/Documents/robotics_workspace_new/install/robokpy_interfaces/share/robokpy_interfaces/srv/GraspAttach.srv\n'}
[7.612637] (robokpy_interfaces) StdoutLine: {'line': b'-- Up-to-date: /home/meta/Documents/robotics_workspace_new/install/robokpy_interfaces/share/robokpy_interfaces/srv/ResumeExecution.srv\n'}
[7.612869] (robokpy_interfaces) StdoutLine: {'line': b'-- Up-to-date: /home/meta/Documents/robotics_workspace_new/install/robokpy_interfaces/share/robokpy_interfaces/srv/LoadRecipe.srv\n'}
[7.613116] (robokpy_interfaces) StdoutLine: {'line': b'-- Up-to-date: /home/meta/Documents/robotics_workspace_new/install/robokpy_interfaces/share/robokpy_interfaces/srv/SpawnObject.srv\n'}
[7.615442] (robokpy_interfaces) StdoutLine: {'line': b'-- Up-to-date: /home/meta/Documents/robotics_workspace_new/install/robokpy_interfaces/share/robokpy_interfaces/srv/DespawnObject.srv\n'}
[7.615710] (robokpy_interfaces) StdoutLine: {'line': b'-- Up-to-date: /home/meta/Documents/robotics_workspace_new/install/robokpy_interfaces/share/robokpy_interfaces/srv/ResolveObjectPose.srv\n'}
[7.615955] (robokpy_interfaces) StdoutLine: {'line': b'-- Up-to-date: /home/meta/Documents/robotics_workspace_new/install/robokpy_interfaces/share/robokpy_interfaces/msg/CellState.msg\n'}
[7.616250] (robokpy_interfaces) StdoutLine: {'line': b'-- Up-to-date: /home/meta/Documents/robotics_workspace_new/install/robokpy_interfaces/share/robokpy_interfaces/action/ExecuteMotion.action\n'}
[7.616503] (robokpy_interfaces) StdoutLine: {'line': b'-- Up-to-date: /home/meta/Documents/robotics_workspace_new/install/robokpy_interfaces/share/robokpy_interfaces/action/ExecuteToolOp.action\n'}
[7.616743] (robokpy_interfaces) StdoutLine: {'line': b'-- Up-to-date: /home/meta/Documents/robotics_workspace_new/install/robokpy_interfaces/share/robokpy_interfaces/action/ExecuteVisionOp.action\n'}
[7.617005] (robokpy_interfaces) StdoutLine: {'line': b'-- Up-to-date: /home/meta/Documents/robotics_workspace_new/install/robokpy_interfaces/share/robokpy_interfaces/action/SetJointTarget.action\n'}
[7.617270] (robokpy_interfaces) StdoutLine: {'line': b'-- Up-to-date: /home/meta/Documents/robotics_workspace_new/install/robokpy_interfaces/include\n'}
[7.617512] (robokpy_interfaces) StdoutLine: {'line': b'-- Up-to-date: /home/meta/Documents/robotics_workspace_new/install/robokpy_interfaces/include/robokpy_interfaces\n'}
[7.617746] (robokpy_interfaces) StdoutLine: {'line': b'-- Up-to-date: /home/meta/Documents/robotics_workspace_new/install/robokpy_interfaces/share/ament_index/resource_index/package_run_dependencies/robokpy_interfaces\n'}
[7.617975] (robokpy_interfaces) StdoutLine: {'line': b'-- Up-to-date: /home/meta/Documents/robotics_workspace_new/install/robokpy_interfaces/share/ament_index/resource_index/parent_prefix_path/robokpy_interfaces\n'}
[7.620267] (robokpy_interfaces) StdoutLine: {'line': b'-- Up-to-date: /home/meta/Documents/robotics_workspace_new/install/robokpy_interfaces/share/robokpy_interfaces/environment/ament_prefix_path.sh\n'}
[7.620589] (robokpy_interfaces) StdoutLine: {'line': b'-- Up-to-date: /home/meta/Documents/robotics_workspace_new/install/robokpy_interfaces/share/robokpy_interfaces/environment/ament_prefix_path.dsv\n'}
[7.620840] (robokpy_interfaces) StdoutLine: {'line': b'-- Up-to-date: /home/meta/Documents/robotics_workspace_new/install/robokpy_interfaces/share/robokpy_interfaces/environment/path.sh\n'}
[7.621092] (robokpy_interfaces) StdoutLine: {'line': b'-- Up-to-date: /home/meta/Documents/robotics_workspace_new/install/robokpy_interfaces/share/robokpy_interfaces/environment/path.dsv\n'}
[7.621353] (robokpy_interfaces) StdoutLine: {'line': b'-- Up-to-date: /home/meta/Documents/robotics_workspace_new/install/robokpy_interfaces/share/robokpy_interfaces/local_setup.bash\n'}
[7.621587] (robokpy_interfaces) StdoutLine: {'line': b'-- Up-to-date: /home/meta/Documents/robotics_workspace_new/install/robokpy_interfaces/share/robokpy_interfaces/local_setup.sh\n'}
[7.621824] (robokpy_interfaces) StdoutLine: {'line': b'-- Up-to-date: /home/meta/Documents/robotics_workspace_new/install/robokpy_interfaces/share/robokpy_interfaces/local_setup.zsh\n'}
[7.622056] (robokpy_interfaces) StdoutLine: {'line': b'-- Up-to-date: /home/meta/Documents/robotics_workspace_new/install/robokpy_interfaces/share/robokpy_interfaces/local_setup.dsv\n'}
[7.622346] (robokpy_interfaces) StdoutLine: {'line': b'-- Installing: /home/meta/Documents/robotics_workspace_new/install/robokpy_interfaces/share/robokpy_interfaces/package.dsv\n'}
[7.643983] (robokpy_interfaces) StdoutLine: {'line': b'-- Up-to-date: /home/meta/Documents/robotics_workspace_new/install/robokpy_interfaces/share/ament_index/resource_index/packages/robokpy_interfaces\n'}
[7.645846] (-) TimerEvent: {}
[7.660166] (robokpy_interfaces) StdoutLine: {'line': b'-- Up-to-date: /home/meta/Documents/robotics_workspace_new/install/robokpy_interfaces/share/robokpy_interfaces/cmake/export_robokpy_interfaces__rosidl_generator_cExport.cmake\n'}
[7.663590] (robokpy_interfaces) StdoutLine: {'line': b'-- Up-to-date: /home/meta/Documents/robotics_workspace_new/install/robokpy_interfaces/share/robokpy_interfaces/cmake/export_robokpy_interfaces__rosidl_generator_cExport-noconfig.cmake\n'}
[7.663975] (robokpy_interfaces) StdoutLine: {'line': b'-- Up-to-date: /home/meta/Documents/robotics_workspace_new/install/robokpy_interfaces/share/robokpy_interfaces/cmake/export_robokpy_interfaces__rosidl_typesupport_fastrtps_cExport.cmake\n'}
[7.664329] (robokpy_interfaces) StdoutLine: {'line': b'-- Up-to-date: /home/meta/Documents/robotics_workspace_new/install/robokpy_interfaces/share/robokpy_interfaces/cmake/export_robokpy_interfaces__rosidl_typesupport_fastrtps_cExport-noconfig.cmake\n'}
[7.664744] (robokpy_interfaces) StdoutLine: {'line': b'-- Up-to-date: /home/meta/Documents/robotics_workspace_new/install/robokpy_interfaces/share/robokpy_interfaces/cmake/robokpy_interfaces__rosidl_typesupport_introspection_cExport.cmake\n'}
[7.665075] (robokpy_interfaces) StdoutLine: {'line': b'-- Up-to-date: /home/meta/Documents/robotics_workspace_new/install/robokpy_interfaces/share/robokpy_interfaces/cmake/robokpy_interfaces__rosidl_typesupport_introspection_cExport-noconfig.cmake\n'}
[7.665498] (robokpy_interfaces) StdoutLine: {'line': b'-- Up-to-date: /home/meta/Documents/robotics_workspace_new/install/robokpy_interfaces/share/robokpy_interfaces/cmake/robokpy_interfaces__rosidl_typesupport_cExport.cmake\n'}
[7.668147] (robokpy_interfaces) StdoutLine: {'line': b'-- Up-to-date: /home/meta/Documents/robotics_workspace_new/install/robokpy_interfaces/share/robokpy_interfaces/cmake/robokpy_interfaces__rosidl_typesupport_cExport-noconfig.cmake\n'}
[7.668590] (robokpy_interfaces) StdoutLine: {'line': b'-- Up-to-date: /home/meta/Documents/robotics_workspace_new/install/robokpy_interfaces/share/robokpy_interfaces/cmake/export_robokpy_interfaces__rosidl_generator_cppExport.cmake\n'}
[7.671899] (robokpy_interfaces) StdoutLine: {'line': b'-- Up-to-date: /home/meta/Documents/robotics_workspace_new/install/robokpy_interfaces/share/robokpy_interfaces/cmake/export_robokpy_interfaces__rosidl_typesupport_fastrtps_cppExport.cmake\n'}
[7.676170] (robokpy_interfaces) StdoutLine: {'line': b'-- Up-to-date: /home/meta/Documents/robotics_workspace_new/install/robokpy_interfaces/share/robokpy_interfaces/cmake/export_robokpy_interfaces__rosidl_typesupport_fastrtps_cppExport-noconfig.cmake\n'}
[7.676637] (robokpy_interfaces) StdoutLine: {'line': b'-- Up-to-date: /home/meta/Documents/robotics_workspace_new/install/robokpy_interfaces/share/robokpy_interfaces/cmake/robokpy_interfaces__rosidl_typesupport_introspection_cppExport.cmake\n'}
[7.676984] (robokpy_interfaces) StdoutLine: {'line': b'-- Up-to-date: /home/meta/Documents/robotics_workspace_new/install/robokpy_interfaces/share/robokpy_interfaces/cmake/robokpy_interfaces__rosidl_typesupport_introspection_cppExport-noconfig.cmake\n'}
[7.697183] (robokpy_interfaces) StdoutLine: {'line': b'-- Up-to-date: /home/meta/Documents/robotics_workspace_new/install/robokpy_interfaces/share/robokpy_interfaces/cmake/robokpy_interfaces__rosidl_typesupport_cppExport.cmake\n'}
[7.697603] (robokpy_interfaces) StdoutLine: {'line': b'-- Up-to-date: /home/meta/Documents/robotics_workspace_new/install/robokpy_interfaces/share/robokpy_interfaces/cmake/robokpy_interfaces__rosidl_typesupport_cppExport-noconfig.cmake\n'}
[7.722558] (robokpy_interfaces) StdoutLine: {'line': b'-- Up-to-date: /home/meta/Documents/robotics_workspace_new/install/robokpy_interfaces/share/robokpy_interfaces/cmake/export_robokpy_interfaces__rosidl_generator_pyExport.cmake\n'}
[7.723439] (robokpy_interfaces) StdoutLine: {'line': b'-- Up-to-date: /home/meta/Documents/robotics_workspace_new/install/robokpy_interfaces/share/robokpy_interfaces/cmake/export_robokpy_interfaces__rosidl_generator_pyExport-noconfig.cmake\n'}
[7.724360] (robokpy_interfaces) StdoutLine: {'line': b'-- Up-to-date: /home/meta/Documents/robotics_workspace_new/install/robokpy_interfaces/share/robokpy_interfaces/cmake/rosidl_cmake-extras.cmake\n'}
[7.725254] (robokpy_interfaces) StdoutLine: {'line': b'-- Up-to-date: /home/meta/Documents/robotics_workspace_new/install/robokpy_interfaces/share/robokpy_interfaces/cmake/ament_cmake_export_dependencies-extras.cmake\n'}
[7.726104] (robokpy_interfaces) StdoutLine: {'line': b'-- Up-to-date: /home/meta/Documents/robotics_workspace_new/install/robokpy_interfaces/share/robokpy_interfaces/cmake/ament_cmake_export_include_directories-extras.cmake\n'}
[7.726942] (robokpy_interfaces) StdoutLine: {'line': b'-- Up-to-date: /home/meta/Documents/robotics_workspace_new/install/robokpy_interfaces/share/robokpy_interfaces/cmake/ament_cmake_export_libraries-extras.cmake\n'}
[7.727832] (robokpy_interfaces) StdoutLine: {'line': b'-- Up-to-date: /home/meta/Documents/robotics_workspace_new/install/robokpy_interfaces/share/robokpy_interfaces/cmake/ament_cmake_export_targets-extras.cmake\n'}
[7.728779] (robokpy_interfaces) StdoutLine: {'line': b'-- Up-to-date: /home/meta/Documents/robotics_workspace_new/install/robokpy_interfaces/share/robokpy_interfaces/cmake/rosidl_cmake_export_typesupport_targets-extras.cmake\n'}
[7.729898] (robokpy) StdoutLine: {'line': b'running install_data\n'}
[7.730294] (robokpy_interfaces) StdoutLine: {'line': b'-- Up-to-date: /home/meta/Documents/robotics_workspace_new/install/robokpy_interfaces/share/robokpy_interfaces/cmake/rosidl_cmake_export_typesupport_libraries-extras.cmake\n'}
[7.731381] (robokpy_interfaces) StdoutLine: {'line': b'-- Up-to-date: /home/meta/Documents/robotics_workspace_new/install/robokpy_interfaces/share/robokpy_interfaces/cmake/robokpy_interfacesConfig.cmake\n'}
[7.731711] (robokpy_interfaces) StdoutLine: {'line': b'-- Up-to-date: /home/meta/Documents/robotics_workspace_new/install/robokpy_interfaces/share/robokpy_interfaces/cmake/robokpy_interfacesConfig-version.cmake\n'}
[7.731979] (robokpy_interfaces) StdoutLine: {'line': b'-- Up-to-date: /home/meta/Documents/robotics_workspace_new/install/robokpy_interfaces/share/robokpy_interfaces/package.xml\n'}
[7.733186] (robokpy) StdoutLine: {'line': b'running install_egg_info\n'}
[7.745973] (-) TimerEvent: {}
[7.756052] (robokpy_interfaces) CommandEnded: {'returncode': 0}
[7.848635] (-) TimerEvent: {}
[7.926212] (robokpy) StdoutLine: {'line': b"removing '/home/meta/Documents/robotics_workspace_new/install/robokpy/lib/python3.12/site-packages/robokpy-0.0.0-py3.12.egg-info' (and everything under it)\n"}
[7.927074] (robokpy) StdoutLine: {'line': b'Copying ../../build/robokpy/robokpy.egg-info to /home/meta/Documents/robotics_workspace_new/install/robokpy/lib/python3.12/site-packages/robokpy-0.0.0-py3.12.egg-info\n'}
[7.948644] (robokpy) StdoutLine: {'line': b'running install_scripts\n'}
[7.949086] (-) TimerEvent: {}
[8.049726] (-) TimerEvent: {}
[8.152425] (-) TimerEvent: {}
[8.255157] (-) TimerEvent: {}
[8.362132] (-) TimerEvent: {}
[8.462586] (-) TimerEvent: {}
[8.563031] (-) TimerEvent: {}
[8.663476] (-) TimerEvent: {}
[8.764140] (-) TimerEvent: {}
[8.856002] (robokpy) StdoutLine: {'line': b"writing list of installed files to '/home/meta/Documents/robotics_workspace_new/build/robokpy/install.log'\n"}
[8.864371] (-) TimerEvent: {}
[8.946080] (robokpy) CommandEnded: {'returncode': 0}
[8.961139] (robokpy) JobEnded: {'identifier': 'robokpy', 'rc': 0}
[8.964536] (-) TimerEvent: {}
[9.065406] (-) TimerEvent: {}
[9.165815] (-) TimerEvent: {}
[9.266228] (-) TimerEvent: {}
[9.366573] (-) TimerEvent: {}
[9.407537] (robokpy_interfaces) JobEnded: {'identifier': 'robokpy_interfaces', 'rc': 0}
[9.408858] (robokpy_controller) JobStarted: {'identifier': 'robokpy_controller'}
[9.466721] (-) TimerEvent: {}
[9.567131] (-) TimerEvent: {}
[9.667555] (-) TimerEvent: {}
[9.767996] (-) TimerEvent: {}
[9.868434] (-) TimerEvent: {}
[9.968826] (-) TimerEvent: {}
[10.069237] (-) TimerEvent: {}
[10.169646] (-) TimerEvent: {}
[10.270041] (-) TimerEvent: {}
[10.370449] (-) TimerEvent: {}
[10.470842] (-) TimerEvent: {}
[10.571259] (-) TimerEvent: {}
[10.671682] (-) TimerEvent: {}
[10.772092] (-) TimerEvent: {}
[10.872500] (-) TimerEvent: {}
[10.972902] (-) TimerEvent: {}
[11.073336] (-) TimerEvent: {}
[11.173736] (-) TimerEvent: {}
[11.274140] (-) TimerEvent: {}
[11.374532] (-) TimerEvent: {}
[11.474916] (-) TimerEvent: {}
[11.575321] (-) TimerEvent: {}
[11.675720] (-) TimerEvent: {}
[11.776137] (-) TimerEvent: {}
[11.875221] (robokpy_controller) Command: {'cmd': ['/usr/bin/python3', '-W', 'ignore:setup.py install is deprecated', 'setup.py', 'egg_info', '--egg-base', '../../build/robokpy_controller', 'build', '--build-base', '/home/meta/Documents/robotics_workspace_new/build/robokpy_controller/build', 'install', '--record', '/home/meta/Documents/robotics_workspace_new/build/robokpy_controller/install.log', '--single-version-externally-managed', 'install_data'], 'cwd': '/home/meta/Documents/robotics_workspace_new/src/robokpy_controller', 'env': {'GJS_DEBUG_TOPICS': 'JS ERROR;JS LOG', 'XDG_ACTIVATION_TOKEN': 'gnome-shell/Terminator/2778-0-meta-Inspiron-3542_TIME261192', 'LESSOPEN': '| /usr/bin/lesspipe %s', 'LANGUAGE': 'en_US', 'USER': 'meta', 'GZ_CONFIG_PATH': '/opt/ros/jazzy/opt/gz_sim_vendor/share/gz:/opt/ros/jazzy/opt/sdformat_vendor/share/gz:/opt/ros/jazzy/opt/gz_gui_vendor/share/gz:/opt/ros/jazzy/opt/gz_transport_vendor/share/gz:/opt/ros/jazzy/opt/gz_rendering_vendor/share/gz:/opt/ros/jazzy/opt/gz_plugin_vendor/share/gz:/opt/ros/jazzy/opt/gz_fuel_tools_vendor/share/gz:/opt/ros/jazzy/opt/gz_msgs_vendor/share/gz:/opt/ros/jazzy/opt/gz_common_vendor/share/gz', 'XDG_SESSION_TYPE': 'x11', 'STM32CubeMX_PATH': '/home/meta/STM32CubeMX', 'SHLVL': '1', 'LD_LIBRARY_PATH': '/home/meta/Documents/robotics_workspace_new/install/robokpy_interfaces/lib:/opt/ros/jazzy/opt/gz_sim_vendor/lib:/opt/ros/jazzy/opt/gz_sensors_vendor/lib:/opt/ros/jazzy/opt/gz_physics_vendor/lib:/opt/ros/jazzy/opt/sdformat_vendor/lib:/opt/ros/jazzy/opt/rviz_ogre_vendor/lib:/opt/ros/jazzy/lib/x86_64-linux-gnu:/opt/ros/jazzy/opt/gz_gui_vendor/lib:/opt/ros/jazzy/opt/gz_transport_vendor/lib:/opt/ros/jazzy/opt/gz_rendering_vendor/lib:/opt/ros/jazzy/opt/gz_plugin_vendor/lib:/opt/ros/jazzy/opt/gz_fuel_tools_vendor/lib:/opt/ros/jazzy/opt/gz_msgs_vendor/lib:/opt/ros/jazzy/opt/gz_common_vendor/lib:/opt/ros/jazzy/opt/gz_math_vendor/lib:/opt/ros/jazzy/opt/gz_utils_vendor/lib:/opt/ros/jazzy/opt/gz_tools_vendor/lib:/opt/ros/jazzy/opt/gz_ogre_next_vendor/lib:/opt/ros/jazzy/opt/gz_dartsim_vendor/lib:/opt/ros/jazzy/opt/gz_cmake_vendor/lib:/opt/ros/jazzy/lib', 'HOME': '/home/meta', 'OLDPWD': '/home/meta/Documents', 'DESKTOP_SESSION': 'ubuntu', 'NVM_BIN': '/home/meta/.nvm/versions/node/v25.2.1/bin', 'NVM_INC': '/home/meta/.nvm/versions/node/v25.2.1/include/node', 'GIO_LAUNCHED_DESKTOP_FILE': '/usr/share/applications/terminator.desktop', 'ROS_PYTHON_VERSION': '3', 'GNOME_SHELL_SESSION_MODE': 'ubuntu', 'GTK_MODULES': 'gail:atk-bridge', 'XDG_SEAT_PATH': '/org/freedesktop/DisplayManager/Seat0', 'MANAGERPID': '2449', 'SYSTEMD_EXEC_PID': '2778', 'GSM_SKIP_SSH_AGENT_WORKAROUND': 'true', 'DBUS_SESSION_BUS_ADDRESS': 'unix:path=/run/user/1000/bus', 'COLORTERM': 'truecolor', 'TERMINATOR_DBUS_NAME': 'net.tenshu.Terminator21a9d5db22c73a993ff0b42f64b396873', 'LIBVIRT_DEFAULT_URI': 'qemu:///system', 'GIO_LAUNCHED_DESKTOP_FILE_PID': '3796', 'NVM_DIR': '/home/meta/.nvm', 'DEBUGINFOD_URLS': 'https://debuginfod.ubuntu.com', 'IM_CONFIG_PHASE': '1', 'COLCON_PREFIX_PATH': '/home/meta/Documents/robotics_workspace_new/install', 'ROS_DISTRO': 'jazzy', 'LOGNAME': 'meta', 'JOURNAL_STREAM': '8:21875', '_': '/bin/colcon', 'ROS_VERSION': '2', 'MEMORY_PRESSURE_WATCH': '/sys/fs/cgroup/user.slice/user-1000.slice/user@1000.service/session.slice/org.gnome.Shell@x11.service/memory.pressure', 'XDG_SESSION_CLASS': 'user', 'TERM': 'xterm-256color', 'GNOME_DESKTOP_SESSION_ID': 'this-is-deprecated', 'PATH': '/opt/ros/jazzy/opt/gz_msgs_vendor/bin:/opt/ros/jazzy/opt/gz_tools_vendor/bin:/opt/ros/jazzy/opt/gz_ogre_next_vendor/bin:/opt/ros/jazzy/bin:/home/meta/.local/bin:/bin:/usr/bin:/usr/local/bin:/usr/local/texlive/2025/texmf-dist/doc/man::/snap/bin', 'SESSION_MANAGER': 'local/meta-Inspiron-3542:@/tmp/.ICE-unix/2747,unix/meta-Inspiron-3542:/tmp/.ICE-unix/2747', 'GDM_LANG': 'en_US', 'INVOCATION_ID': 'dae5a5f36e5a461caa1c3cd733ba5d67', 'XDG_SESSION_PATH': '/org/freedesktop/DisplayManager/Session0', 'XDG_MENU_PREFIX': 'gnome-', 'VREP_DIR': '/home/meta/meta/Downloads/VREP', 'XDG_RUNTIME_DIR': '/run/user/1000', 'DISPLAY': ':0', 'TERMINATOR_DBUS_PATH': '/net/tenshu/Terminator2', 'LANG': 'en_US.UTF-8', 'XDG_CURRENT_DESKTOP': 'ubuntu:GNOME', 'RMW_IMPLEMENTATION': 'rmw_cyclonedds_cpp', 'XMODIFIERS': '@im=ibus', 'XDG_SESSION_DESKTOP': 'ubuntu', 'XAUTHORITY': '/home/meta/.Xauthority', 'LS_COLORS': 'rs=0:di=01;34:ln=01;36:mh=00:pi=40;33:so=01;35:do=01;35:bd=40;33;01:cd=40;33;01:or=40;31;01:mi=00:su=37;41:sg=30;43:ca=00:tw=30;42:ow=34;42:st=37;44:ex=01;32:*.tar=01;31:*.tgz=01;31:*.arc=01;31:*.arj=01;31:*.taz=01;31:*.lha=01;31:*.lz4=01;31:*.lzh=01;31:*.lzma=01;31:*.tlz=01;31:*.txz=01;31:*.tzo=01;31:*.t7z=01;31:*.zip=01;31:*.z=01;31:*.dz=01;31:*.gz=01;31:*.lrz=01;31:*.lz=01;31:*.lzo=01;31:*.xz=01;31:*.zst=01;31:*.tzst=01;31:*.bz2=01;31:*.bz=01;31:*.tbz=01;31:*.tbz2=01;31:*.tz=01;31:*.deb=01;31:*.rpm=01;31:*.jar=01;31:*.war=01;31:*.ear=01;31:*.sar=01;31:*.rar=01;31:*.alz=01;31:*.ace=01;31:*.zoo=01;31:*.cpio=01;31:*.7z=01;31:*.rz=01;31:*.cab=01;31:*.wim=01;31:*.swm=01;31:*.dwm=01;31:*.esd=01;31:*.avif=01;35:*.jpg=01;35:*.jpeg=01;35:*.mjpg=01;35:*.mjpeg=01;35:*.gif=01;35:*.bmp=01;35:*.pbm=01;35:*.pgm=01;35:*.ppm=01;35:*.tga=01;35:*.xbm=01;35:*.xpm=01;35:*.tif=01;35:*.tiff=01;35:*.png=01;35:*.svg=01;35:*.svgz=01;35:*.mng=01;35:*.pcx=01;35:*.mov=01;35:*.mpg=01;35:*.mpeg=01;35:*.m2v=01;35:*.mkv=01;35:*.webm=01;35:*.webp=01;35:*.ogm=01;35:*.mp4=01;35:*.m4v=01;35:*.mp4v=01;35:*.vob=01;35:*.qt=01;35:*.nuv=01;35:*.wmv=01;35:*.asf=01;35:*.rm=01;35:*.rmvb=01;35:*.flc=01;35:*.avi=01;35:*.fli=01;35:*.flv=01;35:*.gl=01;35:*.dl=01;35:*.xcf=01;35:*.xwd=01;35:*.yuv=01;35:*.cgm=01;35:*.emf=01;35:*.ogv=01;35:*.ogx=01;35:*.aac=00;36:*.au=00;36:*.flac=00;36:*.m4a=00;36:*.mid=00;36:*.midi=00;36:*.mka=00;36:*.mp3=00;36:*.mpc=00;36:*.ogg=00;36:*.ra=00;36:*.wav=00;36:*.oga=00;36:*.opus=00;36:*.spx=00;36:*.xspf=00;36:*~=00;90:*#=00;90:*.bak=00;90:*.crdownload=00;90:*.dpkg-dist=00;90:*.dpkg-new=00;90:*.dpkg-old=00;90:*.dpkg-tmp=00;90:*.old=00;90:*.orig=00;90:*.part=00;90:*.rej=00;90:*.rpmnew=00;90:*.rpmorig=00;90:*.rpmsave=00;90:*.swp=00;90:*.tmp=00;90:*.ucf-dist=00;90:*.ucf-new=00;90:*.ucf-old=00;90:', 'SSH_AUTH_SOCK': '/run/user/1000/keyring/ssh', 'XDG_GREETER_DATA_DIR': '/var/lib/lightdm-data/meta', 'AMENT_PREFIX_PATH': '/home/meta/Documents/robotics_workspace_new/install/robokpy_controller:/home/meta/Documents/robotics_workspace_new/install/robokpy_interfaces:/home/meta/Documents/robotics_workspace_new/install/robokpy:/opt/ros/jazzy', 'SHELL': '/bin/bash', 'TERMINATOR_UUID': 'urn:uuid:84026139-a2bf-4c72-a3d0-8674c443507c', 'QT_ACCESSIBILITY': '1', 'GDMSESSION': 'ubuntu', 'LESSCLOSE': '/usr/bin/lesspipe %s %s', 'GPG_AGENT_INFO': '/run/user/1000/gnupg/S.gpg-agent:0:1', 'GJS_DEBUG_OUTPUT': 'stderr', 'ROS_AUTOMATIC_DISCOVERY_RANGE': 'SUBNET', 'QT_IM_MODULE': 'ibus', 'PWD': '/home/meta/Documents/robotics_workspace_new/build/robokpy_controller', 'QT_QPA_PLATFORM': 'xcb', 'LC_ALL': 'en_US.UTF-8', 'XDG_CONFIG_DIRS': '/etc/xdg/xdg-ubuntu:/etc/xdg', 'NVM_CD_FLAGS': '', 'XDG_DATA_DIRS': '/usr/share/ubuntu:/usr/share/gnome:/usr/local/share:/usr/share:/var/lib/snapd/desktop', 'QTWEBENGINE_DICTIONARIES_PATH': '/usr/share/hunspell-bdic/', 'PYTHONPATH': '/home/meta/Documents/robotics_workspace_new/build/robokpy_controller/prefix_override:/usr/lib/python3/dist-packages/colcon_core/task/python/colcon_distutils_commands:/home/meta/Documents/robotics_workspace_new/install/robokpy_controller/lib/python3.12/site-packages:/home/meta/Documents/robotics_workspace_new/install/robokpy_interfaces/lib/python3.12/site-packages:/home/meta/Documents/robotics_workspace_new/install/robokpy_controller/lib/python3.12/site-packages:/home/meta/Documents/robotics_workspace_new/install/robokpy/lib/python3.12/site-packages:/opt/ros/jazzy/lib/python3.12/site-packages', 'COLCON': '1', 'MEMORY_PRESSURE_WRITE': 'c29tZSAyMDAwMDAgMjAwMDAwMAA=', 'VTE_VERSION': '7600', 'CMAKE_PREFIX_PATH': '/home/meta/Documents/robotics_workspace_new/install/robokpy_interfaces:/opt/ros/jazzy/opt/gz_sim_vendor:/opt/ros/jazzy/opt/gz_sensors_vendor:/opt/ros/jazzy/opt/gz_physics_vendor:/opt/ros/jazzy/opt/sdformat_vendor:/opt/ros/jazzy/opt/gz_gui_vendor:/opt/ros/jazzy/opt/gz_transport_vendor:/opt/ros/jazzy/opt/gz_rendering_vendor:/opt/ros/jazzy/opt/gz_plugin_vendor:/opt/ros/jazzy/opt/gz_fuel_tools_vendor:/opt/ros/jazzy/opt/gz_msgs_vendor:/opt/ros/jazzy/opt/gz_common_vendor:/opt/ros/jazzy/opt/gz_math_vendor:/opt/ros/jazzy/opt/gz_utils_vendor:/opt/ros/jazzy/opt/gz_tools_vendor:/opt/ros/jazzy/opt/gz_ogre_next_vendor:/opt/ros/jazzy/opt/gz_dartsim_vendor:/opt/ros/jazzy/opt/gz_cmake_vendor'}, 'shell': False}
[11.877187] (-) TimerEvent: {}
[11.977474] (-) TimerEvent: {}
[12.077818] (-) TimerEvent: {}
[12.178163] (-) TimerEvent: {}
[12.278491] (-) TimerEvent: {}
[12.378832] (-) TimerEvent: {}
[12.479167] (-) TimerEvent: {}
[12.579509] (-) TimerEvent: {}
[12.679850] (-) TimerEvent: {}
[12.739022] (robokpy_controller) StdoutLine: {'line': b'running egg_info\n'}
[12.779971] (-) TimerEvent: {}
[12.818627] (robokpy_controller) StdoutLine: {'line': b'writing ../../build/robokpy_controller/robokpy_controller.egg-info/PKG-INFO\n'}
[12.819150] (robokpy_controller) StdoutLine: {'line': b'writing dependency_links to ../../build/robokpy_controller/robokpy_controller.egg-info/dependency_links.txt\n'}
[12.819783] (robokpy_controller) StdoutLine: {'line': b'writing entry points to ../../build/robokpy_controller/robokpy_controller.egg-info/entry_points.txt\n'}
[12.820234] (robokpy_controller) StdoutLine: {'line': b'writing requirements to ../../build/robokpy_controller/robokpy_controller.egg-info/requires.txt\n'}
[12.820656] (robokpy_controller) StdoutLine: {'line': b'writing top-level names to ../../build/robokpy_controller/robokpy_controller.egg-info/top_level.txt\n'}
[12.880110] (-) TimerEvent: {}
[12.980510] (-) TimerEvent: {}
[12.984956] (robokpy_controller) StdoutLine: {'line': b"reading manifest file '../../build/robokpy_controller/robokpy_controller.egg-info/SOURCES.txt'\n"}
[13.008188] (robokpy_controller) StdoutLine: {'line': b"writing manifest file '../../build/robokpy_controller/robokpy_controller.egg-info/SOURCES.txt'\n"}
[13.008680] (robokpy_controller) StdoutLine: {'line': b'running build\n'}
[13.008959] (robokpy_controller) StdoutLine: {'line': b'running build_py\n'}
[13.011893] (robokpy_controller) StdoutLine: {'line': b'running install\n'}
[13.024469] (robokpy_controller) StdoutLine: {'line': b'running install_lib\n'}
[13.080633] (-) TimerEvent: {}
[13.105596] (robokpy_controller) StdoutLine: {'line': b'running install_data\n'}
[13.106280] (robokpy_controller) StdoutLine: {'line': b'copying launch/motus.launch.py -> /home/meta/Documents/robotics_workspace_new/install/robokpy_controller/share/robokpy_controller/launch\n'}
[13.130536] (robokpy_controller) StdoutLine: {'line': b'running install_egg_info\n'}
[13.180758] (-) TimerEvent: {}
[13.211717] (robokpy_controller) StdoutLine: {'line': b"removing '/home/meta/Documents/robotics_workspace_new/install/robokpy_controller/lib/python3.12/site-packages/robokpy_controller-0.0.0-py3.12.egg-info' (and everything under it)\n"}
[13.212462] (robokpy_controller) StdoutLine: {'line': b'Copying ../../build/robokpy_controller/robokpy_controller.egg-info to /home/meta/Documents/robotics_workspace_new/install/robokpy_controller/lib/python3.12/site-packages/robokpy_controller-0.0.0-py3.12.egg-info\n'}
[13.234221] (robokpy_controller) StdoutLine: {'line': b'running install_scripts\n'}
[13.280884] (-) TimerEvent: {}
[13.381257] (-) TimerEvent: {}
[13.481662] (-) TimerEvent: {}
[13.582111] (-) TimerEvent: {}
[13.682540] (-) TimerEvent: {}
[13.782187] (robokpy_controller) StdoutLine: {'line': b'Installing grasp_attach_bridge script to /home/meta/Documents/robotics_workspace_new/install/robokpy_controller/lib/robokpy_controller\n'}
[13.782649] (-) TimerEvent: {}
[13.785579] (robokpy_controller) StdoutLine: {'line': b'Installing joint_jog_server script to /home/meta/Documents/robotics_workspace_new/install/robokpy_controller/lib/robokpy_controller\n'}
[13.786036] (robokpy_controller) StdoutLine: {'line': b'Installing kinematic_solver script to /home/meta/Documents/robotics_workspace_new/install/robokpy_controller/lib/robokpy_controller\n'}
[13.786488] (robokpy_controller) StdoutLine: {'line': b'Installing kinematics_server script to /home/meta/Documents/robotics_workspace_new/install/robokpy_controller/lib/robokpy_controller\n'}
[13.786800] (robokpy_controller) StdoutLine: {'line': b'Installing motion_planner script to /home/meta/Documents/robotics_workspace_new/install/robokpy_controller/lib/robokpy_controller\n'}
[13.787749] (robokpy_controller) StdoutLine: {'line': b'Installing object_pose_resolver script to /home/meta/Documents/robotics_workspace_new/install/robokpy_controller/lib/robokpy_controller\n'}
[13.790106] (robokpy_controller) StdoutLine: {'line': b'Installing object_spawner script to /home/meta/Documents/robotics_workspace_new/install/robokpy_controller/lib/robokpy_controller\n'}
[13.790478] (robokpy_controller) StdoutLine: {'line': b'Installing orchestrator script to /home/meta/Documents/robotics_workspace_new/install/robokpy_controller/lib/robokpy_controller\n'}
[13.790783] (robokpy_controller) StdoutLine: {'line': b'Installing pose_target_interface script to /home/meta/Documents/robotics_workspace_new/install/robokpy_controller/lib/robokpy_controller\n'}
[13.791082] (robokpy_controller) StdoutLine: {'line': b'Installing robot_command_server script to /home/meta/Documents/robotics_workspace_new/install/robokpy_controller/lib/robokpy_controller\n'}
[13.791393] (robokpy_controller) StdoutLine: {'line': b'Installing robot_description_viewer script to /home/meta/Documents/robotics_workspace_new/install/robokpy_controller/lib/robokpy_controller\n'}
[13.791693] (robokpy_controller) StdoutLine: {'line': b'Installing robot_state_interface_virtual script to /home/meta/Documents/robotics_workspace_new/install/robokpy_controller/lib/robokpy_controller\n'}
[13.791977] (robokpy_controller) StdoutLine: {'line': b'Installing robot_state_manager script to /home/meta/Documents/robotics_workspace_new/install/robokpy_controller/lib/robokpy_controller\n'}
[13.792294] (robokpy_controller) StdoutLine: {'line': b'Installing safety_bridge script to /home/meta/Documents/robotics_workspace_new/install/robokpy_controller/lib/robokpy_controller\n'}
[13.792696] (robokpy_controller) StdoutLine: {'line': b'Installing tool_action_server script to /home/meta/Documents/robotics_workspace_new/install/robokpy_controller/lib/robokpy_controller\n'}
[13.792977] (robokpy_controller) StdoutLine: {'line': b'Installing trajectory_plotter script to /home/meta/Documents/robotics_workspace_new/install/robokpy_controller/lib/robokpy_controller\n'}
[13.793300] (robokpy_controller) StdoutLine: {'line': b'Installing virtual_jog_relay script to /home/meta/Documents/robotics_workspace_new/install/robokpy_controller/lib/robokpy_controller\n'}
[13.793589] (robokpy_controller) StdoutLine: {'line': b"writing list of installed files to '/home/meta/Documents/robotics_workspace_new/build/robokpy_controller/install.log'\n"}
[13.870200] (robokpy_controller) CommandEnded: {'returncode': 0}
[13.882762] (-) TimerEvent: {}
[13.888135] (robokpy_controller) JobEnded: {'identifier': 'robokpy_controller', 'rc': 0}
[13.889180] (-) EventReactorShutdown: {}
