[0.000000] (-) TimerEvent: {}
[0.000581] (robokpy) JobQueued: {'identifier': 'robokpy', 'dependencies': OrderedDict()}
[0.001132] (robokpy_interfaces) JobQueued: {'identifier': 'robokpy_interfaces', 'dependencies': OrderedDict()}
[0.001228] (robokpy_controller) JobQueued: {'identifier': 'robokpy_controller', 'dependencies': OrderedDict({'robokpy_interfaces': '/home/meta/Documents/robotics_workspace_new/install/robokpy_interfaces'})}
[0.001691] (robokpy_interfaces) JobStarted: {'identifier': 'robokpy_interfaces'}
[0.076333] (robokpy) JobStarted: {'identifier': 'robokpy'}
[0.099621] (-) TimerEvent: {}
[0.136773] (robokpy_interfaces) JobProgress: {'identifier': 'robokpy_interfaces', 'progress': 'cmake'}
[0.170555] (robokpy_interfaces) JobProgress: {'identifier': 'robokpy_interfaces', 'progress': 'build'}
[0.171998] (robokpy_interfaces) Command: {'cmd': ['/bin/cmake', '--build', '/home/meta/Documents/robotics_workspace_new/build/robokpy_interfaces', '--', '-j4', '-l4'], 'cwd': '/home/meta/Documents/robotics_workspace_new/build/robokpy_interfaces', 'env': OrderedDict({'GJS_DEBUG_TOPICS': 'JS ERROR;JS LOG', 'XDG_ACTIVATION_TOKEN': 'gnome-shell/Terminator/2786-1-meta-Inspiron-3542_TIME802900', 'LESSOPEN': '| /usr/bin/lesspipe %s', 'LANGUAGE': 'en_US', 'USER': 'meta', 'GZ_CONFIG_PATH': '/opt/ros/jazzy/opt/gz_sim_vendor/share/gz:/opt/ros/jazzy/opt/sdformat_vendor/share/gz:/opt/ros/jazzy/opt/gz_gui_vendor/share/gz:/opt/ros/jazzy/opt/gz_transport_vendor/share/gz:/opt/ros/jazzy/opt/gz_rendering_vendor/share/gz:/opt/ros/jazzy/opt/gz_plugin_vendor/share/gz:/opt/ros/jazzy/opt/gz_fuel_tools_vendor/share/gz:/opt/ros/jazzy/opt/gz_msgs_vendor/share/gz:/opt/ros/jazzy/opt/gz_common_vendor/share/gz', 'XDG_SESSION_TYPE': 'x11', 'STM32CubeMX_PATH': '/home/meta/STM32CubeMX', 'SHLVL': '1', 'LD_LIBRARY_PATH': '/home/meta/Documents/robotics_workspace_new/install/robokpy_interfaces/lib:/opt/ros/jazzy/opt/gz_sim_vendor/lib:/opt/ros/jazzy/opt/gz_sensors_vendor/lib:/opt/ros/jazzy/opt/gz_physics_vendor/lib:/opt/ros/jazzy/opt/sdformat_vendor/lib:/opt/ros/jazzy/opt/rviz_ogre_vendor/lib:/opt/ros/jazzy/lib/x86_64-linux-gnu:/opt/ros/jazzy/opt/gz_gui_vendor/lib:/opt/ros/jazzy/opt/gz_transport_vendor/lib:/opt/ros/jazzy/opt/gz_rendering_vendor/lib:/opt/ros/jazzy/opt/gz_plugin_vendor/lib:/opt/ros/jazzy/opt/gz_fuel_tools_vendor/lib:/opt/ros/jazzy/opt/gz_msgs_vendor/lib:/opt/ros/jazzy/opt/gz_common_vendor/lib:/opt/ros/jazzy/opt/gz_math_vendor/lib:/opt/ros/jazzy/opt/gz_utils_vendor/lib:/opt/ros/jazzy/opt/gz_tools_vendor/lib:/opt/ros/jazzy/opt/gz_ogre_next_vendor/lib:/opt/ros/jazzy/opt/gz_dartsim_vendor/lib:/opt/ros/jazzy/opt/gz_cmake_vendor/lib:/opt/ros/jazzy/lib', 'HOME': '/home/meta', 'OLDPWD': '/home/meta/Documents', 'DESKTOP_SESSION': 'ubuntu', 'NVM_BIN': '/home/meta/.nvm/versions/node/v25.2.1/bin', 'NVM_INC': '/home/meta/.nvm/versions/node/v25.2.1/include/node', 'GIO_LAUNCHED_DESKTOP_FILE': '/usr/share/applications/terminator.desktop', 'ROS_PYTHON_VERSION': '3', 'GNOME_SHELL_SESSION_MODE': 'ubuntu', 'GTK_MODULES': 'gail:atk-bridge', 'XDG_SEAT_PATH': '/org/freedesktop/DisplayManager/Seat0', 'MANAGERPID': '2453', 'SYSTEMD_EXEC_PID': '2786', 'GSM_SKIP_SSH_AGENT_WORKAROUND': 'true', 'DBUS_SESSION_BUS_ADDRESS': 'unix:path=/run/user/1000/bus', 'COLORTERM': 'truecolor', 'TERMINATOR_DBUS_NAME': 'net.tenshu.Terminator21a9d5db22c73a993ff0b42f64b396873', 'LIBVIRT_DEFAULT_URI': 'qemu:///system', 'GIO_LAUNCHED_DESKTOP_FILE_PID': '6037', 'NVM_DIR': '/home/meta/.nvm', 'DEBUGINFOD_URLS': 'https://debuginfod.ubuntu.com', 'IM_CONFIG_PHASE': '1', 'COLCON_PREFIX_PATH': '/home/meta/Documents/robotics_workspace_new/install', 'ROS_DISTRO': 'jazzy', 'LOGNAME': 'meta', 'JOURNAL_STREAM': '8:22659', '_': '/bin/colcon', 'ROS_VERSION': '2', 'MEMORY_PRESSURE_WATCH': '/sys/fs/cgroup/user.slice/user-1000.slice/user@1000.service/session.slice/org.gnome.Shell@x11.service/memory.pressure', 'XDG_SESSION_CLASS': 'user', 'TERM': 'xterm-256color', 'GNOME_DESKTOP_SESSION_ID': 'this-is-deprecated', 'PATH': '/opt/ros/jazzy/opt/gz_msgs_vendor/bin:/opt/ros/jazzy/opt/gz_tools_vendor/bin:/opt/ros/jazzy/opt/gz_ogre_next_vendor/bin:/opt/ros/jazzy/bin:/home/meta/.local/bin:/bin:/usr/bin:/usr/local/bin:/usr/local/texlive/2025/texmf-dist/doc/man::/snap/bin', 'SESSION_MANAGER': 'local/meta-Inspiron-3542:@/tmp/.ICE-unix/2745,unix/meta-Inspiron-3542:/tmp/.ICE-unix/2745', 'GDM_LANG': 'en_US', 'INVOCATION_ID': '7c4661202ef04d6c9035b93d8241b885', 'XDG_SESSION_PATH': '/org/freedesktop/DisplayManager/Session0', 'XDG_MENU_PREFIX': 'gnome-', 'VREP_DIR': '/home/meta/meta/Downloads/VREP', 'XDG_RUNTIME_DIR': '/run/user/1000', 'DISPLAY': ':0', 'TERMINATOR_DBUS_PATH': '/net/tenshu/Terminator2', 'LANG': 'en_US.UTF-8', 'XDG_CURRENT_DESKTOP': 'ubuntu:GNOME', 'RMW_IMPLEMENTATION': 'rmw_cyclonedds_cpp', 'XMODIFIERS': '@im=ibus', 'XDG_SESSION_DESKTOP': 'ubuntu', 'XAUTHORITY': '/home/meta/.Xauthority', 'LS_COLORS': 'rs=0:di=01;34:ln=01;36:mh=00:pi=40;33:so=01;35:do=01;35:bd=40;33;01:cd=40;33;01:or=40;31;01:mi=00:su=37;41:sg=30;43:ca=00:tw=30;42:ow=34;42:st=37;44:ex=01;32:*.tar=01;31:*.tgz=01;31:*.arc=01;31:*.arj=01;31:*.taz=01;31:*.lha=01;31:*.lz4=01;31:*.lzh=01;31:*.lzma=01;31:*.tlz=01;31:*.txz=01;31:*.tzo=01;31:*.t7z=01;31:*.zip=01;31:*.z=01;31:*.dz=01;31:*.gz=01;31:*.lrz=01;31:*.lz=01;31:*.lzo=01;31:*.xz=01;31:*.zst=01;31:*.tzst=01;31:*.bz2=01;31:*.bz=01;31:*.tbz=01;31:*.tbz2=01;31:*.tz=01;31:*.deb=01;31:*.rpm=01;31:*.jar=01;31:*.war=01;31:*.ear=01;31:*.sar=01;31:*.rar=01;31:*.alz=01;31:*.ace=01;31:*.zoo=01;31:*.cpio=01;31:*.7z=01;31:*.rz=01;31:*.cab=01;31:*.wim=01;31:*.swm=01;31:*.dwm=01;31:*.esd=01;31:*.avif=01;35:*.jpg=01;35:*.jpeg=01;35:*.mjpg=01;35:*.mjpeg=01;35:*.gif=01;35:*.bmp=01;35:*.pbm=01;35:*.pgm=01;35:*.ppm=01;35:*.tga=01;35:*.xbm=01;35:*.xpm=01;35:*.tif=01;35:*.tiff=01;35:*.png=01;35:*.svg=01;35:*.svgz=01;35:*.mng=01;35:*.pcx=01;35:*.mov=01;35:*.mpg=01;35:*.mpeg=01;35:*.m2v=01;35:*.mkv=01;35:*.webm=01;35:*.webp=01;35:*.ogm=01;35:*.mp4=01;35:*.m4v=01;35:*.mp4v=01;35:*.vob=01;35:*.qt=01;35:*.nuv=01;35:*.wmv=01;35:*.asf=01;35:*.rm=01;35:*.rmvb=01;35:*.flc=01;35:*.avi=01;35:*.fli=01;35:*.flv=01;35:*.gl=01;35:*.dl=01;35:*.xcf=01;35:*.xwd=01;35:*.yuv=01;35:*.cgm=01;35:*.emf=01;35:*.ogv=01;35:*.ogx=01;35:*.aac=00;36:*.au=00;36:*.flac=00;36:*.m4a=00;36:*.mid=00;36:*.midi=00;36:*.mka=00;36:*.mp3=00;36:*.mpc=00;36:*.ogg=00;36:*.ra=00;36:*.wav=00;36:*.oga=00;36:*.opus=00;36:*.spx=00;36:*.xspf=00;36:*~=00;90:*#=00;90:*.bak=00;90:*.crdownload=00;90:*.dpkg-dist=00;90:*.dpkg-new=00;90:*.dpkg-old=00;90:*.dpkg-tmp=00;90:*.old=00;90:*.orig=00;90:*.part=00;90:*.rej=00;90:*.rpmnew=00;90:*.rpmorig=00;90:*.rpmsave=00;90:*.swp=00;90:*.tmp=00;90:*.ucf-dist=00;90:*.ucf-new=00;90:*.ucf-old=00;90:', 'SSH_AUTH_SOCK': '/run/user/1000/keyring/ssh', 'XDG_GREETER_DATA_DIR': '/var/lib/lightdm-data/meta', 'AMENT_PREFIX_PATH': '/home/meta/Documents/robotics_workspace_new/install/robokpy_controller:/home/meta/Documents/robotics_workspace_new/install/robokpy_interfaces:/home/meta/Documents/robotics_workspace_new/install/robokpy:/opt/ros/jazzy', 'SHELL': '/bin/bash', 'TERMINATOR_UUID': 'urn:uuid:3c8b40c9-d061-4441-a48a-024c0f94809e', 'QT_ACCESSIBILITY': '1', 'GDMSESSION': 'ubuntu', 'LESSCLOSE': '/usr/bin/lesspipe %s %s', 'GPG_AGENT_INFO': '/run/user/1000/gnupg/S.gpg-agent:0:1', 'GJS_DEBUG_OUTPUT': 'stderr', 'ROS_AUTOMATIC_DISCOVERY_RANGE': 'SUBNET', 'QT_IM_MODULE': 'ibus', 'PWD': '/home/meta/Documents/robotics_workspace_new/build/robokpy_interfaces', 'QT_QPA_PLATFORM': 'xcb', 'LC_ALL': 'en_US.UTF-8', 'XDG_CONFIG_DIRS': '/etc/xdg/xdg-ubuntu:/etc/xdg', 'NVM_CD_FLAGS': '', 'XDG_DATA_DIRS': '/usr/share/ubuntu:/usr/share/gnome:/usr/local/share:/usr/share:/var/lib/snapd/desktop', 'QTWEBENGINE_DICTIONARIES_PATH': '/usr/share/hunspell-bdic/', 'PYTHONPATH': '/home/meta/Documents/robotics_workspace_new/install/robokpy_controller/lib/python3.12/site-packages:/home/meta/Documents/robotics_workspace_new/install/robokpy_interfaces/lib/python3.12/site-packages:/home/meta/Documents/robotics_workspace_new/install/robokpy/lib/python3.12/site-packages:/opt/ros/jazzy/lib/python3.12/site-packages', 'COLCON': '1', 'MEMORY_PRESSURE_WRITE': 'c29tZSAyMDAwMDAgMjAwMDAwMAA=', 'VTE_VERSION': '7600', 'CMAKE_PREFIX_PATH': '/home/meta/Documents/robotics_workspace_new/install/robokpy_interfaces:/opt/ros/jazzy/opt/gz_sim_vendor:/opt/ros/jazzy/opt/gz_sensors_vendor:/opt/ros/jazzy/opt/gz_physics_vendor:/opt/ros/jazzy/opt/sdformat_vendor:/opt/ros/jazzy/opt/gz_gui_vendor:/opt/ros/jazzy/opt/gz_transport_vendor:/opt/ros/jazzy/opt/gz_rendering_vendor:/opt/ros/jazzy/opt/gz_plugin_vendor:/opt/ros/jazzy/opt/gz_fuel_tools_vendor:/opt/ros/jazzy/opt/gz_msgs_vendor:/opt/ros/jazzy/opt/gz_common_vendor:/opt/ros/jazzy/opt/gz_math_vendor:/opt/ros/jazzy/opt/gz_utils_vendor:/opt/ros/jazzy/opt/gz_tools_vendor:/opt/ros/jazzy/opt/gz_ogre_next_vendor:/opt/ros/jazzy/opt/gz_dartsim_vendor:/opt/ros/jazzy/opt/gz_cmake_vendor:/home/meta/Documents/robotics_workspace_new/install/robokpy_controller:/home/meta/Documents/robotics_workspace_new/install/robokpy:/opt/ros/jazzy'}), 'shell': False}
[0.199956] (-) TimerEvent: {}
[0.301038] (-) TimerEvent: {}
[0.401391] (-) TimerEvent: {}
[0.501812] (-) TimerEvent: {}
[0.602228] (-) TimerEvent: {}
[0.702988] (-) TimerEvent: {}
[0.803386] (-) TimerEvent: {}
[0.824470] (robokpy_interfaces) StdoutLine: {'line': b'[  1%] Built target robokpy_interfaces__rosidl_generator_type_description\n'}
[0.903487] (-) TimerEvent: {}
[1.003829] (-) TimerEvent: {}
[1.104308] (-) TimerEvent: {}
[1.204765] (-) TimerEvent: {}
[1.305754] (-) TimerEvent: {}
[1.406266] (-) TimerEvent: {}
[1.419046] (robokpy_interfaces) StdoutLine: {'line': b'[  1%] Built target ament_cmake_python_copy_robokpy_interfaces\n'}
[1.506386] (-) TimerEvent: {}
[1.577368] (robokpy_interfaces) StdoutLine: {'line': b'[ 29%] Built target robokpy_interfaces__rosidl_generator_c\n'}
[1.606490] (-) TimerEvent: {}
[1.706880] (-) TimerEvent: {}
[1.807321] (-) TimerEvent: {}
[1.907757] (-) TimerEvent: {}
[2.008205] (-) TimerEvent: {}
[2.108581] (-) TimerEvent: {}
[2.208971] (-) TimerEvent: {}
[2.309357] (-) TimerEvent: {}
[2.409777] (-) TimerEvent: {}
[2.460801] (robokpy_interfaces) StdoutLine: {'line': b'running egg_info\n'}
[2.509896] (-) TimerEvent: {}
[2.551754] (robokpy_interfaces) StdoutLine: {'line': b'writing robokpy_interfaces.egg-info/PKG-INFO\n'}
[2.552265] (robokpy_interfaces) StdoutLine: {'line': b'writing dependency_links to robokpy_interfaces.egg-info/dependency_links.txt\n'}
[2.552649] (robokpy_interfaces) StdoutLine: {'line': b'writing top-level names to robokpy_interfaces.egg-info/top_level.txt\n'}
[2.609995] (-) TimerEvent: {}
[2.710401] (-) TimerEvent: {}
[2.804930] (robokpy_interfaces) StdoutLine: {'line': b"reading manifest file 'robokpy_interfaces.egg-info/SOURCES.txt'\n"}
[2.807884] (robokpy_interfaces) StdoutLine: {'line': b"writing manifest file 'robokpy_interfaces.egg-info/SOURCES.txt'\n"}
[2.810665] (-) TimerEvent: {}
[2.880407] (robokpy_interfaces) StdoutLine: {'line': b'[ 29%] Built target ament_cmake_python_build_robokpy_interfaces_egg\n'}
[2.910727] (-) TimerEvent: {}
[3.011117] (-) TimerEvent: {}
[3.111534] (-) TimerEvent: {}
[3.211898] (-) TimerEvent: {}
[3.312282] (-) TimerEvent: {}
[3.412654] (-) TimerEvent: {}
[3.435431] (robokpy_interfaces) StdoutLine: {'line': b'[ 39%] Built target robokpy_interfaces__rosidl_typesupport_introspection_c\n'}
[3.512761] (-) TimerEvent: {}
[3.613149] (-) TimerEvent: {}
[3.713564] (-) TimerEvent: {}
[3.813966] (-) TimerEvent: {}
[3.843410] (robokpy_interfaces) StdoutLine: {'line': b'[ 49%] Built target robokpy_interfaces__rosidl_typesupport_c\n'}
[3.914100] (-) TimerEvent: {}
[4.014497] (-) TimerEvent: {}
[4.114832] (-) TimerEvent: {}
[4.193665] (robokpy_interfaces) StdoutLine: {'line': b'[ 58%] Built target robokpy_interfaces__rosidl_typesupport_fastrtps_c\n'}
[4.214964] (-) TimerEvent: {}
[4.315330] (-) TimerEvent: {}
[4.357150] (robokpy_interfaces) StdoutLine: {'line': b'[ 58%] Built target robokpy_interfaces__cpp\n'}
[4.415449] (-) TimerEvent: {}
[4.515775] (-) TimerEvent: {}
[4.616104] (-) TimerEvent: {}
[4.716461] (-) TimerEvent: {}
[4.772212] (robokpy_interfaces) StdoutLine: {'line': b'[ 68%] Built target robokpy_interfaces__rosidl_typesupport_cpp\n'}
[4.816618] (-) TimerEvent: {}
[4.917101] (-) TimerEvent: {}
[5.017524] (-) TimerEvent: {}
[5.117937] (-) TimerEvent: {}
[5.134253] (robokpy_interfaces) StdoutLine: {'line': b'[ 78%] Built target robokpy_interfaces__rosidl_typesupport_introspection_cpp\n'}
[5.218058] (-) TimerEvent: {}
[5.318468] (-) TimerEvent: {}
[5.418891] (-) TimerEvent: {}
[5.519295] (-) TimerEvent: {}
[5.576123] (robokpy_interfaces) StdoutLine: {'line': b'[ 88%] Built target robokpy_interfaces__rosidl_typesupport_fastrtps_cpp\n'}
[5.619449] (-) TimerEvent: {}
[5.667675] (robokpy_interfaces) StdoutLine: {'line': b'[ 88%] Built target robokpy_interfaces\n'}
[5.719573] (-) TimerEvent: {}
[5.768033] (robokpy_interfaces) StdoutLine: {'line': b'[ 88%] Built target robokpy_interfaces__py\n'}
[5.819692] (-) TimerEvent: {}
[5.920045] (-) TimerEvent: {}
[6.020452] (-) TimerEvent: {}
[6.120821] (-) TimerEvent: {}
[6.216499] (robokpy_interfaces) StdoutLine: {'line': b'[ 97%] Built target robokpy_interfaces__rosidl_generator_py\n'}
[6.220945] (-) TimerEvent: {}
[6.321679] (-) TimerEvent: {}
[6.422267] (-) TimerEvent: {}
[6.447614] (robokpy_interfaces) StdoutLine: {'line': b'[ 98%] Built target robokpy_interfaces_s__rosidl_typesupport_fastrtps_c\n'}
[6.522399] (-) TimerEvent: {}
[6.622837] (-) TimerEvent: {}
[6.638971] (robokpy_interfaces) StdoutLine: {'line': b'[ 99%] Built target robokpy_interfaces_s__rosidl_typesupport_c\n'}
[6.722979] (-) TimerEvent: {}
[6.795315] (robokpy_interfaces) StdoutLine: {'line': b'[100%] Built target robokpy_interfaces_s__rosidl_typesupport_introspection_c\n'}
[6.823111] (-) TimerEvent: {}
[6.825498] (robokpy_interfaces) CommandEnded: {'returncode': 0}
[6.923263] (-) TimerEvent: {}
[7.023747] (-) TimerEvent: {}
[7.124772] (-) TimerEvent: {}
[7.225273] (-) TimerEvent: {}
[7.325665] (-) TimerEvent: {}
[7.426299] (-) TimerEvent: {}
[7.526638] (-) TimerEvent: {}
[7.627064] (-) TimerEvent: {}
[7.727520] (-) TimerEvent: {}
[7.827971] (-) TimerEvent: {}
[7.870585] (robokpy_interfaces) JobProgress: {'identifier': 'robokpy_interfaces', 'progress': 'install'}
[7.896776] (robokpy_interfaces) Command: {'cmd': ['/bin/cmake', '--install', '/home/meta/Documents/robotics_workspace_new/build/robokpy_interfaces'], 'cwd': '/home/meta/Documents/robotics_workspace_new/build/robokpy_interfaces', 'env': OrderedDict({'GJS_DEBUG_TOPICS': 'JS ERROR;JS LOG', 'XDG_ACTIVATION_TOKEN': 'gnome-shell/Terminator/2786-1-meta-Inspiron-3542_TIME802900', 'LESSOPEN': '| /usr/bin/lesspipe %s', 'LANGUAGE': 'en_US', 'USER': 'meta', 'GZ_CONFIG_PATH': '/opt/ros/jazzy/opt/gz_sim_vendor/share/gz:/opt/ros/jazzy/opt/sdformat_vendor/share/gz:/opt/ros/jazzy/opt/gz_gui_vendor/share/gz:/opt/ros/jazzy/opt/gz_transport_vendor/share/gz:/opt/ros/jazzy/opt/gz_rendering_vendor/share/gz:/opt/ros/jazzy/opt/gz_plugin_vendor/share/gz:/opt/ros/jazzy/opt/gz_fuel_tools_vendor/share/gz:/opt/ros/jazzy/opt/gz_msgs_vendor/share/gz:/opt/ros/jazzy/opt/gz_common_vendor/share/gz', 'XDG_SESSION_TYPE': 'x11', 'STM32CubeMX_PATH': '/home/meta/STM32CubeMX', 'SHLVL': '1', 'LD_LIBRARY_PATH': '/home/meta/Documents/robotics_workspace_new/install/robokpy_interfaces/lib:/opt/ros/jazzy/opt/gz_sim_vendor/lib:/opt/ros/jazzy/opt/gz_sensors_vendor/lib:/opt/ros/jazzy/opt/gz_physics_vendor/lib:/opt/ros/jazzy/opt/sdformat_vendor/lib:/opt/ros/jazzy/opt/rviz_ogre_vendor/lib:/opt/ros/jazzy/lib/x86_64-linux-gnu:/opt/ros/jazzy/opt/gz_gui_vendor/lib:/opt/ros/jazzy/opt/gz_transport_vendor/lib:/opt/ros/jazzy/opt/gz_rendering_vendor/lib:/opt/ros/jazzy/opt/gz_plugin_vendor/lib:/opt/ros/jazzy/opt/gz_fuel_tools_vendor/lib:/opt/ros/jazzy/opt/gz_msgs_vendor/lib:/opt/ros/jazzy/opt/gz_common_vendor/lib:/opt/ros/jazzy/opt/gz_math_vendor/lib:/opt/ros/jazzy/opt/gz_utils_vendor/lib:/opt/ros/jazzy/opt/gz_tools_vendor/lib:/opt/ros/jazzy/opt/gz_ogre_next_vendor/lib:/opt/ros/jazzy/opt/gz_dartsim_vendor/lib:/opt/ros/jazzy/opt/gz_cmake_vendor/lib:/opt/ros/jazzy/lib', 'HOME': '/home/meta', 'OLDPWD': '/home/meta/Documents', 'DESKTOP_SESSION': 'ubuntu', 'NVM_BIN': '/home/meta/.nvm/versions/node/v25.2.1/bin', 'NVM_INC': '/home/meta/.nvm/versions/node/v25.2.1/include/node', 'GIO_LAUNCHED_DESKTOP_FILE': '/usr/share/applications/terminator.desktop', 'ROS_PYTHON_VERSION': '3', 'GNOME_SHELL_SESSION_MODE': 'ubuntu', 'GTK_MODULES': 'gail:atk-bridge', 'XDG_SEAT_PATH': '/org/freedesktop/DisplayManager/Seat0', 'MANAGERPID': '2453', 'SYSTEMD_EXEC_PID': '2786', 'GSM_SKIP_SSH_AGENT_WORKAROUND': 'true', 'DBUS_SESSION_BUS_ADDRESS': 'unix:path=/run/user/1000/bus', 'COLORTERM': 'truecolor', 'TERMINATOR_DBUS_NAME': 'net.tenshu.Terminator21a9d5db22c73a993ff0b42f64b396873', 'LIBVIRT_DEFAULT_URI': 'qemu:///system', 'GIO_LAUNCHED_DESKTOP_FILE_PID': '6037', 'NVM_DIR': '/home/meta/.nvm', 'DEBUGINFOD_URLS': 'https://debuginfod.ubuntu.com', 'IM_CONFIG_PHASE': '1', 'COLCON_PREFIX_PATH': '/home/meta/Documents/robotics_workspace_new/install', 'ROS_DISTRO': 'jazzy', 'LOGNAME': 'meta', 'JOURNAL_STREAM': '8:22659', '_': '/bin/colcon', 'ROS_VERSION': '2', 'MEMORY_PRESSURE_WATCH': '/sys/fs/cgroup/user.slice/user-1000.slice/user@1000.service/session.slice/org.gnome.Shell@x11.service/memory.pressure', 'XDG_SESSION_CLASS': 'user', 'TERM': 'xterm-256color', 'GNOME_DESKTOP_SESSION_ID': 'this-is-deprecated', 'PATH': '/opt/ros/jazzy/opt/gz_msgs_vendor/bin:/opt/ros/jazzy/opt/gz_tools_vendor/bin:/opt/ros/jazzy/opt/gz_ogre_next_vendor/bin:/opt/ros/jazzy/bin:/home/meta/.local/bin:/bin:/usr/bin:/usr/local/bin:/usr/local/texlive/2025/texmf-dist/doc/man::/snap/bin', 'SESSION_MANAGER': 'local/meta-Inspiron-3542:@/tmp/.ICE-unix/2745,unix/meta-Inspiron-3542:/tmp/.ICE-unix/2745', 'GDM_LANG': 'en_US', 'INVOCATION_ID': '7c4661202ef04d6c9035b93d8241b885', 'XDG_SESSION_PATH': '/org/freedesktop/DisplayManager/Session0', 'XDG_MENU_PREFIX': 'gnome-', 'VREP_DIR': '/home/meta/meta/Downloads/VREP', 'XDG_RUNTIME_DIR': '/run/user/1000', 'DISPLAY': ':0', 'TERMINATOR_DBUS_PATH': '/net/tenshu/Terminator2', 'LANG': 'en_US.UTF-8', 'XDG_CURRENT_DESKTOP': 'ubuntu:GNOME', 'RMW_IMPLEMENTATION': 'rmw_cyclonedds_cpp', 'XMODIFIERS': '@im=ibus', 'XDG_SESSION_DESKTOP': 'ubuntu', 'XAUTHORITY': '/home/meta/.Xauthority', 'LS_COLORS': 'rs=0:di=01;34:ln=01;36:mh=00:pi=40;33:so=01;35:do=01;35:bd=40;33;01:cd=40;33;01:or=40;31;01:mi=00:su=37;41:sg=30;43:ca=00:tw=30;42:ow=34;42:st=37;44:ex=01;32:*.tar=01;31:*.tgz=01;31:*.arc=01;31:*.arj=01;31:*.taz=01;31:*.lha=01;31:*.lz4=01;31:*.lzh=01;31:*.lzma=01;31:*.tlz=01;31:*.txz=01;31:*.tzo=01;31:*.t7z=01;31:*.zip=01;31:*.z=01;31:*.dz=01;31:*.gz=01;31:*.lrz=01;31:*.lz=01;31:*.lzo=01;31:*.xz=01;31:*.zst=01;31:*.tzst=01;31:*.bz2=01;31:*.bz=01;31:*.tbz=01;31:*.tbz2=01;31:*.tz=01;31:*.deb=01;31:*.rpm=01;31:*.jar=01;31:*.war=01;31:*.ear=01;31:*.sar=01;31:*.rar=01;31:*.alz=01;31:*.ace=01;31:*.zoo=01;31:*.cpio=01;31:*.7z=01;31:*.rz=01;31:*.cab=01;31:*.wim=01;31:*.swm=01;31:*.dwm=01;31:*.esd=01;31:*.avif=01;35:*.jpg=01;35:*.jpeg=01;35:*.mjpg=01;35:*.mjpeg=01;35:*.gif=01;35:*.bmp=01;35:*.pbm=01;35:*.pgm=01;35:*.ppm=01;35:*.tga=01;35:*.xbm=01;35:*.xpm=01;35:*.tif=01;35:*.tiff=01;35:*.png=01;35:*.svg=01;35:*.svgz=01;35:*.mng=01;35:*.pcx=01;35:*.mov=01;35:*.mpg=01;35:*.mpeg=01;35:*.m2v=01;35:*.mkv=01;35:*.webm=01;35:*.webp=01;35:*.ogm=01;35:*.mp4=01;35:*.m4v=01;35:*.mp4v=01;35:*.vob=01;35:*.qt=01;35:*.nuv=01;35:*.wmv=01;35:*.asf=01;35:*.rm=01;35:*.rmvb=01;35:*.flc=01;35:*.avi=01;35:*.fli=01;35:*.flv=01;35:*.gl=01;35:*.dl=01;35:*.xcf=01;35:*.xwd=01;35:*.yuv=01;35:*.cgm=01;35:*.emf=01;35:*.ogv=01;35:*.ogx=01;35:*.aac=00;36:*.au=00;36:*.flac=00;36:*.m4a=00;36:*.mid=00;36:*.midi=00;36:*.mka=00;36:*.mp3=00;36:*.mpc=00;36:*.ogg=00;36:*.ra=00;36:*.wav=00;36:*.oga=00;36:*.opus=00;36:*.spx=00;36:*.xspf=00;36:*~=00;90:*#=00;90:*.bak=00;90:*.crdownload=00;90:*.dpkg-dist=00;90:*.dpkg-new=00;90:*.dpkg-old=00;90:*.dpkg-tmp=00;90:*.old=00;90:*.orig=00;90:*.part=00;90:*.rej=00;90:*.rpmnew=00;90:*.rpmorig=00;90:*.rpmsave=00;90:*.swp=00;90:*.tmp=00;90:*.ucf-dist=00;90:*.ucf-new=00;90:*.ucf-old=00;90:', 'SSH_AUTH_SOCK': '/run/user/1000/keyring/ssh', 'XDG_GREETER_DATA_DIR': '/var/lib/lightdm-data/meta', 'AMENT_PREFIX_PATH': '/home/meta/Documents/robotics_workspace_new/install/robokpy_controller:/home/meta/Documents/robotics_workspace_new/install/robokpy_interfaces:/home/meta/Documents/robotics_workspace_new/install/robokpy:/opt/ros/jazzy', 'SHELL': '/bin/bash', 'TERMINATOR_UUID': 'urn:uuid:3c8b40c9-d061-4441-a48a-024c0f94809e', 'QT_ACCESSIBILITY': '1', 'GDMSESSION': 'ubuntu', 'LESSCLOSE': '/usr/bin/lesspipe %s %s', 'GPG_AGENT_INFO': '/run/user/1000/gnupg/S.gpg-agent:0:1', 'GJS_DEBUG_OUTPUT': 'stderr', 'ROS_AUTOMATIC_DISCOVERY_RANGE': 'SUBNET', 'QT_IM_MODULE': 'ibus', 'PWD': '/home/meta/Documents/robotics_workspace_new/build/robokpy_interfaces', 'QT_QPA_PLATFORM': 'xcb', 'LC_ALL': 'en_US.UTF-8', 'XDG_CONFIG_DIRS': '/etc/xdg/xdg-ubuntu:/etc/xdg', 'NVM_CD_FLAGS': '', 'XDG_DATA_DIRS': '/usr/share/ubuntu:/usr/share/gnome:/usr/local/share:/usr/share:/var/lib/snapd/desktop', 'QTWEBENGINE_DICTIONARIES_PATH': '/usr/share/hunspell-bdic/', 'PYTHONPATH': '/home/meta/Documents/robotics_workspace_new/install/robokpy_controller/lib/python3.12/site-packages:/home/meta/Documents/robotics_workspace_new/install/robokpy_interfaces/lib/python3.12/site-packages:/home/meta/Documents/robotics_workspace_new/install/robokpy/lib/python3.12/site-packages:/opt/ros/jazzy/lib/python3.12/site-packages', 'COLCON': '1', 'MEMORY_PRESSURE_WRITE': 'c29tZSAyMDAwMDAgMjAwMDAwMAA=', 'VTE_VERSION': '7600', 'CMAKE_PREFIX_PATH': '/home/meta/Documents/robotics_workspace_new/install/robokpy_interfaces:/opt/ros/jazzy/opt/gz_sim_vendor:/opt/ros/jazzy/opt/gz_sensors_vendor:/opt/ros/jazzy/opt/gz_physics_vendor:/opt/ros/jazzy/opt/sdformat_vendor:/opt/ros/jazzy/opt/gz_gui_vendor:/opt/ros/jazzy/opt/gz_transport_vendor:/opt/ros/jazzy/opt/gz_rendering_vendor:/opt/ros/jazzy/opt/gz_plugin_vendor:/opt/ros/jazzy/opt/gz_fuel_tools_vendor:/opt/ros/jazzy/opt/gz_msgs_vendor:/opt/ros/jazzy/opt/gz_common_vendor:/opt/ros/jazzy/opt/gz_math_vendor:/opt/ros/jazzy/opt/gz_utils_vendor:/opt/ros/jazzy/opt/gz_tools_vendor:/opt/ros/jazzy/opt/gz_ogre_next_vendor:/opt/ros/jazzy/opt/gz_dartsim_vendor:/opt/ros/jazzy/opt/gz_cmake_vendor:/home/meta/Documents/robotics_workspace_new/install/robokpy_controller:/home/meta/Documents/robotics_workspace_new/install/robokpy:/opt/ros/jazzy'}), 'shell': False}
[7.928089] (-) TimerEvent: {}
[7.942033] (robokpy_interfaces) StdoutLine: {'line': b'-- Install configuration: ""\n'}
[7.943386] (robokpy_interfaces) StdoutLine: {'line': b'-- Up-to-date: /home/meta/Documents/robotics_workspace_new/install/robokpy_interfaces/share/ament_index/resource_index/rosidl_interfaces/robokpy_interfaces\n'}
[7.944177] (robokpy_interfaces) StdoutLine: {'line': b'-- Up-to-date: /home/meta/Documents/robotics_workspace_new/install/robokpy_interfaces/share/robokpy_interfaces/srv/ExecutionState.json\n'}
[7.944643] (robokpy_interfaces) StdoutLine: {'line': b'-- Up-to-date: /home/meta/Documents/robotics_workspace_new/install/robokpy_interfaces/share/robokpy_interfaces/srv/SystemMode.json\n'}
[7.944992] (robokpy_interfaces) StdoutLine: {'line': b'-- Up-to-date: /home/meta/Documents/robotics_workspace_new/install/robokpy_interfaces/share/robokpy_interfaces/srv/FK.json\n'}
[7.945312] (robokpy_interfaces) StdoutLine: {'line': b'-- Up-to-date: /home/meta/Documents/robotics_workspace_new/install/robokpy_interfaces/share/robokpy_interfaces/srv/IK.json\n'}
[7.945647] (robokpy_interfaces) StdoutLine: {'line': b'-- Up-to-date: /home/meta/Documents/robotics_workspace_new/install/robokpy_interfaces/share/robokpy_interfaces/srv/Jacobian.json\n'}
[7.946025] (robokpy_interfaces) StdoutLine: {'line': b'-- Up-to-date: /home/meta/Documents/robotics_workspace_new/install/robokpy_interfaces/share/robokpy_interfaces/srv/Reachable.json\n'}
[7.946366] (robokpy_interfaces) StdoutLine: {'line': b'-- Up-to-date: /home/meta/Documents/robotics_workspace_new/install/robokpy_interfaces/share/robokpy_interfaces/srv/ChainFK.json\n'}
[7.946672] (robokpy_interfaces) StdoutLine: {'line': b'-- Up-to-date: /home/meta/Documents/robotics_workspace_new/install/robokpy_interfaces/share/robokpy_interfaces/srv/SetPlanningTipLink.json\n'}
[7.946997] (robokpy_interfaces) StdoutLine: {'line': b'-- Up-to-date: /home/meta/Documents/robotics_workspace_new/install/robokpy_interfaces/share/robokpy_interfaces/srv/GraspAttach.json\n'}
[7.947350] (robokpy_interfaces) StdoutLine: {'line': b'-- Up-to-date: /home/meta/Documents/robotics_workspace_new/install/robokpy_interfaces/share/robokpy_interfaces/srv/ResumeExecution.json\n'}
[7.947652] (robokpy_interfaces) StdoutLine: {'line': b'-- Up-to-date: /home/meta/Documents/robotics_workspace_new/install/robokpy_interfaces/share/robokpy_interfaces/srv/LoadRecipe.json\n'}
[7.947958] (robokpy_interfaces) StdoutLine: {'line': b'-- Up-to-date: /home/meta/Documents/robotics_workspace_new/install/robokpy_interfaces/share/robokpy_interfaces/srv/SpawnObject.json\n'}
[7.948275] (robokpy_interfaces) StdoutLine: {'line': b'-- Up-to-date: /home/meta/Documents/robotics_workspace_new/install/robokpy_interfaces/share/robokpy_interfaces/srv/DespawnObject.json\n'}
[7.948579] (robokpy_interfaces) StdoutLine: {'line': b'-- Up-to-date: /home/meta/Documents/robotics_workspace_new/install/robokpy_interfaces/share/robokpy_interfaces/srv/ResolveObjectPose.json\n'}
[7.948869] (robokpy_interfaces) StdoutLine: {'line': b'-- Up-to-date: /home/meta/Documents/robotics_workspace_new/install/robokpy_interfaces/share/robokpy_interfaces/msg/CellState.json\n'}
[8.016418] (robokpy_interfaces) StdoutLine: {'line': b'-- Up-to-date: /home/meta/Documents/robotics_workspace_new/install/robokpy_interfaces/share/robokpy_interfaces/action/ExecuteMotion.json\n'}
[8.017139] (robokpy_interfaces) StdoutLine: {'line': b'-- Up-to-date: /home/meta/Documents/robotics_workspace_new/install/robokpy_interfaces/share/robokpy_interfaces/action/ExecuteToolOp.json\n'}
[8.017525] (robokpy_interfaces) StdoutLine: {'line': b'-- Up-to-date: /home/meta/Documents/robotics_workspace_new/install/robokpy_interfaces/share/robokpy_interfaces/action/ExecuteVisionOp.json\n'}
[8.017837] (robokpy_interfaces) StdoutLine: {'line': b'-- Up-to-date: /home/meta/Documents/robotics_workspace_new/install/robokpy_interfaces/share/robokpy_interfaces/action/SetJointTarget.json\n'}
[8.018191] (robokpy_interfaces) StdoutLine: {'line': b'-- Up-to-date: /home/meta/Documents/robotics_workspace_new/install/robokpy_interfaces/share/robokpy_interfaces/action/ExecuteMoveStep.json\n'}
[8.018510] (robokpy_interfaces) StdoutLine: {'line': b'-- Up-to-date: /home/meta/Documents/robotics_workspace_new/install/robokpy_interfaces/include/robokpy_interfaces/robokpy_interfaces\n'}
[8.028217] (-) TimerEvent: {}
[8.065659] (robokpy_interfaces) StdoutLine: {'line': b'-- Up-to-date: /home/meta/Documents/robotics_workspace_new/install/robokpy_interfaces/include/robokpy_interfaces/robokpy_interfaces/srv\n'}
[8.066296] (robokpy_interfaces) StdoutLine: {'line': b'-- Up-to-date: /home/meta/Documents/robotics_workspace_new/install/robokpy_interfaces/include/robokpy_interfaces/robokpy_interfaces/srv/set_planning_tip_link.h\n'}
[8.066672] (robokpy_interfaces) StdoutLine: {'line': b'-- Up-to-date: /home/meta/Documents/robotics_workspace_new/install/robokpy_interfaces/include/robokpy_interfaces/robokpy_interfaces/srv/execution_state.h\n'}
[8.067242] (robokpy_interfaces) StdoutLine: {'line': b'-- Up-to-date: /home/meta/Documents/robotics_workspace_new/install/robokpy_interfaces/include/robokpy_interfaces/robokpy_interfaces/srv/ik.h\n'}
[8.067574] (robokpy_interfaces) StdoutLine: {'line': b'-- Up-to-date: /home/meta/Documents/robotics_workspace_new/install/robokpy_interfaces/include/robokpy_interfaces/robokpy_interfaces/srv/system_mode.h\n'}
[8.067873] (robokpy_interfaces) StdoutLine: {'line': b'-- Up-to-date: /home/meta/Documents/robotics_workspace_new/install/robokpy_interfaces/include/robokpy_interfaces/robokpy_interfaces/srv/fk.h\n'}
[8.068167] (robokpy_interfaces) StdoutLine: {'line': b'-- Up-to-date: /home/meta/Documents/robotics_workspace_new/install/robokpy_interfaces/include/robokpy_interfaces/robokpy_interfaces/srv/detail\n'}
[8.068499] (robokpy_interfaces) StdoutLine: {'line': b'-- Installing: /home/meta/Documents/robotics_workspace_new/install/robokpy_interfaces/include/robokpy_interfaces/robokpy_interfaces/srv/detail/spawn_object__type_support.c\n'}
[8.068789] (robokpy_interfaces) StdoutLine: {'line': b'-- Up-to-date: /home/meta/Documents/robotics_workspace_new/install/robokpy_interfaces/include/robokpy_interfaces/robokpy_interfaces/srv/detail/despawnobject__struct.h\n'}
[8.069097] (robokpy_interfaces) StdoutLine: {'line': b'-- Up-to-date: /home/meta/Documents/robotics_workspace_new/install/robokpy_interfaces/include/robokpy_interfaces/robokpy_interfaces/srv/detail/jacobian__struct.h\n'}
[8.069416] (robokpy_interfaces) StdoutLine: {'line': b'-- Up-to-date: /home/meta/Documents/robotics_workspace_new/install/robokpy_interfaces/include/robokpy_interfaces/robokpy_interfaces/srv/detail/chain_fk__struct.h\n'}
[8.069704] (robokpy_interfaces) StdoutLine: {'line': b'-- Up-to-date: /home/meta/Documents/robotics_workspace_new/install/robokpy_interfaces/include/robokpy_interfaces/robokpy_interfaces/srv/detail/jacobian__functions.h\n'}
[8.069985] (robokpy_interfaces) StdoutLine: {'line': b'-- Installing: /home/meta/Documents/robotics_workspace_new/install/robokpy_interfaces/include/robokpy_interfaces/robokpy_interfaces/srv/detail/system_mode__type_support.c\n'}
[8.089341] (robokpy_interfaces) StdoutLine: {'line': b'-- Up-to-date: /home/meta/Documents/robotics_workspace_new/install/robokpy_interfaces/include/robokpy_interfaces/robokpy_interfaces/srv/detail/resume_execution__functions.c\n'}
[8.090906] (robokpy_interfaces) StdoutLine: {'line': b'-- Up-to-date: /home/meta/Documents/robotics_workspace_new/install/robokpy_interfaces/include/robokpy_interfaces/robokpy_interfaces/srv/detail/ik__functions.h\n'}
[8.091318] (robokpy_interfaces) StdoutLine: {'line': b'-- Up-to-date: /home/meta/Documents/robotics_workspace_new/install/robokpy_interfaces/include/robokpy_interfaces/robokpy_interfaces/srv/detail/fk__struct.h\n'}
[8.091630] (robokpy_interfaces) StdoutLine: {'line': b'-- Up-to-date: /home/meta/Documents/robotics_workspace_new/install/robokpy_interfaces/include/robokpy_interfaces/robokpy_interfaces/srv/detail/execution_state__description.c\n'}
[8.091923] (robokpy_interfaces) StdoutLine: {'line': b'-- Up-to-date: /home/meta/Documents/robotics_workspace_new/install/robokpy_interfaces/include/robokpy_interfaces/robokpy_interfaces/srv/detail/chain_fk__functions.h\n'}
[8.093225] (robokpy_interfaces) StdoutLine: {'line': b'-- Up-to-date: /home/meta/Documents/robotics_workspace_new/install/robokpy_interfaces/include/robokpy_interfaces/robokpy_interfaces/srv/detail/fk__functions.h\n'}
[8.093665] (robokpy_interfaces) StdoutLine: {'line': b'-- Up-to-date: /home/meta/Documents/robotics_workspace_new/install/robokpy_interfaces/include/robokpy_interfaces/robokpy_interfaces/srv/detail/execution_state__functions.c\n'}
[8.093932] (robokpy_interfaces) StdoutLine: {'line': b'-- Installing: /home/meta/Documents/robotics_workspace_new/install/robokpy_interfaces/include/robokpy_interfaces/robokpy_interfaces/srv/detail/despawn_object__type_support.c\n'}
[8.107899] (robokpy_interfaces) StdoutLine: {'line': b'-- Up-to-date: /home/meta/Documents/robotics_workspace_new/install/robokpy_interfaces/include/robokpy_interfaces/robokpy_interfaces/srv/detail/resolve_object_pose__functions.h\n'}
[8.108297] (robokpy_interfaces) StdoutLine: {'line': b'-- Up-to-date: /home/meta/Documents/robotics_workspace_new/install/robokpy_interfaces/include/robokpy_interfaces/robokpy_interfaces/srv/detail/chain_fk__type_support.h\n'}
[8.108487] (robokpy_interfaces) StdoutLine: {'line': b'-- Up-to-date: /home/meta/Documents/robotics_workspace_new/install/robokpy_interfaces/include/robokpy_interfaces/robokpy_interfaces/srv/detail/despawnobject__description.c\n'}
[8.108668] (robokpy_interfaces) StdoutLine: {'line': b'-- Up-to-date: /home/meta/Documents/robotics_workspace_new/install/robokpy_interfaces/include/robokpy_interfaces/robokpy_interfaces/srv/detail/system_mode__type_support.h\n'}
[8.108817] (robokpy_interfaces) StdoutLine: {'line': b'-- Up-to-date: /home/meta/Documents/robotics_workspace_new/install/robokpy_interfaces/include/robokpy_interfaces/robokpy_interfaces/srv/detail/chain_fk__description.c\n'}
[8.108958] (robokpy_interfaces) StdoutLine: {'line': b'-- Up-to-date: /home/meta/Documents/robotics_workspace_new/install/robokpy_interfaces/include/robokpy_interfaces/robokpy_interfaces/srv/detail/system_mode__functions.c\n'}
[8.109111] (robokpy_interfaces) StdoutLine: {'line': b'-- Up-to-date: /home/meta/Documents/robotics_workspace_new/install/robokpy_interfaces/include/robokpy_interfaces/robokpy_interfaces/srv/detail/set_planning_tip_link__type_support.h\n'}
[8.109308] (robokpy_interfaces) StdoutLine: {'line': b'-- Up-to-date: /home/meta/Documents/robotics_workspace_new/install/robokpy_interfaces/include/robokpy_interfaces/robokpy_interfaces/srv/detail/spawn_object__functions.c\n'}
[8.109452] (robokpy_interfaces) StdoutLine: {'line': b'-- Up-to-date: /home/meta/Documents/robotics_workspace_new/install/robokpy_interfaces/include/robokpy_interfaces/robokpy_interfaces/srv/detail/grasp_attach__functions.h\n'}
[8.109589] (robokpy_interfaces) StdoutLine: {'line': b'-- Installing: /home/meta/Documents/robotics_workspace_new/install/robokpy_interfaces/include/robokpy_interfaces/robokpy_interfaces/srv/detail/chain_fk__type_support.c\n'}
[8.115196] (robokpy_interfaces) StdoutLine: {'line': b'-- Up-to-date: /home/meta/Documents/robotics_workspace_new/install/robokpy_interfaces/include/robokpy_interfaces/robokpy_interfaces/srv/detail/despawn_object__description.c\n'}
[8.115644] (robokpy_interfaces) StdoutLine: {'line': b'-- Up-to-date: /home/meta/Documents/robotics_workspace_new/install/robokpy_interfaces/include/robokpy_interfaces/robokpy_interfaces/srv/detail/set_planning_tip_link__description.c\n'}
[8.115820] (robokpy_interfaces) StdoutLine: {'line': b'-- Up-to-date: /home/meta/Documents/robotics_workspace_new/install/robokpy_interfaces/include/robokpy_interfaces/robokpy_interfaces/srv/detail/reachable__functions.h\n'}
[8.115968] (robokpy_interfaces) StdoutLine: {'line': b'-- Up-to-date: /home/meta/Documents/robotics_workspace_new/install/robokpy_interfaces/include/robokpy_interfaces/robokpy_interfaces/srv/detail/ik__struct.h\n'}
[8.116111] (robokpy_interfaces) StdoutLine: {'line': b'-- Installing: /home/meta/Documents/robotics_workspace_new/install/robokpy_interfaces/include/robokpy_interfaces/robokpy_interfaces/srv/detail/despawnobject__type_support.c\n'}
[8.128350] (-) TimerEvent: {}
[8.135824] (robokpy_interfaces) StdoutLine: {'line': b'-- Up-to-date: /home/meta/Documents/robotics_workspace_new/install/robokpy_interfaces/include/robokpy_interfaces/robokpy_interfaces/srv/detail/spawn_object__functions.h\n'}
[8.136250] (robokpy_interfaces) StdoutLine: {'line': b'-- Up-to-date: /home/meta/Documents/robotics_workspace_new/install/robokpy_interfaces/include/robokpy_interfaces/robokpy_interfaces/srv/detail/resume_execution__type_support.h\n'}
[8.136546] (robokpy_interfaces) StdoutLine: {'line': b'-- Up-to-date: /home/meta/Documents/robotics_workspace_new/install/robokpy_interfaces/include/robokpy_interfaces/robokpy_interfaces/srv/detail/spawn_object__type_support.h\n'}
[8.136797] (robokpy_interfaces) StdoutLine: {'line': b'-- Up-to-date: /home/meta/Documents/robotics_workspace_new/install/robokpy_interfaces/include/robokpy_interfaces/robokpy_interfaces/srv/detail/load_recipe__struct.h\n'}
[8.137047] (robokpy_interfaces) StdoutLine: {'line': b'-- Up-to-date: /home/meta/Documents/robotics_workspace_new/install/robokpy_interfaces/include/robokpy_interfaces/robokpy_interfaces/srv/detail/set_planning_tip_link__struct.h\n'}
[8.137318] (robokpy_interfaces) StdoutLine: {'line': b'-- Installing: /home/meta/Documents/robotics_workspace_new/install/robokpy_interfaces/include/robokpy_interfaces/robokpy_interfaces/srv/detail/reachable__type_support.c\n'}
[8.149467] (robokpy_interfaces) StdoutLine: {'line': b'-- Installing: /home/meta/Documents/robotics_workspace_new/install/robokpy_interfaces/include/robokpy_interfaces/robokpy_interfaces/srv/detail/resolve_object_pose__type_support.c\n'}
[8.150160] (robokpy_interfaces) StdoutLine: {'line': b'-- Up-to-date: /home/meta/Documents/robotics_workspace_new/install/robokpy_interfaces/include/robokpy_interfaces/robokpy_interfaces/srv/detail/jacobian__description.c\n'}
[8.150523] (robokpy_interfaces) StdoutLine: {'line': b'-- Up-to-date: /home/meta/Documents/robotics_workspace_new/install/robokpy_interfaces/include/robokpy_interfaces/robokpy_interfaces/srv/detail/despawn_object__functions.h\n'}
[8.150790] (robokpy_interfaces) StdoutLine: {'line': b'-- Up-to-date: /home/meta/Documents/robotics_workspace_new/install/robokpy_interfaces/include/robokpy_interfaces/robokpy_interfaces/srv/detail/spawnobject__functions.h\n'}
[8.151052] (robokpy_interfaces) StdoutLine: {'line': b'-- Installing: /home/meta/Documents/robotics_workspace_new/install/robokpy_interfaces/include/robokpy_interfaces/robokpy_interfaces/srv/detail/spawnobject__type_support.c\n'}
[8.160429] (robokpy_interfaces) StdoutLine: {'line': b'-- Up-to-date: /home/meta/Documents/robotics_workspace_new/install/robokpy_interfaces/include/robokpy_interfaces/robokpy_interfaces/srv/detail/resolve_object_pose__struct.h\n'}
[8.161079] (robokpy_interfaces) StdoutLine: {'line': b'-- Up-to-date: /home/meta/Documents/robotics_workspace_new/install/robokpy_interfaces/include/robokpy_interfaces/robokpy_interfaces/srv/detail/spawn_object__struct.h\n'}
[8.161413] (robokpy_interfaces) StdoutLine: {'line': b'-- Up-to-date: /home/meta/Documents/robotics_workspace_new/install/robokpy_interfaces/include/robokpy_interfaces/robokpy_interfaces/srv/detail/despawnobject__functions.h\n'}
[8.161756] (robokpy_interfaces) StdoutLine: {'line': b'-- Up-to-date: /home/meta/Documents/robotics_workspace_new/install/robokpy_interfaces/include/robokpy_interfaces/robokpy_interfaces/srv/detail/load_recipe__functions.c\n'}
[8.162042] (robokpy_interfaces) StdoutLine: {'line': b'-- Installing: /home/meta/Documents/robotics_workspace_new/install/robokpy_interfaces/include/robokpy_interfaces/robokpy_interfaces/srv/detail/ik__type_support.c\n'}
[8.175245] (robokpy_interfaces) StdoutLine: {'line': b'-- Up-to-date: /home/meta/Documents/robotics_workspace_new/install/robokpy_interfaces/include/robokpy_interfaces/robokpy_interfaces/srv/detail/fk__functions.c\n'}
[8.175798] (robokpy_interfaces) StdoutLine: {'line': b'-- Installing: /home/meta/Documents/robotics_workspace_new/install/robokpy_interfaces/include/robokpy_interfaces/robokpy_interfaces/srv/detail/fk__type_support.c\n'}
[8.176194] (robokpy_interfaces) StdoutLine: {'line': b'-- Installing: /home/meta/Documents/robotics_workspace_new/install/robokpy_interfaces/include/robokpy_interfaces/robokpy_interfaces/srv/detail/resume_execution__type_support.c\n'}
[8.182310] (robokpy_interfaces) StdoutLine: {'line': b'-- Installing: /home/meta/Documents/robotics_workspace_new/install/robokpy_interfaces/include/robokpy_interfaces/robokpy_interfaces/srv/detail/set_planning_tip_link__type_support.c\n'}
[8.191036] (robokpy_interfaces) StdoutLine: {'line': b'-- Up-to-date: /home/meta/Documents/robotics_workspace_new/install/robokpy_interfaces/include/robokpy_interfaces/robokpy_interfaces/srv/detail/spawnobject__type_support.h\n'}
[8.191469] (robokpy_interfaces) StdoutLine: {'line': b'-- Up-to-date: /home/meta/Documents/robotics_workspace_new/install/robokpy_interfaces/include/robokpy_interfaces/robokpy_interfaces/srv/detail/grasp_attach__description.c\n'}
[8.191776] (robokpy_interfaces) StdoutLine: {'line': b'-- Up-to-date: /home/meta/Documents/robotics_workspace_new/install/robokpy_interfaces/include/robokpy_interfaces/robokpy_interfaces/srv/detail/despawnobject__type_support.h\n'}
[8.192089] (robokpy_interfaces) StdoutLine: {'line': b'-- Up-to-date: /home/meta/Documents/robotics_workspace_new/install/robokpy_interfaces/include/robokpy_interfaces/robokpy_interfaces/srv/detail/execution_state__struct.h\n'}
[8.192595] (robokpy_interfaces) StdoutLine: {'line': b'-- Up-to-date: /home/meta/Documents/robotics_workspace_new/install/robokpy_interfaces/include/robokpy_interfaces/robokpy_interfaces/srv/detail/ik__type_support.h\n'}
[8.192925] (robokpy_interfaces) StdoutLine: {'line': b'-- Up-to-date: /home/meta/Documents/robotics_workspace_new/install/robokpy_interfaces/include/robokpy_interfaces/robokpy_interfaces/srv/detail/grasp_attach__struct.h\n'}
[8.193692] (robokpy_interfaces) StdoutLine: {'line': b'-- Up-to-date: /home/meta/Documents/robotics_workspace_new/install/robokpy_interfaces/include/robokpy_interfaces/robokpy_interfaces/srv/detail/ik__functions.c\n'}
[8.194161] (robokpy_interfaces) StdoutLine: {'line': b'-- Up-to-date: /home/meta/Documents/robotics_workspace_new/install/robokpy_interfaces/include/robokpy_interfaces/robokpy_interfaces/srv/detail/set_planning_tip_link__functions.h\n'}
[8.195243] (robokpy_interfaces) StdoutLine: {'line': b'-- Up-to-date: /home/meta/Documents/robotics_workspace_new/install/robokpy_interfaces/include/robokpy_interfaces/robokpy_interfaces/srv/detail/resume_execution__description.c\n'}
[8.195873] (robokpy_interfaces) StdoutLine: {'line': b'-- Up-to-date: /home/meta/Documents/robotics_workspace_new/install/robokpy_interfaces/include/robokpy_interfaces/robokpy_interfaces/srv/detail/load_recipe__description.c\n'}
[8.196912] (robokpy_interfaces) StdoutLine: {'line': b'-- Up-to-date: /home/meta/Documents/robotics_workspace_new/install/robokpy_interfaces/include/robokpy_interfaces/robokpy_interfaces/srv/detail/resolve_object_pose__type_support.h\n'}
[8.197546] (robokpy_interfaces) StdoutLine: {'line': b'-- Installing: /home/meta/Documents/robotics_workspace_new/install/robokpy_interfaces/include/robokpy_interfaces/robokpy_interfaces/srv/detail/load_recipe__type_support.c\n'}
[8.197864] (robokpy_interfaces) StdoutLine: {'line': b'-- Up-to-date: /home/meta/Documents/robotics_workspace_new/install/robokpy_interfaces/include/robokpy_interfaces/robokpy_interfaces/srv/detail/reachable__type_support.h\n'}
[8.198153] (robokpy_interfaces) StdoutLine: {'line': b'-- Up-to-date: /home/meta/Documents/robotics_workspace_new/install/robokpy_interfaces/include/robokpy_interfaces/robokpy_interfaces/srv/detail/chain_fk__functions.c\n'}
[8.198477] (robokpy_interfaces) StdoutLine: {'line': b'-- Installing: /home/meta/Documents/robotics_workspace_new/install/robokpy_interfaces/include/robokpy_interfaces/robokpy_interfaces/srv/detail/jacobian__type_support.c\n'}
[8.198768] (robokpy_interfaces) StdoutLine: {'line': b'-- Up-to-date: /home/meta/Documents/robotics_workspace_new/install/robokpy_interfaces/include/robokpy_interfaces/robokpy_interfaces/srv/detail/resolve_object_pose__description.c\n'}
[8.199093] (robokpy_interfaces) StdoutLine: {'line': b'-- Up-to-date: /home/meta/Documents/robotics_workspace_new/install/robokpy_interfaces/include/robokpy_interfaces/robokpy_interfaces/srv/detail/spawnobject__functions.c\n'}
[8.199411] (robokpy_interfaces) StdoutLine: {'line': b'-- Up-to-date: /home/meta/Documents/robotics_workspace_new/install/robokpy_interfaces/include/robokpy_interfaces/robokpy_interfaces/srv/detail/reachable__description.c\n'}
[8.199702] (robokpy_interfaces) StdoutLine: {'line': b'-- Up-to-date: /home/meta/Documents/robotics_workspace_new/install/robokpy_interfaces/include/robokpy_interfaces/robokpy_interfaces/srv/detail/reachable__functions.c\n'}
[8.199989] (robokpy_interfaces) StdoutLine: {'line': b'-- Up-to-date: /home/meta/Documents/robotics_workspace_new/install/robokpy_interfaces/include/robokpy_interfaces/robokpy_interfaces/srv/detail/despawn_object__functions.c\n'}
[8.200296] (robokpy_interfaces) StdoutLine: {'line': b'-- Up-to-date: /home/meta/Documents/robotics_workspace_new/install/robokpy_interfaces/include/robokpy_interfaces/robokpy_interfaces/srv/detail/jacobian__functions.c\n'}
[8.200711] (robokpy_interfaces) StdoutLine: {'line': b'-- Up-to-date: /home/meta/Documents/robotics_workspace_new/install/robokpy_interfaces/include/robokpy_interfaces/robokpy_interfaces/srv/detail/resolve_object_pose__functions.c\n'}
[8.201000] (robokpy_interfaces) StdoutLine: {'line': b'-- Installing: /home/meta/Documents/robotics_workspace_new/install/robokpy_interfaces/include/robokpy_interfaces/robokpy_interfaces/srv/detail/grasp_attach__type_support.c\n'}
[8.201305] (robokpy_interfaces) StdoutLine: {'line': b'-- Up-to-date: /home/meta/Documents/robotics_workspace_new/install/robokpy_interfaces/include/robokpy_interfaces/robokpy_interfaces/srv/detail/execution_state__type_support.h\n'}
[8.201629] (robokpy_interfaces) StdoutLine: {'line': b'-- Up-to-date: /home/meta/Documents/robotics_workspace_new/install/robokpy_interfaces/include/robokpy_interfaces/robokpy_interfaces/srv/detail/spawn_object__description.c\n'}
[8.201918] (robokpy_interfaces) StdoutLine: {'line': b'-- Up-to-date: /home/meta/Documents/robotics_workspace_new/install/robokpy_interfaces/include/robokpy_interfaces/robokpy_interfaces/srv/detail/despawn_object__struct.h\n'}
[8.202233] (robokpy_interfaces) StdoutLine: {'line': b'-- Up-to-date: /home/meta/Documents/robotics_workspace_new/install/robokpy_interfaces/include/robokpy_interfaces/robokpy_interfaces/srv/detail/load_recipe__type_support.h\n'}
[8.202540] (robokpy_interfaces) StdoutLine: {'line': b'-- Up-to-date: /home/meta/Documents/robotics_workspace_new/install/robokpy_interfaces/include/robokpy_interfaces/robokpy_interfaces/srv/detail/resume_execution__functions.h\n'}
[8.202821] (robokpy_interfaces) StdoutLine: {'line': b'-- Up-to-date: /home/meta/Documents/robotics_workspace_new/install/robokpy_interfaces/include/robokpy_interfaces/robokpy_interfaces/srv/detail/ik__description.c\n'}
[8.203107] (robokpy_interfaces) StdoutLine: {'line': b'-- Up-to-date: /home/meta/Documents/robotics_workspace_new/install/robokpy_interfaces/include/robokpy_interfaces/robokpy_interfaces/srv/detail/grasp_attach__type_support.h\n'}
[8.203423] (robokpy_interfaces) StdoutLine: {'line': b'-- Up-to-date: /home/meta/Documents/robotics_workspace_new/install/robokpy_interfaces/include/robokpy_interfaces/robokpy_interfaces/srv/detail/spawnobject__struct.h\n'}
[8.203714] (robokpy_interfaces) StdoutLine: {'line': b'-- Up-to-date: /home/meta/Documents/robotics_workspace_new/install/robokpy_interfaces/include/robokpy_interfaces/robokpy_interfaces/srv/detail/set_planning_tip_link__functions.c\n'}
[8.203998] (robokpy_interfaces) StdoutLine: {'line': b'-- Up-to-date: /home/meta/Documents/robotics_workspace_new/install/robokpy_interfaces/include/robokpy_interfaces/robokpy_interfaces/srv/detail/grasp_attach__functions.c\n'}
[8.204717] (robokpy_interfaces) StdoutLine: {'line': b'-- Up-to-date: /home/meta/Documents/robotics_workspace_new/install/robokpy_interfaces/include/robokpy_interfaces/robokpy_interfaces/srv/detail/fk__description.c\n'}
[8.205104] (robokpy_interfaces) StdoutLine: {'line': b'-- Up-to-date: /home/meta/Documents/robotics_workspace_new/install/robokpy_interfaces/include/robokpy_interfaces/robokpy_interfaces/srv/detail/load_recipe__functions.h\n'}
[8.205438] (robokpy_interfaces) StdoutLine: {'line': b'-- Up-to-date: /home/meta/Documents/robotics_workspace_new/install/robokpy_interfaces/include/robokpy_interfaces/robokpy_interfaces/srv/detail/despawn_object__type_support.h\n'}
[8.205725] (robokpy_interfaces) StdoutLine: {'line': b'-- Up-to-date: /home/meta/Documents/robotics_workspace_new/install/robokpy_interfaces/include/robokpy_interfaces/robokpy_interfaces/srv/detail/reachable__struct.h\n'}
[8.206013] (robokpy_interfaces) StdoutLine: {'line': b'-- Installing: /home/meta/Documents/robotics_workspace_new/install/robokpy_interfaces/include/robokpy_interfaces/robokpy_interfaces/srv/detail/execution_state__type_support.c\n'}
[8.206320] (robokpy_interfaces) StdoutLine: {'line': b'-- Up-to-date: /home/meta/Documents/robotics_workspace_new/install/robokpy_interfaces/include/robokpy_interfaces/robokpy_interfaces/srv/detail/fk__type_support.h\n'}
[8.206619] (robokpy_interfaces) StdoutLine: {'line': b'-- Up-to-date: /home/meta/Documents/robotics_workspace_new/install/robokpy_interfaces/include/robokpy_interfaces/robokpy_interfaces/srv/detail/resume_execution__struct.h\n'}
[8.206947] (robokpy_interfaces) StdoutLine: {'line': b'-- Up-to-date: /home/meta/Documents/robotics_workspace_new/install/robokpy_interfaces/include/robokpy_interfaces/robokpy_interfaces/srv/detail/system_mode__description.c\n'}
[8.207243] (robokpy_interfaces) StdoutLine: {'line': b'-- Up-to-date: /home/meta/Documents/robotics_workspace_new/install/robokpy_interfaces/include/robokpy_interfaces/robokpy_interfaces/srv/detail/system_mode__struct.h\n'}
[8.207561] (robokpy_interfaces) StdoutLine: {'line': b'-- Up-to-date: /home/meta/Documents/robotics_workspace_new/install/robokpy_interfaces/include/robokpy_interfaces/robokpy_interfaces/srv/detail/despawnobject__functions.c\n'}
[8.207843] (robokpy_interfaces) StdoutLine: {'line': b'-- Up-to-date: /home/meta/Documents/robotics_workspace_new/install/robokpy_interfaces/include/robokpy_interfaces/robokpy_interfaces/srv/detail/spawnobject__description.c\n'}
[8.208125] (robokpy_interfaces) StdoutLine: {'line': b'-- Up-to-date: /home/meta/Documents/robotics_workspace_new/install/robokpy_interfaces/include/robokpy_interfaces/robokpy_interfaces/srv/detail/system_mode__functions.h\n'}
[8.208440] (robokpy_interfaces) StdoutLine: {'line': b'-- Up-to-date: /home/meta/Documents/robotics_workspace_new/install/robokpy_interfaces/include/robokpy_interfaces/robokpy_interfaces/srv/detail/jacobian__type_support.h\n'}
[8.208730] (robokpy_interfaces) StdoutLine: {'line': b'-- Up-to-date: /home/meta/Documents/robotics_workspace_new/install/robokpy_interfaces/include/robokpy_interfaces/robokpy_interfaces/srv/detail/execution_state__functions.h\n'}
[8.209010] (robokpy_interfaces) StdoutLine: {'line': b'-- Up-to-date: /home/meta/Documents/robotics_workspace_new/install/robokpy_interfaces/include/robokpy_interfaces/robokpy_interfaces/srv/grasp_attach.h\n'}
[8.209638] (robokpy_interfaces) StdoutLine: {'line': b'-- Up-to-date: /home/meta/Documents/robotics_workspace_new/install/robokpy_interfaces/include/robokpy_interfaces/robokpy_interfaces/srv/reachable.h\n'}
[8.209984] (robokpy_interfaces) StdoutLine: {'line': b'-- Up-to-date: /home/meta/Documents/robotics_workspace_new/install/robokpy_interfaces/include/robokpy_interfaces/robokpy_interfaces/srv/chain_fk.h\n'}
[8.210292] (robokpy_interfaces) StdoutLine: {'line': b'-- Up-to-date: /home/meta/Documents/robotics_workspace_new/install/robokpy_interfaces/include/robokpy_interfaces/robokpy_interfaces/srv/spawnobject.h\n'}
[8.210596] (robokpy_interfaces) StdoutLine: {'line': b'-- Up-to-date: /home/meta/Documents/robotics_workspace_new/install/robokpy_interfaces/include/robokpy_interfaces/robokpy_interfaces/srv/resolve_object_pose.h\n'}
[8.210886] (robokpy_interfaces) StdoutLine: {'line': b'-- Up-to-date: /home/meta/Documents/robotics_workspace_new/install/robokpy_interfaces/include/robokpy_interfaces/robokpy_interfaces/srv/jacobian.h\n'}
[8.211175] (robokpy_interfaces) StdoutLine: {'line': b'-- Up-to-date: /home/meta/Documents/robotics_workspace_new/install/robokpy_interfaces/include/robokpy_interfaces/robokpy_interfaces/srv/resume_execution.h\n'}
[8.211510] (robokpy_interfaces) StdoutLine: {'line': b'-- Up-to-date: /home/meta/Documents/robotics_workspace_new/install/robokpy_interfaces/include/robokpy_interfaces/robokpy_interfaces/srv/spawn_object.h\n'}
[8.211788] (robokpy_interfaces) StdoutLine: {'line': b'-- Up-to-date: /home/meta/Documents/robotics_workspace_new/install/robokpy_interfaces/include/robokpy_interfaces/robokpy_interfaces/srv/despawn_object.h\n'}
[8.212070] (robokpy_interfaces) StdoutLine: {'line': b'-- Up-to-date: /home/meta/Documents/robotics_workspace_new/install/robokpy_interfaces/include/robokpy_interfaces/robokpy_interfaces/srv/load_recipe.h\n'}
[8.212381] (robokpy_interfaces) StdoutLine: {'line': b'-- Up-to-date: /home/meta/Documents/robotics_workspace_new/install/robokpy_interfaces/include/robokpy_interfaces/robokpy_interfaces/srv/despawnobject.h\n'}
[8.212668] (robokpy_interfaces) StdoutLine: {'line': b'-- Up-to-date: /home/meta/Documents/robotics_workspace_new/install/robokpy_interfaces/include/robokpy_interfaces/robokpy_interfaces/action\n'}
[8.212948] (robokpy_interfaces) StdoutLine: {'line': b'-- Up-to-date: /home/meta/Documents/robotics_workspace_new/install/robokpy_interfaces/include/robokpy_interfaces/robokpy_interfaces/action/robot_trajectory.h\n'}
[8.213246] (robokpy_interfaces) StdoutLine: {'line': b'-- Up-to-date: /home/meta/Documents/robotics_workspace_new/install/robokpy_interfaces/include/robokpy_interfaces/robokpy_interfaces/action/detail\n'}
[8.213564] (robokpy_interfaces) StdoutLine: {'line': b'-- Up-to-date: /home/meta/Documents/robotics_workspace_new/install/robokpy_interfaces/include/robokpy_interfaces/robokpy_interfaces/action/detail/tool_execution__type_support.h\n'}
[8.213849] (robokpy_interfaces) StdoutLine: {'line': b'-- Up-to-date: /home/meta/Documents/robotics_workspace_new/install/robokpy_interfaces/include/robokpy_interfaces/robokpy_interfaces/action/detail/execute_vision_op__type_support.h\n'}
[8.214209] (robokpy_interfaces) StdoutLine: {'line': b'-- Up-to-date: /home/meta/Documents/robotics_workspace_new/install/robokpy_interfaces/include/robokpy_interfaces/robokpy_interfaces/action/detail/robot_trajectory__type_support.h\n'}
[8.214735] (robokpy_interfaces) StdoutLine: {'line': b'-- Up-to-date: /home/meta/Documents/robotics_workspace_new/install/robokpy_interfaces/include/robokpy_interfaces/robokpy_interfaces/action/detail/plan_trajectory__description.c\n'}
[8.215337] (robokpy_interfaces) StdoutLine: {'line': b'-- Up-to-date: /home/meta/Documents/robotics_workspace_new/install/robokpy_interfaces/include/robokpy_interfaces/robokpy_interfaces/action/detail/tool_execution__description.c\n'}
[8.215795] (robokpy_interfaces) StdoutLine: {'line': b'-- Installing: /home/meta/Documents/robotics_workspace_new/install/robokpy_interfaces/include/robokpy_interfaces/robokpy_interfaces/action/detail/set_joint_target__type_support.c\n'}
[8.228458] (-) TimerEvent: {}
[8.242021] (robokpy_interfaces) StdoutLine: {'line': b'-- Up-to-date: /home/meta/Documents/robotics_workspace_new/install/robokpy_interfaces/include/robokpy_interfaces/robokpy_interfaces/action/detail/robot_trajectory__functions.h\n'}
[8.243005] (robokpy_interfaces) StdoutLine: {'line': b'-- Up-to-date: /home/meta/Documents/robotics_workspace_new/install/robokpy_interfaces/include/robokpy_interfaces/robokpy_interfaces/action/detail/execute_vision_op__struct.h\n'}
[8.243361] (robokpy_interfaces) StdoutLine: {'line': b'-- Up-to-date: /home/meta/Documents/robotics_workspace_new/install/robokpy_interfaces/include/robokpy_interfaces/robokpy_interfaces/action/detail/execute_move_step__description.c\n'}
[8.244261] (robokpy_interfaces) StdoutLine: {'line': b'-- Up-to-date: /home/meta/Documents/robotics_workspace_new/install/robokpy_interfaces/include/robokpy_interfaces/robokpy_interfaces/action/detail/plan_trajectory__functions.h\n'}
[8.244678] (robokpy_interfaces) StdoutLine: {'line': b'-- Installing: /home/meta/Documents/robotics_workspace_new/install/robokpy_interfaces/include/robokpy_interfaces/robokpy_interfaces/action/detail/execute_vision_op__type_support.c\n'}
[8.245166] (robokpy_interfaces) StdoutLine: {'line': b'-- Up-to-date: /home/meta/Documents/robotics_workspace_new/install/robokpy_interfaces/include/robokpy_interfaces/robokpy_interfaces/action/detail/execute_move_step__functions.c\n'}
[8.245633] (robokpy_interfaces) StdoutLine: {'line': b'-- Up-to-date: /home/meta/Documents/robotics_workspace_new/install/robokpy_interfaces/include/robokpy_interfaces/robokpy_interfaces/action/detail/plan_trajectory__struct.h\n'}
[8.245929] (robokpy_interfaces) StdoutLine: {'line': b'-- Up-to-date: /home/meta/Documents/robotics_workspace_new/install/robokpy_interfaces/include/robokpy_interfaces/robokpy_interfaces/action/detail/execute_move_step__type_support.h\n'}
[8.246324] (robokpy_interfaces) StdoutLine: {'line': b'-- Up-to-date: /home/meta/Documents/robotics_workspace_new/install/robokpy_interfaces/include/robokpy_interfaces/robokpy_interfaces/action/detail/robot_trajectory__functions.c\n'}
[8.246624] (robokpy_interfaces) StdoutLine: {'line': b'-- Up-to-date: /home/meta/Documents/robotics_workspace_new/install/robokpy_interfaces/include/robokpy_interfaces/robokpy_interfaces/action/detail/set_joint_target__struct.h\n'}
[8.246879] (robokpy_interfaces) StdoutLine: {'line': b'-- Installing: /home/meta/Documents/robotics_workspace_new/install/robokpy_interfaces/include/robokpy_interfaces/robokpy_interfaces/action/detail/execute_tool_op__type_support.c\n'}
[8.256256] (robokpy_interfaces) StdoutLine: {'line': b'-- Up-to-date: /home/meta/Documents/robotics_workspace_new/install/robokpy_interfaces/include/robokpy_interfaces/robokpy_interfaces/action/detail/execute_tool_op__struct.h\n'}
[8.256719] (robokpy_interfaces) StdoutLine: {'line': b'-- Up-to-date: /home/meta/Documents/robotics_workspace_new/install/robokpy_interfaces/include/robokpy_interfaces/robokpy_interfaces/action/detail/set_joint_target__functions.h\n'}
[8.257015] (robokpy_interfaces) StdoutLine: {'line': b'-- Installing: /home/meta/Documents/robotics_workspace_new/install/robokpy_interfaces/include/robokpy_interfaces/robokpy_interfaces/action/detail/execute_move_step__type_support.c\n'}
[8.276811] (robokpy_interfaces) StdoutLine: {'line': b'-- Up-to-date: /home/meta/Documents/robotics_workspace_new/install/robokpy_interfaces/include/robokpy_interfaces/robokpy_interfaces/action/detail/execute_tool_op__functions.h\n'}
[8.277299] (robokpy_interfaces) StdoutLine: {'line': b'-- Up-to-date: /home/meta/Documents/robotics_workspace_new/install/robokpy_interfaces/include/robokpy_interfaces/robokpy_interfaces/action/detail/execute_motion__type_support.h\n'}
[8.277615] (robokpy_interfaces) StdoutLine: {'line': b'-- Installing: /home/meta/Documents/robotics_workspace_new/install/robokpy_interfaces/include/robokpy_interfaces/robokpy_interfaces/action/detail/plan_trajectory__type_support.c\n'}
[8.291843] (robokpy_interfaces) StdoutLine: {'line': b'-- Up-to-date: /home/meta/Documents/robotics_workspace_new/install/robokpy_interfaces/include/robokpy_interfaces/robokpy_interfaces/action/detail/set_joint_target__functions.c\n'}
[8.292250] (robokpy_interfaces) StdoutLine: {'line': b'-- Installing: /home/meta/Documents/robotics_workspace_new/install/robokpy_interfaces/include/robokpy_interfaces/robokpy_interfaces/action/detail/robot_trajectory__type_support.c\n'}
[8.315567] (robokpy_interfaces) StdoutLine: {'line': b'-- Up-to-date: /home/meta/Documents/robotics_workspace_new/install/robokpy_interfaces/include/robokpy_interfaces/robokpy_interfaces/action/detail/robot_trajectory__struct.h\n'}
[8.316050] (robokpy_interfaces) StdoutLine: {'line': b'-- Up-to-date: /home/meta/Documents/robotics_workspace_new/install/robokpy_interfaces/include/robokpy_interfaces/robokpy_interfaces/action/detail/set_joint_target__description.c\n'}
[8.316473] (robokpy_interfaces) StdoutLine: {'line': b'-- Up-to-date: /home/meta/Documents/robotics_workspace_new/install/robokpy_interfaces/include/robokpy_interfaces/robokpy_interfaces/action/detail/execute_tool_op__type_support.h\n'}
[8.316860] (robokpy_interfaces) StdoutLine: {'line': b'-- Up-to-date: /home/meta/Documents/robotics_workspace_new/install/robokpy_interfaces/include/robokpy_interfaces/robokpy_interfaces/action/detail/plan_trajectory__type_support.h\n'}
[8.317120] (robokpy_interfaces) StdoutLine: {'line': b'-- Up-to-date: /home/meta/Documents/robotics_workspace_new/install/robokpy_interfaces/include/robokpy_interfaces/robokpy_interfaces/action/detail/execute_vision_op__functions.c\n'}
[8.317403] (robokpy_interfaces) StdoutLine: {'line': b'-- Up-to-date: /home/meta/Documents/robotics_workspace_new/install/robokpy_interfaces/include/robokpy_interfaces/robokpy_interfaces/action/detail/plan_trajectory__functions.c\n'}
[8.317673] (robokpy_interfaces) StdoutLine: {'line': b'-- Up-to-date: /home/meta/Documents/robotics_workspace_new/install/robokpy_interfaces/include/robokpy_interfaces/robokpy_interfaces/action/detail/execute_vision_op__functions.h\n'}
[8.317935] (robokpy_interfaces) StdoutLine: {'line': b'-- Up-to-date: /home/meta/Documents/robotics_workspace_new/install/robokpy_interfaces/include/robokpy_interfaces/robokpy_interfaces/action/detail/execute_vision_op__description.c\n'}
[8.318531] (robokpy_interfaces) StdoutLine: {'line': b'-- Up-to-date: /home/meta/Documents/robotics_workspace_new/install/robokpy_interfaces/include/robokpy_interfaces/robokpy_interfaces/action/detail/tool_execution__functions.h\n'}
[8.322019] (robokpy_interfaces) StdoutLine: {'line': b'-- Up-to-date: /home/meta/Documents/robotics_workspace_new/install/robokpy_interfaces/include/robokpy_interfaces/robokpy_interfaces/action/detail/execute_move_step__functions.h\n'}
[8.322392] (robokpy_interfaces) StdoutLine: {'line': b'-- Up-to-date: /home/meta/Documents/robotics_workspace_new/install/robokpy_interfaces/include/robokpy_interfaces/robokpy_interfaces/action/detail/robot_trajectory__description.c\n'}
[8.322698] (robokpy_interfaces) StdoutLine: {'line': b'-- Installing: /home/meta/Documents/robotics_workspace_new/install/robokpy_interfaces/include/robokpy_interfaces/robokpy_interfaces/action/detail/tool_execution__type_support.c\n'}
[8.322986] (robokpy_interfaces) StdoutLine: {'line': b'-- Up-to-date: /home/meta/Documents/robotics_workspace_new/install/robokpy_interfaces/include/robokpy_interfaces/robokpy_interfaces/action/detail/execute_motion__functions.h\n'}
[8.323297] (robokpy_interfaces) StdoutLine: {'line': b'-- Installing: /home/meta/Documents/robotics_workspace_new/install/robokpy_interfaces/include/robokpy_interfaces/robokpy_interfaces/action/detail/execute_motion__type_support.c\n'}
[8.323607] (robokpy_interfaces) StdoutLine: {'line': b'-- Up-to-date: /home/meta/Documents/robotics_workspace_new/install/robokpy_interfaces/include/robokpy_interfaces/robokpy_interfaces/action/detail/execute_move_step__struct.h\n'}
[8.323893] (robokpy_interfaces) StdoutLine: {'line': b'-- Up-to-date: /home/meta/Documents/robotics_workspace_new/install/robokpy_interfaces/include/robokpy_interfaces/robokpy_interfaces/action/detail/execute_motion__struct.h\n'}
[8.324176] (robokpy_interfaces) StdoutLine: {'line': b'-- Up-to-date: /home/meta/Documents/robotics_workspace_new/install/robokpy_interfaces/include/robokpy_interfaces/robokpy_interfaces/action/detail/set_joint_target__type_support.h\n'}
[8.324610] (robokpy_interfaces) StdoutLine: {'line': b'-- Up-to-date: /home/meta/Documents/robotics_workspace_new/install/robokpy_interfaces/include/robokpy_interfaces/robokpy_interfaces/action/detail/tool_execution__functions.c\n'}
[8.325097] (robokpy_interfaces) StdoutLine: {'line': b'-- Up-to-date: /home/meta/Documents/robotics_workspace_new/install/robokpy_interfaces/include/robokpy_interfaces/robokpy_interfaces/action/detail/tool_execution__struct.h\n'}
[8.325639] (robokpy_interfaces) StdoutLine: {'line': b'-- Up-to-date: /home/meta/Documents/robotics_workspace_new/install/robokpy_interfaces/include/robokpy_interfaces/robokpy_interfaces/action/detail/execute_tool_op__functions.c\n'}
[8.325943] (robokpy_interfaces) StdoutLine: {'line': b'-- Up-to-date: /home/meta/Documents/robotics_workspace_new/install/robokpy_interfaces/include/robokpy_interfaces/robokpy_interfaces/action/detail/execute_motion__functions.c\n'}
[8.326251] (robokpy_interfaces) StdoutLine: {'line': b'-- Up-to-date: /home/meta/Documents/robotics_workspace_new/install/robokpy_interfaces/include/robokpy_interfaces/robokpy_interfaces/action/detail/execute_tool_op__description.c\n'}
[8.326751] (robokpy_interfaces) StdoutLine: {'line': b'-- Up-to-date: /home/meta/Documents/robotics_workspace_new/install/robokpy_interfaces/include/robokpy_interfaces/robokpy_interfaces/action/detail/execute_motion__description.c\n'}
[8.327045] (robokpy_interfaces) StdoutLine: {'line': b'-- Up-to-date: /home/meta/Documents/robotics_workspace_new/install/robokpy_interfaces/include/robokpy_interfaces/robokpy_interfaces/action/plan_trajectory.h\n'}
[8.327360] (robokpy_interfaces) StdoutLine: {'line': b'-- Up-to-date: /home/meta/Documents/robotics_workspace_new/install/robokpy_interfaces/include/robokpy_interfaces/robokpy_interfaces/action/tool_execution.h\n'}
[8.327656] (robokpy_interfaces) StdoutLine: {'line': b'-- Up-to-date: /home/meta/Documents/robotics_workspace_new/install/robokpy_interfaces/include/robokpy_interfaces/robokpy_interfaces/action/execute_move_step.h\n'}
[8.327939] (robokpy_interfaces) StdoutLine: {'line': b'-- Up-to-date: /home/meta/Documents/robotics_workspace_new/install/robokpy_interfaces/include/robokpy_interfaces/robokpy_interfaces/action/set_joint_target.h\n'}
[8.328291] (robokpy_interfaces) StdoutLine: {'line': b'-- Up-to-date: /home/meta/Documents/robotics_workspace_new/install/robokpy_interfaces/include/robokpy_interfaces/robokpy_interfaces/action/execute_motion.h\n'}
[8.328602] (-) TimerEvent: {}
[8.328879] (robokpy_interfaces) StdoutLine: {'line': b'-- Up-to-date: /home/meta/Documents/robotics_workspace_new/install/robokpy_interfaces/include/robokpy_interfaces/robokpy_interfaces/action/execute_vision_op.h\n'}
[8.329211] (robokpy_interfaces) StdoutLine: {'line': b'-- Up-to-date: /home/meta/Documents/robotics_workspace_new/install/robokpy_interfaces/include/robokpy_interfaces/robokpy_interfaces/action/execute_tool_op.h\n'}
[8.329525] (robokpy_interfaces) StdoutLine: {'line': b'-- Up-to-date: /home/meta/Documents/robotics_workspace_new/install/robokpy_interfaces/include/robokpy_interfaces/robokpy_interfaces/msg\n'}
[8.329814] (robokpy_interfaces) StdoutLine: {'line': b'-- Up-to-date: /home/meta/Documents/robotics_workspace_new/install/robokpy_interfaces/include/robokpy_interfaces/robokpy_interfaces/msg/cell_state.h\n'}
[8.330115] (robokpy_interfaces) StdoutLine: {'line': b'-- Up-to-date: /home/meta/Documents/robotics_workspace_new/install/robokpy_interfaces/include/robokpy_interfaces/robokpy_interfaces/msg/detail\n'}
[8.336322] (robokpy_interfaces) StdoutLine: {'line': b'-- Up-to-date: /home/meta/Documents/robotics_workspace_new/install/robokpy_interfaces/include/robokpy_interfaces/robokpy_interfaces/msg/detail/cell_state__functions.h\n'}
[8.338790] (robokpy_interfaces) StdoutLine: {'line': b'-- Up-to-date: /home/meta/Documents/robotics_workspace_new/install/robokpy_interfaces/include/robokpy_interfaces/robokpy_interfaces/msg/detail/cell_state__functions.c\n'}
[8.339134] (robokpy_interfaces) StdoutLine: {'line': b'-- Up-to-date: /home/meta/Documents/robotics_workspace_new/install/robokpy_interfaces/include/robokpy_interfaces/robokpy_interfaces/msg/detail/cell_state__type_support.h\n'}
[8.339433] (robokpy_interfaces) StdoutLine: {'line': b'-- Up-to-date: /home/meta/Documents/robotics_workspace_new/install/robokpy_interfaces/include/robokpy_interfaces/robokpy_interfaces/msg/detail/cell_state__struct.h\n'}
[8.339694] (robokpy_interfaces) StdoutLine: {'line': b'-- Installing: /home/meta/Documents/robotics_workspace_new/install/robokpy_interfaces/include/robokpy_interfaces/robokpy_interfaces/msg/detail/cell_state__type_support.c\n'}
[8.339948] (robokpy_interfaces) StdoutLine: {'line': b'-- Up-to-date: /home/meta/Documents/robotics_workspace_new/install/robokpy_interfaces/include/robokpy_interfaces/robokpy_interfaces/msg/detail/cell_state__description.c\n'}
[8.345548] (robokpy_interfaces) StdoutLine: {'line': b'-- Up-to-date: /home/meta/Documents/robotics_workspace_new/install/robokpy_interfaces/include/robokpy_interfaces/robokpy_interfaces/msg/rosidl_generator_c__visibility_control.h\n'}
[8.346929] (robokpy_interfaces) StdoutLine: {'line': b'-- Up-to-date: /home/meta/Documents/robotics_workspace_new/install/robokpy_interfaces/share/robokpy_interfaces/environment/library_path.sh\n'}
[8.347700] (robokpy_interfaces) StdoutLine: {'line': b'-- Up-to-date: /home/meta/Documents/robotics_workspace_new/install/robokpy_interfaces/share/robokpy_interfaces/environment/library_path.dsv\n'}
[8.348021] (robokpy_interfaces) StdoutLine: {'line': b'-- Up-to-date: /home/meta/Documents/robotics_workspace_new/install/robokpy_interfaces/lib/librobokpy_interfaces__rosidl_generator_c.so\n'}
[8.348337] (robokpy_interfaces) StdoutLine: {'line': b'-- Up-to-date: /home/meta/Documents/robotics_workspace_new/install/robokpy_interfaces/include/robokpy_interfaces/robokpy_interfaces\n'}
[8.348662] (robokpy_interfaces) StdoutLine: {'line': b'-- Up-to-date: /home/meta/Documents/robotics_workspace_new/install/robokpy_interfaces/include/robokpy_interfaces/robokpy_interfaces/srv\n'}
[8.348939] (robokpy_interfaces) StdoutLine: {'line': b'-- Up-to-date: /home/meta/Documents/robotics_workspace_new/install/robokpy_interfaces/include/robokpy_interfaces/robokpy_interfaces/srv/detail\n'}
[8.349224] (robokpy_interfaces) StdoutLine: {'line': b'-- Up-to-date: /home/meta/Documents/robotics_workspace_new/install/robokpy_interfaces/include/robokpy_interfaces/robokpy_interfaces/srv/detail/despawn_object__rosidl_typesupport_fastrtps_c.h\n'}
[8.349578] (robokpy_interfaces) StdoutLine: {'line': b'-- Up-to-date: /home/meta/Documents/robotics_workspace_new/install/robokpy_interfaces/include/robokpy_interfaces/robokpy_interfaces/srv/detail/grasp_attach__rosidl_typesupport_fastrtps_c.h\n'}
[8.349879] (robokpy_interfaces) StdoutLine: {'line': b'-- Up-to-date: /home/meta/Documents/robotics_workspace_new/install/robokpy_interfaces/include/robokpy_interfaces/robokpy_interfaces/srv/detail/spawn_object__rosidl_typesupport_fastrtps_c.h\n'}
[8.350125] (robokpy_interfaces) StdoutLine: {'line': b'-- Up-to-date: /home/meta/Documents/robotics_workspace_new/install/robokpy_interfaces/include/robokpy_interfaces/robokpy_interfaces/srv/detail/system_mode__rosidl_typesupport_fastrtps_c.h\n'}
[8.350398] (robokpy_interfaces) StdoutLine: {'line': b'-- Up-to-date: /home/meta/Documents/robotics_workspace_new/install/robokpy_interfaces/include/robokpy_interfaces/robokpy_interfaces/srv/detail/jacobian__rosidl_typesupport_fastrtps_c.h\n'}
[8.350640] (robokpy_interfaces) StdoutLine: {'line': b'-- Up-to-date: /home/meta/Documents/robotics_workspace_new/install/robokpy_interfaces/include/robokpy_interfaces/robokpy_interfaces/srv/detail/fk__rosidl_typesupport_fastrtps_c.h\n'}
[8.350964] (robokpy_interfaces) StdoutLine: {'line': b'-- Up-to-date: /home/meta/Documents/robotics_workspace_new/install/robokpy_interfaces/include/robokpy_interfaces/robokpy_interfaces/srv/detail/ik__rosidl_typesupport_fastrtps_c.h\n'}
[8.351215] (robokpy_interfaces) StdoutLine: {'line': b'-- Up-to-date: /home/meta/Documents/robotics_workspace_new/install/robokpy_interfaces/include/robokpy_interfaces/robokpy_interfaces/srv/detail/resolve_object_pose__rosidl_typesupport_fastrtps_c.h\n'}
[8.351483] (robokpy_interfaces) StdoutLine: {'line': b'-- Up-to-date: /home/meta/Documents/robotics_workspace_new/install/robokpy_interfaces/include/robokpy_interfaces/robokpy_interfaces/srv/detail/despawnobject__rosidl_typesupport_fastrtps_c.h\n'}
[8.357076] (robokpy_interfaces) StdoutLine: {'line': b'-- Up-to-date: /home/meta/Documents/robotics_workspace_new/install/robokpy_interfaces/include/robokpy_interfaces/robokpy_interfaces/srv/detail/execution_state__rosidl_typesupport_fastrtps_c.h\n'}
[8.358637] (robokpy_interfaces) StdoutLine: {'line': b'-- Up-to-date: /home/meta/Documents/robotics_workspace_new/install/robokpy_interfaces/include/robokpy_interfaces/robokpy_interfaces/srv/detail/reachable__rosidl_typesupport_fastrtps_c.h\n'}
[8.359080] (robokpy_interfaces) StdoutLine: {'line': b'-- Up-to-date: /home/meta/Documents/robotics_workspace_new/install/robokpy_interfaces/include/robokpy_interfaces/robokpy_interfaces/srv/detail/chain_fk__rosidl_typesupport_fastrtps_c.h\n'}
[8.359537] (robokpy_interfaces) StdoutLine: {'line': b'-- Up-to-date: /home/meta/Documents/robotics_workspace_new/install/robokpy_interfaces/include/robokpy_interfaces/robokpy_interfaces/srv/detail/set_planning_tip_link__rosidl_typesupport_fastrtps_c.h\n'}
[8.359903] (robokpy_interfaces) StdoutLine: {'line': b'-- Up-to-date: /home/meta/Documents/robotics_workspace_new/install/robokpy_interfaces/include/robokpy_interfaces/robokpy_interfaces/srv/detail/load_recipe__rosidl_typesupport_fastrtps_c.h\n'}
[8.360159] (robokpy_interfaces) StdoutLine: {'line': b'-- Up-to-date: /home/meta/Documents/robotics_workspace_new/install/robokpy_interfaces/include/robokpy_interfaces/robokpy_interfaces/srv/detail/spawnobject__rosidl_typesupport_fastrtps_c.h\n'}
[8.360449] (robokpy_interfaces) StdoutLine: {'line': b'-- Up-to-date: /home/meta/Documents/robotics_workspace_new/install/robokpy_interfaces/include/robokpy_interfaces/robokpy_interfaces/srv/detail/resume_execution__rosidl_typesupport_fastrtps_c.h\n'}
[8.360701] (robokpy_interfaces) StdoutLine: {'line': b'-- Up-to-date: /home/meta/Documents/robotics_workspace_new/install/robokpy_interfaces/include/robokpy_interfaces/robokpy_interfaces/action\n'}
[8.360943] (robokpy_interfaces) StdoutLine: {'line': b'-- Up-to-date: /home/meta/Documents/robotics_workspace_new/install/robokpy_interfaces/include/robokpy_interfaces/robokpy_interfaces/action/detail\n'}
[8.361342] (robokpy_interfaces) StdoutLine: {'line': b'-- Up-to-date: /home/meta/Documents/robotics_workspace_new/install/robokpy_interfaces/include/robokpy_interfaces/robokpy_interfaces/action/detail/plan_trajectory__rosidl_typesupport_fastrtps_c.h\n'}
[8.361743] (robokpy_interfaces) StdoutLine: {'line': b'-- Up-to-date: /home/meta/Documents/robotics_workspace_new/install/robokpy_interfaces/include/robokpy_interfaces/robokpy_interfaces/action/detail/execute_tool_op__rosidl_typesupport_fastrtps_c.h\n'}
[8.362020] (robokpy_interfaces) StdoutLine: {'line': b'-- Up-to-date: /home/meta/Documents/robotics_workspace_new/install/robokpy_interfaces/include/robokpy_interfaces/robokpy_interfaces/action/detail/tool_execution__rosidl_typesupport_fastrtps_c.h\n'}
[8.362382] (robokpy_interfaces) StdoutLine: {'line': b'-- Up-to-date: /home/meta/Documents/robotics_workspace_new/install/robokpy_interfaces/include/robokpy_interfaces/robokpy_interfaces/action/detail/set_joint_target__rosidl_typesupport_fastrtps_c.h\n'}
[8.362639] (robokpy_interfaces) StdoutLine: {'line': b'-- Up-to-date: /home/meta/Documents/robotics_workspace_new/install/robokpy_interfaces/include/robokpy_interfaces/robokpy_interfaces/action/detail/execute_vision_op__rosidl_typesupport_fastrtps_c.h\n'}
[8.362881] (robokpy_interfaces) StdoutLine: {'line': b'-- Up-to-date: /home/meta/Documents/robotics_workspace_new/install/robokpy_interfaces/include/robokpy_interfaces/robokpy_interfaces/action/detail/execute_motion__rosidl_typesupport_fastrtps_c.h\n'}
[8.363118] (robokpy_interfaces) StdoutLine: {'line': b'-- Up-to-date: /home/meta/Documents/robotics_workspace_new/install/robokpy_interfaces/include/robokpy_interfaces/robokpy_interfaces/action/detail/robot_trajectory__rosidl_typesupport_fastrtps_c.h\n'}
[8.363390] (robokpy_interfaces) StdoutLine: {'line': b'-- Up-to-date: /home/meta/Documents/robotics_workspace_new/install/robokpy_interfaces/include/robokpy_interfaces/robokpy_interfaces/action/detail/execute_move_step__rosidl_typesupport_fastrtps_c.h\n'}
[8.363636] (robokpy_interfaces) StdoutLine: {'line': b'-- Up-to-date: /home/meta/Documents/robotics_workspace_new/install/robokpy_interfaces/include/robokpy_interfaces/robokpy_interfaces/msg\n'}
[8.363883] (robokpy_interfaces) StdoutLine: {'line': b'-- Up-to-date: /home/meta/Documents/robotics_workspace_new/install/robokpy_interfaces/include/robokpy_interfaces/robokpy_interfaces/msg/detail\n'}
[8.364129] (robokpy_interfaces) StdoutLine: {'line': b'-- Up-to-date: /home/meta/Documents/robotics_workspace_new/install/robokpy_interfaces/include/robokpy_interfaces/robokpy_interfaces/msg/detail/cell_state__rosidl_typesupport_fastrtps_c.h\n'}
[8.364459] (robokpy_interfaces) StdoutLine: {'line': b'-- Up-to-date: /home/meta/Documents/robotics_workspace_new/install/robokpy_interfaces/include/robokpy_interfaces/robokpy_interfaces/msg/rosidl_typesupport_fastrtps_c__visibility_control.h\n'}
[8.364714] (robokpy_interfaces) StdoutLine: {'line': b'-- Up-to-date: /home/meta/Documents/robotics_workspace_new/install/robokpy_interfaces/lib/librobokpy_interfaces__rosidl_typesupport_fastrtps_c.so\n'}
[8.364977] (robokpy_interfaces) StdoutLine: {'line': b'-- Up-to-date: /home/meta/Documents/robotics_workspace_new/install/robokpy_interfaces/include/robokpy_interfaces/robokpy_interfaces\n'}
[8.365237] (robokpy_interfaces) StdoutLine: {'line': b'-- Up-to-date: /home/meta/Documents/robotics_workspace_new/install/robokpy_interfaces/include/robokpy_interfaces/robokpy_interfaces/srv\n'}
[8.365502] (robokpy_interfaces) StdoutLine: {'line': b'-- Up-to-date: /home/meta/Documents/robotics_workspace_new/install/robokpy_interfaces/include/robokpy_interfaces/robokpy_interfaces/srv/detail\n'}
[8.365777] (robokpy_interfaces) StdoutLine: {'line': b'-- Installing: /home/meta/Documents/robotics_workspace_new/install/robokpy_interfaces/include/robokpy_interfaces/robokpy_interfaces/srv/detail/spawn_object__type_support.c\n'}
[8.374516] (robokpy_interfaces) StdoutLine: {'line': b'-- Installing: /home/meta/Documents/robotics_workspace_new/install/robokpy_interfaces/include/robokpy_interfaces/robokpy_interfaces/srv/detail/system_mode__type_support.c\n'}
[8.375512] (robokpy_interfaces) StdoutLine: {'line': b'-- Installing: /home/meta/Documents/robotics_workspace_new/install/robokpy_interfaces/include/robokpy_interfaces/robokpy_interfaces/srv/detail/despawn_object__type_support.c\n'}
[8.389657] (robokpy_interfaces) StdoutLine: {'line': b'-- Up-to-date: /home/meta/Documents/robotics_workspace_new/install/robokpy_interfaces/include/robokpy_interfaces/robokpy_interfaces/srv/detail/fk__rosidl_typesupport_introspection_c.h\n'}
[8.390117] (robokpy_interfaces) StdoutLine: {'line': b'-- Installing: /home/meta/Documents/robotics_workspace_new/install/robokpy_interfaces/include/robokpy_interfaces/robokpy_interfaces/srv/detail/chain_fk__type_support.c\n'}
[8.406104] (robokpy_interfaces) StdoutLine: {'line': b'-- Up-to-date: /home/meta/Documents/robotics_workspace_new/install/robokpy_interfaces/include/robokpy_interfaces/robokpy_interfaces/srv/detail/spawnobject__rosidl_typesupport_introspection_c.h\n'}
[8.406639] (robokpy_interfaces) StdoutLine: {'line': b'-- Installing: /home/meta/Documents/robotics_workspace_new/install/robokpy_interfaces/include/robokpy_interfaces/robokpy_interfaces/srv/detail/despawnobject__type_support.c\n'}
[8.420608] (robokpy_interfaces) StdoutLine: {'line': b'-- Up-to-date: /home/meta/Documents/robotics_workspace_new/install/robokpy_interfaces/include/robokpy_interfaces/robokpy_interfaces/srv/detail/grasp_attach__rosidl_typesupport_introspection_c.h\n'}
[8.421083] (robokpy_interfaces) StdoutLine: {'line': b'-- Installing: /home/meta/Documents/robotics_workspace_new/install/robokpy_interfaces/include/robokpy_interfaces/robokpy_interfaces/srv/detail/reachable__type_support.c\n'}
[8.422776] (robokpy_interfaces) StdoutLine: {'line': b'-- Installing: /home/meta/Documents/robotics_workspace_new/install/robokpy_interfaces/include/robokpy_interfaces/robokpy_interfaces/srv/detail/resolve_object_pose__type_support.c\n'}
[8.425391] (robokpy_interfaces) StdoutLine: {'line': b'-- Installing: /home/meta/Documents/robotics_workspace_new/install/robokpy_interfaces/include/robokpy_interfaces/robokpy_interfaces/srv/detail/spawnobject__type_support.c\n'}
[8.427521] (robokpy_interfaces) StdoutLine: {'line': b'-- Up-to-date: /home/meta/Documents/robotics_workspace_new/install/robokpy_interfaces/include/robokpy_interfaces/robokpy_interfaces/srv/detail/ik__rosidl_typesupport_introspection_c.h\n'}
[8.427942] (robokpy_interfaces) StdoutLine: {'line': b'-- Up-to-date: /home/meta/Documents/robotics_workspace_new/install/robokpy_interfaces/include/robokpy_interfaces/robokpy_interfaces/srv/detail/set_planning_tip_link__rosidl_typesupport_introspection_c.h\n'}
[8.428290] (robokpy_interfaces) StdoutLine: {'line': b'-- Installing: /home/meta/Documents/robotics_workspace_new/install/robokpy_interfaces/include/robokpy_interfaces/robokpy_interfaces/srv/detail/ik__type_support.c\n'}
[8.428814] (-) TimerEvent: {}
[8.429947] (robokpy_interfaces) StdoutLine: {'line': b'-- Installing: /home/meta/Documents/robotics_workspace_new/install/robokpy_interfaces/include/robokpy_interfaces/robokpy_interfaces/srv/detail/fk__type_support.c\n'}
[8.432455] (robokpy_interfaces) StdoutLine: {'line': b'-- Installing: /home/meta/Documents/robotics_workspace_new/install/robokpy_interfaces/include/robokpy_interfaces/robokpy_interfaces/srv/detail/resume_execution__type_support.c\n'}
[8.451146] (robokpy_interfaces) StdoutLine: {'line': b'-- Installing: /home/meta/Documents/robotics_workspace_new/install/robokpy_interfaces/include/robokpy_interfaces/robokpy_interfaces/srv/detail/set_planning_tip_link__type_support.c\n'}
[8.451910] (robokpy_interfaces) StdoutLine: {'line': b'-- Up-to-date: /home/meta/Documents/robotics_workspace_new/install/robokpy_interfaces/include/robokpy_interfaces/robokpy_interfaces/srv/detail/despawn_object__rosidl_typesupport_introspection_c.h\n'}
[8.452403] (robokpy_interfaces) StdoutLine: {'line': b'-- Up-to-date: /home/meta/Documents/robotics_workspace_new/install/robokpy_interfaces/include/robokpy_interfaces/robokpy_interfaces/srv/detail/jacobian__rosidl_typesupport_introspection_c.h\n'}
[8.452742] (robokpy_interfaces) StdoutLine: {'line': b'-- Installing: /home/meta/Documents/robotics_workspace_new/install/robokpy_interfaces/include/robokpy_interfaces/robokpy_interfaces/srv/detail/load_recipe__type_support.c\n'}
[8.453946] (robokpy_interfaces) StdoutLine: {'line': b'-- Installing: /home/meta/Documents/robotics_workspace_new/install/robokpy_interfaces/include/robokpy_interfaces/robokpy_interfaces/srv/detail/jacobian__type_support.c\n'}
[8.454973] (robokpy_interfaces) StdoutLine: {'line': b'-- Up-to-date: /home/meta/Documents/robotics_workspace_new/install/robokpy_interfaces/include/robokpy_interfaces/robokpy_interfaces/srv/detail/resolve_object_pose__rosidl_typesupport_introspection_c.h\n'}
[8.455360] (robokpy_interfaces) StdoutLine: {'line': b'-- Up-to-date: /home/meta/Documents/robotics_workspace_new/install/robokpy_interfaces/include/robokpy_interfaces/robokpy_interfaces/srv/detail/reachable__rosidl_typesupport_introspection_c.h\n'}
[8.455648] (robokpy_interfaces) StdoutLine: {'line': b'-- Up-to-date: /home/meta/Documents/robotics_workspace_new/install/robokpy_interfaces/include/robokpy_interfaces/robokpy_interfaces/srv/detail/load_recipe__rosidl_typesupport_introspection_c.h\n'}
[8.456467] (robokpy_interfaces) StdoutLine: {'line': b'-- Installing: /home/meta/Documents/robotics_workspace_new/install/robokpy_interfaces/include/robokpy_interfaces/robokpy_interfaces/srv/detail/grasp_attach__type_support.c\n'}
[8.457072] (robokpy_interfaces) StdoutLine: {'line': b'-- Up-to-date: /home/meta/Documents/robotics_workspace_new/install/robokpy_interfaces/include/robokpy_interfaces/robokpy_interfaces/srv/detail/despawnobject__rosidl_typesupport_introspection_c.h\n'}
[8.458877] (robokpy_interfaces) StdoutLine: {'line': b'-- Installing: /home/meta/Documents/robotics_workspace_new/install/robokpy_interfaces/include/robokpy_interfaces/robokpy_interfaces/srv/detail/execution_state__type_support.c\n'}
[8.459466] (robokpy_interfaces) StdoutLine: {'line': b'-- Up-to-date: /home/meta/Documents/robotics_workspace_new/install/robokpy_interfaces/include/robokpy_interfaces/robokpy_interfaces/srv/detail/chain_fk__rosidl_typesupport_introspection_c.h\n'}
[8.459914] (robokpy_interfaces) StdoutLine: {'line': b'-- Up-to-date: /home/meta/Documents/robotics_workspace_new/install/robokpy_interfaces/include/robokpy_interfaces/robokpy_interfaces/srv/detail/resume_execution__rosidl_typesupport_introspection_c.h\n'}
[8.460286] (robokpy_interfaces) StdoutLine: {'line': b'-- Up-to-date: /home/meta/Documents/robotics_workspace_new/install/robokpy_interfaces/include/robokpy_interfaces/robokpy_interfaces/srv/detail/execution_state__rosidl_typesupport_introspection_c.h\n'}
[8.460615] (robokpy_interfaces) StdoutLine: {'line': b'-- Up-to-date: /home/meta/Documents/robotics_workspace_new/install/robokpy_interfaces/include/robokpy_interfaces/robokpy_interfaces/srv/detail/system_mode__rosidl_typesupport_introspection_c.h\n'}
[8.460978] (robokpy_interfaces) StdoutLine: {'line': b'-- Up-to-date: /home/meta/Documents/robotics_workspace_new/install/robokpy_interfaces/include/robokpy_interfaces/robokpy_interfaces/srv/detail/spawn_object__rosidl_typesupport_introspection_c.h\n'}
[8.461724] (robokpy_interfaces) StdoutLine: {'line': b'-- Up-to-date: /home/meta/Documents/robotics_workspace_new/install/robokpy_interfaces/include/robokpy_interfaces/robokpy_interfaces/action\n'}
[8.462020] (robokpy_interfaces) StdoutLine: {'line': b'-- Up-to-date: /home/meta/Documents/robotics_workspace_new/install/robokpy_interfaces/include/robokpy_interfaces/robokpy_interfaces/action/detail\n'}
[8.462309] (robokpy_interfaces) StdoutLine: {'line': b'-- Up-to-date: /home/meta/Documents/robotics_workspace_new/install/robokpy_interfaces/include/robokpy_interfaces/robokpy_interfaces/action/detail/robot_trajectory__rosidl_typesupport_introspection_c.h\n'}
[8.462611] (robokpy_interfaces) StdoutLine: {'line': b'-- Up-to-date: /home/meta/Documents/robotics_workspace_new/install/robokpy_interfaces/include/robokpy_interfaces/robokpy_interfaces/action/detail/execute_tool_op__rosidl_typesupport_introspection_c.h\n'}
[8.462866] (robokpy_interfaces) StdoutLine: {'line': b'-- Installing: /home/meta/Documents/robotics_workspace_new/install/robokpy_interfaces/include/robokpy_interfaces/robokpy_interfaces/action/detail/set_joint_target__type_support.c\n'}
[8.472440] (robokpy_interfaces) StdoutLine: {'line': b'-- Installing: /home/meta/Documents/robotics_workspace_new/install/robokpy_interfaces/include/robokpy_interfaces/robokpy_interfaces/action/detail/execute_vision_op__type_support.c\n'}
[8.475460] (robokpy_interfaces) StdoutLine: {'line': b'-- Installing: /home/meta/Documents/robotics_workspace_new/install/robokpy_interfaces/include/robokpy_interfaces/robokpy_interfaces/action/detail/execute_tool_op__type_support.c\n'}
[8.479994] (robokpy_interfaces) StdoutLine: {'line': b'-- Installing: /home/meta/Documents/robotics_workspace_new/install/robokpy_interfaces/include/robokpy_interfaces/robokpy_interfaces/action/detail/execute_move_step__type_support.c\n'}
[8.493380] (robokpy_interfaces) StdoutLine: {'line': b'-- Up-to-date: /home/meta/Documents/robotics_workspace_new/install/robokpy_interfaces/include/robokpy_interfaces/robokpy_interfaces/action/detail/plan_trajectory__rosidl_typesupport_introspection_c.h\n'}
[8.493937] (robokpy_interfaces) StdoutLine: {'line': b'-- Installing: /home/meta/Documents/robotics_workspace_new/install/robokpy_interfaces/include/robokpy_interfaces/robokpy_interfaces/action/detail/plan_trajectory__type_support.c\n'}
[8.506606] (robokpy_interfaces) StdoutLine: {'line': b'-- Up-to-date: /home/meta/Documents/robotics_workspace_new/install/robokpy_interfaces/include/robokpy_interfaces/robokpy_interfaces/action/detail/tool_execution__rosidl_typesupport_introspection_c.h\n'}
[8.507109] (robokpy_interfaces) StdoutLine: {'line': b'-- Installing: /home/meta/Documents/robotics_workspace_new/install/robokpy_interfaces/include/robokpy_interfaces/robokpy_interfaces/action/detail/robot_trajectory__type_support.c\n'}
[8.518121] (robokpy_interfaces) StdoutLine: {'line': b'-- Installing: /home/meta/Documents/robotics_workspace_new/install/robokpy_interfaces/include/robokpy_interfaces/robokpy_interfaces/action/detail/tool_execution__type_support.c\n'}
[8.528949] (-) TimerEvent: {}
[8.531732] (robokpy_interfaces) StdoutLine: {'line': b'-- Up-to-date: /home/meta/Documents/robotics_workspace_new/install/robokpy_interfaces/include/robokpy_interfaces/robokpy_interfaces/action/detail/execute_vision_op__rosidl_typesupport_introspection_c.h\n'}
[8.532172] (robokpy_interfaces) StdoutLine: {'line': b'-- Installing: /home/meta/Documents/robotics_workspace_new/install/robokpy_interfaces/include/robokpy_interfaces/robokpy_interfaces/action/detail/execute_motion__type_support.c\n'}
[8.545144] (robokpy_interfaces) StdoutLine: {'line': b'-- Up-to-date: /home/meta/Documents/robotics_workspace_new/install/robokpy_interfaces/include/robokpy_interfaces/robokpy_interfaces/action/detail/set_joint_target__rosidl_typesupport_introspection_c.h\n'}
[8.545705] (robokpy_interfaces) StdoutLine: {'line': b'-- Up-to-date: /home/meta/Documents/robotics_workspace_new/install/robokpy_interfaces/include/robokpy_interfaces/robokpy_interfaces/action/detail/execute_move_step__rosidl_typesupport_introspection_c.h\n'}
[8.546470] (robokpy_interfaces) StdoutLine: {'line': b'-- Up-to-date: /home/meta/Documents/robotics_workspace_new/install/robokpy_interfaces/include/robokpy_interfaces/robokpy_interfaces/action/detail/execute_motion__rosidl_typesupport_introspection_c.h\n'}
[8.546910] (robokpy_interfaces) StdoutLine: {'line': b'-- Up-to-date: /home/meta/Documents/robotics_workspace_new/install/robokpy_interfaces/include/robokpy_interfaces/robokpy_interfaces/msg\n'}
[8.547326] (robokpy_interfaces) StdoutLine: {'line': b'-- Up-to-date: /home/meta/Documents/robotics_workspace_new/install/robokpy_interfaces/include/robokpy_interfaces/robokpy_interfaces/msg/detail\n'}
[8.547708] (robokpy_interfaces) StdoutLine: {'line': b'-- Installing: /home/meta/Documents/robotics_workspace_new/install/robokpy_interfaces/include/robokpy_interfaces/robokpy_interfaces/msg/detail/cell_state__type_support.c\n'}
[8.548016] (robokpy_interfaces) StdoutLine: {'line': b'-- Up-to-date: /home/meta/Documents/robotics_workspace_new/install/robokpy_interfaces/include/robokpy_interfaces/robokpy_interfaces/msg/detail/cell_state__rosidl_typesupport_introspection_c.h\n'}
[8.548515] (robokpy_interfaces) StdoutLine: {'line': b'-- Up-to-date: /home/meta/Documents/robotics_workspace_new/install/robokpy_interfaces/include/robokpy_interfaces/robokpy_interfaces/msg/rosidl_typesupport_introspection_c__visibility_control.h\n'}
[8.548842] (robokpy_interfaces) StdoutLine: {'line': b'-- Up-to-date: /home/meta/Documents/robotics_workspace_new/install/robokpy_interfaces/lib/librobokpy_interfaces__rosidl_typesupport_introspection_c.so\n'}
[8.549582] (robokpy_interfaces) StdoutLine: {'line': b'-- Up-to-date: /home/meta/Documents/robotics_workspace_new/install/robokpy_interfaces/lib/librobokpy_interfaces__rosidl_typesupport_c.so\n'}
[8.550555] (robokpy_interfaces) StdoutLine: {'line': b'-- Up-to-date: /home/meta/Documents/robotics_workspace_new/install/robokpy_interfaces/include/robokpy_interfaces/robokpy_interfaces\n'}
[8.551319] (robokpy_interfaces) StdoutLine: {'line': b'-- Up-to-date: /home/meta/Documents/robotics_workspace_new/install/robokpy_interfaces/include/robokpy_interfaces/robokpy_interfaces/srv\n'}
[8.552219] (robokpy_interfaces) StdoutLine: {'line': b'-- Up-to-date: /home/meta/Documents/robotics_workspace_new/install/robokpy_interfaces/include/robokpy_interfaces/robokpy_interfaces/srv/spawn_object.hpp\n'}
[8.553038] (robokpy_interfaces) StdoutLine: {'line': b'-- Up-to-date: /home/meta/Documents/robotics_workspace_new/install/robokpy_interfaces/include/robokpy_interfaces/robokpy_interfaces/srv/system_mode.hpp\n'}
[8.554077] (robokpy_interfaces) StdoutLine: {'line': b'-- Up-to-date: /home/meta/Documents/robotics_workspace_new/install/robokpy_interfaces/include/robokpy_interfaces/robokpy_interfaces/srv/set_planning_tip_link.hpp\n'}
[8.554927] (robokpy_interfaces) StdoutLine: {'line': b'-- Up-to-date: /home/meta/Documents/robotics_workspace_new/install/robokpy_interfaces/include/robokpy_interfaces/robokpy_interfaces/srv/execution_state.hpp\n'}
[8.555539] (robokpy_interfaces) StdoutLine: {'line': b'-- Up-to-date: /home/meta/Documents/robotics_workspace_new/install/robokpy_interfaces/include/robokpy_interfaces/robokpy_interfaces/srv/jacobian.hpp\n'}
[8.556938] (robokpy_interfaces) StdoutLine: {'line': b'-- Up-to-date: /home/meta/Documents/robotics_workspace_new/install/robokpy_interfaces/include/robokpy_interfaces/robokpy_interfaces/srv/grasp_attach.hpp\n'}
[8.557376] (robokpy_interfaces) StdoutLine: {'line': b'-- Up-to-date: /home/meta/Documents/robotics_workspace_new/install/robokpy_interfaces/include/robokpy_interfaces/robokpy_interfaces/srv/load_recipe.hpp\n'}
[8.559998] (robokpy_interfaces) StdoutLine: {'line': b'-- Up-to-date: /home/meta/Documents/robotics_workspace_new/install/robokpy_interfaces/include/robokpy_interfaces/robokpy_interfaces/srv/detail\n'}
[8.561362] (robokpy_interfaces) StdoutLine: {'line': b'-- Up-to-date: /home/meta/Documents/robotics_workspace_new/install/robokpy_interfaces/include/robokpy_interfaces/robokpy_interfaces/srv/detail/grasp_attach__struct.hpp\n'}
[8.561741] (robokpy_interfaces) StdoutLine: {'line': b'-- Up-to-date: /home/meta/Documents/robotics_workspace_new/install/robokpy_interfaces/include/robokpy_interfaces/robokpy_interfaces/srv/detail/resume_execution__type_support.hpp\n'}
[8.562262] (robokpy_interfaces) StdoutLine: {'line': b'-- Up-to-date: /home/meta/Documents/robotics_workspace_new/install/robokpy_interfaces/include/robokpy_interfaces/robokpy_interfaces/srv/detail/ik__struct.hpp\n'}
[8.563044] (robokpy_interfaces) StdoutLine: {'line': b'-- Up-to-date: /home/meta/Documents/robotics_workspace_new/install/robokpy_interfaces/include/robokpy_interfaces/robokpy_interfaces/srv/detail/reachable__type_support.hpp\n'}
[8.564363] (robokpy_interfaces) StdoutLine: {'line': b'-- Up-to-date: /home/meta/Documents/robotics_workspace_new/install/robokpy_interfaces/include/robokpy_interfaces/robokpy_interfaces/srv/detail/system_mode__type_support.hpp\n'}
[8.565044] (robokpy_interfaces) StdoutLine: {'line': b'-- Up-to-date: /home/meta/Documents/robotics_workspace_new/install/robokpy_interfaces/include/robokpy_interfaces/robokpy_interfaces/srv/detail/despawnobject__builder.hpp\n'}
[8.565387] (robokpy_interfaces) StdoutLine: {'line': b'-- Up-to-date: /home/meta/Documents/robotics_workspace_new/install/robokpy_interfaces/include/robokpy_interfaces/robokpy_interfaces/srv/detail/despawnobject__type_support.hpp\n'}
[8.565854] (robokpy_interfaces) StdoutLine: {'line': b'-- Up-to-date: /home/meta/Documents/robotics_workspace_new/install/robokpy_interfaces/include/robokpy_interfaces/robokpy_interfaces/srv/detail/execution_state__type_support.hpp\n'}
[8.566207] (robokpy_interfaces) StdoutLine: {'line': b'-- Up-to-date: /home/meta/Documents/robotics_workspace_new/install/robokpy_interfaces/include/robokpy_interfaces/robokpy_interfaces/srv/detail/fk__type_support.hpp\n'}
[8.566837] (robokpy_interfaces) StdoutLine: {'line': b'-- Up-to-date: /home/meta/Documents/robotics_workspace_new/install/robokpy_interfaces/include/robokpy_interfaces/robokpy_interfaces/srv/detail/jacobian__struct.hpp\n'}
[8.567739] (robokpy_interfaces) StdoutLine: {'line': b'-- Up-to-date: /home/meta/Documents/robotics_workspace_new/install/robokpy_interfaces/include/robokpy_interfaces/robokpy_interfaces/srv/detail/ik__traits.hpp\n'}
[8.568868] (robokpy_interfaces) StdoutLine: {'line': b'-- Up-to-date: /home/meta/Documents/robotics_workspace_new/install/robokpy_interfaces/include/robokpy_interfaces/robokpy_interfaces/srv/detail/fk__struct.hpp\n'}
[8.570991] (robokpy_interfaces) StdoutLine: {'line': b'-- Up-to-date: /home/meta/Documents/robotics_workspace_new/install/robokpy_interfaces/include/robokpy_interfaces/robokpy_interfaces/srv/detail/grasp_attach__type_support.hpp\n'}
[8.571431] (robokpy_interfaces) StdoutLine: {'line': b'-- Up-to-date: /home/meta/Documents/robotics_workspace_new/install/robokpy_interfaces/include/robokpy_interfaces/robokpy_interfaces/srv/detail/execution_state__struct.hpp\n'}
[8.573083] (robokpy_interfaces) StdoutLine: {'line': b'-- Up-to-date: /home/meta/Documents/robotics_workspace_new/install/robokpy_interfaces/include/robokpy_interfaces/robokpy_interfaces/srv/detail/resume_execution__builder.hpp\n'}
[8.573645] (robokpy_interfaces) StdoutLine: {'line': b'-- Up-to-date: /home/meta/Documents/robotics_workspace_new/install/robokpy_interfaces/include/robokpy_interfaces/robokpy_interfaces/srv/detail/despawnobject__traits.hpp\n'}
[8.573934] (robokpy_interfaces) StdoutLine: {'line': b'-- Up-to-date: /home/meta/Documents/robotics_workspace_new/install/robokpy_interfaces/include/robokpy_interfaces/robokpy_interfaces/srv/detail/execution_state__traits.hpp\n'}
[8.574220] (robokpy_interfaces) StdoutLine: {'line': b'-- Up-to-date: /home/meta/Documents/robotics_workspace_new/install/robokpy_interfaces/include/robokpy_interfaces/robokpy_interfaces/srv/detail/chain_fk__type_support.hpp\n'}
[8.574595] (robokpy_interfaces) StdoutLine: {'line': b'-- Up-to-date: /home/meta/Documents/robotics_workspace_new/install/robokpy_interfaces/include/robokpy_interfaces/robokpy_interfaces/srv/detail/resolve_object_pose__builder.hpp\n'}
[8.574858] (robokpy_interfaces) StdoutLine: {'line': b'-- Up-to-date: /home/meta/Documents/robotics_workspace_new/install/robokpy_interfaces/include/robokpy_interfaces/robokpy_interfaces/srv/detail/resolve_object_pose__type_support.hpp\n'}
[8.575154] (robokpy_interfaces) StdoutLine: {'line': b'-- Up-to-date: /home/meta/Documents/robotics_workspace_new/install/robokpy_interfaces/include/robokpy_interfaces/robokpy_interfaces/srv/detail/fk__traits.hpp\n'}
[8.575548] (robokpy_interfaces) StdoutLine: {'line': b'-- Up-to-date: /home/meta/Documents/robotics_workspace_new/install/robokpy_interfaces/include/robokpy_interfaces/robokpy_interfaces/srv/detail/jacobian__type_support.hpp\n'}
[8.575912] (robokpy_interfaces) StdoutLine: {'line': b'-- Up-to-date: /home/meta/Documents/robotics_workspace_new/install/robokpy_interfaces/include/robokpy_interfaces/robokpy_interfaces/srv/detail/resolve_object_pose__struct.hpp\n'}
[8.576283] (robokpy_interfaces) StdoutLine: {'line': b'-- Up-to-date: /home/meta/Documents/robotics_workspace_new/install/robokpy_interfaces/include/robokpy_interfaces/robokpy_interfaces/srv/detail/despawn_object__traits.hpp\n'}
[8.576655] (robokpy_interfaces) StdoutLine: {'line': b'-- Up-to-date: /home/meta/Documents/robotics_workspace_new/install/robokpy_interfaces/include/robokpy_interfaces/robokpy_interfaces/srv/detail/load_recipe__type_support.hpp\n'}
[8.577276] (robokpy_interfaces) StdoutLine: {'line': b'-- Up-to-date: /home/meta/Documents/robotics_workspace_new/install/robokpy_interfaces/include/robokpy_interfaces/robokpy_interfaces/srv/detail/reachable__traits.hpp\n'}
[8.577834] (robokpy_interfaces) StdoutLine: {'line': b'-- Up-to-date: /home/meta/Documents/robotics_workspace_new/install/robokpy_interfaces/include/robokpy_interfaces/robokpy_interfaces/srv/detail/spawnobject__struct.hpp\n'}
[8.578346] (robokpy_interfaces) StdoutLine: {'line': b'-- Up-to-date: /home/meta/Documents/robotics_workspace_new/install/robokpy_interfaces/include/robokpy_interfaces/robokpy_interfaces/srv/detail/system_mode__builder.hpp\n'}
[8.578742] (robokpy_interfaces) StdoutLine: {'line': b'-- Up-to-date: /home/meta/Documents/robotics_workspace_new/install/robokpy_interfaces/include/robokpy_interfaces/robokpy_interfaces/srv/detail/set_planning_tip_link__builder.hpp\n'}
[8.579099] (robokpy_interfaces) StdoutLine: {'line': b'-- Up-to-date: /home/meta/Documents/robotics_workspace_new/install/robokpy_interfaces/include/robokpy_interfaces/robokpy_interfaces/srv/detail/resolve_object_pose__traits.hpp\n'}
[8.579567] (robokpy_interfaces) StdoutLine: {'line': b'-- Up-to-date: /home/meta/Documents/robotics_workspace_new/install/robokpy_interfaces/include/robokpy_interfaces/robokpy_interfaces/srv/detail/set_planning_tip_link__type_support.hpp\n'}
[8.579860] (robokpy_interfaces) StdoutLine: {'line': b'-- Up-to-date: /home/meta/Documents/robotics_workspace_new/install/robokpy_interfaces/include/robokpy_interfaces/robokpy_interfaces/srv/detail/reachable__struct.hpp\n'}
[8.580648] (robokpy_interfaces) StdoutLine: {'line': b'-- Up-to-date: /home/meta/Documents/robotics_workspace_new/install/robokpy_interfaces/include/robokpy_interfaces/robokpy_interfaces/srv/detail/resume_execution__struct.hpp\n'}
[8.582230] (robokpy_interfaces) StdoutLine: {'line': b'-- Up-to-date: /home/meta/Documents/robotics_workspace_new/install/robokpy_interfaces/include/robokpy_interfaces/robokpy_interfaces/srv/detail/spawn_object__type_support.hpp\n'}
[8.583084] (robokpy_interfaces) StdoutLine: {'line': b'-- Up-to-date: /home/meta/Documents/robotics_workspace_new/install/robokpy_interfaces/include/robokpy_interfaces/robokpy_interfaces/srv/detail/spawnobject__builder.hpp\n'}
[8.583298] (robokpy_interfaces) StdoutLine: {'line': b'-- Up-to-date: /home/meta/Documents/robotics_workspace_new/install/robokpy_interfaces/include/robokpy_interfaces/robokpy_interfaces/srv/detail/despawn_object__type_support.hpp\n'}
[8.583464] (robokpy_interfaces) StdoutLine: {'line': b'-- Up-to-date: /home/meta/Documents/robotics_workspace_new/install/robokpy_interfaces/include/robokpy_interfaces/robokpy_interfaces/srv/detail/system_mode__traits.hpp\n'}
[8.583714] (robokpy_interfaces) StdoutLine: {'line': b'-- Up-to-date: /home/meta/Documents/robotics_workspace_new/install/robokpy_interfaces/include/robokpy_interfaces/robokpy_interfaces/srv/detail/spawnobject__type_support.hpp\n'}
[8.583970] (robokpy_interfaces) StdoutLine: {'line': b'-- Up-to-date: /home/meta/Documents/robotics_workspace_new/install/robokpy_interfaces/include/robokpy_interfaces/robokpy_interfaces/srv/detail/spawn_object__struct.hpp\n'}
[8.584245] (robokpy_interfaces) StdoutLine: {'line': b'-- Up-to-date: /home/meta/Documents/robotics_workspace_new/install/robokpy_interfaces/include/robokpy_interfaces/robokpy_interfaces/srv/detail/ik__builder.hpp\n'}
[8.584542] (robokpy_interfaces) StdoutLine: {'line': b'-- Up-to-date: /home/meta/Documents/robotics_workspace_new/install/robokpy_interfaces/include/robokpy_interfaces/robokpy_interfaces/srv/detail/chain_fk__traits.hpp\n'}
[8.584795] (robokpy_interfaces) StdoutLine: {'line': b'-- Up-to-date: /home/meta/Documents/robotics_workspace_new/install/robokpy_interfaces/include/robokpy_interfaces/robokpy_interfaces/srv/detail/ik__type_support.hpp\n'}
[8.585040] (robokpy_interfaces) StdoutLine: {'line': b'-- Up-to-date: /home/meta/Documents/robotics_workspace_new/install/robokpy_interfaces/include/robokpy_interfaces/robokpy_interfaces/srv/detail/load_recipe__traits.hpp\n'}
[8.585280] (robokpy_interfaces) StdoutLine: {'line': b'-- Up-to-date: /home/meta/Documents/robotics_workspace_new/install/robokpy_interfaces/include/robokpy_interfaces/robokpy_interfaces/srv/detail/jacobian__traits.hpp\n'}
[8.585441] (robokpy_interfaces) StdoutLine: {'line': b'-- Up-to-date: /home/meta/Documents/robotics_workspace_new/install/robokpy_interfaces/include/robokpy_interfaces/robokpy_interfaces/srv/detail/despawnobject__struct.hpp\n'}
[8.585581] (robokpy_interfaces) StdoutLine: {'line': b'-- Up-to-date: /home/meta/Documents/robotics_workspace_new/install/robokpy_interfaces/include/robokpy_interfaces/robokpy_interfaces/srv/detail/execution_state__builder.hpp\n'}
[8.585716] (robokpy_interfaces) StdoutLine: {'line': b'-- Up-to-date: /home/meta/Documents/robotics_workspace_new/install/robokpy_interfaces/include/robokpy_interfaces/robokpy_interfaces/srv/detail/grasp_attach__builder.hpp\n'}
[8.585874] (robokpy_interfaces) StdoutLine: {'line': b'-- Up-to-date: /home/meta/Documents/robotics_workspace_new/install/robokpy_interfaces/include/robokpy_interfaces/robokpy_interfaces/srv/detail/jacobian__builder.hpp\n'}
[8.586009] (robokpy_interfaces) StdoutLine: {'line': b'-- Up-to-date: /home/meta/Documents/robotics_workspace_new/install/robokpy_interfaces/include/robokpy_interfaces/robokpy_interfaces/srv/detail/spawn_object__builder.hpp\n'}
[8.586143] (robokpy_interfaces) StdoutLine: {'line': b'-- Up-to-date: /home/meta/Documents/robotics_workspace_new/install/robokpy_interfaces/include/robokpy_interfaces/robokpy_interfaces/srv/detail/spawnobject__traits.hpp\n'}
[8.586340] (robokpy_interfaces) StdoutLine: {'line': b'-- Up-to-date: /home/meta/Documents/robotics_workspace_new/install/robokpy_interfaces/include/robokpy_interfaces/robokpy_interfaces/srv/detail/reachable__builder.hpp\n'}
[8.586482] (robokpy_interfaces) StdoutLine: {'line': b'-- Up-to-date: /home/meta/Documents/robotics_workspace_new/install/robokpy_interfaces/include/robokpy_interfaces/robokpy_interfaces/srv/detail/chain_fk__builder.hpp\n'}
[8.586616] (robokpy_interfaces) StdoutLine: {'line': b'-- Up-to-date: /home/meta/Documents/robotics_workspace_new/install/robokpy_interfaces/include/robokpy_interfaces/robokpy_interfaces/srv/detail/system_mode__struct.hpp\n'}
[8.586749] (robokpy_interfaces) StdoutLine: {'line': b'-- Up-to-date: /home/meta/Documents/robotics_workspace_new/install/robokpy_interfaces/include/robokpy_interfaces/robokpy_interfaces/srv/detail/grasp_attach__traits.hpp\n'}
[8.586902] (robokpy_interfaces) StdoutLine: {'line': b'-- Up-to-date: /home/meta/Documents/robotics_workspace_new/install/robokpy_interfaces/include/robokpy_interfaces/robokpy_interfaces/srv/detail/spawn_object__traits.hpp\n'}
[8.587053] (robokpy_interfaces) StdoutLine: {'line': b'-- Up-to-date: /home/meta/Documents/robotics_workspace_new/install/robokpy_interfaces/include/robokpy_interfaces/robokpy_interfaces/srv/detail/fk__builder.hpp\n'}
[8.587205] (robokpy_interfaces) StdoutLine: {'line': b'-- Up-to-date: /home/meta/Documents/robotics_workspace_new/install/robokpy_interfaces/include/robokpy_interfaces/robokpy_interfaces/srv/detail/load_recipe__builder.hpp\n'}
[8.587375] (robokpy_interfaces) StdoutLine: {'line': b'-- Up-to-date: /home/meta/Documents/robotics_workspace_new/install/robokpy_interfaces/include/robokpy_interfaces/robokpy_interfaces/srv/detail/resume_execution__traits.hpp\n'}
[8.587636] (robokpy_interfaces) StdoutLine: {'line': b'-- Up-to-date: /home/meta/Documents/robotics_workspace_new/install/robokpy_interfaces/include/robokpy_interfaces/robokpy_interfaces/srv/detail/chain_fk__struct.hpp\n'}
[8.587911] (robokpy_interfaces) StdoutLine: {'line': b'-- Up-to-date: /home/meta/Documents/robotics_workspace_new/install/robokpy_interfaces/include/robokpy_interfaces/robokpy_interfaces/srv/detail/set_planning_tip_link__traits.hpp\n'}
[8.588322] (robokpy_interfaces) StdoutLine: {'line': b'-- Up-to-date: /home/meta/Documents/robotics_workspace_new/install/robokpy_interfaces/include/robokpy_interfaces/robokpy_interfaces/srv/detail/despawn_object__builder.hpp\n'}
[8.588536] (robokpy_interfaces) StdoutLine: {'line': b'-- Up-to-date: /home/meta/Documents/robotics_workspace_new/install/robokpy_interfaces/include/robokpy_interfaces/robokpy_interfaces/srv/detail/despawn_object__struct.hpp\n'}
[8.588763] (robokpy_interfaces) StdoutLine: {'line': b'-- Up-to-date: /home/meta/Documents/robotics_workspace_new/install/robokpy_interfaces/include/robokpy_interfaces/robokpy_interfaces/srv/detail/load_recipe__struct.hpp\n'}
[8.588907] (robokpy_interfaces) StdoutLine: {'line': b'-- Up-to-date: /home/meta/Documents/robotics_workspace_new/install/robokpy_interfaces/include/robokpy_interfaces/robokpy_interfaces/srv/detail/set_planning_tip_link__struct.hpp\n'}
[8.589044] (robokpy_interfaces) StdoutLine: {'line': b'-- Up-to-date: /home/meta/Documents/robotics_workspace_new/install/robokpy_interfaces/include/robokpy_interfaces/robokpy_interfaces/srv/despawnobject.hpp\n'}
[8.589194] (robokpy_interfaces) StdoutLine: {'line': b'-- Up-to-date: /home/meta/Documents/robotics_workspace_new/install/robokpy_interfaces/include/robokpy_interfaces/robokpy_interfaces/srv/ik.hpp\n'}
[8.589383] (robokpy_interfaces) StdoutLine: {'line': b'-- Up-to-date: /home/meta/Documents/robotics_workspace_new/install/robokpy_interfaces/include/robokpy_interfaces/robokpy_interfaces/srv/spawnobject.hpp\n'}
[8.589639] (robokpy_interfaces) StdoutLine: {'line': b'-- Up-to-date: /home/meta/Documents/robotics_workspace_new/install/robokpy_interfaces/include/robokpy_interfaces/robokpy_interfaces/srv/resume_execution.hpp\n'}
[8.589875] (robokpy_interfaces) StdoutLine: {'line': b'-- Up-to-date: /home/meta/Documents/robotics_workspace_new/install/robokpy_interfaces/include/robokpy_interfaces/robokpy_interfaces/srv/reachable.hpp\n'}
[8.590015] (robokpy_interfaces) StdoutLine: {'line': b'-- Up-to-date: /home/meta/Documents/robotics_workspace_new/install/robokpy_interfaces/include/robokpy_interfaces/robokpy_interfaces/srv/fk.hpp\n'}
[8.590149] (robokpy_interfaces) StdoutLine: {'line': b'-- Up-to-date: /home/meta/Documents/robotics_workspace_new/install/robokpy_interfaces/include/robokpy_interfaces/robokpy_interfaces/srv/despawn_object.hpp\n'}
[8.590316] (robokpy_interfaces) StdoutLine: {'line': b'-- Up-to-date: /home/meta/Documents/robotics_workspace_new/install/robokpy_interfaces/include/robokpy_interfaces/robokpy_interfaces/srv/resolve_object_pose.hpp\n'}
[8.590484] (robokpy_interfaces) StdoutLine: {'line': b'-- Up-to-date: /home/meta/Documents/robotics_workspace_new/install/robokpy_interfaces/include/robokpy_interfaces/robokpy_interfaces/srv/chain_fk.hpp\n'}
[8.590620] (robokpy_interfaces) StdoutLine: {'line': b'-- Up-to-date: /home/meta/Documents/robotics_workspace_new/install/robokpy_interfaces/include/robokpy_interfaces/robokpy_interfaces/action\n'}
[8.590754] (robokpy_interfaces) StdoutLine: {'line': b'-- Up-to-date: /home/meta/Documents/robotics_workspace_new/install/robokpy_interfaces/include/robokpy_interfaces/robokpy_interfaces/action/robot_trajectory.hpp\n'}
[8.590966] (robokpy_interfaces) StdoutLine: {'line': b'-- Up-to-date: /home/meta/Documents/robotics_workspace_new/install/robokpy_interfaces/include/robokpy_interfaces/robokpy_interfaces/action/set_joint_target.hpp\n'}
[8.591108] (robokpy_interfaces) StdoutLine: {'line': b'-- Up-to-date: /home/meta/Documents/robotics_workspace_new/install/robokpy_interfaces/include/robokpy_interfaces/robokpy_interfaces/action/plan_trajectory.hpp\n'}
[8.591290] (robokpy_interfaces) StdoutLine: {'line': b'-- Up-to-date: /home/meta/Documents/robotics_workspace_new/install/robokpy_interfaces/include/robokpy_interfaces/robokpy_interfaces/action/tool_execution.hpp\n'}
[8.591436] (robokpy_interfaces) StdoutLine: {'line': b'-- Up-to-date: /home/meta/Documents/robotics_workspace_new/install/robokpy_interfaces/include/robokpy_interfaces/robokpy_interfaces/action/detail\n'}
[8.591572] (robokpy_interfaces) StdoutLine: {'line': b'-- Up-to-date: /home/meta/Documents/robotics_workspace_new/install/robokpy_interfaces/include/robokpy_interfaces/robokpy_interfaces/action/detail/execute_motion__type_support.hpp\n'}
[8.591706] (robokpy_interfaces) StdoutLine: {'line': b'-- Up-to-date: /home/meta/Documents/robotics_workspace_new/install/robokpy_interfaces/include/robokpy_interfaces/robokpy_interfaces/action/detail/plan_trajectory__type_support.hpp\n'}
[8.591838] (robokpy_interfaces) StdoutLine: {'line': b'-- Up-to-date: /home/meta/Documents/robotics_workspace_new/install/robokpy_interfaces/include/robokpy_interfaces/robokpy_interfaces/action/detail/execute_tool_op__traits.hpp\n'}
[8.591999] (robokpy_interfaces) StdoutLine: {'line': b'-- Up-to-date: /home/meta/Documents/robotics_workspace_new/install/robokpy_interfaces/include/robokpy_interfaces/robokpy_interfaces/action/detail/robot_trajectory__type_support.hpp\n'}
[8.592136] (robokpy_interfaces) StdoutLine: {'line': b'-- Up-to-date: /home/meta/Documents/robotics_workspace_new/install/robokpy_interfaces/include/robokpy_interfaces/robokpy_interfaces/action/detail/robot_trajectory__struct.hpp\n'}
[8.592301] (robokpy_interfaces) StdoutLine: {'line': b'-- Up-to-date: /home/meta/Documents/robotics_workspace_new/install/robokpy_interfaces/include/robokpy_interfaces/robokpy_interfaces/action/detail/execute_move_step__traits.hpp\n'}
[8.592442] (robokpy_interfaces) StdoutLine: {'line': b'-- Up-to-date: /home/meta/Documents/robotics_workspace_new/install/robokpy_interfaces/include/robokpy_interfaces/robokpy_interfaces/action/detail/execute_vision_op__struct.hpp\n'}
[8.592576] (robokpy_interfaces) StdoutLine: {'line': b'-- Up-to-date: /home/meta/Documents/robotics_workspace_new/install/robokpy_interfaces/include/robokpy_interfaces/robokpy_interfaces/action/detail/execute_motion__traits.hpp\n'}
[8.592708] (robokpy_interfaces) StdoutLine: {'line': b'-- Up-to-date: /home/meta/Documents/robotics_workspace_new/install/robokpy_interfaces/include/robokpy_interfaces/robokpy_interfaces/action/detail/set_joint_target__builder.hpp\n'}
[8.592842] (robokpy_interfaces) StdoutLine: {'line': b'-- Up-to-date: /home/meta/Documents/robotics_workspace_new/install/robokpy_interfaces/include/robokpy_interfaces/robokpy_interfaces/action/detail/plan_trajectory__traits.hpp\n'}
[8.592987] (robokpy_interfaces) StdoutLine: {'line': b'-- Up-to-date: /home/meta/Documents/robotics_workspace_new/install/robokpy_interfaces/include/robokpy_interfaces/robokpy_interfaces/action/detail/plan_trajectory__builder.hpp\n'}
[8.593151] (robokpy_interfaces) StdoutLine: {'line': b'-- Up-to-date: /home/meta/Documents/robotics_workspace_new/install/robokpy_interfaces/include/robokpy_interfaces/robokpy_interfaces/action/detail/execute_vision_op__builder.hpp\n'}
[8.593327] (robokpy_interfaces) StdoutLine: {'line': b'-- Up-to-date: /home/meta/Documents/robotics_workspace_new/install/robokpy_interfaces/include/robokpy_interfaces/robokpy_interfaces/action/detail/execute_tool_op__type_support.hpp\n'}
[8.593468] (robokpy_interfaces) StdoutLine: {'line': b'-- Up-to-date: /home/meta/Documents/robotics_workspace_new/install/robokpy_interfaces/include/robokpy_interfaces/robokpy_interfaces/action/detail/tool_execution__builder.hpp\n'}
[8.593602] (robokpy_interfaces) StdoutLine: {'line': b'-- Up-to-date: /home/meta/Documents/robotics_workspace_new/install/robokpy_interfaces/include/robokpy_interfaces/robokpy_interfaces/action/detail/set_joint_target__traits.hpp\n'}
[8.593750] (robokpy_interfaces) StdoutLine: {'line': b'-- Up-to-date: /home/meta/Documents/robotics_workspace_new/install/robokpy_interfaces/include/robokpy_interfaces/robokpy_interfaces/action/detail/execute_vision_op__traits.hpp\n'}
[8.593883] (robokpy_interfaces) StdoutLine: {'line': b'-- Up-to-date: /home/meta/Documents/robotics_workspace_new/install/robokpy_interfaces/include/robokpy_interfaces/robokpy_interfaces/action/detail/execute_tool_op__struct.hpp\n'}
[8.594037] (robokpy_interfaces) StdoutLine: {'line': b'-- Up-to-date: /home/meta/Documents/robotics_workspace_new/install/robokpy_interfaces/include/robokpy_interfaces/robokpy_interfaces/action/detail/tool_execution__struct.hpp\n'}
[8.594208] (robokpy_interfaces) StdoutLine: {'line': b'-- Up-to-date: /home/meta/Documents/robotics_workspace_new/install/robokpy_interfaces/include/robokpy_interfaces/robokpy_interfaces/action/detail/set_joint_target__struct.hpp\n'}
[8.594362] (robokpy_interfaces) StdoutLine: {'line': b'-- Up-to-date: /home/meta/Documents/robotics_workspace_new/install/robokpy_interfaces/include/robokpy_interfaces/robokpy_interfaces/action/detail/execute_motion__builder.hpp\n'}
[8.594496] (robokpy_interfaces) StdoutLine: {'line': b'-- Up-to-date: /home/meta/Documents/robotics_workspace_new/install/robokpy_interfaces/include/robokpy_interfaces/robokpy_interfaces/action/detail/tool_execution__type_support.hpp\n'}
[8.594627] (robokpy_interfaces) StdoutLine: {'line': b'-- Up-to-date: /home/meta/Documents/robotics_workspace_new/install/robokpy_interfaces/include/robokpy_interfaces/robokpy_interfaces/action/detail/execute_tool_op__builder.hpp\n'}
[8.594760] (robokpy_interfaces) StdoutLine: {'line': b'-- Up-to-date: /home/meta/Documents/robotics_workspace_new/install/robokpy_interfaces/include/robokpy_interfaces/robokpy_interfaces/action/detail/tool_execution__traits.hpp\n'}
[8.594892] (robokpy_interfaces) StdoutLine: {'line': b'-- Up-to-date: /home/meta/Documents/robotics_workspace_new/install/robokpy_interfaces/include/robokpy_interfaces/robokpy_interfaces/action/detail/execute_move_step__builder.hpp\n'}
[8.595024] (robokpy_interfaces) StdoutLine: {'line': b'-- Up-to-date: /home/meta/Documents/robotics_workspace_new/install/robokpy_interfaces/include/robokpy_interfaces/robokpy_interfaces/action/detail/robot_trajectory__traits.hpp\n'}
[8.595192] (robokpy_interfaces) StdoutLine: {'line': b'-- Up-to-date: /home/meta/Documents/robotics_workspace_new/install/robokpy_interfaces/include/robokpy_interfaces/robokpy_interfaces/action/detail/robot_trajectory__builder.hpp\n'}
[8.595351] (robokpy_interfaces) StdoutLine: {'line': b'-- Up-to-date: /home/meta/Documents/robotics_workspace_new/install/robokpy_interfaces/include/robokpy_interfaces/robokpy_interfaces/action/detail/execute_vision_op__type_support.hpp\n'}
[8.595486] (robokpy_interfaces) StdoutLine: {'line': b'-- Up-to-date: /home/meta/Documents/robotics_workspace_new/install/robokpy_interfaces/include/robokpy_interfaces/robokpy_interfaces/action/detail/execute_move_step__type_support.hpp\n'}
[8.595622] (robokpy_interfaces) StdoutLine: {'line': b'-- Up-to-date: /home/meta/Documents/robotics_workspace_new/install/robokpy_interfaces/include/robokpy_interfaces/robokpy_interfaces/action/detail/execute_motion__struct.hpp\n'}
[8.595755] (robokpy_interfaces) StdoutLine: {'line': b'-- Up-to-date: /home/meta/Documents/robotics_workspace_new/install/robokpy_interfaces/include/robokpy_interfaces/robokpy_interfaces/action/detail/plan_trajectory__struct.hpp\n'}
[8.595885] (robokpy_interfaces) StdoutLine: {'line': b'-- Up-to-date: /home/meta/Documents/robotics_workspace_new/install/robokpy_interfaces/include/robokpy_interfaces/robokpy_interfaces/action/detail/execute_move_step__struct.hpp\n'}
[8.596016] (robokpy_interfaces) StdoutLine: {'line': b'-- Up-to-date: /home/meta/Documents/robotics_workspace_new/install/robokpy_interfaces/include/robokpy_interfaces/robokpy_interfaces/action/detail/set_joint_target__type_support.hpp\n'}
[8.596147] (robokpy_interfaces) StdoutLine: {'line': b'-- Up-to-date: /home/meta/Documents/robotics_workspace_new/install/robokpy_interfaces/include/robokpy_interfaces/robokpy_interfaces/action/execute_vision_op.hpp\n'}
[8.596351] (robokpy_interfaces) StdoutLine: {'line': b'-- Up-to-date: /home/meta/Documents/robotics_workspace_new/install/robokpy_interfaces/include/robokpy_interfaces/robokpy_interfaces/action/execute_motion.hpp\n'}
[8.596495] (robokpy_interfaces) StdoutLine: {'line': b'-- Up-to-date: /home/meta/Documents/robotics_workspace_new/install/robokpy_interfaces/include/robokpy_interfaces/robokpy_interfaces/action/execute_tool_op.hpp\n'}
[8.596693] (robokpy_interfaces) StdoutLine: {'line': b'-- Up-to-date: /home/meta/Documents/robotics_workspace_new/install/robokpy_interfaces/include/robokpy_interfaces/robokpy_interfaces/action/execute_move_step.hpp\n'}
[8.596852] (robokpy_interfaces) StdoutLine: {'line': b'-- Up-to-date: /home/meta/Documents/robotics_workspace_new/install/robokpy_interfaces/include/robokpy_interfaces/robokpy_interfaces/msg\n'}
[8.597005] (robokpy_interfaces) StdoutLine: {'line': b'-- Up-to-date: /home/meta/Documents/robotics_workspace_new/install/robokpy_interfaces/include/robokpy_interfaces/robokpy_interfaces/msg/rosidl_generator_cpp__visibility_control.hpp\n'}
[8.597142] (robokpy_interfaces) StdoutLine: {'line': b'-- Up-to-date: /home/meta/Documents/robotics_workspace_new/install/robokpy_interfaces/include/robokpy_interfaces/robokpy_interfaces/msg/cell_state.hpp\n'}
[8.597333] (robokpy_interfaces) StdoutLine: {'line': b'-- Up-to-date: /home/meta/Documents/robotics_workspace_new/install/robokpy_interfaces/include/robokpy_interfaces/robokpy_interfaces/msg/detail\n'}
[8.597478] (robokpy_interfaces) StdoutLine: {'line': b'-- Up-to-date: /home/meta/Documents/robotics_workspace_new/install/robokpy_interfaces/include/robokpy_interfaces/robokpy_interfaces/msg/detail/cell_state__traits.hpp\n'}
[8.597639] (robokpy_interfaces) StdoutLine: {'line': b'-- Up-to-date: /home/meta/Documents/robotics_workspace_new/install/robokpy_interfaces/include/robokpy_interfaces/robokpy_interfaces/msg/detail/cell_state__struct.hpp\n'}
[8.597775] (robokpy_interfaces) StdoutLine: {'line': b'-- Up-to-date: /home/meta/Documents/robotics_workspace_new/install/robokpy_interfaces/include/robokpy_interfaces/robokpy_interfaces/msg/detail/cell_state__type_support.hpp\n'}
[8.597911] (robokpy_interfaces) StdoutLine: {'line': b'-- Up-to-date: /home/meta/Documents/robotics_workspace_new/install/robokpy_interfaces/include/robokpy_interfaces/robokpy_interfaces/msg/detail/cell_state__builder.hpp\n'}
[8.598049] (robokpy_interfaces) StdoutLine: {'line': b'-- Up-to-date: /home/meta/Documents/robotics_workspace_new/install/robokpy_interfaces/include/robokpy_interfaces/robokpy_interfaces\n'}
[8.598196] (robokpy_interfaces) StdoutLine: {'line': b'-- Up-to-date: /home/meta/Documents/robotics_workspace_new/install/robokpy_interfaces/include/robokpy_interfaces/robokpy_interfaces/srv\n'}
[8.598356] (robokpy_interfaces) StdoutLine: {'line': b'-- Up-to-date: /home/meta/Documents/robotics_workspace_new/install/robokpy_interfaces/include/robokpy_interfaces/robokpy_interfaces/srv/detail\n'}
[8.598506] (robokpy_interfaces) StdoutLine: {'line': b'-- Up-to-date: /home/meta/Documents/robotics_workspace_new/install/robokpy_interfaces/include/robokpy_interfaces/robokpy_interfaces/srv/detail/spawn_object__rosidl_typesupport_fastrtps_cpp.hpp\n'}
[8.598641] (robokpy_interfaces) StdoutLine: {'line': b'-- Up-to-date: /home/meta/Documents/robotics_workspace_new/install/robokpy_interfaces/include/robokpy_interfaces/robokpy_interfaces/srv/detail/spawnobject__rosidl_typesupport_fastrtps_cpp.hpp\n'}
[8.598775] (robokpy_interfaces) StdoutLine: {'line': b'-- Up-to-date: /home/meta/Documents/robotics_workspace_new/install/robokpy_interfaces/include/robokpy_interfaces/robokpy_interfaces/srv/detail/reachable__rosidl_typesupport_fastrtps_cpp.hpp\n'}
[8.598909] (robokpy_interfaces) StdoutLine: {'line': b'-- Up-to-date: /home/meta/Documents/robotics_workspace_new/install/robokpy_interfaces/include/robokpy_interfaces/robokpy_interfaces/srv/detail/fk__rosidl_typesupport_fastrtps_cpp.hpp\n'}
[8.599057] (robokpy_interfaces) StdoutLine: {'line': b'-- Up-to-date: /home/meta/Documents/robotics_workspace_new/install/robokpy_interfaces/include/robokpy_interfaces/robokpy_interfaces/srv/detail/ik__rosidl_typesupport_fastrtps_cpp.hpp\n'}
[8.599205] (robokpy_interfaces) StdoutLine: {'line': b'-- Up-to-date: /home/meta/Documents/robotics_workspace_new/install/robokpy_interfaces/include/robokpy_interfaces/robokpy_interfaces/srv/detail/resolve_object_pose__rosidl_typesupport_fastrtps_cpp.hpp\n'}
[8.599361] (robokpy_interfaces) StdoutLine: {'line': b'-- Up-to-date: /home/meta/Documents/robotics_workspace_new/install/robokpy_interfaces/include/robokpy_interfaces/robokpy_interfaces/srv/detail/execution_state__rosidl_typesupport_fastrtps_cpp.hpp\n'}
[8.599524] (robokpy_interfaces) StdoutLine: {'line': b'-- Up-to-date: /home/meta/Documents/robotics_workspace_new/install/robokpy_interfaces/include/robokpy_interfaces/robokpy_interfaces/srv/detail/grasp_attach__rosidl_typesupport_fastrtps_cpp.hpp\n'}
[8.599659] (robokpy_interfaces) StdoutLine: {'line': b'-- Up-to-date: /home/meta/Documents/robotics_workspace_new/install/robokpy_interfaces/include/robokpy_interfaces/robokpy_interfaces/srv/detail/resume_execution__rosidl_typesupport_fastrtps_cpp.hpp\n'}
[8.599804] (robokpy_interfaces) StdoutLine: {'line': b'-- Up-to-date: /home/meta/Documents/robotics_workspace_new/install/robokpy_interfaces/include/robokpy_interfaces/robokpy_interfaces/srv/detail/chain_fk__rosidl_typesupport_fastrtps_cpp.hpp\n'}
[8.599940] (robokpy_interfaces) StdoutLine: {'line': b'-- Up-to-date: /home/meta/Documents/robotics_workspace_new/install/robokpy_interfaces/include/robokpy_interfaces/robokpy_interfaces/srv/detail/system_mode__rosidl_typesupport_fastrtps_cpp.hpp\n'}
[8.600071] (robokpy_interfaces) StdoutLine: {'line': b'-- Up-to-date: /home/meta/Documents/robotics_workspace_new/install/robokpy_interfaces/include/robokpy_interfaces/robokpy_interfaces/srv/detail/load_recipe__rosidl_typesupport_fastrtps_cpp.hpp\n'}
[8.600215] (robokpy_interfaces) StdoutLine: {'line': b'-- Up-to-date: /home/meta/Documents/robotics_workspace_new/install/robokpy_interfaces/include/robokpy_interfaces/robokpy_interfaces/srv/detail/despawn_object__rosidl_typesupport_fastrtps_cpp.hpp\n'}
[8.600369] (robokpy_interfaces) StdoutLine: {'line': b'-- Up-to-date: /home/meta/Documents/robotics_workspace_new/install/robokpy_interfaces/include/robokpy_interfaces/robokpy_interfaces/srv/detail/dds_fastrtps\n'}
[8.600509] (robokpy_interfaces) StdoutLine: {'line': b'-- Up-to-date: /home/meta/Documents/robotics_workspace_new/install/robokpy_interfaces/include/robokpy_interfaces/robokpy_interfaces/srv/detail/jacobian__rosidl_typesupport_fastrtps_cpp.hpp\n'}
[8.600661] (robokpy_interfaces) StdoutLine: {'line': b'-- Up-to-date: /home/meta/Documents/robotics_workspace_new/install/robokpy_interfaces/include/robokpy_interfaces/robokpy_interfaces/srv/detail/set_planning_tip_link__rosidl_typesupport_fastrtps_cpp.hpp\n'}
[8.600795] (robokpy_interfaces) StdoutLine: {'line': b'-- Up-to-date: /home/meta/Documents/robotics_workspace_new/install/robokpy_interfaces/include/robokpy_interfaces/robokpy_interfaces/srv/detail/despawnobject__rosidl_typesupport_fastrtps_cpp.hpp\n'}
[8.600950] (robokpy_interfaces) StdoutLine: {'line': b'-- Up-to-date: /home/meta/Documents/robotics_workspace_new/install/robokpy_interfaces/include/robokpy_interfaces/robokpy_interfaces/action\n'}
[8.601082] (robokpy_interfaces) StdoutLine: {'line': b'-- Up-to-date: /home/meta/Documents/robotics_workspace_new/install/robokpy_interfaces/include/robokpy_interfaces/robokpy_interfaces/action/detail\n'}
[8.601239] (robokpy_interfaces) StdoutLine: {'line': b'-- Up-to-date: /home/meta/Documents/robotics_workspace_new/install/robokpy_interfaces/include/robokpy_interfaces/robokpy_interfaces/action/detail/set_joint_target__rosidl_typesupport_fastrtps_cpp.hpp\n'}
[8.601386] (robokpy_interfaces) StdoutLine: {'line': b'-- Up-to-date: /home/meta/Documents/robotics_workspace_new/install/robokpy_interfaces/include/robokpy_interfaces/robokpy_interfaces/action/detail/plan_trajectory__rosidl_typesupport_fastrtps_cpp.hpp\n'}
[8.601533] (robokpy_interfaces) StdoutLine: {'line': b'-- Up-to-date: /home/meta/Documents/robotics_workspace_new/install/robokpy_interfaces/include/robokpy_interfaces/robokpy_interfaces/action/detail/robot_trajectory__rosidl_typesupport_fastrtps_cpp.hpp\n'}
[8.601693] (robokpy_interfaces) StdoutLine: {'line': b'-- Up-to-date: /home/meta/Documents/robotics_workspace_new/install/robokpy_interfaces/include/robokpy_interfaces/robokpy_interfaces/action/detail/execute_move_step__rosidl_typesupport_fastrtps_cpp.hpp\n'}
[8.601829] (robokpy_interfaces) StdoutLine: {'line': b'-- Up-to-date: /home/meta/Documents/robotics_workspace_new/install/robokpy_interfaces/include/robokpy_interfaces/robokpy_interfaces/action/detail/tool_execution__rosidl_typesupport_fastrtps_cpp.hpp\n'}
[8.601962] (robokpy_interfaces) StdoutLine: {'line': b'-- Up-to-date: /home/meta/Documents/robotics_workspace_new/install/robokpy_interfaces/include/robokpy_interfaces/robokpy_interfaces/action/detail/execute_vision_op__rosidl_typesupport_fastrtps_cpp.hpp\n'}
[8.602096] (robokpy_interfaces) StdoutLine: {'line': b'-- Up-to-date: /home/meta/Documents/robotics_workspace_new/install/robokpy_interfaces/include/robokpy_interfaces/robokpy_interfaces/action/detail/dds_fastrtps\n'}
[8.602249] (robokpy_interfaces) StdoutLine: {'line': b'-- Up-to-date: /home/meta/Documents/robotics_workspace_new/install/robokpy_interfaces/include/robokpy_interfaces/robokpy_interfaces/action/detail/execute_motion__rosidl_typesupport_fastrtps_cpp.hpp\n'}
[8.602396] (robokpy_interfaces) StdoutLine: {'line': b'-- Up-to-date: /home/meta/Documents/robotics_workspace_new/install/robokpy_interfaces/include/robokpy_interfaces/robokpy_interfaces/action/detail/execute_tool_op__rosidl_typesupport_fastrtps_cpp.hpp\n'}
[8.602529] (robokpy_interfaces) StdoutLine: {'line': b'-- Up-to-date: /home/meta/Documents/robotics_workspace_new/install/robokpy_interfaces/include/robokpy_interfaces/robokpy_interfaces/msg\n'}
[8.602664] (robokpy_interfaces) StdoutLine: {'line': b'-- Up-to-date: /home/meta/Documents/robotics_workspace_new/install/robokpy_interfaces/include/robokpy_interfaces/robokpy_interfaces/msg/rosidl_typesupport_fastrtps_cpp__visibility_control.h\n'}
[8.602826] (robokpy_interfaces) StdoutLine: {'line': b'-- Up-to-date: /home/meta/Documents/robotics_workspace_new/install/robokpy_interfaces/include/robokpy_interfaces/robokpy_interfaces/msg/detail\n'}
[8.602976] (robokpy_interfaces) StdoutLine: {'line': b'-- Up-to-date: /home/meta/Documents/robotics_workspace_new/install/robokpy_interfaces/include/robokpy_interfaces/robokpy_interfaces/msg/detail/cell_state__rosidl_typesupport_fastrtps_cpp.hpp\n'}
[8.603117] (robokpy_interfaces) StdoutLine: {'line': b'-- Up-to-date: /home/meta/Documents/robotics_workspace_new/install/robokpy_interfaces/include/robokpy_interfaces/robokpy_interfaces/msg/detail/dds_fastrtps\n'}
[8.603307] (robokpy_interfaces) StdoutLine: {'line': b'-- Up-to-date: /home/meta/Documents/robotics_workspace_new/install/robokpy_interfaces/lib/librobokpy_interfaces__rosidl_typesupport_fastrtps_cpp.so\n'}
[8.603685] (robokpy_interfaces) StdoutLine: {'line': b'-- Up-to-date: /home/meta/Documents/robotics_workspace_new/install/robokpy_interfaces/include/robokpy_interfaces/robokpy_interfaces\n'}
[8.603983] (robokpy_interfaces) StdoutLine: {'line': b'-- Up-to-date: /home/meta/Documents/robotics_workspace_new/install/robokpy_interfaces/include/robokpy_interfaces/robokpy_interfaces/srv\n'}
[8.604262] (robokpy_interfaces) StdoutLine: {'line': b'-- Up-to-date: /home/meta/Documents/robotics_workspace_new/install/robokpy_interfaces/include/robokpy_interfaces/robokpy_interfaces/srv/detail\n'}
[8.604561] (robokpy_interfaces) StdoutLine: {'line': b'-- Up-to-date: /home/meta/Documents/robotics_workspace_new/install/robokpy_interfaces/include/robokpy_interfaces/robokpy_interfaces/srv/detail/spawnobject__rosidl_typesupport_introspection_cpp.hpp\n'}
[8.606411] (robokpy_interfaces) StdoutLine: {'line': b'-- Up-to-date: /home/meta/Documents/robotics_workspace_new/install/robokpy_interfaces/include/robokpy_interfaces/robokpy_interfaces/srv/detail/despawnobject__rosidl_typesupport_introspection_cpp.hpp\n'}
[8.606827] (robokpy_interfaces) StdoutLine: {'line': b'-- Up-to-date: /home/meta/Documents/robotics_workspace_new/install/robokpy_interfaces/include/robokpy_interfaces/robokpy_interfaces/srv/detail/ik__rosidl_typesupport_introspection_cpp.hpp\n'}
[8.607145] (robokpy_interfaces) StdoutLine: {'line': b'-- Up-to-date: /home/meta/Documents/robotics_workspace_new/install/robokpy_interfaces/include/robokpy_interfaces/robokpy_interfaces/srv/detail/ik__type_support.cpp\n'}
[8.607452] (robokpy_interfaces) StdoutLine: {'line': b'-- Up-to-date: /home/meta/Documents/robotics_workspace_new/install/robokpy_interfaces/include/robokpy_interfaces/robokpy_interfaces/srv/detail/jacobian__type_support.cpp\n'}
[8.607728] (robokpy_interfaces) StdoutLine: {'line': b'-- Up-to-date: /home/meta/Documents/robotics_workspace_new/install/robokpy_interfaces/include/robokpy_interfaces/robokpy_interfaces/srv/detail/despawn_object__type_support.cpp\n'}
[8.608001] (robokpy_interfaces) StdoutLine: {'line': b'-- Up-to-date: /home/meta/Documents/robotics_workspace_new/install/robokpy_interfaces/include/robokpy_interfaces/robokpy_interfaces/srv/detail/system_mode__rosidl_typesupport_introspection_cpp.hpp\n'}
[8.608287] (robokpy_interfaces) StdoutLine: {'line': b'-- Up-to-date: /home/meta/Documents/robotics_workspace_new/install/robokpy_interfaces/include/robokpy_interfaces/robokpy_interfaces/srv/detail/fk__type_support.cpp\n'}
[8.608578] (robokpy_interfaces) StdoutLine: {'line': b'-- Up-to-date: /home/meta/Documents/robotics_workspace_new/install/robokpy_interfaces/include/robokpy_interfaces/robokpy_interfaces/srv/detail/despawn_object__rosidl_typesupport_introspection_cpp.hpp\n'}
[8.608850] (robokpy_interfaces) StdoutLine: {'line': b'-- Up-to-date: /home/meta/Documents/robotics_workspace_new/install/robokpy_interfaces/include/robokpy_interfaces/robokpy_interfaces/srv/detail/despawnobject__type_support.cpp\n'}
[8.609129] (robokpy_interfaces) StdoutLine: {'line': b'-- Up-to-date: /home/meta/Documents/robotics_workspace_new/install/robokpy_interfaces/include/robokpy_interfaces/robokpy_interfaces/srv/detail/system_mode__type_support.cpp\n'}
[8.609481] (robokpy_interfaces) StdoutLine: {'line': b'-- Up-to-date: /home/meta/Documents/robotics_workspace_new/install/robokpy_interfaces/include/robokpy_interfaces/robokpy_interfaces/srv/detail/load_recipe__type_support.cpp\n'}
[8.609755] (robokpy_interfaces) StdoutLine: {'line': b'-- Up-to-date: /home/meta/Documents/robotics_workspace_new/install/robokpy_interfaces/include/robokpy_interfaces/robokpy_interfaces/srv/detail/set_planning_tip_link__type_support.cpp\n'}
[8.610026] (robokpy_interfaces) StdoutLine: {'line': b'-- Up-to-date: /home/meta/Documents/robotics_workspace_new/install/robokpy_interfaces/include/robokpy_interfaces/robokpy_interfaces/srv/detail/grasp_attach__rosidl_typesupport_introspection_cpp.hpp\n'}
[8.610377] (robokpy_interfaces) StdoutLine: {'line': b'-- Up-to-date: /home/meta/Documents/robotics_workspace_new/install/robokpy_interfaces/include/robokpy_interfaces/robokpy_interfaces/srv/detail/jacobian__rosidl_typesupport_introspection_cpp.hpp\n'}
[8.610663] (robokpy_interfaces) StdoutLine: {'line': b'-- Up-to-date: /home/meta/Documents/robotics_workspace_new/install/robokpy_interfaces/include/robokpy_interfaces/robokpy_interfaces/srv/detail/resume_execution__rosidl_typesupport_introspection_cpp.hpp\n'}
[8.610952] (robokpy_interfaces) StdoutLine: {'line': b'-- Up-to-date: /home/meta/Documents/robotics_workspace_new/install/robokpy_interfaces/include/robokpy_interfaces/robokpy_interfaces/srv/detail/chain_fk__rosidl_typesupport_introspection_cpp.hpp\n'}
[8.611232] (robokpy_interfaces) StdoutLine: {'line': b'-- Up-to-date: /home/meta/Documents/robotics_workspace_new/install/robokpy_interfaces/include/robokpy_interfaces/robokpy_interfaces/srv/detail/spawn_object__rosidl_typesupport_introspection_cpp.hpp\n'}
[8.611581] (robokpy_interfaces) StdoutLine: {'line': b'-- Up-to-date: /home/meta/Documents/robotics_workspace_new/install/robokpy_interfaces/include/robokpy_interfaces/robokpy_interfaces/srv/detail/reachable__type_support.cpp\n'}
[8.611872] (robokpy_interfaces) StdoutLine: {'line': b'-- Up-to-date: /home/meta/Documents/robotics_workspace_new/install/robokpy_interfaces/include/robokpy_interfaces/robokpy_interfaces/srv/detail/execution_state__rosidl_typesupport_introspection_cpp.hpp\n'}
[8.612138] (robokpy_interfaces) StdoutLine: {'line': b'-- Up-to-date: /home/meta/Documents/robotics_workspace_new/install/robokpy_interfaces/include/robokpy_interfaces/robokpy_interfaces/srv/detail/resume_execution__type_support.cpp\n'}
[8.612476] (robokpy_interfaces) StdoutLine: {'line': b'-- Up-to-date: /home/meta/Documents/robotics_workspace_new/install/robokpy_interfaces/include/robokpy_interfaces/robokpy_interfaces/srv/detail/resolve_object_pose__type_support.cpp\n'}
[8.612760] (robokpy_interfaces) StdoutLine: {'line': b'-- Up-to-date: /home/meta/Documents/robotics_workspace_new/install/robokpy_interfaces/include/robokpy_interfaces/robokpy_interfaces/srv/detail/grasp_attach__type_support.cpp\n'}
[8.613024] (robokpy_interfaces) StdoutLine: {'line': b'-- Up-to-date: /home/meta/Documents/robotics_workspace_new/install/robokpy_interfaces/include/robokpy_interfaces/robokpy_interfaces/srv/detail/execution_state__type_support.cpp\n'}
[8.613345] (robokpy_interfaces) StdoutLine: {'line': b'-- Up-to-date: /home/meta/Documents/robotics_workspace_new/install/robokpy_interfaces/include/robokpy_interfaces/robokpy_interfaces/srv/detail/spawnobject__type_support.cpp\n'}
[8.613685] (robokpy_interfaces) StdoutLine: {'line': b'-- Up-to-date: /home/meta/Documents/robotics_workspace_new/install/robokpy_interfaces/include/robokpy_interfaces/robokpy_interfaces/srv/detail/set_planning_tip_link__rosidl_typesupport_introspection_cpp.hpp\n'}
[8.614000] (robokpy_interfaces) StdoutLine: {'line': b'-- Up-to-date: /home/meta/Documents/robotics_workspace_new/install/robokpy_interfaces/include/robokpy_interfaces/robokpy_interfaces/srv/detail/reachable__rosidl_typesupport_introspection_cpp.hpp\n'}
[8.614296] (robokpy_interfaces) StdoutLine: {'line': b'-- Up-to-date: /home/meta/Documents/robotics_workspace_new/install/robokpy_interfaces/include/robokpy_interfaces/robokpy_interfaces/srv/detail/load_recipe__rosidl_typesupport_introspection_cpp.hpp\n'}
[8.614585] (robokpy_interfaces) StdoutLine: {'line': b'-- Up-to-date: /home/meta/Documents/robotics_workspace_new/install/robokpy_interfaces/include/robokpy_interfaces/robokpy_interfaces/srv/detail/fk__rosidl_typesupport_introspection_cpp.hpp\n'}
[8.614920] (robokpy_interfaces) StdoutLine: {'line': b'-- Up-to-date: /home/meta/Documents/robotics_workspace_new/install/robokpy_interfaces/include/robokpy_interfaces/robokpy_interfaces/srv/detail/spawn_object__type_support.cpp\n'}
[8.615204] (robokpy_interfaces) StdoutLine: {'line': b'-- Up-to-date: /home/meta/Documents/robotics_workspace_new/install/robokpy_interfaces/include/robokpy_interfaces/robokpy_interfaces/srv/detail/resolve_object_pose__rosidl_typesupport_introspection_cpp.hpp\n'}
[8.615508] (robokpy_interfaces) StdoutLine: {'line': b'-- Up-to-date: /home/meta/Documents/robotics_workspace_new/install/robokpy_interfaces/include/robokpy_interfaces/robokpy_interfaces/srv/detail/chain_fk__type_support.cpp\n'}
[8.615832] (robokpy_interfaces) StdoutLine: {'line': b'-- Up-to-date: /home/meta/Documents/robotics_workspace_new/install/robokpy_interfaces/include/robokpy_interfaces/robokpy_interfaces/action\n'}
[8.616107] (robokpy_interfaces) StdoutLine: {'line': b'-- Up-to-date: /home/meta/Documents/robotics_workspace_new/install/robokpy_interfaces/include/robokpy_interfaces/robokpy_interfaces/action/detail\n'}
[8.616415] (robokpy_interfaces) StdoutLine: {'line': b'-- Up-to-date: /home/meta/Documents/robotics_workspace_new/install/robokpy_interfaces/include/robokpy_interfaces/robokpy_interfaces/action/detail/execute_tool_op__type_support.cpp\n'}
[8.616692] (robokpy_interfaces) StdoutLine: {'line': b'-- Up-to-date: /home/meta/Documents/robotics_workspace_new/install/robokpy_interfaces/include/robokpy_interfaces/robokpy_interfaces/action/detail/execute_vision_op__type_support.cpp\n'}
[8.617049] (robokpy_interfaces) StdoutLine: {'line': b'-- Up-to-date: /home/meta/Documents/robotics_workspace_new/install/robokpy_interfaces/include/robokpy_interfaces/robokpy_interfaces/action/detail/plan_trajectory__rosidl_typesupport_introspection_cpp.hpp\n'}
[8.617378] (robokpy_interfaces) StdoutLine: {'line': b'-- Up-to-date: /home/meta/Documents/robotics_workspace_new/install/robokpy_interfaces/include/robokpy_interfaces/robokpy_interfaces/action/detail/execute_vision_op__rosidl_typesupport_introspection_cpp.hpp\n'}
[8.617686] (robokpy_interfaces) StdoutLine: {'line': b'-- Up-to-date: /home/meta/Documents/robotics_workspace_new/install/robokpy_interfaces/include/robokpy_interfaces/robokpy_interfaces/action/detail/set_joint_target__type_support.cpp\n'}
[8.618030] (robokpy_interfaces) StdoutLine: {'line': b'-- Up-to-date: /home/meta/Documents/robotics_workspace_new/install/robokpy_interfaces/include/robokpy_interfaces/robokpy_interfaces/action/detail/robot_trajectory__rosidl_typesupport_introspection_cpp.hpp\n'}
[8.618367] (robokpy_interfaces) StdoutLine: {'line': b'-- Up-to-date: /home/meta/Documents/robotics_workspace_new/install/robokpy_interfaces/include/robokpy_interfaces/robokpy_interfaces/action/detail/set_joint_target__rosidl_typesupport_introspection_cpp.hpp\n'}
[8.618672] (robokpy_interfaces) StdoutLine: {'line': b'-- Up-to-date: /home/meta/Documents/robotics_workspace_new/install/robokpy_interfaces/include/robokpy_interfaces/robokpy_interfaces/action/detail/execute_tool_op__rosidl_typesupport_introspection_cpp.hpp\n'}
[8.619736] (robokpy_interfaces) StdoutLine: {'line': b'-- Up-to-date: /home/meta/Documents/robotics_workspace_new/install/robokpy_interfaces/include/robokpy_interfaces/robokpy_interfaces/action/detail/plan_trajectory__type_support.cpp\n'}
[8.620225] (robokpy_interfaces) StdoutLine: {'line': b'-- Up-to-date: /home/meta/Documents/robotics_workspace_new/install/robokpy_interfaces/include/robokpy_interfaces/robokpy_interfaces/action/detail/tool_execution__rosidl_typesupport_introspection_cpp.hpp\n'}
[8.620550] (robokpy_interfaces) StdoutLine: {'line': b'-- Up-to-date: /home/meta/Documents/robotics_workspace_new/install/robokpy_interfaces/include/robokpy_interfaces/robokpy_interfaces/action/detail/execute_move_step__type_support.cpp\n'}
[8.620854] (robokpy_interfaces) StdoutLine: {'line': b'-- Up-to-date: /home/meta/Documents/robotics_workspace_new/install/robokpy_interfaces/include/robokpy_interfaces/robokpy_interfaces/action/detail/tool_execution__type_support.cpp\n'}
[8.622119] (robokpy_interfaces) StdoutLine: {'line': b'-- Up-to-date: /home/meta/Documents/robotics_workspace_new/install/robokpy_interfaces/include/robokpy_interfaces/robokpy_interfaces/action/detail/execute_motion__rosidl_typesupport_introspection_cpp.hpp\n'}
[8.623699] (robokpy_interfaces) StdoutLine: {'line': b'-- Up-to-date: /home/meta/Documents/robotics_workspace_new/install/robokpy_interfaces/include/robokpy_interfaces/robokpy_interfaces/action/detail/robot_trajectory__type_support.cpp\n'}
[8.624048] (robokpy_interfaces) StdoutLine: {'line': b'-- Up-to-date: /home/meta/Documents/robotics_workspace_new/install/robokpy_interfaces/include/robokpy_interfaces/robokpy_interfaces/action/detail/execute_move_step__rosidl_typesupport_introspection_cpp.hpp\n'}
[8.625524] (robokpy_interfaces) StdoutLine: {'line': b'-- Up-to-date: /home/meta/Documents/robotics_workspace_new/install/robokpy_interfaces/include/robokpy_interfaces/robokpy_interfaces/action/detail/execute_motion__type_support.cpp\n'}
[8.626096] (robokpy_interfaces) StdoutLine: {'line': b'-- Up-to-date: /home/meta/Documents/robotics_workspace_new/install/robokpy_interfaces/include/robokpy_interfaces/robokpy_interfaces/msg\n'}
[8.626453] (robokpy_interfaces) StdoutLine: {'line': b'-- Up-to-date: /home/meta/Documents/robotics_workspace_new/install/robokpy_interfaces/include/robokpy_interfaces/robokpy_interfaces/msg/detail\n'}
[8.627947] (robokpy_interfaces) StdoutLine: {'line': b'-- Up-to-date: /home/meta/Documents/robotics_workspace_new/install/robokpy_interfaces/include/robokpy_interfaces/robokpy_interfaces/msg/detail/cell_state__type_support.cpp\n'}
[8.628323] (robokpy_interfaces) StdoutLine: {'line': b'-- Up-to-date: /home/meta/Documents/robotics_workspace_new/install/robokpy_interfaces/include/robokpy_interfaces/robokpy_interfaces/msg/detail/cell_state__rosidl_typesupport_introspection_cpp.hpp\n'}
[8.628649] (robokpy_interfaces) StdoutLine: {'line': b'-- Up-to-date: /home/meta/Documents/robotics_workspace_new/install/robokpy_interfaces/lib/librobokpy_interfaces__rosidl_typesupport_introspection_cpp.so\n'}
[8.628997] (-) TimerEvent: {}
[8.629249] (robokpy_interfaces) StdoutLine: {'line': b'-- Up-to-date: /home/meta/Documents/robotics_workspace_new/install/robokpy_interfaces/lib/librobokpy_interfaces__rosidl_typesupport_cpp.so\n'}
[8.629603] (robokpy_interfaces) StdoutLine: {'line': b'-- Up-to-date: /home/meta/Documents/robotics_workspace_new/install/robokpy_interfaces/share/robokpy_interfaces/environment/pythonpath.sh\n'}
[8.629959] (robokpy_interfaces) StdoutLine: {'line': b'-- Up-to-date: /home/meta/Documents/robotics_workspace_new/install/robokpy_interfaces/share/robokpy_interfaces/environment/pythonpath.dsv\n'}
[8.630295] (robokpy_interfaces) StdoutLine: {'line': b'-- Up-to-date: /home/meta/Documents/robotics_workspace_new/install/robokpy_interfaces/lib/python3.12/site-packages/robokpy_interfaces-0.0.0-py3.12.egg-info\n'}
[8.630624] (robokpy_interfaces) StdoutLine: {'line': b'-- Installing: /home/meta/Documents/robotics_workspace_new/install/robokpy_interfaces/lib/python3.12/site-packages/robokpy_interfaces-0.0.0-py3.12.egg-info/dependency_links.txt\n'}
[8.631245] (robokpy_interfaces) StdoutLine: {'line': b'-- Installing: /home/meta/Documents/robotics_workspace_new/install/robokpy_interfaces/lib/python3.12/site-packages/robokpy_interfaces-0.0.0-py3.12.egg-info/SOURCES.txt\n'}
[8.631605] (robokpy_interfaces) StdoutLine: {'line': b'-- Installing: /home/meta/Documents/robotics_workspace_new/install/robokpy_interfaces/lib/python3.12/site-packages/robokpy_interfaces-0.0.0-py3.12.egg-info/PKG-INFO\n'}
[8.631903] (robokpy_interfaces) StdoutLine: {'line': b'-- Installing: /home/meta/Documents/robotics_workspace_new/install/robokpy_interfaces/lib/python3.12/site-packages/robokpy_interfaces-0.0.0-py3.12.egg-info/top_level.txt\n'}
[8.632743] (robokpy_interfaces) StdoutLine: {'line': b'-- Up-to-date: /home/meta/Documents/robotics_workspace_new/install/robokpy_interfaces/lib/python3.12/site-packages/robokpy_interfaces\n'}
[8.634838] (robokpy_interfaces) StdoutLine: {'line': b'-- Up-to-date: /home/meta/Documents/robotics_workspace_new/install/robokpy_interfaces/lib/python3.12/site-packages/robokpy_interfaces/srv\n'}
[8.635254] (robokpy_interfaces) StdoutLine: {'line': b'-- Up-to-date: /home/meta/Documents/robotics_workspace_new/install/robokpy_interfaces/lib/python3.12/site-packages/robokpy_interfaces/srv/_resolve_object_pose_s.c\n'}
[8.635628] (robokpy_interfaces) StdoutLine: {'line': b'-- Up-to-date: /home/meta/Documents/robotics_workspace_new/install/robokpy_interfaces/lib/python3.12/site-packages/robokpy_interfaces/srv/_jacobian.py\n'}
[8.635979] (robokpy_interfaces) StdoutLine: {'line': b'-- Up-to-date: /home/meta/Documents/robotics_workspace_new/install/robokpy_interfaces/lib/python3.12/site-packages/robokpy_interfaces/srv/_resume_execution.py\n'}
[8.636769] (robokpy_interfaces) StdoutLine: {'line': b'-- Up-to-date: /home/meta/Documents/robotics_workspace_new/install/robokpy_interfaces/lib/python3.12/site-packages/robokpy_interfaces/srv/_despawnobject.py\n'}
[8.637123] (robokpy_interfaces) StdoutLine: {'line': b'-- Up-to-date: /home/meta/Documents/robotics_workspace_new/install/robokpy_interfaces/lib/python3.12/site-packages/robokpy_interfaces/srv/_grasp_attach_s.c\n'}
[8.638384] (robokpy_interfaces) StdoutLine: {'line': b'-- Up-to-date: /home/meta/Documents/robotics_workspace_new/install/robokpy_interfaces/lib/python3.12/site-packages/robokpy_interfaces/srv/_spawnobject.py\n'}
[8.638893] (robokpy_interfaces) StdoutLine: {'line': b'-- Up-to-date: /home/meta/Documents/robotics_workspace_new/install/robokpy_interfaces/lib/python3.12/site-packages/robokpy_interfaces/srv/_despawn_object_s.c\n'}
[8.639263] (robokpy_interfaces) StdoutLine: {'line': b'-- Up-to-date: /home/meta/Documents/robotics_workspace_new/install/robokpy_interfaces/lib/python3.12/site-packages/robokpy_interfaces/srv/_load_recipe_s.c\n'}
[8.639741] (robokpy_interfaces) StdoutLine: {'line': b'-- Up-to-date: /home/meta/Documents/robotics_workspace_new/install/robokpy_interfaces/lib/python3.12/site-packages/robokpy_interfaces/srv/_resume_execution_s.c\n'}
[8.640036] (robokpy_interfaces) StdoutLine: {'line': b'-- Up-to-date: /home/meta/Documents/robotics_workspace_new/install/robokpy_interfaces/lib/python3.12/site-packages/robokpy_interfaces/srv/_execution_state_s.c\n'}
[8.640375] (robokpy_interfaces) StdoutLine: {'line': b'-- Up-to-date: /home/meta/Documents/robotics_workspace_new/install/robokpy_interfaces/lib/python3.12/site-packages/robokpy_interfaces/srv/_spawnobject_s.c\n'}
[8.640717] (robokpy_interfaces) StdoutLine: {'line': b'-- Up-to-date: /home/meta/Documents/robotics_workspace_new/install/robokpy_interfaces/lib/python3.12/site-packages/robokpy_interfaces/srv/_fk_s.c\n'}
[8.641004] (robokpy_interfaces) StdoutLine: {'line': b'-- Up-to-date: /home/meta/Documents/robotics_workspace_new/install/robokpy_interfaces/lib/python3.12/site-packages/robokpy_interfaces/srv/_reachable_s.c\n'}
[8.641332] (robokpy_interfaces) StdoutLine: {'line': b'-- Up-to-date: /home/meta/Documents/robotics_workspace_new/install/robokpy_interfaces/lib/python3.12/site-packages/robokpy_interfaces/srv/_despawn_object.py\n'}
[8.641626] (robokpy_interfaces) StdoutLine: {'line': b'-- Up-to-date: /home/meta/Documents/robotics_workspace_new/install/robokpy_interfaces/lib/python3.12/site-packages/robokpy_interfaces/srv/_spawn_object.py\n'}
[8.641971] (robokpy_interfaces) StdoutLine: {'line': b'-- Up-to-date: /home/meta/Documents/robotics_workspace_new/install/robokpy_interfaces/lib/python3.12/site-packages/robokpy_interfaces/srv/_load_recipe.py\n'}
[8.642285] (robokpy_interfaces) StdoutLine: {'line': b'-- Up-to-date: /home/meta/Documents/robotics_workspace_new/install/robokpy_interfaces/lib/python3.12/site-packages/robokpy_interfaces/srv/_fk.py\n'}
[8.642590] (robokpy_interfaces) StdoutLine: {'line': b'-- Up-to-date: /home/meta/Documents/robotics_workspace_new/install/robokpy_interfaces/lib/python3.12/site-packages/robokpy_interfaces/srv/_execution_state.py\n'}
[8.642934] (robokpy_interfaces) StdoutLine: {'line': b'-- Up-to-date: /home/meta/Documents/robotics_workspace_new/install/robokpy_interfaces/lib/python3.12/site-packages/robokpy_interfaces/srv/_resolve_object_pose.py\n'}
[8.643276] (robokpy_interfaces) StdoutLine: {'line': b'-- Up-to-date: /home/meta/Documents/robotics_workspace_new/install/robokpy_interfaces/lib/python3.12/site-packages/robokpy_interfaces/srv/_jacobian_s.c\n'}
[8.643562] (robokpy_interfaces) StdoutLine: {'line': b'-- Up-to-date: /home/meta/Documents/robotics_workspace_new/install/robokpy_interfaces/lib/python3.12/site-packages/robokpy_interfaces/srv/_system_mode.py\n'}
[8.643831] (robokpy_interfaces) StdoutLine: {'line': b'-- Up-to-date: /home/meta/Documents/robotics_workspace_new/install/robokpy_interfaces/lib/python3.12/site-packages/robokpy_interfaces/srv/_chain_fk.py\n'}
[8.644171] (robokpy_interfaces) StdoutLine: {'line': b'-- Up-to-date: /home/meta/Documents/robotics_workspace_new/install/robokpy_interfaces/lib/python3.12/site-packages/robokpy_interfaces/srv/_reachable.py\n'}
[8.644497] (robokpy_interfaces) StdoutLine: {'line': b'-- Up-to-date: /home/meta/Documents/robotics_workspace_new/install/robokpy_interfaces/lib/python3.12/site-packages/robokpy_interfaces/srv/_system_mode_s.c\n'}
[8.644768] (robokpy_interfaces) StdoutLine: {'line': b'-- Up-to-date: /home/meta/Documents/robotics_workspace_new/install/robokpy_interfaces/lib/python3.12/site-packages/robokpy_interfaces/srv/_ik_s.c\n'}
[8.645126] (robokpy_interfaces) StdoutLine: {'line': b'-- Up-to-date: /home/meta/Documents/robotics_workspace_new/install/robokpy_interfaces/lib/python3.12/site-packages/robokpy_interfaces/srv/__init__.py\n'}
[8.645447] (robokpy_interfaces) StdoutLine: {'line': b'-- Up-to-date: /home/meta/Documents/robotics_workspace_new/install/robokpy_interfaces/lib/python3.12/site-packages/robokpy_interfaces/srv/_ik.py\n'}
[8.645745] (robokpy_interfaces) StdoutLine: {'line': b'-- Up-to-date: /home/meta/Documents/robotics_workspace_new/install/robokpy_interfaces/lib/python3.12/site-packages/robokpy_interfaces/srv/_grasp_attach.py\n'}
[8.646080] (robokpy_interfaces) StdoutLine: {'line': b'-- Up-to-date: /home/meta/Documents/robotics_workspace_new/install/robokpy_interfaces/lib/python3.12/site-packages/robokpy_interfaces/srv/_despawnobject_s.c\n'}
[8.646411] (robokpy_interfaces) StdoutLine: {'line': b'-- Up-to-date: /home/meta/Documents/robotics_workspace_new/install/robokpy_interfaces/lib/python3.12/site-packages/robokpy_interfaces/srv/_set_planning_tip_link_s.c\n'}
[8.646716] (robokpy_interfaces) StdoutLine: {'line': b'-- Up-to-date: /home/meta/Documents/robotics_workspace_new/install/robokpy_interfaces/lib/python3.12/site-packages/robokpy_interfaces/srv/_spawn_object_s.c\n'}
[8.646999] (robokpy_interfaces) StdoutLine: {'line': b'-- Up-to-date: /home/meta/Documents/robotics_workspace_new/install/robokpy_interfaces/lib/python3.12/site-packages/robokpy_interfaces/srv/_set_planning_tip_link.py\n'}
[8.647380] (robokpy_interfaces) StdoutLine: {'line': b'-- Up-to-date: /home/meta/Documents/robotics_workspace_new/install/robokpy_interfaces/lib/python3.12/site-packages/robokpy_interfaces/srv/_chain_fk_s.c\n'}
[8.647682] (robokpy_interfaces) StdoutLine: {'line': b'-- Up-to-date: /home/meta/Documents/robotics_workspace_new/install/robokpy_interfaces/lib/python3.12/site-packages/robokpy_interfaces/robokpy_interfaces_s__rosidl_typesupport_c.so\n'}
[8.647957] (robokpy_interfaces) StdoutLine: {'line': b'-- Up-to-date: /home/meta/Documents/robotics_workspace_new/install/robokpy_interfaces/lib/python3.12/site-packages/robokpy_interfaces/_robokpy_interfaces_s.ep.rosidl_typesupport_introspection_c.c\n'}
[8.648337] (robokpy_interfaces) StdoutLine: {'line': b'-- Up-to-date: /home/meta/Documents/robotics_workspace_new/install/robokpy_interfaces/lib/python3.12/site-packages/robokpy_interfaces/action\n'}
[8.648646] (robokpy_interfaces) StdoutLine: {'line': b'-- Up-to-date: /home/meta/Documents/robotics_workspace_new/install/robokpy_interfaces/lib/python3.12/site-packages/robokpy_interfaces/action/_execute_move_step_s.c\n'}
[8.648931] (robokpy_interfaces) StdoutLine: {'line': b'-- Up-to-date: /home/meta/Documents/robotics_workspace_new/install/robokpy_interfaces/lib/python3.12/site-packages/robokpy_interfaces/action/_execute_tool_op_s.c\n'}
[8.649224] (robokpy_interfaces) StdoutLine: {'line': b'-- Up-to-date: /home/meta/Documents/robotics_workspace_new/install/robokpy_interfaces/lib/python3.12/site-packages/robokpy_interfaces/action/_execute_vision_op.py\n'}
[8.649576] (robokpy_interfaces) StdoutLine: {'line': b'-- Up-to-date: /home/meta/Documents/robotics_workspace_new/install/robokpy_interfaces/lib/python3.12/site-packages/robokpy_interfaces/action/_plan_trajectory_s.c\n'}
[8.649863] (robokpy_interfaces) StdoutLine: {'line': b'-- Up-to-date: /home/meta/Documents/robotics_workspace_new/install/robokpy_interfaces/lib/python3.12/site-packages/robokpy_interfaces/action/_tool_execution.py\n'}
[8.650149] (robokpy_interfaces) StdoutLine: {'line': b'-- Up-to-date: /home/meta/Documents/robotics_workspace_new/install/robokpy_interfaces/lib/python3.12/site-packages/robokpy_interfaces/action/_robot_trajectory.py\n'}
[8.650541] (robokpy_interfaces) StdoutLine: {'line': b'-- Up-to-date: /home/meta/Documents/robotics_workspace_new/install/robokpy_interfaces/lib/python3.12/site-packages/robokpy_interfaces/action/_tool_execution_s.c\n'}
[8.650854] (robokpy_interfaces) StdoutLine: {'line': b'-- Up-to-date: /home/meta/Documents/robotics_workspace_new/install/robokpy_interfaces/lib/python3.12/site-packages/robokpy_interfaces/action/_execute_tool_op.py\n'}
[8.651155] (robokpy_interfaces) StdoutLine: {'line': b'-- Up-to-date: /home/meta/Documents/robotics_workspace_new/install/robokpy_interfaces/lib/python3.12/site-packages/robokpy_interfaces/action/_set_joint_target.py\n'}
[8.651515] (robokpy_interfaces) StdoutLine: {'line': b'-- Up-to-date: /home/meta/Documents/robotics_workspace_new/install/robokpy_interfaces/lib/python3.12/site-packages/robokpy_interfaces/action/_execute_motion_s.c\n'}
[8.651814] (robokpy_interfaces) StdoutLine: {'line': b'-- Up-to-date: /home/meta/Documents/robotics_workspace_new/install/robokpy_interfaces/lib/python3.12/site-packages/robokpy_interfaces/action/_execute_move_step.py\n'}
[8.652105] (robokpy_interfaces) StdoutLine: {'line': b'-- Up-to-date: /home/meta/Documents/robotics_workspace_new/install/robokpy_interfaces/lib/python3.12/site-packages/robokpy_interfaces/action/_plan_trajectory.py\n'}
[8.652424] (robokpy_interfaces) StdoutLine: {'line': b'-- Up-to-date: /home/meta/Documents/robotics_workspace_new/install/robokpy_interfaces/lib/python3.12/site-packages/robokpy_interfaces/action/__init__.py\n'}
[8.652773] (robokpy_interfaces) StdoutLine: {'line': b'-- Up-to-date: /home/meta/Documents/robotics_workspace_new/install/robokpy_interfaces/lib/python3.12/site-packages/robokpy_interfaces/action/_execute_vision_op_s.c\n'}
[8.653067] (robokpy_interfaces) StdoutLine: {'line': b'-- Up-to-date: /home/meta/Documents/robotics_workspace_new/install/robokpy_interfaces/lib/python3.12/site-packages/robokpy_interfaces/action/_set_joint_target_s.c\n'}
[8.653406] (robokpy_interfaces) StdoutLine: {'line': b'-- Up-to-date: /home/meta/Documents/robotics_workspace_new/install/robokpy_interfaces/lib/python3.12/site-packages/robokpy_interfaces/action/_execute_motion.py\n'}
[8.653736] (robokpy_interfaces) StdoutLine: {'line': b'-- Up-to-date: /home/meta/Documents/robotics_workspace_new/install/robokpy_interfaces/lib/python3.12/site-packages/robokpy_interfaces/action/_robot_trajectory_s.c\n'}
[8.654032] (robokpy_interfaces) StdoutLine: {'line': b'-- Up-to-date: /home/meta/Documents/robotics_workspace_new/install/robokpy_interfaces/lib/python3.12/site-packages/robokpy_interfaces/msg\n'}
[8.655311] (robokpy_interfaces) StdoutLine: {'line': b'-- Up-to-date: /home/meta/Documents/robotics_workspace_new/install/robokpy_interfaces/lib/python3.12/site-packages/robokpy_interfaces/msg/_cell_state_s.c\n'}
[8.655665] (robokpy_interfaces) StdoutLine: {'line': b'-- Up-to-date: /home/meta/Documents/robotics_workspace_new/install/robokpy_interfaces/lib/python3.12/site-packages/robokpy_interfaces/msg/__init__.py\n'}
[8.655985] (robokpy_interfaces) StdoutLine: {'line': b'-- Up-to-date: /home/meta/Documents/robotics_workspace_new/install/robokpy_interfaces/lib/python3.12/site-packages/robokpy_interfaces/msg/_cell_state.py\n'}
[8.656300] (robokpy_interfaces) StdoutLine: {'line': b'-- Up-to-date: /home/meta/Documents/robotics_workspace_new/install/robokpy_interfaces/lib/python3.12/site-packages/robokpy_interfaces/robokpy_interfaces_s__rosidl_typesupport_fastrtps_c.so\n'}
[8.656613] (robokpy_interfaces) StdoutLine: {'line': b'-- Up-to-date: /home/meta/Documents/robotics_workspace_new/install/robokpy_interfaces/lib/python3.12/site-packages/robokpy_interfaces/_robokpy_interfaces_s.ep.rosidl_typesupport_c.c\n'}
[8.656910] (robokpy_interfaces) StdoutLine: {'line': b'-- Up-to-date: /home/meta/Documents/robotics_workspace_new/install/robokpy_interfaces/lib/python3.12/site-packages/robokpy_interfaces/robokpy_interfaces_s__rosidl_typesupport_introspection_c.so\n'}
[8.657361] (robokpy_interfaces) StdoutLine: {'line': b'-- Up-to-date: /home/meta/Documents/robotics_workspace_new/install/robokpy_interfaces/lib/python3.12/site-packages/robokpy_interfaces/__init__.py\n'}
[8.657683] (robokpy_interfaces) StdoutLine: {'line': b'-- Up-to-date: /home/meta/Documents/robotics_workspace_new/install/robokpy_interfaces/lib/python3.12/site-packages/robokpy_interfaces/_robokpy_interfaces_s.ep.rosidl_typesupport_fastrtps_c.c\n'}
[8.729141] (-) TimerEvent: {}
[8.743820] (robokpy_interfaces) StdoutLine: {'line': b"Listing '/home/meta/Documents/robotics_workspace_new/install/robokpy_interfaces/lib/python3.12/site-packages/robokpy_interfaces'...\n"}
[8.744241] (robokpy_interfaces) StdoutLine: {'line': b"Listing '/home/meta/Documents/robotics_workspace_new/install/robokpy_interfaces/lib/python3.12/site-packages/robokpy_interfaces/action'...\n"}
[8.744521] (robokpy_interfaces) StdoutLine: {'line': b"Listing '/home/meta/Documents/robotics_workspace_new/install/robokpy_interfaces/lib/python3.12/site-packages/robokpy_interfaces/msg'...\n"}
[8.744768] (robokpy_interfaces) StdoutLine: {'line': b"Listing '/home/meta/Documents/robotics_workspace_new/install/robokpy_interfaces/lib/python3.12/site-packages/robokpy_interfaces/srv'...\n"}
[8.762402] (robokpy_interfaces) StdoutLine: {'line': b'-- Up-to-date: /home/meta/Documents/robotics_workspace_new/install/robokpy_interfaces/lib/python3.12/site-packages/robokpy_interfaces/robokpy_interfaces_s__rosidl_typesupport_fastrtps_c.so\n'}
[8.763503] (robokpy_interfaces) StdoutLine: {'line': b'-- Up-to-date: /home/meta/Documents/robotics_workspace_new/install/robokpy_interfaces/lib/python3.12/site-packages/robokpy_interfaces/robokpy_interfaces_s__rosidl_typesupport_introspection_c.so\n'}
[8.764626] (robokpy_interfaces) StdoutLine: {'line': b'-- Up-to-date: /home/meta/Documents/robotics_workspace_new/install/robokpy_interfaces/lib/python3.12/site-packages/robokpy_interfaces/robokpy_interfaces_s__rosidl_typesupport_c.so\n'}
[8.765766] (robokpy_interfaces) StdoutLine: {'line': b'-- Up-to-date: /home/meta/Documents/robotics_workspace_new/install/robokpy_interfaces/lib/librobokpy_interfaces__rosidl_generator_py.so\n'}
[8.766483] (robokpy_interfaces) StdoutLine: {'line': b'-- Up-to-date: /home/meta/Documents/robotics_workspace_new/install/robokpy_interfaces/share/robokpy_interfaces/srv/ExecutionState.idl\n'}
[8.766890] (robokpy_interfaces) StdoutLine: {'line': b'-- Up-to-date: /home/meta/Documents/robotics_workspace_new/install/robokpy_interfaces/share/robokpy_interfaces/srv/SystemMode.idl\n'}
[8.767355] (robokpy_interfaces) StdoutLine: {'line': b'-- Up-to-date: /home/meta/Documents/robotics_workspace_new/install/robokpy_interfaces/share/robokpy_interfaces/srv/FK.idl\n'}
[8.767753] (robokpy_interfaces) StdoutLine: {'line': b'-- Up-to-date: /home/meta/Documents/robotics_workspace_new/install/robokpy_interfaces/share/robokpy_interfaces/srv/IK.idl\n'}
[8.768223] (robokpy_interfaces) StdoutLine: {'line': b'-- Up-to-date: /home/meta/Documents/robotics_workspace_new/install/robokpy_interfaces/share/robokpy_interfaces/srv/Jacobian.idl\n'}
[8.768731] (robokpy_interfaces) StdoutLine: {'line': b'-- Up-to-date: /home/meta/Documents/robotics_workspace_new/install/robokpy_interfaces/share/robokpy_interfaces/srv/Reachable.idl\n'}
[8.768999] (robokpy_interfaces) StdoutLine: {'line': b'-- Up-to-date: /home/meta/Documents/robotics_workspace_new/install/robokpy_interfaces/share/robokpy_interfaces/srv/ChainFK.idl\n'}
[8.769599] (robokpy_interfaces) StdoutLine: {'line': b'-- Up-to-date: /home/meta/Documents/robotics_workspace_new/install/robokpy_interfaces/share/robokpy_interfaces/srv/SetPlanningTipLink.idl\n'}
[8.770063] (robokpy_interfaces) StdoutLine: {'line': b'-- Up-to-date: /home/meta/Documents/robotics_workspace_new/install/robokpy_interfaces/share/robokpy_interfaces/srv/GraspAttach.idl\n'}
[8.770465] (robokpy_interfaces) StdoutLine: {'line': b'-- Up-to-date: /home/meta/Documents/robotics_workspace_new/install/robokpy_interfaces/share/robokpy_interfaces/srv/ResumeExecution.idl\n'}
[8.770909] (robokpy_interfaces) StdoutLine: {'line': b'-- Up-to-date: /home/meta/Documents/robotics_workspace_new/install/robokpy_interfaces/share/robokpy_interfaces/srv/LoadRecipe.idl\n'}
[8.771398] (robokpy_interfaces) StdoutLine: {'line': b'-- Up-to-date: /home/meta/Documents/robotics_workspace_new/install/robokpy_interfaces/share/robokpy_interfaces/srv/SpawnObject.idl\n'}
[8.771984] (robokpy_interfaces) StdoutLine: {'line': b'-- Up-to-date: /home/meta/Documents/robotics_workspace_new/install/robokpy_interfaces/share/robokpy_interfaces/srv/DespawnObject.idl\n'}
[8.772496] (robokpy_interfaces) StdoutLine: {'line': b'-- Up-to-date: /home/meta/Documents/robotics_workspace_new/install/robokpy_interfaces/share/robokpy_interfaces/srv/ResolveObjectPose.idl\n'}
[8.773018] (robokpy_interfaces) StdoutLine: {'line': b'-- Up-to-date: /home/meta/Documents/robotics_workspace_new/install/robokpy_interfaces/share/robokpy_interfaces/msg/CellState.idl\n'}
[8.773773] (robokpy_interfaces) StdoutLine: {'line': b'-- Up-to-date: /home/meta/Documents/robotics_workspace_new/install/robokpy_interfaces/share/robokpy_interfaces/action/ExecuteMotion.idl\n'}
[8.774505] (robokpy_interfaces) StdoutLine: {'line': b'-- Up-to-date: /home/meta/Documents/robotics_workspace_new/install/robokpy_interfaces/share/robokpy_interfaces/action/ExecuteToolOp.idl\n'}
[8.774843] (robokpy_interfaces) StdoutLine: {'line': b'-- Up-to-date: /home/meta/Documents/robotics_workspace_new/install/robokpy_interfaces/share/robokpy_interfaces/action/ExecuteVisionOp.idl\n'}
[8.775437] (robokpy_interfaces) StdoutLine: {'line': b'-- Up-to-date: /home/meta/Documents/robotics_workspace_new/install/robokpy_interfaces/share/robokpy_interfaces/action/SetJointTarget.idl\n'}
[8.775942] (robokpy_interfaces) StdoutLine: {'line': b'-- Up-to-date: /home/meta/Documents/robotics_workspace_new/install/robokpy_interfaces/share/robokpy_interfaces/action/ExecuteMoveStep.idl\n'}
[8.776370] (robokpy_interfaces) StdoutLine: {'line': b'-- Up-to-date: /home/meta/Documents/robotics_workspace_new/install/robokpy_interfaces/share/robokpy_interfaces/srv/ExecutionState.srv\n'}
[8.776856] (robokpy_interfaces) StdoutLine: {'line': b'-- Up-to-date: /home/meta/Documents/robotics_workspace_new/install/robokpy_interfaces/share/robokpy_interfaces/srv/SystemMode.srv\n'}
[8.777322] (robokpy_interfaces) StdoutLine: {'line': b'-- Up-to-date: /home/meta/Documents/robotics_workspace_new/install/robokpy_interfaces/share/robokpy_interfaces/srv/FK.srv\n'}
[8.777604] (robokpy_interfaces) StdoutLine: {'line': b'-- Up-to-date: /home/meta/Documents/robotics_workspace_new/install/robokpy_interfaces/share/robokpy_interfaces/srv/IK.srv\n'}
[8.777856] (robokpy_interfaces) StdoutLine: {'line': b'-- Up-to-date: /home/meta/Documents/robotics_workspace_new/install/robokpy_interfaces/share/robokpy_interfaces/srv/Jacobian.srv\n'}
[8.778119] (robokpy_interfaces) StdoutLine: {'line': b'-- Up-to-date: /home/meta/Documents/robotics_workspace_new/install/robokpy_interfaces/share/robokpy_interfaces/srv/Reachable.srv\n'}
[8.778531] (robokpy_interfaces) StdoutLine: {'line': b'-- Up-to-date: /home/meta/Documents/robotics_workspace_new/install/robokpy_interfaces/share/robokpy_interfaces/srv/ChainFK.srv\n'}
[8.778811] (robokpy_interfaces) StdoutLine: {'line': b'-- Up-to-date: /home/meta/Documents/robotics_workspace_new/install/robokpy_interfaces/share/robokpy_interfaces/srv/SetPlanningTipLink.srv\n'}
[8.779073] (robokpy_interfaces) StdoutLine: {'line': b'-- Up-to-date: /home/meta/Documents/robotics_workspace_new/install/robokpy_interfaces/share/robokpy_interfaces/srv/GraspAttach.srv\n'}
[8.779345] (robokpy_interfaces) StdoutLine: {'line': b'-- Up-to-date: /home/meta/Documents/robotics_workspace_new/install/robokpy_interfaces/share/robokpy_interfaces/srv/ResumeExecution.srv\n'}
[8.779624] (robokpy_interfaces) StdoutLine: {'line': b'-- Up-to-date: /home/meta/Documents/robotics_workspace_new/install/robokpy_interfaces/share/robokpy_interfaces/srv/LoadRecipe.srv\n'}
[8.779891] (robokpy_interfaces) StdoutLine: {'line': b'-- Up-to-date: /home/meta/Documents/robotics_workspace_new/install/robokpy_interfaces/share/robokpy_interfaces/srv/SpawnObject.srv\n'}
[8.780155] (robokpy_interfaces) StdoutLine: {'line': b'-- Up-to-date: /home/meta/Documents/robotics_workspace_new/install/robokpy_interfaces/share/robokpy_interfaces/srv/DespawnObject.srv\n'}
[8.780439] (robokpy_interfaces) StdoutLine: {'line': b'-- Up-to-date: /home/meta/Documents/robotics_workspace_new/install/robokpy_interfaces/share/robokpy_interfaces/srv/ResolveObjectPose.srv\n'}
[8.780722] (robokpy_interfaces) StdoutLine: {'line': b'-- Up-to-date: /home/meta/Documents/robotics_workspace_new/install/robokpy_interfaces/share/robokpy_interfaces/msg/CellState.msg\n'}
[8.780980] (robokpy_interfaces) StdoutLine: {'line': b'-- Up-to-date: /home/meta/Documents/robotics_workspace_new/install/robokpy_interfaces/share/robokpy_interfaces/action/ExecuteMotion.action\n'}
[8.781259] (robokpy_interfaces) StdoutLine: {'line': b'-- Up-to-date: /home/meta/Documents/robotics_workspace_new/install/robokpy_interfaces/share/robokpy_interfaces/action/ExecuteToolOp.action\n'}
[8.781535] (robokpy_interfaces) StdoutLine: {'line': b'-- Up-to-date: /home/meta/Documents/robotics_workspace_new/install/robokpy_interfaces/share/robokpy_interfaces/action/ExecuteVisionOp.action\n'}
[8.781791] (robokpy_interfaces) StdoutLine: {'line': b'-- Up-to-date: /home/meta/Documents/robotics_workspace_new/install/robokpy_interfaces/share/robokpy_interfaces/action/SetJointTarget.action\n'}
[8.782052] (robokpy_interfaces) StdoutLine: {'line': b'-- Up-to-date: /home/meta/Documents/robotics_workspace_new/install/robokpy_interfaces/share/robokpy_interfaces/action/ExecuteMoveStep.action\n'}
[8.782359] (robokpy_interfaces) StdoutLine: {'line': b'-- Up-to-date: /home/meta/Documents/robotics_workspace_new/install/robokpy_interfaces/include\n'}
[8.796617] (robokpy_interfaces) StdoutLine: {'line': b'-- Up-to-date: /home/meta/Documents/robotics_workspace_new/install/robokpy_interfaces/include/robokpy_interfaces\n'}
[8.798212] (robokpy_interfaces) StdoutLine: {'line': b'-- Up-to-date: /home/meta/Documents/robotics_workspace_new/install/robokpy_interfaces/share/ament_index/resource_index/package_run_dependencies/robokpy_interfaces\n'}
[8.798819] (robokpy_interfaces) StdoutLine: {'line': b'-- Up-to-date: /home/meta/Documents/robotics_workspace_new/install/robokpy_interfaces/share/ament_index/resource_index/parent_prefix_path/robokpy_interfaces\n'}
[8.799168] (robokpy_interfaces) StdoutLine: {'line': b'-- Up-to-date: /home/meta/Documents/robotics_workspace_new/install/robokpy_interfaces/share/robokpy_interfaces/environment/ament_prefix_path.sh\n'}
[8.799682] (robokpy_interfaces) StdoutLine: {'line': b'-- Up-to-date: /home/meta/Documents/robotics_workspace_new/install/robokpy_interfaces/share/robokpy_interfaces/environment/ament_prefix_path.dsv\n'}
[8.800088] (robokpy_interfaces) StdoutLine: {'line': b'-- Up-to-date: /home/meta/Documents/robotics_workspace_new/install/robokpy_interfaces/share/robokpy_interfaces/environment/path.sh\n'}
[8.800518] (robokpy_interfaces) StdoutLine: {'line': b'-- Up-to-date: /home/meta/Documents/robotics_workspace_new/install/robokpy_interfaces/share/robokpy_interfaces/environment/path.dsv\n'}
[8.800856] (robokpy_interfaces) StdoutLine: {'line': b'-- Up-to-date: /home/meta/Documents/robotics_workspace_new/install/robokpy_interfaces/share/robokpy_interfaces/local_setup.bash\n'}
[8.801148] (robokpy_interfaces) StdoutLine: {'line': b'-- Up-to-date: /home/meta/Documents/robotics_workspace_new/install/robokpy_interfaces/share/robokpy_interfaces/local_setup.sh\n'}
[8.801614] (robokpy_interfaces) StdoutLine: {'line': b'-- Up-to-date: /home/meta/Documents/robotics_workspace_new/install/robokpy_interfaces/share/robokpy_interfaces/local_setup.zsh\n'}
[8.801931] (robokpy_interfaces) StdoutLine: {'line': b'-- Up-to-date: /home/meta/Documents/robotics_workspace_new/install/robokpy_interfaces/share/robokpy_interfaces/local_setup.dsv\n'}
[8.802188] (robokpy_interfaces) StdoutLine: {'line': b'-- Installing: /home/meta/Documents/robotics_workspace_new/install/robokpy_interfaces/share/robokpy_interfaces/package.dsv\n'}
[8.802573] (robokpy_interfaces) StdoutLine: {'line': b'-- Up-to-date: /home/meta/Documents/robotics_workspace_new/install/robokpy_interfaces/share/ament_index/resource_index/packages/robokpy_interfaces\n'}
[8.802903] (robokpy_interfaces) StdoutLine: {'line': b'-- Up-to-date: /home/meta/Documents/robotics_workspace_new/install/robokpy_interfaces/share/robokpy_interfaces/cmake/export_robokpy_interfaces__rosidl_generator_cExport.cmake\n'}
[8.803192] (robokpy_interfaces) StdoutLine: {'line': b'-- Up-to-date: /home/meta/Documents/robotics_workspace_new/install/robokpy_interfaces/share/robokpy_interfaces/cmake/export_robokpy_interfaces__rosidl_generator_cExport-noconfig.cmake\n'}
[8.803608] (robokpy_interfaces) StdoutLine: {'line': b'-- Up-to-date: /home/meta/Documents/robotics_workspace_new/install/robokpy_interfaces/share/robokpy_interfaces/cmake/export_robokpy_interfaces__rosidl_typesupport_fastrtps_cExport.cmake\n'}
[8.803980] (robokpy_interfaces) StdoutLine: {'line': b'-- Up-to-date: /home/meta/Documents/robotics_workspace_new/install/robokpy_interfaces/share/robokpy_interfaces/cmake/export_robokpy_interfaces__rosidl_typesupport_fastrtps_cExport-noconfig.cmake\n'}
[8.804490] (robokpy_interfaces) StdoutLine: {'line': b'-- Up-to-date: /home/meta/Documents/robotics_workspace_new/install/robokpy_interfaces/share/robokpy_interfaces/cmake/robokpy_interfaces__rosidl_typesupport_introspection_cExport.cmake\n'}
[8.805314] (robokpy_interfaces) StdoutLine: {'line': b'-- Up-to-date: /home/meta/Documents/robotics_workspace_new/install/robokpy_interfaces/share/robokpy_interfaces/cmake/robokpy_interfaces__rosidl_typesupport_introspection_cExport-noconfig.cmake\n'}
[8.819663] (robokpy_interfaces) StdoutLine: {'line': b'-- Up-to-date: /home/meta/Documents/robotics_workspace_new/install/robokpy_interfaces/share/robokpy_interfaces/cmake/robokpy_interfaces__rosidl_typesupport_cExport.cmake\n'}
[8.820244] (robokpy_interfaces) StdoutLine: {'line': b'-- Up-to-date: /home/meta/Documents/robotics_workspace_new/install/robokpy_interfaces/share/robokpy_interfaces/cmake/robokpy_interfaces__rosidl_typesupport_cExport-noconfig.cmake\n'}
[8.820696] (robokpy_interfaces) StdoutLine: {'line': b'-- Up-to-date: /home/meta/Documents/robotics_workspace_new/install/robokpy_interfaces/share/robokpy_interfaces/cmake/export_robokpy_interfaces__rosidl_generator_cppExport.cmake\n'}
[8.822196] (robokpy_interfaces) StdoutLine: {'line': b'-- Up-to-date: /home/meta/Documents/robotics_workspace_new/install/robokpy_interfaces/share/robokpy_interfaces/cmake/export_robokpy_interfaces__rosidl_typesupport_fastrtps_cppExport.cmake\n'}
[8.823403] (robokpy_interfaces) StdoutLine: {'line': b'-- Up-to-date: /home/meta/Documents/robotics_workspace_new/install/robokpy_interfaces/share/robokpy_interfaces/cmake/export_robokpy_interfaces__rosidl_typesupport_fastrtps_cppExport-noconfig.cmake\n'}
[8.823947] (robokpy_interfaces) StdoutLine: {'line': b'-- Up-to-date: /home/meta/Documents/robotics_workspace_new/install/robokpy_interfaces/share/robokpy_interfaces/cmake/robokpy_interfaces__rosidl_typesupport_introspection_cppExport.cmake\n'}
[8.824705] (robokpy_interfaces) StdoutLine: {'line': b'-- Up-to-date: /home/meta/Documents/robotics_workspace_new/install/robokpy_interfaces/share/robokpy_interfaces/cmake/robokpy_interfaces__rosidl_typesupport_introspection_cppExport-noconfig.cmake\n'}
[8.825937] (robokpy_interfaces) StdoutLine: {'line': b'-- Up-to-date: /home/meta/Documents/robotics_workspace_new/install/robokpy_interfaces/share/robokpy_interfaces/cmake/robokpy_interfaces__rosidl_typesupport_cppExport.cmake\n'}
[8.826670] (robokpy_interfaces) StdoutLine: {'line': b'-- Up-to-date: /home/meta/Documents/robotics_workspace_new/install/robokpy_interfaces/share/robokpy_interfaces/cmake/robokpy_interfaces__rosidl_typesupport_cppExport-noconfig.cmake\n'}
[8.827758] (robokpy_interfaces) StdoutLine: {'line': b'-- Up-to-date: /home/meta/Documents/robotics_workspace_new/install/robokpy_interfaces/share/robokpy_interfaces/cmake/export_robokpy_interfaces__rosidl_generator_pyExport.cmake\n'}
[8.828040] (robokpy_interfaces) StdoutLine: {'line': b'-- Up-to-date: /home/meta/Documents/robotics_workspace_new/install/robokpy_interfaces/share/robokpy_interfaces/cmake/export_robokpy_interfaces__rosidl_generator_pyExport-noconfig.cmake\n'}
[8.829471] (-) TimerEvent: {}
[8.829742] (robokpy_interfaces) StdoutLine: {'line': b'-- Up-to-date: /home/meta/Documents/robotics_workspace_new/install/robokpy_interfaces/share/robokpy_interfaces/cmake/rosidl_cmake-extras.cmake\n'}
[8.830118] (robokpy_interfaces) StdoutLine: {'line': b'-- Up-to-date: /home/meta/Documents/robotics_workspace_new/install/robokpy_interfaces/share/robokpy_interfaces/cmake/ament_cmake_export_dependencies-extras.cmake\n'}
[8.831957] (robokpy_interfaces) StdoutLine: {'line': b'-- Up-to-date: /home/meta/Documents/robotics_workspace_new/install/robokpy_interfaces/share/robokpy_interfaces/cmake/ament_cmake_export_include_directories-extras.cmake\n'}
[8.832986] (robokpy_interfaces) StdoutLine: {'line': b'-- Up-to-date: /home/meta/Documents/robotics_workspace_new/install/robokpy_interfaces/share/robokpy_interfaces/cmake/ament_cmake_export_libraries-extras.cmake\n'}
[8.833455] (robokpy_interfaces) StdoutLine: {'line': b'-- Up-to-date: /home/meta/Documents/robotics_workspace_new/install/robokpy_interfaces/share/robokpy_interfaces/cmake/ament_cmake_export_targets-extras.cmake\n'}
[8.833730] (robokpy_interfaces) StdoutLine: {'line': b'-- Up-to-date: /home/meta/Documents/robotics_workspace_new/install/robokpy_interfaces/share/robokpy_interfaces/cmake/rosidl_cmake_export_typesupport_targets-extras.cmake\n'}
[8.834004] (robokpy_interfaces) StdoutLine: {'line': b'-- Up-to-date: /home/meta/Documents/robotics_workspace_new/install/robokpy_interfaces/share/robokpy_interfaces/cmake/rosidl_cmake_export_typesupport_libraries-extras.cmake\n'}
[8.834285] (robokpy_interfaces) StdoutLine: {'line': b'-- Up-to-date: /home/meta/Documents/robotics_workspace_new/install/robokpy_interfaces/share/robokpy_interfaces/cmake/robokpy_interfacesConfig.cmake\n'}
[8.834905] (robokpy_interfaces) StdoutLine: {'line': b'-- Up-to-date: /home/meta/Documents/robotics_workspace_new/install/robokpy_interfaces/share/robokpy_interfaces/cmake/robokpy_interfacesConfig-version.cmake\n'}
[8.835406] (robokpy_interfaces) StdoutLine: {'line': b'-- Up-to-date: /home/meta/Documents/robotics_workspace_new/install/robokpy_interfaces/share/robokpy_interfaces/package.xml\n'}
[8.850837] (robokpy_interfaces) CommandEnded: {'returncode': 0}
[8.929887] (-) TimerEvent: {}
[9.032920] (-) TimerEvent: {}
[9.120167] (robokpy) Command: {'cmd': ['/usr/bin/python3', '-W', 'ignore:setup.py install is deprecated', 'setup.py', 'egg_info', '--egg-base', '../../build/robokpy', 'build', '--build-base', '/home/meta/Documents/robotics_workspace_new/build/robokpy/build', 'install', '--record', '/home/meta/Documents/robotics_workspace_new/build/robokpy/install.log', '--single-version-externally-managed', 'install_data'], 'cwd': '/home/meta/Documents/robotics_workspace_new/src/robokpy', 'env': {'GJS_DEBUG_TOPICS': 'JS ERROR;JS LOG', 'XDG_ACTIVATION_TOKEN': 'gnome-shell/Terminator/2786-1-meta-Inspiron-3542_TIME802900', 'LESSOPEN': '| /usr/bin/lesspipe %s', 'LANGUAGE': 'en_US', 'USER': 'meta', 'GZ_CONFIG_PATH': '/opt/ros/jazzy/opt/gz_sim_vendor/share/gz:/opt/ros/jazzy/opt/sdformat_vendor/share/gz:/opt/ros/jazzy/opt/gz_gui_vendor/share/gz:/opt/ros/jazzy/opt/gz_transport_vendor/share/gz:/opt/ros/jazzy/opt/gz_rendering_vendor/share/gz:/opt/ros/jazzy/opt/gz_plugin_vendor/share/gz:/opt/ros/jazzy/opt/gz_fuel_tools_vendor/share/gz:/opt/ros/jazzy/opt/gz_msgs_vendor/share/gz:/opt/ros/jazzy/opt/gz_common_vendor/share/gz', 'XDG_SESSION_TYPE': 'x11', 'STM32CubeMX_PATH': '/home/meta/STM32CubeMX', 'SHLVL': '1', 'LD_LIBRARY_PATH': '/home/meta/Documents/robotics_workspace_new/install/robokpy_interfaces/lib:/opt/ros/jazzy/opt/gz_sim_vendor/lib:/opt/ros/jazzy/opt/gz_sensors_vendor/lib:/opt/ros/jazzy/opt/gz_physics_vendor/lib:/opt/ros/jazzy/opt/sdformat_vendor/lib:/opt/ros/jazzy/opt/rviz_ogre_vendor/lib:/opt/ros/jazzy/lib/x86_64-linux-gnu:/opt/ros/jazzy/opt/gz_gui_vendor/lib:/opt/ros/jazzy/opt/gz_transport_vendor/lib:/opt/ros/jazzy/opt/gz_rendering_vendor/lib:/opt/ros/jazzy/opt/gz_plugin_vendor/lib:/opt/ros/jazzy/opt/gz_fuel_tools_vendor/lib:/opt/ros/jazzy/opt/gz_msgs_vendor/lib:/opt/ros/jazzy/opt/gz_common_vendor/lib:/opt/ros/jazzy/opt/gz_math_vendor/lib:/opt/ros/jazzy/opt/gz_utils_vendor/lib:/opt/ros/jazzy/opt/gz_tools_vendor/lib:/opt/ros/jazzy/opt/gz_ogre_next_vendor/lib:/opt/ros/jazzy/opt/gz_dartsim_vendor/lib:/opt/ros/jazzy/opt/gz_cmake_vendor/lib:/opt/ros/jazzy/lib', 'HOME': '/home/meta', 'OLDPWD': '/home/meta/Documents', 'DESKTOP_SESSION': 'ubuntu', 'NVM_BIN': '/home/meta/.nvm/versions/node/v25.2.1/bin', 'NVM_INC': '/home/meta/.nvm/versions/node/v25.2.1/include/node', 'GIO_LAUNCHED_DESKTOP_FILE': '/usr/share/applications/terminator.desktop', 'ROS_PYTHON_VERSION': '3', 'GNOME_SHELL_SESSION_MODE': 'ubuntu', 'GTK_MODULES': 'gail:atk-bridge', 'XDG_SEAT_PATH': '/org/freedesktop/DisplayManager/Seat0', 'MANAGERPID': '2453', 'SYSTEMD_EXEC_PID': '2786', 'GSM_SKIP_SSH_AGENT_WORKAROUND': 'true', 'DBUS_SESSION_BUS_ADDRESS': 'unix:path=/run/user/1000/bus', 'COLORTERM': 'truecolor', 'TERMINATOR_DBUS_NAME': 'net.tenshu.Terminator21a9d5db22c73a993ff0b42f64b396873', 'LIBVIRT_DEFAULT_URI': 'qemu:///system', 'GIO_LAUNCHED_DESKTOP_FILE_PID': '6037', 'NVM_DIR': '/home/meta/.nvm', 'DEBUGINFOD_URLS': 'https://debuginfod.ubuntu.com', 'IM_CONFIG_PHASE': '1', 'COLCON_PREFIX_PATH': '/home/meta/Documents/robotics_workspace_new/install', 'ROS_DISTRO': 'jazzy', 'LOGNAME': 'meta', 'JOURNAL_STREAM': '8:22659', '_': '/bin/colcon', 'ROS_VERSION': '2', 'MEMORY_PRESSURE_WATCH': '/sys/fs/cgroup/user.slice/user-1000.slice/user@1000.service/session.slice/org.gnome.Shell@x11.service/memory.pressure', 'XDG_SESSION_CLASS': 'user', 'TERM': 'xterm-256color', 'GNOME_DESKTOP_SESSION_ID': 'this-is-deprecated', 'PATH': '/opt/ros/jazzy/opt/gz_msgs_vendor/bin:/opt/ros/jazzy/opt/gz_tools_vendor/bin:/opt/ros/jazzy/opt/gz_ogre_next_vendor/bin:/opt/ros/jazzy/bin:/home/meta/.local/bin:/bin:/usr/bin:/usr/local/bin:/usr/local/texlive/2025/texmf-dist/doc/man::/snap/bin', 'SESSION_MANAGER': 'local/meta-Inspiron-3542:@/tmp/.ICE-unix/2745,unix/meta-Inspiron-3542:/tmp/.ICE-unix/2745', 'GDM_LANG': 'en_US', 'INVOCATION_ID': '7c4661202ef04d6c9035b93d8241b885', 'XDG_SESSION_PATH': '/org/freedesktop/DisplayManager/Session0', 'XDG_MENU_PREFIX': 'gnome-', 'VREP_DIR': '/home/meta/meta/Downloads/VREP', 'XDG_RUNTIME_DIR': '/run/user/1000', 'DISPLAY': ':0', 'TERMINATOR_DBUS_PATH': '/net/tenshu/Terminator2', 'LANG': 'en_US.UTF-8', 'XDG_CURRENT_DESKTOP': 'ubuntu:GNOME', 'RMW_IMPLEMENTATION': 'rmw_cyclonedds_cpp', 'XMODIFIERS': '@im=ibus', 'XDG_SESSION_DESKTOP': 'ubuntu', 'XAUTHORITY': '/home/meta/.Xauthority', 'LS_COLORS': 'rs=0:di=01;34:ln=01;36:mh=00:pi=40;33:so=01;35:do=01;35:bd=40;33;01:cd=40;33;01:or=40;31;01:mi=00:su=37;41:sg=30;43:ca=00:tw=30;42:ow=34;42:st=37;44:ex=01;32:*.tar=01;31:*.tgz=01;31:*.arc=01;31:*.arj=01;31:*.taz=01;31:*.lha=01;31:*.lz4=01;31:*.lzh=01;31:*.lzma=01;31:*.tlz=01;31:*.txz=01;31:*.tzo=01;31:*.t7z=01;31:*.zip=01;31:*.z=01;31:*.dz=01;31:*.gz=01;31:*.lrz=01;31:*.lz=01;31:*.lzo=01;31:*.xz=01;31:*.zst=01;31:*.tzst=01;31:*.bz2=01;31:*.bz=01;31:*.tbz=01;31:*.tbz2=01;31:*.tz=01;31:*.deb=01;31:*.rpm=01;31:*.jar=01;31:*.war=01;31:*.ear=01;31:*.sar=01;31:*.rar=01;31:*.alz=01;31:*.ace=01;31:*.zoo=01;31:*.cpio=01;31:*.7z=01;31:*.rz=01;31:*.cab=01;31:*.wim=01;31:*.swm=01;31:*.dwm=01;31:*.esd=01;31:*.avif=01;35:*.jpg=01;35:*.jpeg=01;35:*.mjpg=01;35:*.mjpeg=01;35:*.gif=01;35:*.bmp=01;35:*.pbm=01;35:*.pgm=01;35:*.ppm=01;35:*.tga=01;35:*.xbm=01;35:*.xpm=01;35:*.tif=01;35:*.tiff=01;35:*.png=01;35:*.svg=01;35:*.svgz=01;35:*.mng=01;35:*.pcx=01;35:*.mov=01;35:*.mpg=01;35:*.mpeg=01;35:*.m2v=01;35:*.mkv=01;35:*.webm=01;35:*.webp=01;35:*.ogm=01;35:*.mp4=01;35:*.m4v=01;35:*.mp4v=01;35:*.vob=01;35:*.qt=01;35:*.nuv=01;35:*.wmv=01;35:*.asf=01;35:*.rm=01;35:*.rmvb=01;35:*.flc=01;35:*.avi=01;35:*.fli=01;35:*.flv=01;35:*.gl=01;35:*.dl=01;35:*.xcf=01;35:*.xwd=01;35:*.yuv=01;35:*.cgm=01;35:*.emf=01;35:*.ogv=01;35:*.ogx=01;35:*.aac=00;36:*.au=00;36:*.flac=00;36:*.m4a=00;36:*.mid=00;36:*.midi=00;36:*.mka=00;36:*.mp3=00;36:*.mpc=00;36:*.ogg=00;36:*.ra=00;36:*.wav=00;36:*.oga=00;36:*.opus=00;36:*.spx=00;36:*.xspf=00;36:*~=00;90:*#=00;90:*.bak=00;90:*.crdownload=00;90:*.dpkg-dist=00;90:*.dpkg-new=00;90:*.dpkg-old=00;90:*.dpkg-tmp=00;90:*.old=00;90:*.orig=00;90:*.part=00;90:*.rej=00;90:*.rpmnew=00;90:*.rpmorig=00;90:*.rpmsave=00;90:*.swp=00;90:*.tmp=00;90:*.ucf-dist=00;90:*.ucf-new=00;90:*.ucf-old=00;90:', 'SSH_AUTH_SOCK': '/run/user/1000/keyring/ssh', 'XDG_GREETER_DATA_DIR': '/var/lib/lightdm-data/meta', 'AMENT_PREFIX_PATH': '/home/meta/Documents/robotics_workspace_new/install/robokpy_controller:/home/meta/Documents/robotics_workspace_new/install/robokpy_interfaces:/home/meta/Documents/robotics_workspace_new/install/robokpy:/opt/ros/jazzy', 'SHELL': '/bin/bash', 'TERMINATOR_UUID': 'urn:uuid:3c8b40c9-d061-4441-a48a-024c0f94809e', 'QT_ACCESSIBILITY': '1', 'GDMSESSION': 'ubuntu', 'LESSCLOSE': '/usr/bin/lesspipe %s %s', 'GPG_AGENT_INFO': '/run/user/1000/gnupg/S.gpg-agent:0:1', 'GJS_DEBUG_OUTPUT': 'stderr', 'ROS_AUTOMATIC_DISCOVERY_RANGE': 'SUBNET', 'QT_IM_MODULE': 'ibus', 'PWD': '/home/meta/Documents/robotics_workspace_new/build/robokpy', 'QT_QPA_PLATFORM': 'xcb', 'LC_ALL': 'en_US.UTF-8', 'XDG_CONFIG_DIRS': '/etc/xdg/xdg-ubuntu:/etc/xdg', 'NVM_CD_FLAGS': '', 'XDG_DATA_DIRS': '/usr/share/ubuntu:/usr/share/gnome:/usr/local/share:/usr/share:/var/lib/snapd/desktop', 'QTWEBENGINE_DICTIONARIES_PATH': '/usr/share/hunspell-bdic/', 'PYTHONPATH': '/home/meta/Documents/robotics_workspace_new/build/robokpy/prefix_override:/usr/lib/python3/dist-packages/colcon_core/task/python/colcon_distutils_commands:/home/meta/Documents/robotics_workspace_new/install/robokpy/lib/python3.12/site-packages:/home/meta/Documents/robotics_workspace_new/install/robokpy_controller/lib/python3.12/site-packages:/home/meta/Documents/robotics_workspace_new/install/robokpy_interfaces/lib/python3.12/site-packages:/home/meta/Documents/robotics_workspace_new/install/robokpy/lib/python3.12/site-packages:/opt/ros/jazzy/lib/python3.12/site-packages', 'COLCON': '1', 'MEMORY_PRESSURE_WRITE': 'c29tZSAyMDAwMDAgMjAwMDAwMAA=', 'VTE_VERSION': '7600', 'CMAKE_PREFIX_PATH': '/home/meta/Documents/robotics_workspace_new/install/robokpy_interfaces:/opt/ros/jazzy/opt/gz_sim_vendor:/opt/ros/jazzy/opt/gz_sensors_vendor:/opt/ros/jazzy/opt/gz_physics_vendor:/opt/ros/jazzy/opt/sdformat_vendor:/opt/ros/jazzy/opt/gz_gui_vendor:/opt/ros/jazzy/opt/gz_transport_vendor:/opt/ros/jazzy/opt/gz_rendering_vendor:/opt/ros/jazzy/opt/gz_plugin_vendor:/opt/ros/jazzy/opt/gz_fuel_tools_vendor:/opt/ros/jazzy/opt/gz_msgs_vendor:/opt/ros/jazzy/opt/gz_common_vendor:/opt/ros/jazzy/opt/gz_math_vendor:/opt/ros/jazzy/opt/gz_utils_vendor:/opt/ros/jazzy/opt/gz_tools_vendor:/opt/ros/jazzy/opt/gz_ogre_next_vendor:/opt/ros/jazzy/opt/gz_dartsim_vendor:/opt/ros/jazzy/opt/gz_cmake_vendor'}, 'shell': False}
[9.133100] (-) TimerEvent: {}
[9.234256] (-) TimerEvent: {}
[9.334751] (-) TimerEvent: {}
[9.438295] (-) TimerEvent: {}
[9.545312] (-) TimerEvent: {}
[9.646963] (-) TimerEvent: {}
[9.747435] (-) TimerEvent: {}
[9.853511] (-) TimerEvent: {}
[9.955462] (-) TimerEvent: {}
[10.056282] (-) TimerEvent: {}
[10.157660] (-) TimerEvent: {}
[10.260243] (-) TimerEvent: {}
[10.361860] (-) TimerEvent: {}
[10.466044] (-) TimerEvent: {}
[10.567370] (-) TimerEvent: {}
[10.671107] (-) TimerEvent: {}
[10.771595] (-) TimerEvent: {}
[10.874594] (-) TimerEvent: {}
[10.975375] (-) TimerEvent: {}
[11.077221] (-) TimerEvent: {}
[11.179494] (-) TimerEvent: {}
[11.269018] (robokpy) StdoutLine: {'line': b'running egg_info\n'}
[11.280693] (-) TimerEvent: {}
[11.383269] (-) TimerEvent: {}
[11.415018] (robokpy) StdoutLine: {'line': b'writing ../../build/robokpy/robokpy.egg-info/PKG-INFO\n'}
[11.416871] (robokpy) StdoutLine: {'line': b'writing dependency_links to ../../build/robokpy/robokpy.egg-info/dependency_links.txt\n'}
[11.417315] (robokpy) StdoutLine: {'line': b'writing requirements to ../../build/robokpy/robokpy.egg-info/requires.txt\n'}
[11.417664] (robokpy) StdoutLine: {'line': b'writing top-level names to ../../build/robokpy/robokpy.egg-info/top_level.txt\n'}
[11.485697] (-) TimerEvent: {}
[11.588822] (-) TimerEvent: {}
[11.693743] (-) TimerEvent: {}
[11.777449] (robokpy) StdoutLine: {'line': b"reading manifest file '../../build/robokpy/robokpy.egg-info/SOURCES.txt'\n"}
[11.777882] (robokpy) StdoutLine: {'line': b"writing manifest file '../../build/robokpy/robokpy.egg-info/SOURCES.txt'\n"}
[11.778224] (robokpy) StdoutLine: {'line': b'running build\n'}
[11.778538] (robokpy) StdoutLine: {'line': b'running build_py\n'}
[11.778831] (robokpy) StdoutLine: {'line': b'running install\n'}
[11.779119] (robokpy) StdoutLine: {'line': b'running install_lib\n'}
[11.805754] (-) TimerEvent: {}
[11.841299] (robokpy_interfaces) JobEnded: {'identifier': 'robokpy_interfaces', 'rc': 0}
[11.842526] (robokpy_controller) JobStarted: {'identifier': 'robokpy_controller'}
[11.906384] (-) TimerEvent: {}
[11.941678] (robokpy) StdoutLine: {'line': b'running install_data\n'}
[11.943798] (robokpy) StdoutLine: {'line': b'running install_egg_info\n'}
[12.006499] (-) TimerEvent: {}
[12.084868] (robokpy) StdoutLine: {'line': b"removing '/home/meta/Documents/robotics_workspace_new/install/robokpy/lib/python3.12/site-packages/robokpy-0.0.0-py3.12.egg-info' (and everything under it)\n"}
[12.091291] (robokpy) StdoutLine: {'line': b'Copying ../../build/robokpy/robokpy.egg-info to /home/meta/Documents/robotics_workspace_new/install/robokpy/lib/python3.12/site-packages/robokpy-0.0.0-py3.12.egg-info\n'}
[12.096699] (robokpy) StdoutLine: {'line': b'running install_scripts\n'}
[12.106621] (-) TimerEvent: {}
[12.207066] (-) TimerEvent: {}
[12.307537] (-) TimerEvent: {}
[12.409727] (-) TimerEvent: {}
[12.511421] (-) TimerEvent: {}
[12.613788] (-) TimerEvent: {}
[12.716331] (-) TimerEvent: {}
[12.817069] (-) TimerEvent: {}
[12.918967] (-) TimerEvent: {}
[13.019548] (-) TimerEvent: {}
[13.057067] (robokpy) StdoutLine: {'line': b"writing list of installed files to '/home/meta/Documents/robotics_workspace_new/build/robokpy/install.log'\n"}
[13.121674] (-) TimerEvent: {}
[13.178535] (robokpy) CommandEnded: {'returncode': 0}
[13.203814] (robokpy) JobEnded: {'identifier': 'robokpy', 'rc': 0}
[13.222024] (-) TimerEvent: {}
[13.324270] (-) TimerEvent: {}
[13.424722] (-) TimerEvent: {}
[13.525124] (-) TimerEvent: {}
[13.625537] (-) TimerEvent: {}
[13.725939] (-) TimerEvent: {}
[13.826534] (-) TimerEvent: {}
[13.927252] (-) TimerEvent: {}
[14.027649] (-) TimerEvent: {}
[14.129744] (-) TimerEvent: {}
[14.230197] (-) TimerEvent: {}
[14.330579] (-) TimerEvent: {}
[14.430966] (-) TimerEvent: {}
[14.531427] (-) TimerEvent: {}
[14.631858] (-) TimerEvent: {}
[14.732257] (-) TimerEvent: {}
[14.832709] (-) TimerEvent: {}
[14.933960] (-) TimerEvent: {}
[15.034475] (-) TimerEvent: {}
[15.134848] (-) TimerEvent: {}
[15.235854] (-) TimerEvent: {}
[15.339436] (-) TimerEvent: {}
[15.439866] (-) TimerEvent: {}
[15.540272] (-) TimerEvent: {}
[15.640730] (-) TimerEvent: {}
[15.737819] (robokpy_controller) Command: {'cmd': ['/usr/bin/python3', '-W', 'ignore:setup.py install is deprecated', 'setup.py', 'egg_info', '--egg-base', '../../build/robokpy_controller', 'build', '--build-base', '/home/meta/Documents/robotics_workspace_new/build/robokpy_controller/build', 'install', '--record', '/home/meta/Documents/robotics_workspace_new/build/robokpy_controller/install.log', '--single-version-externally-managed', 'install_data'], 'cwd': '/home/meta/Documents/robotics_workspace_new/src/robokpy_controller', 'env': {'GJS_DEBUG_TOPICS': 'JS ERROR;JS LOG', 'XDG_ACTIVATION_TOKEN': 'gnome-shell/Terminator/2786-1-meta-Inspiron-3542_TIME802900', 'LESSOPEN': '| /usr/bin/lesspipe %s', 'LANGUAGE': 'en_US', 'USER': 'meta', 'GZ_CONFIG_PATH': '/opt/ros/jazzy/opt/gz_sim_vendor/share/gz:/opt/ros/jazzy/opt/sdformat_vendor/share/gz:/opt/ros/jazzy/opt/gz_gui_vendor/share/gz:/opt/ros/jazzy/opt/gz_transport_vendor/share/gz:/opt/ros/jazzy/opt/gz_rendering_vendor/share/gz:/opt/ros/jazzy/opt/gz_plugin_vendor/share/gz:/opt/ros/jazzy/opt/gz_fuel_tools_vendor/share/gz:/opt/ros/jazzy/opt/gz_msgs_vendor/share/gz:/opt/ros/jazzy/opt/gz_common_vendor/share/gz', 'XDG_SESSION_TYPE': 'x11', 'STM32CubeMX_PATH': '/home/meta/STM32CubeMX', 'SHLVL': '1', 'LD_LIBRARY_PATH': '/home/meta/Documents/robotics_workspace_new/install/robokpy_interfaces/lib:/opt/ros/jazzy/opt/gz_sim_vendor/lib:/opt/ros/jazzy/opt/gz_sensors_vendor/lib:/opt/ros/jazzy/opt/gz_physics_vendor/lib:/opt/ros/jazzy/opt/sdformat_vendor/lib:/opt/ros/jazzy/opt/rviz_ogre_vendor/lib:/opt/ros/jazzy/lib/x86_64-linux-gnu:/opt/ros/jazzy/opt/gz_gui_vendor/lib:/opt/ros/jazzy/opt/gz_transport_vendor/lib:/opt/ros/jazzy/opt/gz_rendering_vendor/lib:/opt/ros/jazzy/opt/gz_plugin_vendor/lib:/opt/ros/jazzy/opt/gz_fuel_tools_vendor/lib:/opt/ros/jazzy/opt/gz_msgs_vendor/lib:/opt/ros/jazzy/opt/gz_common_vendor/lib:/opt/ros/jazzy/opt/gz_math_vendor/lib:/opt/ros/jazzy/opt/gz_utils_vendor/lib:/opt/ros/jazzy/opt/gz_tools_vendor/lib:/opt/ros/jazzy/opt/gz_ogre_next_vendor/lib:/opt/ros/jazzy/opt/gz_dartsim_vendor/lib:/opt/ros/jazzy/opt/gz_cmake_vendor/lib:/opt/ros/jazzy/lib', 'HOME': '/home/meta', 'OLDPWD': '/home/meta/Documents', 'DESKTOP_SESSION': 'ubuntu', 'NVM_BIN': '/home/meta/.nvm/versions/node/v25.2.1/bin', 'NVM_INC': '/home/meta/.nvm/versions/node/v25.2.1/include/node', 'GIO_LAUNCHED_DESKTOP_FILE': '/usr/share/applications/terminator.desktop', 'ROS_PYTHON_VERSION': '3', 'GNOME_SHELL_SESSION_MODE': 'ubuntu', 'GTK_MODULES': 'gail:atk-bridge', 'XDG_SEAT_PATH': '/org/freedesktop/DisplayManager/Seat0', 'MANAGERPID': '2453', 'SYSTEMD_EXEC_PID': '2786', 'GSM_SKIP_SSH_AGENT_WORKAROUND': 'true', 'DBUS_SESSION_BUS_ADDRESS': 'unix:path=/run/user/1000/bus', 'COLORTERM': 'truecolor', 'TERMINATOR_DBUS_NAME': 'net.tenshu.Terminator21a9d5db22c73a993ff0b42f64b396873', 'LIBVIRT_DEFAULT_URI': 'qemu:///system', 'GIO_LAUNCHED_DESKTOP_FILE_PID': '6037', 'NVM_DIR': '/home/meta/.nvm', 'DEBUGINFOD_URLS': 'https://debuginfod.ubuntu.com', 'IM_CONFIG_PHASE': '1', 'COLCON_PREFIX_PATH': '/home/meta/Documents/robotics_workspace_new/install', 'ROS_DISTRO': 'jazzy', 'LOGNAME': 'meta', 'JOURNAL_STREAM': '8:22659', '_': '/bin/colcon', 'ROS_VERSION': '2', 'MEMORY_PRESSURE_WATCH': '/sys/fs/cgroup/user.slice/user-1000.slice/user@1000.service/session.slice/org.gnome.Shell@x11.service/memory.pressure', 'XDG_SESSION_CLASS': 'user', 'TERM': 'xterm-256color', 'GNOME_DESKTOP_SESSION_ID': 'this-is-deprecated', 'PATH': '/opt/ros/jazzy/opt/gz_msgs_vendor/bin:/opt/ros/jazzy/opt/gz_tools_vendor/bin:/opt/ros/jazzy/opt/gz_ogre_next_vendor/bin:/opt/ros/jazzy/bin:/home/meta/.local/bin:/bin:/usr/bin:/usr/local/bin:/usr/local/texlive/2025/texmf-dist/doc/man::/snap/bin', 'SESSION_MANAGER': 'local/meta-Inspiron-3542:@/tmp/.ICE-unix/2745,unix/meta-Inspiron-3542:/tmp/.ICE-unix/2745', 'GDM_LANG': 'en_US', 'INVOCATION_ID': '7c4661202ef04d6c9035b93d8241b885', 'XDG_SESSION_PATH': '/org/freedesktop/DisplayManager/Session0', 'XDG_MENU_PREFIX': 'gnome-', 'VREP_DIR': '/home/meta/meta/Downloads/VREP', 'XDG_RUNTIME_DIR': '/run/user/1000', 'DISPLAY': ':0', 'TERMINATOR_DBUS_PATH': '/net/tenshu/Terminator2', 'LANG': 'en_US.UTF-8', 'XDG_CURRENT_DESKTOP': 'ubuntu:GNOME', 'RMW_IMPLEMENTATION': 'rmw_cyclonedds_cpp', 'XMODIFIERS': '@im=ibus', 'XDG_SESSION_DESKTOP': 'ubuntu', 'XAUTHORITY': '/home/meta/.Xauthority', 'LS_COLORS': 'rs=0:di=01;34:ln=01;36:mh=00:pi=40;33:so=01;35:do=01;35:bd=40;33;01:cd=40;33;01:or=40;31;01:mi=00:su=37;41:sg=30;43:ca=00:tw=30;42:ow=34;42:st=37;44:ex=01;32:*.tar=01;31:*.tgz=01;31:*.arc=01;31:*.arj=01;31:*.taz=01;31:*.lha=01;31:*.lz4=01;31:*.lzh=01;31:*.lzma=01;31:*.tlz=01;31:*.txz=01;31:*.tzo=01;31:*.t7z=01;31:*.zip=01;31:*.z=01;31:*.dz=01;31:*.gz=01;31:*.lrz=01;31:*.lz=01;31:*.lzo=01;31:*.xz=01;31:*.zst=01;31:*.tzst=01;31:*.bz2=01;31:*.bz=01;31:*.tbz=01;31:*.tbz2=01;31:*.tz=01;31:*.deb=01;31:*.rpm=01;31:*.jar=01;31:*.war=01;31:*.ear=01;31:*.sar=01;31:*.rar=01;31:*.alz=01;31:*.ace=01;31:*.zoo=01;31:*.cpio=01;31:*.7z=01;31:*.rz=01;31:*.cab=01;31:*.wim=01;31:*.swm=01;31:*.dwm=01;31:*.esd=01;31:*.avif=01;35:*.jpg=01;35:*.jpeg=01;35:*.mjpg=01;35:*.mjpeg=01;35:*.gif=01;35:*.bmp=01;35:*.pbm=01;35:*.pgm=01;35:*.ppm=01;35:*.tga=01;35:*.xbm=01;35:*.xpm=01;35:*.tif=01;35:*.tiff=01;35:*.png=01;35:*.svg=01;35:*.svgz=01;35:*.mng=01;35:*.pcx=01;35:*.mov=01;35:*.mpg=01;35:*.mpeg=01;35:*.m2v=01;35:*.mkv=01;35:*.webm=01;35:*.webp=01;35:*.ogm=01;35:*.mp4=01;35:*.m4v=01;35:*.mp4v=01;35:*.vob=01;35:*.qt=01;35:*.nuv=01;35:*.wmv=01;35:*.asf=01;35:*.rm=01;35:*.rmvb=01;35:*.flc=01;35:*.avi=01;35:*.fli=01;35:*.flv=01;35:*.gl=01;35:*.dl=01;35:*.xcf=01;35:*.xwd=01;35:*.yuv=01;35:*.cgm=01;35:*.emf=01;35:*.ogv=01;35:*.ogx=01;35:*.aac=00;36:*.au=00;36:*.flac=00;36:*.m4a=00;36:*.mid=00;36:*.midi=00;36:*.mka=00;36:*.mp3=00;36:*.mpc=00;36:*.ogg=00;36:*.ra=00;36:*.wav=00;36:*.oga=00;36:*.opus=00;36:*.spx=00;36:*.xspf=00;36:*~=00;90:*#=00;90:*.bak=00;90:*.crdownload=00;90:*.dpkg-dist=00;90:*.dpkg-new=00;90:*.dpkg-old=00;90:*.dpkg-tmp=00;90:*.old=00;90:*.orig=00;90:*.part=00;90:*.rej=00;90:*.rpmnew=00;90:*.rpmorig=00;90:*.rpmsave=00;90:*.swp=00;90:*.tmp=00;90:*.ucf-dist=00;90:*.ucf-new=00;90:*.ucf-old=00;90:', 'SSH_AUTH_SOCK': '/run/user/1000/keyring/ssh', 'XDG_GREETER_DATA_DIR': '/var/lib/lightdm-data/meta', 'AMENT_PREFIX_PATH': '/home/meta/Documents/robotics_workspace_new/install/robokpy_controller:/home/meta/Documents/robotics_workspace_new/install/robokpy_interfaces:/home/meta/Documents/robotics_workspace_new/install/robokpy:/opt/ros/jazzy', 'SHELL': '/bin/bash', 'TERMINATOR_UUID': 'urn:uuid:3c8b40c9-d061-4441-a48a-024c0f94809e', 'QT_ACCESSIBILITY': '1', 'GDMSESSION': 'ubuntu', 'LESSCLOSE': '/usr/bin/lesspipe %s %s', 'GPG_AGENT_INFO': '/run/user/1000/gnupg/S.gpg-agent:0:1', 'GJS_DEBUG_OUTPUT': 'stderr', 'ROS_AUTOMATIC_DISCOVERY_RANGE': 'SUBNET', 'QT_IM_MODULE': 'ibus', 'PWD': '/home/meta/Documents/robotics_workspace_new/build/robokpy_controller', 'QT_QPA_PLATFORM': 'xcb', 'LC_ALL': 'en_US.UTF-8', 'XDG_CONFIG_DIRS': '/etc/xdg/xdg-ubuntu:/etc/xdg', 'NVM_CD_FLAGS': '', 'XDG_DATA_DIRS': '/usr/share/ubuntu:/usr/share/gnome:/usr/local/share:/usr/share:/var/lib/snapd/desktop', 'QTWEBENGINE_DICTIONARIES_PATH': '/usr/share/hunspell-bdic/', 'PYTHONPATH': '/home/meta/Documents/robotics_workspace_new/build/robokpy_controller/prefix_override:/usr/lib/python3/dist-packages/colcon_core/task/python/colcon_distutils_commands:/home/meta/Documents/robotics_workspace_new/install/robokpy_controller/lib/python3.12/site-packages:/home/meta/Documents/robotics_workspace_new/install/robokpy_interfaces/lib/python3.12/site-packages:/home/meta/Documents/robotics_workspace_new/install/robokpy_controller/lib/python3.12/site-packages:/home/meta/Documents/robotics_workspace_new/install/robokpy/lib/python3.12/site-packages:/opt/ros/jazzy/lib/python3.12/site-packages', 'COLCON': '1', 'MEMORY_PRESSURE_WRITE': 'c29tZSAyMDAwMDAgMjAwMDAwMAA=', 'VTE_VERSION': '7600', 'CMAKE_PREFIX_PATH': '/home/meta/Documents/robotics_workspace_new/install/robokpy_interfaces:/opt/ros/jazzy/opt/gz_sim_vendor:/opt/ros/jazzy/opt/gz_sensors_vendor:/opt/ros/jazzy/opt/gz_physics_vendor:/opt/ros/jazzy/opt/sdformat_vendor:/opt/ros/jazzy/opt/gz_gui_vendor:/opt/ros/jazzy/opt/gz_transport_vendor:/opt/ros/jazzy/opt/gz_rendering_vendor:/opt/ros/jazzy/opt/gz_plugin_vendor:/opt/ros/jazzy/opt/gz_fuel_tools_vendor:/opt/ros/jazzy/opt/gz_msgs_vendor:/opt/ros/jazzy/opt/gz_common_vendor:/opt/ros/jazzy/opt/gz_math_vendor:/opt/ros/jazzy/opt/gz_utils_vendor:/opt/ros/jazzy/opt/gz_tools_vendor:/opt/ros/jazzy/opt/gz_ogre_next_vendor:/opt/ros/jazzy/opt/gz_dartsim_vendor:/opt/ros/jazzy/opt/gz_cmake_vendor'}, 'shell': False}
[15.741360] (-) TimerEvent: {}
[15.841795] (-) TimerEvent: {}
[15.942244] (-) TimerEvent: {}
[16.044927] (-) TimerEvent: {}
[16.146345] (-) TimerEvent: {}
[16.246978] (-) TimerEvent: {}
[16.356270] (-) TimerEvent: {}
[16.456934] (-) TimerEvent: {}
[16.557726] (-) TimerEvent: {}
[16.661466] (-) TimerEvent: {}
[16.762245] (-) TimerEvent: {}
[16.866812] (-) TimerEvent: {}
[16.970413] (-) TimerEvent: {}
[17.072572] (-) TimerEvent: {}
[17.172978] (-) TimerEvent: {}
[17.259565] (robokpy_controller) StdoutLine: {'line': b'running egg_info\n'}
[17.273094] (-) TimerEvent: {}
[17.373791] (-) TimerEvent: {}
[17.408692] (robokpy_controller) StdoutLine: {'line': b'writing ../../build/robokpy_controller/robokpy_controller.egg-info/PKG-INFO\n'}
[17.410904] (robokpy_controller) StdoutLine: {'line': b'writing dependency_links to ../../build/robokpy_controller/robokpy_controller.egg-info/dependency_links.txt\n'}
[17.412056] (robokpy_controller) StdoutLine: {'line': b'writing entry points to ../../build/robokpy_controller/robokpy_controller.egg-info/entry_points.txt\n'}
[17.416389] (robokpy_controller) StdoutLine: {'line': b'writing requirements to ../../build/robokpy_controller/robokpy_controller.egg-info/requires.txt\n'}
[17.416817] (robokpy_controller) StdoutLine: {'line': b'writing top-level names to ../../build/robokpy_controller/robokpy_controller.egg-info/top_level.txt\n'}
[17.474288] (-) TimerEvent: {}
[17.576502] (-) TimerEvent: {}
[17.656979] (robokpy_controller) StdoutLine: {'line': b"reading manifest file '../../build/robokpy_controller/robokpy_controller.egg-info/SOURCES.txt'\n"}
[17.666263] (robokpy_controller) StdoutLine: {'line': b"writing manifest file '../../build/robokpy_controller/robokpy_controller.egg-info/SOURCES.txt'\n"}
[17.666709] (robokpy_controller) StdoutLine: {'line': b'running build\n'}
[17.667007] (robokpy_controller) StdoutLine: {'line': b'running build_py\n'}
[17.670324] (robokpy_controller) StdoutLine: {'line': b'copying robokpy_controller/robot_state_interface_virtual.py -> /home/meta/Documents/robotics_workspace_new/build/robokpy_controller/build/lib/robokpy_controller\n'}
[17.677624] (-) TimerEvent: {}
[17.703395] (robokpy_controller) StdoutLine: {'line': b'running install\n'}
[17.739691] (robokpy_controller) StdoutLine: {'line': b'running install_lib\n'}
[17.777735] (-) TimerEvent: {}
[17.878379] (robokpy_controller) StdoutLine: {'line': b'copying /home/meta/Documents/robotics_workspace_new/build/robokpy_controller/build/lib/robokpy_controller/robot_state_interface_virtual.py -> /home/meta/Documents/robotics_workspace_new/install/robokpy_controller/lib/python3.12/site-packages/robokpy_controller\n'}
[17.879381] (-) TimerEvent: {}
[17.883707] (robokpy_controller) StdoutLine: {'line': b'byte-compiling /home/meta/Documents/robotics_workspace_new/install/robokpy_controller/lib/python3.12/site-packages/robokpy_controller/robot_state_interface_virtual.py to robot_state_interface_virtual.cpython-312.pyc\n'}
[17.885615] (robokpy_controller) StdoutLine: {'line': b'running install_data\n'}
[17.892166] (robokpy_controller) StdoutLine: {'line': b'running install_egg_info\n'}
[17.980868] (-) TimerEvent: {}
[18.032667] (robokpy_controller) StdoutLine: {'line': b"removing '/home/meta/Documents/robotics_workspace_new/install/robokpy_controller/lib/python3.12/site-packages/robokpy_controller-0.0.0-py3.12.egg-info' (and everything under it)\n"}
[18.035462] (robokpy_controller) StdoutLine: {'line': b'Copying ../../build/robokpy_controller/robokpy_controller.egg-info to /home/meta/Documents/robotics_workspace_new/install/robokpy_controller/lib/python3.12/site-packages/robokpy_controller-0.0.0-py3.12.egg-info\n'}
[18.038931] (robokpy_controller) StdoutLine: {'line': b'running install_scripts\n'}
[18.081909] (-) TimerEvent: {}
[18.182850] (-) TimerEvent: {}
[18.283276] (-) TimerEvent: {}
[18.385124] (-) TimerEvent: {}
[18.486836] (-) TimerEvent: {}
[18.587363] (-) TimerEvent: {}
[18.690013] (-) TimerEvent: {}
[18.790907] (-) TimerEvent: {}
[18.893825] (-) TimerEvent: {}
[18.897842] (robokpy_controller) StdoutLine: {'line': b'Installing arm_executor script to /home/meta/Documents/robotics_workspace_new/install/robokpy_controller/lib/robokpy_controller\n'}
[18.898554] (robokpy_controller) StdoutLine: {'line': b'Installing cell_orchestrator script to /home/meta/Documents/robotics_workspace_new/install/robokpy_controller/lib/robokpy_controller\n'}
[18.899040] (robokpy_controller) StdoutLine: {'line': b'Installing grasp_attach_bridge script to /home/meta/Documents/robotics_workspace_new/install/robokpy_controller/lib/robokpy_controller\n'}
[18.899524] (robokpy_controller) StdoutLine: {'line': b'Installing joint_jog_server script to /home/meta/Documents/robotics_workspace_new/install/robokpy_controller/lib/robokpy_controller\n'}
[18.925461] (robokpy_controller) StdoutLine: {'line': b'Installing kinematic_solver script to /home/meta/Documents/robotics_workspace_new/install/robokpy_controller/lib/robokpy_controller\n'}
[18.925853] (robokpy_controller) StdoutLine: {'line': b'Installing kinematics_server script to /home/meta/Documents/robotics_workspace_new/install/robokpy_controller/lib/robokpy_controller\n'}
[18.926142] (robokpy_controller) StdoutLine: {'line': b'Installing object_pose_resolver script to /home/meta/Documents/robotics_workspace_new/install/robokpy_controller/lib/robokpy_controller\n'}
[18.926649] (robokpy_controller) StdoutLine: {'line': b'Installing object_spawner script to /home/meta/Documents/robotics_workspace_new/install/robokpy_controller/lib/robokpy_controller\n'}
[18.946749] (robokpy_controller) StdoutLine: {'line': b'Installing pose_target_interface script to /home/meta/Documents/robotics_workspace_new/install/robokpy_controller/lib/robokpy_controller\n'}
[18.947321] (robokpy_controller) StdoutLine: {'line': b'Installing robot_command_server script to /home/meta/Documents/robotics_workspace_new/install/robokpy_controller/lib/robokpy_controller\n'}
[18.947790] (robokpy_controller) StdoutLine: {'line': b'Installing robot_description_viewer script to /home/meta/Documents/robotics_workspace_new/install/robokpy_controller/lib/robokpy_controller\n'}
[18.948256] (robokpy_controller) StdoutLine: {'line': b'Installing robot_state_interface_virtual script to /home/meta/Documents/robotics_workspace_new/install/robokpy_controller/lib/robokpy_controller\n'}
[18.948737] (robokpy_controller) StdoutLine: {'line': b'Installing robot_state_manager script to /home/meta/Documents/robotics_workspace_new/install/robokpy_controller/lib/robokpy_controller\n'}
[18.949207] (robokpy_controller) StdoutLine: {'line': b'Installing safety_bridge script to /home/meta/Documents/robotics_workspace_new/install/robokpy_controller/lib/robokpy_controller\n'}
[18.949981] (robokpy_controller) StdoutLine: {'line': b'Installing tool_action_server script to /home/meta/Documents/robotics_workspace_new/install/robokpy_controller/lib/robokpy_controller\n'}
[18.950549] (robokpy_controller) StdoutLine: {'line': b'Installing trajectory_plotter script to /home/meta/Documents/robotics_workspace_new/install/robokpy_controller/lib/robokpy_controller\n'}
[18.953369] (robokpy_controller) StdoutLine: {'line': b'Installing virtual_jog_relay script to /home/meta/Documents/robotics_workspace_new/install/robokpy_controller/lib/robokpy_controller\n'}
[18.959147] (robokpy_controller) StdoutLine: {'line': b"writing list of installed files to '/home/meta/Documents/robotics_workspace_new/build/robokpy_controller/install.log'\n"}
[18.993967] (-) TimerEvent: {}
[19.077611] (robokpy_controller) CommandEnded: {'returncode': 0}
[19.094519] (-) TimerEvent: {}
[19.105915] (robokpy_controller) JobEnded: {'identifier': 'robokpy_controller', 'rc': 0}
[19.109105] (-) EventReactorShutdown: {}
