[0.000000] (-) TimerEvent: {}
[0.000391] (robokpy) JobQueued: {'identifier': 'robokpy', 'dependencies': OrderedDict()}
[0.001322] (robokpy_interfaces) JobQueued: {'identifier': 'robokpy_interfaces', 'dependencies': OrderedDict()}
[0.002473] (robokpy_controller) JobQueued: {'identifier': 'robokpy_controller', 'dependencies': OrderedDict({'robokpy_interfaces': '/home/meta/Documents/robotics_workspace_new/install/robokpy_interfaces'})}
[0.002665] (robokpy_interfaces) JobStarted: {'identifier': 'robokpy_interfaces'}
[0.073487] (robokpy) JobStarted: {'identifier': 'robokpy'}
[0.092749] (robokpy_interfaces) JobProgress: {'identifier': 'robokpy_interfaces', 'progress': 'cmake'}
[0.094016] (robokpy_interfaces) JobProgress: {'identifier': 'robokpy_interfaces', 'progress': 'build'}
[0.095233] (robokpy_interfaces) Command: {'cmd': ['/bin/cmake', '--build', '/home/meta/Documents/robotics_workspace_new/build/robokpy_interfaces', '--', '-j4', '-l4'], 'cwd': '/home/meta/Documents/robotics_workspace_new/build/robokpy_interfaces', 'env': OrderedDict({'GJS_DEBUG_TOPICS': 'JS ERROR;JS LOG', 'XDG_ACTIVATION_TOKEN': 'gnome-shell/Terminator/2829-2-meta-Inspiron-3542_TIME1730800', 'LESSOPEN': '| /usr/bin/lesspipe %s', 'LANGUAGE': 'en_US', 'USER': 'meta', 'GZ_CONFIG_PATH': '/opt/ros/jazzy/opt/gz_sim_vendor/share/gz:/opt/ros/jazzy/opt/sdformat_vendor/share/gz:/opt/ros/jazzy/opt/gz_gui_vendor/share/gz:/opt/ros/jazzy/opt/gz_transport_vendor/share/gz:/opt/ros/jazzy/opt/gz_rendering_vendor/share/gz:/opt/ros/jazzy/opt/gz_plugin_vendor/share/gz:/opt/ros/jazzy/opt/gz_fuel_tools_vendor/share/gz:/opt/ros/jazzy/opt/gz_msgs_vendor/share/gz:/opt/ros/jazzy/opt/gz_common_vendor/share/gz', 'XDG_SESSION_TYPE': 'x11', 'STM32CubeMX_PATH': '/home/meta/STM32CubeMX', 'SHLVL': '1', 'LD_LIBRARY_PATH': '/home/meta/Documents/robotics_workspace_new/install/robokpy_interfaces/lib:/opt/ros/jazzy/opt/gz_sim_vendor/lib:/opt/ros/jazzy/opt/gz_sensors_vendor/lib:/opt/ros/jazzy/opt/gz_physics_vendor/lib:/opt/ros/jazzy/opt/sdformat_vendor/lib:/opt/ros/jazzy/opt/rviz_ogre_vendor/lib:/opt/ros/jazzy/lib/x86_64-linux-gnu:/opt/ros/jazzy/opt/gz_gui_vendor/lib:/opt/ros/jazzy/opt/gz_transport_vendor/lib:/opt/ros/jazzy/opt/gz_rendering_vendor/lib:/opt/ros/jazzy/opt/gz_plugin_vendor/lib:/opt/ros/jazzy/opt/gz_fuel_tools_vendor/lib:/opt/ros/jazzy/opt/gz_msgs_vendor/lib:/opt/ros/jazzy/opt/gz_common_vendor/lib:/opt/ros/jazzy/opt/gz_math_vendor/lib:/opt/ros/jazzy/opt/gz_utils_vendor/lib:/opt/ros/jazzy/opt/gz_tools_vendor/lib:/opt/ros/jazzy/opt/gz_ogre_next_vendor/lib:/opt/ros/jazzy/opt/gz_dartsim_vendor/lib:/opt/ros/jazzy/opt/gz_cmake_vendor/lib:/opt/ros/jazzy/lib', 'HOME': '/home/meta', 'OLDPWD': '/home/meta/Documents', 'DESKTOP_SESSION': 'ubuntu', 'NVM_BIN': '/home/meta/.nvm/versions/node/v25.2.1/bin', 'NVM_INC': '/home/meta/.nvm/versions/node/v25.2.1/include/node', 'GIO_LAUNCHED_DESKTOP_FILE': '/usr/share/applications/terminator.desktop', 'ROS_PYTHON_VERSION': '3', 'GNOME_SHELL_SESSION_MODE': 'ubuntu', 'GTK_MODULES': 'gail:atk-bridge', 'XDG_SEAT_PATH': '/org/freedesktop/DisplayManager/Seat0', 'MANAGERPID': '2493', 'SYSTEMD_EXEC_PID': '2829', 'GSM_SKIP_SSH_AGENT_WORKAROUND': 'true', 'DBUS_SESSION_BUS_ADDRESS': 'unix:path=/run/user/1000/bus', 'COLORTERM': 'truecolor', 'TERMINATOR_DBUS_NAME': 'net.tenshu.Terminator21a9d5db22c73a993ff0b42f64b396873', 'LIBVIRT_DEFAULT_URI': 'qemu:///system', 'GIO_LAUNCHED_DESKTOP_FILE_PID': '6963', 'NVM_DIR': '/home/meta/.nvm', 'DEBUGINFOD_URLS': 'https://debuginfod.ubuntu.com', 'IM_CONFIG_PHASE': '1', 'COLCON_PREFIX_PATH': '/home/meta/Documents/robotics_workspace_new/install', 'ROS_DISTRO': 'jazzy', 'LOGNAME': 'meta', 'JOURNAL_STREAM': '8:21828', '_': '/bin/colcon', 'ROS_VERSION': '2', 'MEMORY_PRESSURE_WATCH': '/sys/fs/cgroup/user.slice/user-1000.slice/user@1000.service/session.slice/org.gnome.Shell@x11.service/memory.pressure', 'XDG_SESSION_CLASS': 'user', 'TERM': 'xterm-256color', 'GNOME_DESKTOP_SESSION_ID': 'this-is-deprecated', 'PATH': '/opt/ros/jazzy/opt/gz_msgs_vendor/bin:/opt/ros/jazzy/opt/gz_tools_vendor/bin:/opt/ros/jazzy/opt/gz_ogre_next_vendor/bin:/opt/ros/jazzy/bin:/home/meta/.local/bin:/bin:/usr/bin:/usr/local/bin:/usr/local/texlive/2025/texmf-dist/doc/man::/snap/bin', 'SESSION_MANAGER': 'local/meta-Inspiron-3542:@/tmp/.ICE-unix/2792,unix/meta-Inspiron-3542:/tmp/.ICE-unix/2792', 'GDM_LANG': 'en_US', 'INVOCATION_ID': 'd84fa8919b1f4f858b2d11165a2922f4', 'XDG_SESSION_PATH': '/org/freedesktop/DisplayManager/Session0', 'XDG_MENU_PREFIX': 'gnome-', 'VREP_DIR': '/home/meta/meta/Downloads/VREP', 'XDG_RUNTIME_DIR': '/run/user/1000', 'DISPLAY': ':0', 'TERMINATOR_DBUS_PATH': '/net/tenshu/Terminator2', 'LANG': 'en_US.UTF-8', 'XDG_CURRENT_DESKTOP': 'ubuntu:GNOME', 'RMW_IMPLEMENTATION': 'rmw_cyclonedds_cpp', 'XMODIFIERS': '@im=ibus', 'XDG_SESSION_DESKTOP': 'ubuntu', 'XAUTHORITY': '/home/meta/.Xauthority', 'LS_COLORS': 'rs=0:di=01;34:ln=01;36:mh=00:pi=40;33:so=01;35:do=01;35:bd=40;33;01:cd=40;33;01:or=40;31;01:mi=00:su=37;41:sg=30;43:ca=00:tw=30;42:ow=34;42:st=37;44:ex=01;32:*.tar=01;31:*.tgz=01;31:*.arc=01;31:*.arj=01;31:*.taz=01;31:*.lha=01;31:*.lz4=01;31:*.lzh=01;31:*.lzma=01;31:*.tlz=01;31:*.txz=01;31:*.tzo=01;31:*.t7z=01;31:*.zip=01;31:*.z=01;31:*.dz=01;31:*.gz=01;31:*.lrz=01;31:*.lz=01;31:*.lzo=01;31:*.xz=01;31:*.zst=01;31:*.tzst=01;31:*.bz2=01;31:*.bz=01;31:*.tbz=01;31:*.tbz2=01;31:*.tz=01;31:*.deb=01;31:*.rpm=01;31:*.jar=01;31:*.war=01;31:*.ear=01;31:*.sar=01;31:*.rar=01;31:*.alz=01;31:*.ace=01;31:*.zoo=01;31:*.cpio=01;31:*.7z=01;31:*.rz=01;31:*.cab=01;31:*.wim=01;31:*.swm=01;31:*.dwm=01;31:*.esd=01;31:*.avif=01;35:*.jpg=01;35:*.jpeg=01;35:*.mjpg=01;35:*.mjpeg=01;35:*.gif=01;35:*.bmp=01;35:*.pbm=01;35:*.pgm=01;35:*.ppm=01;35:*.tga=01;35:*.xbm=01;35:*.xpm=01;35:*.tif=01;35:*.tiff=01;35:*.png=01;35:*.svg=01;35:*.svgz=01;35:*.mng=01;35:*.pcx=01;35:*.mov=01;35:*.mpg=01;35:*.mpeg=01;35:*.m2v=01;35:*.mkv=01;35:*.webm=01;35:*.webp=01;35:*.ogm=01;35:*.mp4=01;35:*.m4v=01;35:*.mp4v=01;35:*.vob=01;35:*.qt=01;35:*.nuv=01;35:*.wmv=01;35:*.asf=01;35:*.rm=01;35:*.rmvb=01;35:*.flc=01;35:*.avi=01;35:*.fli=01;35:*.flv=01;35:*.gl=01;35:*.dl=01;35:*.xcf=01;35:*.xwd=01;35:*.yuv=01;35:*.cgm=01;35:*.emf=01;35:*.ogv=01;35:*.ogx=01;35:*.aac=00;36:*.au=00;36:*.flac=00;36:*.m4a=00;36:*.mid=00;36:*.midi=00;36:*.mka=00;36:*.mp3=00;36:*.mpc=00;36:*.ogg=00;36:*.ra=00;36:*.wav=00;36:*.oga=00;36:*.opus=00;36:*.spx=00;36:*.xspf=00;36:*~=00;90:*#=00;90:*.bak=00;90:*.crdownload=00;90:*.dpkg-dist=00;90:*.dpkg-new=00;90:*.dpkg-old=00;90:*.dpkg-tmp=00;90:*.old=00;90:*.orig=00;90:*.part=00;90:*.rej=00;90:*.rpmnew=00;90:*.rpmorig=00;90:*.rpmsave=00;90:*.swp=00;90:*.tmp=00;90:*.ucf-dist=00;90:*.ucf-new=00;90:*.ucf-old=00;90:', 'SSH_AUTH_SOCK': '/run/user/1000/keyring/ssh', 'XDG_GREETER_DATA_DIR': '/var/lib/lightdm-data/meta', 'AMENT_PREFIX_PATH': '/home/meta/Documents/robotics_workspace_new/install/robokpy_controller:/home/meta/Documents/robotics_workspace_new/install/robokpy_interfaces:/home/meta/Documents/robotics_workspace_new/install/robokpy:/opt/ros/jazzy', 'SHELL': '/bin/bash', 'TERMINATOR_UUID': 'urn:uuid:b9c32161-6bc9-48b5-a8bb-1bae468ea677', 'QT_ACCESSIBILITY': '1', 'GDMSESSION': 'ubuntu', 'LESSCLOSE': '/usr/bin/lesspipe %s %s', 'GPG_AGENT_INFO': '/run/user/1000/gnupg/S.gpg-agent:0:1', 'GJS_DEBUG_OUTPUT': 'stderr', 'ROS_AUTOMATIC_DISCOVERY_RANGE': 'SUBNET', 'QT_IM_MODULE': 'ibus', 'PWD': '/home/meta/Documents/robotics_workspace_new/build/robokpy_interfaces', 'QT_QPA_PLATFORM': 'xcb', 'LC_ALL': 'en_US.UTF-8', 'XDG_CONFIG_DIRS': '/etc/xdg/xdg-ubuntu:/etc/xdg', 'NVM_CD_FLAGS': '', 'XDG_DATA_DIRS': '/usr/share/ubuntu:/usr/share/gnome:/usr/local/share:/usr/share:/var/lib/snapd/desktop', 'QTWEBENGINE_DICTIONARIES_PATH': '/usr/share/hunspell-bdic/', 'PYTHONPATH': '/home/meta/Documents/robotics_workspace_new/install/robokpy_controller/lib/python3.12/site-packages:/home/meta/Documents/robotics_workspace_new/install/robokpy_interfaces/lib/python3.12/site-packages:/home/meta/Documents/robotics_workspace_new/install/robokpy/lib/python3.12/site-packages:/opt/ros/jazzy/lib/python3.12/site-packages', 'COLCON': '1', 'MEMORY_PRESSURE_WRITE': 'c29tZSAyMDAwMDAgMjAwMDAwMAA=', 'VTE_VERSION': '7600', 'CMAKE_PREFIX_PATH': '/home/meta/Documents/robotics_workspace_new/install/robokpy_interfaces:/opt/ros/jazzy/opt/gz_sim_vendor:/opt/ros/jazzy/opt/gz_sensors_vendor:/opt/ros/jazzy/opt/gz_physics_vendor:/opt/ros/jazzy/opt/sdformat_vendor:/opt/ros/jazzy/opt/gz_gui_vendor:/opt/ros/jazzy/opt/gz_transport_vendor:/opt/ros/jazzy/opt/gz_rendering_vendor:/opt/ros/jazzy/opt/gz_plugin_vendor:/opt/ros/jazzy/opt/gz_fuel_tools_vendor:/opt/ros/jazzy/opt/gz_msgs_vendor:/opt/ros/jazzy/opt/gz_common_vendor:/opt/ros/jazzy/opt/gz_math_vendor:/opt/ros/jazzy/opt/gz_utils_vendor:/opt/ros/jazzy/opt/gz_tools_vendor:/opt/ros/jazzy/opt/gz_ogre_next_vendor:/opt/ros/jazzy/opt/gz_dartsim_vendor:/opt/ros/jazzy/opt/gz_cmake_vendor:/home/meta/Documents/robotics_workspace_new/install/robokpy_controller:/home/meta/Documents/robotics_workspace_new/install/robokpy:/opt/ros/jazzy'}), 'shell': False}
[0.099510] (-) TimerEvent: {}
[0.199822] (-) TimerEvent: {}
[0.300278] (-) TimerEvent: {}
[0.401463] (-) TimerEvent: {}
[0.459142] (robokpy_interfaces) StdoutLine: {'line': b'[  0%] Built target robokpy_interfaces__rosidl_generator_type_description\n'}
[0.501765] (-) TimerEvent: {}
[0.602604] (-) TimerEvent: {}
[0.703068] (-) TimerEvent: {}
[0.803501] (-) TimerEvent: {}
[0.826372] (robokpy_interfaces) StdoutLine: {'line': b'[  0%] Built target ament_cmake_python_copy_robokpy_interfaces\n'}
[0.903641] (-) TimerEvent: {}
[1.004254] (-) TimerEvent: {}
[1.105334] (-) TimerEvent: {}
[1.206358] (-) TimerEvent: {}
[1.309394] (-) TimerEvent: {}
[1.413599] (-) TimerEvent: {}
[1.516478] (-) TimerEvent: {}
[1.536328] (robokpy_interfaces) StdoutLine: {'line': b'[ 27%] Built target robokpy_interfaces__rosidl_generator_c\n'}
[1.616597] (-) TimerEvent: {}
[1.720271] (-) TimerEvent: {}
[1.826309] (-) TimerEvent: {}
[1.926824] (-) TimerEvent: {}
[2.032408] (-) TimerEvent: {}
[2.135040] (-) TimerEvent: {}
[2.239860] (-) TimerEvent: {}
[2.341541] (-) TimerEvent: {}
[2.443584] (-) TimerEvent: {}
[2.544591] (-) TimerEvent: {}
[2.647272] (-) TimerEvent: {}
[2.748804] (-) TimerEvent: {}
[2.845473] (robokpy_interfaces) StdoutLine: {'line': b'running egg_info\n'}
[2.848932] (-) TimerEvent: {}
[2.949369] (-) TimerEvent: {}
[3.012960] (robokpy_interfaces) StdoutLine: {'line': b'writing robokpy_interfaces.egg-info/PKG-INFO\n'}
[3.017351] (robokpy_interfaces) StdoutLine: {'line': b'writing dependency_links to robokpy_interfaces.egg-info/dependency_links.txt\n'}
[3.017829] (robokpy_interfaces) StdoutLine: {'line': b'writing top-level names to robokpy_interfaces.egg-info/top_level.txt\n'}
[3.049490] (-) TimerEvent: {}
[3.150056] (-) TimerEvent: {}
[3.253836] (-) TimerEvent: {}
[3.356452] (-) TimerEvent: {}
[3.438199] (robokpy_interfaces) StdoutLine: {'line': b"reading manifest file 'robokpy_interfaces.egg-info/SOURCES.txt'\n"}
[3.456642] (-) TimerEvent: {}
[3.476621] (robokpy_interfaces) StdoutLine: {'line': b"writing manifest file 'robokpy_interfaces.egg-info/SOURCES.txt'\n"}
[3.557720] (-) TimerEvent: {}
[3.573654] (robokpy_interfaces) StdoutLine: {'line': b'[ 27%] Built target ament_cmake_python_build_robokpy_interfaces_egg\n'}
[3.658424] (-) TimerEvent: {}
[3.758980] (-) TimerEvent: {}
[3.860139] (-) TimerEvent: {}
[3.960676] (-) TimerEvent: {}
[4.061461] (-) TimerEvent: {}
[4.162504] (-) TimerEvent: {}
[4.263034] (-) TimerEvent: {}
[4.363492] (-) TimerEvent: {}
[4.463974] (-) TimerEvent: {}
[4.566485] (-) TimerEvent: {}
[4.666938] (-) TimerEvent: {}
[4.768887] (-) TimerEvent: {}
[4.869543] (-) TimerEvent: {}
[4.881389] (robokpy_interfaces) StdoutLine: {'line': b'[ 36%] Built target robokpy_interfaces__rosidl_typesupport_introspection_c\n'}
[4.969687] (-) TimerEvent: {}
[5.071135] (-) TimerEvent: {}
[5.171668] (-) TimerEvent: {}
[5.272474] (-) TimerEvent: {}
[5.373147] (-) TimerEvent: {}
[5.409777] (robokpy_interfaces) StdoutLine: {'line': b'[ 46%] Built target robokpy_interfaces__rosidl_typesupport_c\n'}
[5.473268] (-) TimerEvent: {}
[5.575987] (-) TimerEvent: {}
[5.676477] (-) TimerEvent: {}
[5.764856] (robokpy_interfaces) StdoutLine: {'line': b'[ 56%] Built target robokpy_interfaces__rosidl_typesupport_fastrtps_c\n'}
[5.776598] (-) TimerEvent: {}
[5.876973] (-) TimerEvent: {}
[5.979504] (-) TimerEvent: {}
[5.982579] (robokpy_interfaces) StdoutLine: {'line': b'[ 56%] Built target robokpy_interfaces__cpp\n'}
[6.079660] (-) TimerEvent: {}
[6.180026] (-) TimerEvent: {}
[6.280392] (-) TimerEvent: {}
[6.380791] (-) TimerEvent: {}
[6.481154] (-) TimerEvent: {}
[6.581509] (-) TimerEvent: {}
[6.681866] (-) TimerEvent: {}
[6.724387] (robokpy_interfaces) StdoutLine: {'line': b'[ 66%] Built target robokpy_interfaces__rosidl_typesupport_cpp\n'}
[6.781999] (-) TimerEvent: {}
[6.882389] (-) TimerEvent: {}
[6.973069] (robokpy_interfaces) StdoutLine: {'line': b'[ 76%] Built target robokpy_interfaces__rosidl_typesupport_introspection_cpp\n'}
[6.982502] (-) TimerEvent: {}
[7.082875] (-) TimerEvent: {}
[7.183243] (-) TimerEvent: {}
[7.283707] (-) TimerEvent: {}
[7.385742] (-) TimerEvent: {}
[7.486382] (-) TimerEvent: {}
[7.571705] (robokpy_interfaces) StdoutLine: {'line': b'[ 86%] Built target robokpy_interfaces__rosidl_typesupport_fastrtps_cpp\n'}
[7.591557] (-) TimerEvent: {}
[7.689487] (robokpy_interfaces) StdoutLine: {'line': b'[ 86%] Built target robokpy_interfaces\n'}
[7.691652] (-) TimerEvent: {}
[7.792124] (robokpy_interfaces) StdoutLine: {'line': b'[ 87%] Built target robokpy_interfaces__py\n'}
[7.792588] (-) TimerEvent: {}
[7.892995] (-) TimerEvent: {}
[7.991763] (robokpy_interfaces) StdoutLine: {'line': b'[ 96%] Built target robokpy_interfaces__rosidl_generator_py\n'}
[7.993098] (-) TimerEvent: {}
[8.081361] (robokpy_interfaces) StdoutLine: {'line': b'[ 97%] Built target robokpy_interfaces_s__rosidl_typesupport_fastrtps_c\n'}
[8.093221] (-) TimerEvent: {}
[8.140475] (robokpy_interfaces) StdoutLine: {'line': b'[ 98%] Built target robokpy_interfaces_s__rosidl_typesupport_c\n'}
[8.193346] (-) TimerEvent: {}
[8.195416] (robokpy_interfaces) StdoutLine: {'line': b'[100%] Built target robokpy_interfaces_s__rosidl_typesupport_introspection_c\n'}
[8.224483] (robokpy_interfaces) CommandEnded: {'returncode': 0}
[8.293479] (-) TimerEvent: {}
[8.393894] (-) TimerEvent: {}
[8.494315] (-) TimerEvent: {}
[8.594762] (-) TimerEvent: {}
[8.691630] (robokpy) Command: {'cmd': ['/usr/bin/python3', '-W', 'ignore:setup.py install is deprecated', 'setup.py', 'egg_info', '--egg-base', '../../build/robokpy', 'build', '--build-base', '/home/meta/Documents/robotics_workspace_new/build/robokpy/build', 'install', '--record', '/home/meta/Documents/robotics_workspace_new/build/robokpy/install.log', '--single-version-externally-managed', 'install_data'], 'cwd': '/home/meta/Documents/robotics_workspace_new/src/robokpy', 'env': {'GJS_DEBUG_TOPICS': 'JS ERROR;JS LOG', 'XDG_ACTIVATION_TOKEN': 'gnome-shell/Terminator/2829-2-meta-Inspiron-3542_TIME1730800', 'LESSOPEN': '| /usr/bin/lesspipe %s', 'LANGUAGE': 'en_US', 'USER': 'meta', 'GZ_CONFIG_PATH': '/opt/ros/jazzy/opt/gz_sim_vendor/share/gz:/opt/ros/jazzy/opt/sdformat_vendor/share/gz:/opt/ros/jazzy/opt/gz_gui_vendor/share/gz:/opt/ros/jazzy/opt/gz_transport_vendor/share/gz:/opt/ros/jazzy/opt/gz_rendering_vendor/share/gz:/opt/ros/jazzy/opt/gz_plugin_vendor/share/gz:/opt/ros/jazzy/opt/gz_fuel_tools_vendor/share/gz:/opt/ros/jazzy/opt/gz_msgs_vendor/share/gz:/opt/ros/jazzy/opt/gz_common_vendor/share/gz', 'XDG_SESSION_TYPE': 'x11', 'STM32CubeMX_PATH': '/home/meta/STM32CubeMX', 'SHLVL': '1', 'LD_LIBRARY_PATH': '/home/meta/Documents/robotics_workspace_new/install/robokpy_interfaces/lib:/opt/ros/jazzy/opt/gz_sim_vendor/lib:/opt/ros/jazzy/opt/gz_sensors_vendor/lib:/opt/ros/jazzy/opt/gz_physics_vendor/lib:/opt/ros/jazzy/opt/sdformat_vendor/lib:/opt/ros/jazzy/opt/rviz_ogre_vendor/lib:/opt/ros/jazzy/lib/x86_64-linux-gnu:/opt/ros/jazzy/opt/gz_gui_vendor/lib:/opt/ros/jazzy/opt/gz_transport_vendor/lib:/opt/ros/jazzy/opt/gz_rendering_vendor/lib:/opt/ros/jazzy/opt/gz_plugin_vendor/lib:/opt/ros/jazzy/opt/gz_fuel_tools_vendor/lib:/opt/ros/jazzy/opt/gz_msgs_vendor/lib:/opt/ros/jazzy/opt/gz_common_vendor/lib:/opt/ros/jazzy/opt/gz_math_vendor/lib:/opt/ros/jazzy/opt/gz_utils_vendor/lib:/opt/ros/jazzy/opt/gz_tools_vendor/lib:/opt/ros/jazzy/opt/gz_ogre_next_vendor/lib:/opt/ros/jazzy/opt/gz_dartsim_vendor/lib:/opt/ros/jazzy/opt/gz_cmake_vendor/lib:/opt/ros/jazzy/lib', 'HOME': '/home/meta', 'OLDPWD': '/home/meta/Documents', 'DESKTOP_SESSION': 'ubuntu', 'NVM_BIN': '/home/meta/.nvm/versions/node/v25.2.1/bin', 'NVM_INC': '/home/meta/.nvm/versions/node/v25.2.1/include/node', 'GIO_LAUNCHED_DESKTOP_FILE': '/usr/share/applications/terminator.desktop', 'ROS_PYTHON_VERSION': '3', 'GNOME_SHELL_SESSION_MODE': 'ubuntu', 'GTK_MODULES': 'gail:atk-bridge', 'XDG_SEAT_PATH': '/org/freedesktop/DisplayManager/Seat0', 'MANAGERPID': '2493', 'SYSTEMD_EXEC_PID': '2829', 'GSM_SKIP_SSH_AGENT_WORKAROUND': 'true', 'DBUS_SESSION_BUS_ADDRESS': 'unix:path=/run/user/1000/bus', 'COLORTERM': 'truecolor', 'TERMINATOR_DBUS_NAME': 'net.tenshu.Terminator21a9d5db22c73a993ff0b42f64b396873', 'LIBVIRT_DEFAULT_URI': 'qemu:///system', 'GIO_LAUNCHED_DESKTOP_FILE_PID': '6963', 'NVM_DIR': '/home/meta/.nvm', 'DEBUGINFOD_URLS': 'https://debuginfod.ubuntu.com', 'IM_CONFIG_PHASE': '1', 'COLCON_PREFIX_PATH': '/home/meta/Documents/robotics_workspace_new/install', 'ROS_DISTRO': 'jazzy', 'LOGNAME': 'meta', 'JOURNAL_STREAM': '8:21828', '_': '/bin/colcon', 'ROS_VERSION': '2', 'MEMORY_PRESSURE_WATCH': '/sys/fs/cgroup/user.slice/user-1000.slice/user@1000.service/session.slice/org.gnome.Shell@x11.service/memory.pressure', 'XDG_SESSION_CLASS': 'user', 'TERM': 'xterm-256color', 'GNOME_DESKTOP_SESSION_ID': 'this-is-deprecated', 'PATH': '/opt/ros/jazzy/opt/gz_msgs_vendor/bin:/opt/ros/jazzy/opt/gz_tools_vendor/bin:/opt/ros/jazzy/opt/gz_ogre_next_vendor/bin:/opt/ros/jazzy/bin:/home/meta/.local/bin:/bin:/usr/bin:/usr/local/bin:/usr/local/texlive/2025/texmf-dist/doc/man::/snap/bin', 'SESSION_MANAGER': 'local/meta-Inspiron-3542:@/tmp/.ICE-unix/2792,unix/meta-Inspiron-3542:/tmp/.ICE-unix/2792', 'GDM_LANG': 'en_US', 'INVOCATION_ID': 'd84fa8919b1f4f858b2d11165a2922f4', 'XDG_SESSION_PATH': '/org/freedesktop/DisplayManager/Session0', 'XDG_MENU_PREFIX': 'gnome-', 'VREP_DIR': '/home/meta/meta/Downloads/VREP', 'XDG_RUNTIME_DIR': '/run/user/1000', 'DISPLAY': ':0', 'TERMINATOR_DBUS_PATH': '/net/tenshu/Terminator2', 'LANG': 'en_US.UTF-8', 'XDG_CURRENT_DESKTOP': 'ubuntu:GNOME', 'RMW_IMPLEMENTATION': 'rmw_cyclonedds_cpp', 'XMODIFIERS': '@im=ibus', 'XDG_SESSION_DESKTOP': 'ubuntu', 'XAUTHORITY': '/home/meta/.Xauthority', 'LS_COLORS': 'rs=0:di=01;34:ln=01;36:mh=00:pi=40;33:so=01;35:do=01;35:bd=40;33;01:cd=40;33;01:or=40;31;01:mi=00:su=37;41:sg=30;43:ca=00:tw=30;42:ow=34;42:st=37;44:ex=01;32:*.tar=01;31:*.tgz=01;31:*.arc=01;31:*.arj=01;31:*.taz=01;31:*.lha=01;31:*.lz4=01;31:*.lzh=01;31:*.lzma=01;31:*.tlz=01;31:*.txz=01;31:*.tzo=01;31:*.t7z=01;31:*.zip=01;31:*.z=01;31:*.dz=01;31:*.gz=01;31:*.lrz=01;31:*.lz=01;31:*.lzo=01;31:*.xz=01;31:*.zst=01;31:*.tzst=01;31:*.bz2=01;31:*.bz=01;31:*.tbz=01;31:*.tbz2=01;31:*.tz=01;31:*.deb=01;31:*.rpm=01;31:*.jar=01;31:*.war=01;31:*.ear=01;31:*.sar=01;31:*.rar=01;31:*.alz=01;31:*.ace=01;31:*.zoo=01;31:*.cpio=01;31:*.7z=01;31:*.rz=01;31:*.cab=01;31:*.wim=01;31:*.swm=01;31:*.dwm=01;31:*.esd=01;31:*.avif=01;35:*.jpg=01;35:*.jpeg=01;35:*.mjpg=01;35:*.mjpeg=01;35:*.gif=01;35:*.bmp=01;35:*.pbm=01;35:*.pgm=01;35:*.ppm=01;35:*.tga=01;35:*.xbm=01;35:*.xpm=01;35:*.tif=01;35:*.tiff=01;35:*.png=01;35:*.svg=01;35:*.svgz=01;35:*.mng=01;35:*.pcx=01;35:*.mov=01;35:*.mpg=01;35:*.mpeg=01;35:*.m2v=01;35:*.mkv=01;35:*.webm=01;35:*.webp=01;35:*.ogm=01;35:*.mp4=01;35:*.m4v=01;35:*.mp4v=01;35:*.vob=01;35:*.qt=01;35:*.nuv=01;35:*.wmv=01;35:*.asf=01;35:*.rm=01;35:*.rmvb=01;35:*.flc=01;35:*.avi=01;35:*.fli=01;35:*.flv=01;35:*.gl=01;35:*.dl=01;35:*.xcf=01;35:*.xwd=01;35:*.yuv=01;35:*.cgm=01;35:*.emf=01;35:*.ogv=01;35:*.ogx=01;35:*.aac=00;36:*.au=00;36:*.flac=00;36:*.m4a=00;36:*.mid=00;36:*.midi=00;36:*.mka=00;36:*.mp3=00;36:*.mpc=00;36:*.ogg=00;36:*.ra=00;36:*.wav=00;36:*.oga=00;36:*.opus=00;36:*.spx=00;36:*.xspf=00;36:*~=00;90:*#=00;90:*.bak=00;90:*.crdownload=00;90:*.dpkg-dist=00;90:*.dpkg-new=00;90:*.dpkg-old=00;90:*.dpkg-tmp=00;90:*.old=00;90:*.orig=00;90:*.part=00;90:*.rej=00;90:*.rpmnew=00;90:*.rpmorig=00;90:*.rpmsave=00;90:*.swp=00;90:*.tmp=00;90:*.ucf-dist=00;90:*.ucf-new=00;90:*.ucf-old=00;90:', 'SSH_AUTH_SOCK': '/run/user/1000/keyring/ssh', 'XDG_GREETER_DATA_DIR': '/var/lib/lightdm-data/meta', 'AMENT_PREFIX_PATH': '/home/meta/Documents/robotics_workspace_new/install/robokpy_controller:/home/meta/Documents/robotics_workspace_new/install/robokpy_interfaces:/home/meta/Documents/robotics_workspace_new/install/robokpy:/opt/ros/jazzy', 'SHELL': '/bin/bash', 'TERMINATOR_UUID': 'urn:uuid:b9c32161-6bc9-48b5-a8bb-1bae468ea677', 'QT_ACCESSIBILITY': '1', 'GDMSESSION': 'ubuntu', 'LESSCLOSE': '/usr/bin/lesspipe %s %s', 'GPG_AGENT_INFO': '/run/user/1000/gnupg/S.gpg-agent:0:1', 'GJS_DEBUG_OUTPUT': 'stderr', 'ROS_AUTOMATIC_DISCOVERY_RANGE': 'SUBNET', 'QT_IM_MODULE': 'ibus', 'PWD': '/home/meta/Documents/robotics_workspace_new/build/robokpy', 'QT_QPA_PLATFORM': 'xcb', 'LC_ALL': 'en_US.UTF-8', 'XDG_CONFIG_DIRS': '/etc/xdg/xdg-ubuntu:/etc/xdg', 'NVM_CD_FLAGS': '', 'XDG_DATA_DIRS': '/usr/share/ubuntu:/usr/share/gnome:/usr/local/share:/usr/share:/var/lib/snapd/desktop', 'QTWEBENGINE_DICTIONARIES_PATH': '/usr/share/hunspell-bdic/', 'PYTHONPATH': '/home/meta/Documents/robotics_workspace_new/build/robokpy/prefix_override:/usr/lib/python3/dist-packages/colcon_core/task/python/colcon_distutils_commands:/home/meta/Documents/robotics_workspace_new/install/robokpy/lib/python3.12/site-packages:/home/meta/Documents/robotics_workspace_new/install/robokpy_controller/lib/python3.12/site-packages:/home/meta/Documents/robotics_workspace_new/install/robokpy_interfaces/lib/python3.12/site-packages:/home/meta/Documents/robotics_workspace_new/install/robokpy/lib/python3.12/site-packages:/opt/ros/jazzy/lib/python3.12/site-packages', 'COLCON': '1', 'MEMORY_PRESSURE_WRITE': 'c29tZSAyMDAwMDAgMjAwMDAwMAA=', 'VTE_VERSION': '7600', 'CMAKE_PREFIX_PATH': '/home/meta/Documents/robotics_workspace_new/install/robokpy_interfaces:/opt/ros/jazzy/opt/gz_sim_vendor:/opt/ros/jazzy/opt/gz_sensors_vendor:/opt/ros/jazzy/opt/gz_physics_vendor:/opt/ros/jazzy/opt/sdformat_vendor:/opt/ros/jazzy/opt/gz_gui_vendor:/opt/ros/jazzy/opt/gz_transport_vendor:/opt/ros/jazzy/opt/gz_rendering_vendor:/opt/ros/jazzy/opt/gz_plugin_vendor:/opt/ros/jazzy/opt/gz_fuel_tools_vendor:/opt/ros/jazzy/opt/gz_msgs_vendor:/opt/ros/jazzy/opt/gz_common_vendor:/opt/ros/jazzy/opt/gz_math_vendor:/opt/ros/jazzy/opt/gz_utils_vendor:/opt/ros/jazzy/opt/gz_tools_vendor:/opt/ros/jazzy/opt/gz_ogre_next_vendor:/opt/ros/jazzy/opt/gz_dartsim_vendor:/opt/ros/jazzy/opt/gz_cmake_vendor'}, 'shell': False}
[8.695208] (-) TimerEvent: {}
[8.795613] (-) TimerEvent: {}
[8.896070] (-) TimerEvent: {}
[8.997203] (-) TimerEvent: {}
[9.004017] (robokpy_interfaces) JobProgress: {'identifier': 'robokpy_interfaces', 'progress': 'install'}
[9.022906] (robokpy_interfaces) Command: {'cmd': ['/bin/cmake', '--install', '/home/meta/Documents/robotics_workspace_new/build/robokpy_interfaces'], 'cwd': '/home/meta/Documents/robotics_workspace_new/build/robokpy_interfaces', 'env': OrderedDict({'GJS_DEBUG_TOPICS': 'JS ERROR;JS LOG', 'XDG_ACTIVATION_TOKEN': 'gnome-shell/Terminator/2829-2-meta-Inspiron-3542_TIME1730800', 'LESSOPEN': '| /usr/bin/lesspipe %s', 'LANGUAGE': 'en_US', 'USER': 'meta', 'GZ_CONFIG_PATH': '/opt/ros/jazzy/opt/gz_sim_vendor/share/gz:/opt/ros/jazzy/opt/sdformat_vendor/share/gz:/opt/ros/jazzy/opt/gz_gui_vendor/share/gz:/opt/ros/jazzy/opt/gz_transport_vendor/share/gz:/opt/ros/jazzy/opt/gz_rendering_vendor/share/gz:/opt/ros/jazzy/opt/gz_plugin_vendor/share/gz:/opt/ros/jazzy/opt/gz_fuel_tools_vendor/share/gz:/opt/ros/jazzy/opt/gz_msgs_vendor/share/gz:/opt/ros/jazzy/opt/gz_common_vendor/share/gz', 'XDG_SESSION_TYPE': 'x11', 'STM32CubeMX_PATH': '/home/meta/STM32CubeMX', 'SHLVL': '1', 'LD_LIBRARY_PATH': '/home/meta/Documents/robotics_workspace_new/install/robokpy_interfaces/lib:/opt/ros/jazzy/opt/gz_sim_vendor/lib:/opt/ros/jazzy/opt/gz_sensors_vendor/lib:/opt/ros/jazzy/opt/gz_physics_vendor/lib:/opt/ros/jazzy/opt/sdformat_vendor/lib:/opt/ros/jazzy/opt/rviz_ogre_vendor/lib:/opt/ros/jazzy/lib/x86_64-linux-gnu:/opt/ros/jazzy/opt/gz_gui_vendor/lib:/opt/ros/jazzy/opt/gz_transport_vendor/lib:/opt/ros/jazzy/opt/gz_rendering_vendor/lib:/opt/ros/jazzy/opt/gz_plugin_vendor/lib:/opt/ros/jazzy/opt/gz_fuel_tools_vendor/lib:/opt/ros/jazzy/opt/gz_msgs_vendor/lib:/opt/ros/jazzy/opt/gz_common_vendor/lib:/opt/ros/jazzy/opt/gz_math_vendor/lib:/opt/ros/jazzy/opt/gz_utils_vendor/lib:/opt/ros/jazzy/opt/gz_tools_vendor/lib:/opt/ros/jazzy/opt/gz_ogre_next_vendor/lib:/opt/ros/jazzy/opt/gz_dartsim_vendor/lib:/opt/ros/jazzy/opt/gz_cmake_vendor/lib:/opt/ros/jazzy/lib', 'HOME': '/home/meta', 'OLDPWD': '/home/meta/Documents', 'DESKTOP_SESSION': 'ubuntu', 'NVM_BIN': '/home/meta/.nvm/versions/node/v25.2.1/bin', 'NVM_INC': '/home/meta/.nvm/versions/node/v25.2.1/include/node', 'GIO_LAUNCHED_DESKTOP_FILE': '/usr/share/applications/terminator.desktop', 'ROS_PYTHON_VERSION': '3', 'GNOME_SHELL_SESSION_MODE': 'ubuntu', 'GTK_MODULES': 'gail:atk-bridge', 'XDG_SEAT_PATH': '/org/freedesktop/DisplayManager/Seat0', 'MANAGERPID': '2493', 'SYSTEMD_EXEC_PID': '2829', 'GSM_SKIP_SSH_AGENT_WORKAROUND': 'true', 'DBUS_SESSION_BUS_ADDRESS': 'unix:path=/run/user/1000/bus', 'COLORTERM': 'truecolor', 'TERMINATOR_DBUS_NAME': 'net.tenshu.Terminator21a9d5db22c73a993ff0b42f64b396873', 'LIBVIRT_DEFAULT_URI': 'qemu:///system', 'GIO_LAUNCHED_DESKTOP_FILE_PID': '6963', 'NVM_DIR': '/home/meta/.nvm', 'DEBUGINFOD_URLS': 'https://debuginfod.ubuntu.com', 'IM_CONFIG_PHASE': '1', 'COLCON_PREFIX_PATH': '/home/meta/Documents/robotics_workspace_new/install', 'ROS_DISTRO': 'jazzy', 'LOGNAME': 'meta', 'JOURNAL_STREAM': '8:21828', '_': '/bin/colcon', 'ROS_VERSION': '2', 'MEMORY_PRESSURE_WATCH': '/sys/fs/cgroup/user.slice/user-1000.slice/user@1000.service/session.slice/org.gnome.Shell@x11.service/memory.pressure', 'XDG_SESSION_CLASS': 'user', 'TERM': 'xterm-256color', 'GNOME_DESKTOP_SESSION_ID': 'this-is-deprecated', 'PATH': '/opt/ros/jazzy/opt/gz_msgs_vendor/bin:/opt/ros/jazzy/opt/gz_tools_vendor/bin:/opt/ros/jazzy/opt/gz_ogre_next_vendor/bin:/opt/ros/jazzy/bin:/home/meta/.local/bin:/bin:/usr/bin:/usr/local/bin:/usr/local/texlive/2025/texmf-dist/doc/man::/snap/bin', 'SESSION_MANAGER': 'local/meta-Inspiron-3542:@/tmp/.ICE-unix/2792,unix/meta-Inspiron-3542:/tmp/.ICE-unix/2792', 'GDM_LANG': 'en_US', 'INVOCATION_ID': 'd84fa8919b1f4f858b2d11165a2922f4', 'XDG_SESSION_PATH': '/org/freedesktop/DisplayManager/Session0', 'XDG_MENU_PREFIX': 'gnome-', 'VREP_DIR': '/home/meta/meta/Downloads/VREP', 'XDG_RUNTIME_DIR': '/run/user/1000', 'DISPLAY': ':0', 'TERMINATOR_DBUS_PATH': '/net/tenshu/Terminator2', 'LANG': 'en_US.UTF-8', 'XDG_CURRENT_DESKTOP': 'ubuntu:GNOME', 'RMW_IMPLEMENTATION': 'rmw_cyclonedds_cpp', 'XMODIFIERS': '@im=ibus', 'XDG_SESSION_DESKTOP': 'ubuntu', 'XAUTHORITY': '/home/meta/.Xauthority', 'LS_COLORS': 'rs=0:di=01;34:ln=01;36:mh=00:pi=40;33:so=01;35:do=01;35:bd=40;33;01:cd=40;33;01:or=40;31;01:mi=00:su=37;41:sg=30;43:ca=00:tw=30;42:ow=34;42:st=37;44:ex=01;32:*.tar=01;31:*.tgz=01;31:*.arc=01;31:*.arj=01;31:*.taz=01;31:*.lha=01;31:*.lz4=01;31:*.lzh=01;31:*.lzma=01;31:*.tlz=01;31:*.txz=01;31:*.tzo=01;31:*.t7z=01;31:*.zip=01;31:*.z=01;31:*.dz=01;31:*.gz=01;31:*.lrz=01;31:*.lz=01;31:*.lzo=01;31:*.xz=01;31:*.zst=01;31:*.tzst=01;31:*.bz2=01;31:*.bz=01;31:*.tbz=01;31:*.tbz2=01;31:*.tz=01;31:*.deb=01;31:*.rpm=01;31:*.jar=01;31:*.war=01;31:*.ear=01;31:*.sar=01;31:*.rar=01;31:*.alz=01;31:*.ace=01;31:*.zoo=01;31:*.cpio=01;31:*.7z=01;31:*.rz=01;31:*.cab=01;31:*.wim=01;31:*.swm=01;31:*.dwm=01;31:*.esd=01;31:*.avif=01;35:*.jpg=01;35:*.jpeg=01;35:*.mjpg=01;35:*.mjpeg=01;35:*.gif=01;35:*.bmp=01;35:*.pbm=01;35:*.pgm=01;35:*.ppm=01;35:*.tga=01;35:*.xbm=01;35:*.xpm=01;35:*.tif=01;35:*.tiff=01;35:*.png=01;35:*.svg=01;35:*.svgz=01;35:*.mng=01;35:*.pcx=01;35:*.mov=01;35:*.mpg=01;35:*.mpeg=01;35:*.m2v=01;35:*.mkv=01;35:*.webm=01;35:*.webp=01;35:*.ogm=01;35:*.mp4=01;35:*.m4v=01;35:*.mp4v=01;35:*.vob=01;35:*.qt=01;35:*.nuv=01;35:*.wmv=01;35:*.asf=01;35:*.rm=01;35:*.rmvb=01;35:*.flc=01;35:*.avi=01;35:*.fli=01;35:*.flv=01;35:*.gl=01;35:*.dl=01;35:*.xcf=01;35:*.xwd=01;35:*.yuv=01;35:*.cgm=01;35:*.emf=01;35:*.ogv=01;35:*.ogx=01;35:*.aac=00;36:*.au=00;36:*.flac=00;36:*.m4a=00;36:*.mid=00;36:*.midi=00;36:*.mka=00;36:*.mp3=00;36:*.mpc=00;36:*.ogg=00;36:*.ra=00;36:*.wav=00;36:*.oga=00;36:*.opus=00;36:*.spx=00;36:*.xspf=00;36:*~=00;90:*#=00;90:*.bak=00;90:*.crdownload=00;90:*.dpkg-dist=00;90:*.dpkg-new=00;90:*.dpkg-old=00;90:*.dpkg-tmp=00;90:*.old=00;90:*.orig=00;90:*.part=00;90:*.rej=00;90:*.rpmnew=00;90:*.rpmorig=00;90:*.rpmsave=00;90:*.swp=00;90:*.tmp=00;90:*.ucf-dist=00;90:*.ucf-new=00;90:*.ucf-old=00;90:', 'SSH_AUTH_SOCK': '/run/user/1000/keyring/ssh', 'XDG_GREETER_DATA_DIR': '/var/lib/lightdm-data/meta', 'AMENT_PREFIX_PATH': '/home/meta/Documents/robotics_workspace_new/install/robokpy_controller:/home/meta/Documents/robotics_workspace_new/install/robokpy_interfaces:/home/meta/Documents/robotics_workspace_new/install/robokpy:/opt/ros/jazzy', 'SHELL': '/bin/bash', 'TERMINATOR_UUID': 'urn:uuid:b9c32161-6bc9-48b5-a8bb-1bae468ea677', 'QT_ACCESSIBILITY': '1', 'GDMSESSION': 'ubuntu', 'LESSCLOSE': '/usr/bin/lesspipe %s %s', 'GPG_AGENT_INFO': '/run/user/1000/gnupg/S.gpg-agent:0:1', 'GJS_DEBUG_OUTPUT': 'stderr', 'ROS_AUTOMATIC_DISCOVERY_RANGE': 'SUBNET', 'QT_IM_MODULE': 'ibus', 'PWD': '/home/meta/Documents/robotics_workspace_new/build/robokpy_interfaces', 'QT_QPA_PLATFORM': 'xcb', 'LC_ALL': 'en_US.UTF-8', 'XDG_CONFIG_DIRS': '/etc/xdg/xdg-ubuntu:/etc/xdg', 'NVM_CD_FLAGS': '', 'XDG_DATA_DIRS': '/usr/share/ubuntu:/usr/share/gnome:/usr/local/share:/usr/share:/var/lib/snapd/desktop', 'QTWEBENGINE_DICTIONARIES_PATH': '/usr/share/hunspell-bdic/', 'PYTHONPATH': '/home/meta/Documents/robotics_workspace_new/install/robokpy_controller/lib/python3.12/site-packages:/home/meta/Documents/robotics_workspace_new/install/robokpy_interfaces/lib/python3.12/site-packages:/home/meta/Documents/robotics_workspace_new/install/robokpy/lib/python3.12/site-packages:/opt/ros/jazzy/lib/python3.12/site-packages', 'COLCON': '1', 'MEMORY_PRESSURE_WRITE': 'c29tZSAyMDAwMDAgMjAwMDAwMAA=', 'VTE_VERSION': '7600', 'CMAKE_PREFIX_PATH': '/home/meta/Documents/robotics_workspace_new/install/robokpy_interfaces:/opt/ros/jazzy/opt/gz_sim_vendor:/opt/ros/jazzy/opt/gz_sensors_vendor:/opt/ros/jazzy/opt/gz_physics_vendor:/opt/ros/jazzy/opt/sdformat_vendor:/opt/ros/jazzy/opt/gz_gui_vendor:/opt/ros/jazzy/opt/gz_transport_vendor:/opt/ros/jazzy/opt/gz_rendering_vendor:/opt/ros/jazzy/opt/gz_plugin_vendor:/opt/ros/jazzy/opt/gz_fuel_tools_vendor:/opt/ros/jazzy/opt/gz_msgs_vendor:/opt/ros/jazzy/opt/gz_common_vendor:/opt/ros/jazzy/opt/gz_math_vendor:/opt/ros/jazzy/opt/gz_utils_vendor:/opt/ros/jazzy/opt/gz_tools_vendor:/opt/ros/jazzy/opt/gz_ogre_next_vendor:/opt/ros/jazzy/opt/gz_dartsim_vendor:/opt/ros/jazzy/opt/gz_cmake_vendor:/home/meta/Documents/robotics_workspace_new/install/robokpy_controller:/home/meta/Documents/robotics_workspace_new/install/robokpy:/opt/ros/jazzy'}), 'shell': False}
[9.068169] (robokpy_interfaces) StdoutLine: {'line': b'-- Install configuration: ""\n'}
[9.069300] (robokpy_interfaces) StdoutLine: {'line': b'-- Up-to-date: /home/meta/Documents/robotics_workspace_new/install/robokpy_interfaces/share/ament_index/resource_index/rosidl_interfaces/robokpy_interfaces\n'}
[9.069707] (robokpy_interfaces) StdoutLine: {'line': b'-- Up-to-date: /home/meta/Documents/robotics_workspace_new/install/robokpy_interfaces/share/robokpy_interfaces/srv/ExecutionState.json\n'}
[9.070191] (robokpy_interfaces) StdoutLine: {'line': b'-- Up-to-date: /home/meta/Documents/robotics_workspace_new/install/robokpy_interfaces/share/robokpy_interfaces/srv/SystemMode.json\n'}
[9.070510] (robokpy_interfaces) StdoutLine: {'line': b'-- Up-to-date: /home/meta/Documents/robotics_workspace_new/install/robokpy_interfaces/share/robokpy_interfaces/srv/FK.json\n'}
[9.070817] (robokpy_interfaces) StdoutLine: {'line': b'-- Up-to-date: /home/meta/Documents/robotics_workspace_new/install/robokpy_interfaces/share/robokpy_interfaces/srv/IK.json\n'}
[9.071095] (robokpy_interfaces) StdoutLine: {'line': b'-- Up-to-date: /home/meta/Documents/robotics_workspace_new/install/robokpy_interfaces/share/robokpy_interfaces/srv/Jacobian.json\n'}
[9.071360] (robokpy_interfaces) StdoutLine: {'line': b'-- Up-to-date: /home/meta/Documents/robotics_workspace_new/install/robokpy_interfaces/share/robokpy_interfaces/srv/Reachable.json\n'}
[9.071676] (robokpy_interfaces) StdoutLine: {'line': b'-- Up-to-date: /home/meta/Documents/robotics_workspace_new/install/robokpy_interfaces/share/robokpy_interfaces/srv/ChainFK.json\n'}
[9.071992] (robokpy_interfaces) StdoutLine: {'line': b'-- Up-to-date: /home/meta/Documents/robotics_workspace_new/install/robokpy_interfaces/share/robokpy_interfaces/srv/SetPlanningTipLink.json\n'}
[9.072154] (robokpy_interfaces) StdoutLine: {'line': b'-- Up-to-date: /home/meta/Documents/robotics_workspace_new/install/robokpy_interfaces/share/robokpy_interfaces/srv/GraspAttach.json\n'}
[9.072294] (robokpy_interfaces) StdoutLine: {'line': b'-- Up-to-date: /home/meta/Documents/robotics_workspace_new/install/robokpy_interfaces/share/robokpy_interfaces/srv/ResumeExecution.json\n'}
[9.072462] (robokpy_interfaces) StdoutLine: {'line': b'-- Up-to-date: /home/meta/Documents/robotics_workspace_new/install/robokpy_interfaces/share/robokpy_interfaces/srv/LoadRecipe.json\n'}
[9.072611] (robokpy_interfaces) StdoutLine: {'line': b'-- Up-to-date: /home/meta/Documents/robotics_workspace_new/install/robokpy_interfaces/share/robokpy_interfaces/msg/CellState.json\n'}
[9.072744] (robokpy_interfaces) StdoutLine: {'line': b'-- Up-to-date: /home/meta/Documents/robotics_workspace_new/install/robokpy_interfaces/share/robokpy_interfaces/action/ExecuteMotion.json\n'}
[9.072874] (robokpy_interfaces) StdoutLine: {'line': b'-- Up-to-date: /home/meta/Documents/robotics_workspace_new/install/robokpy_interfaces/share/robokpy_interfaces/action/ExecuteToolOp.json\n'}
[9.073001] (robokpy_interfaces) StdoutLine: {'line': b'-- Up-to-date: /home/meta/Documents/robotics_workspace_new/install/robokpy_interfaces/share/robokpy_interfaces/action/ExecuteVisionOp.json\n'}
[9.073129] (robokpy_interfaces) StdoutLine: {'line': b'-- Up-to-date: /home/meta/Documents/robotics_workspace_new/install/robokpy_interfaces/include/robokpy_interfaces/robokpy_interfaces\n'}
[9.073256] (robokpy_interfaces) StdoutLine: {'line': b'-- Up-to-date: /home/meta/Documents/robotics_workspace_new/install/robokpy_interfaces/include/robokpy_interfaces/robokpy_interfaces/srv\n'}
[9.073381] (robokpy_interfaces) StdoutLine: {'line': b'-- Up-to-date: /home/meta/Documents/robotics_workspace_new/install/robokpy_interfaces/include/robokpy_interfaces/robokpy_interfaces/srv/set_planning_tip_link.h\n'}
[9.073569] (robokpy_interfaces) StdoutLine: {'line': b'-- Up-to-date: /home/meta/Documents/robotics_workspace_new/install/robokpy_interfaces/include/robokpy_interfaces/robokpy_interfaces/srv/execution_state.h\n'}
[9.073732] (robokpy_interfaces) StdoutLine: {'line': b'-- Up-to-date: /home/meta/Documents/robotics_workspace_new/install/robokpy_interfaces/include/robokpy_interfaces/robokpy_interfaces/srv/ik.h\n'}
[9.073863] (robokpy_interfaces) StdoutLine: {'line': b'-- Up-to-date: /home/meta/Documents/robotics_workspace_new/install/robokpy_interfaces/include/robokpy_interfaces/robokpy_interfaces/srv/system_mode.h\n'}
[9.073991] (robokpy_interfaces) StdoutLine: {'line': b'-- Up-to-date: /home/meta/Documents/robotics_workspace_new/install/robokpy_interfaces/include/robokpy_interfaces/robokpy_interfaces/srv/fk.h\n'}
[9.074118] (robokpy_interfaces) StdoutLine: {'line': b'-- Up-to-date: /home/meta/Documents/robotics_workspace_new/install/robokpy_interfaces/include/robokpy_interfaces/robokpy_interfaces/srv/detail\n'}
[9.074246] (robokpy_interfaces) StdoutLine: {'line': b'-- Up-to-date: /home/meta/Documents/robotics_workspace_new/install/robokpy_interfaces/include/robokpy_interfaces/robokpy_interfaces/srv/detail/jacobian__struct.h\n'}
[9.074373] (robokpy_interfaces) StdoutLine: {'line': b'-- Up-to-date: /home/meta/Documents/robotics_workspace_new/install/robokpy_interfaces/include/robokpy_interfaces/robokpy_interfaces/srv/detail/chain_fk__struct.h\n'}
[9.074537] (robokpy_interfaces) StdoutLine: {'line': b'-- Up-to-date: /home/meta/Documents/robotics_workspace_new/install/robokpy_interfaces/include/robokpy_interfaces/robokpy_interfaces/srv/detail/jacobian__functions.h\n'}
[9.074682] (robokpy_interfaces) StdoutLine: {'line': b'-- Installing: /home/meta/Documents/robotics_workspace_new/install/robokpy_interfaces/include/robokpy_interfaces/robokpy_interfaces/srv/detail/system_mode__type_support.c\n'}
[9.089703] (robokpy_interfaces) StdoutLine: {'line': b'-- Up-to-date: /home/meta/Documents/robotics_workspace_new/install/robokpy_interfaces/include/robokpy_interfaces/robokpy_interfaces/srv/detail/resume_execution__functions.c\n'}
[9.090327] (robokpy_interfaces) StdoutLine: {'line': b'-- Up-to-date: /home/meta/Documents/robotics_workspace_new/install/robokpy_interfaces/include/robokpy_interfaces/robokpy_interfaces/srv/detail/ik__functions.h\n'}
[9.090673] (robokpy_interfaces) StdoutLine: {'line': b'-- Up-to-date: /home/meta/Documents/robotics_workspace_new/install/robokpy_interfaces/include/robokpy_interfaces/robokpy_interfaces/srv/detail/fk__struct.h\n'}
[9.090967] (robokpy_interfaces) StdoutLine: {'line': b'-- Up-to-date: /home/meta/Documents/robotics_workspace_new/install/robokpy_interfaces/include/robokpy_interfaces/robokpy_interfaces/srv/detail/execution_state__description.c\n'}
[9.091239] (robokpy_interfaces) StdoutLine: {'line': b'-- Up-to-date: /home/meta/Documents/robotics_workspace_new/install/robokpy_interfaces/include/robokpy_interfaces/robokpy_interfaces/srv/detail/chain_fk__functions.h\n'}
[9.091544] (robokpy_interfaces) StdoutLine: {'line': b'-- Up-to-date: /home/meta/Documents/robotics_workspace_new/install/robokpy_interfaces/include/robokpy_interfaces/robokpy_interfaces/srv/detail/fk__functions.h\n'}
[9.092054] (robokpy_interfaces) StdoutLine: {'line': b'-- Up-to-date: /home/meta/Documents/robotics_workspace_new/install/robokpy_interfaces/include/robokpy_interfaces/robokpy_interfaces/srv/detail/execution_state__functions.c\n'}
[9.092520] (robokpy_interfaces) StdoutLine: {'line': b'-- Up-to-date: /home/meta/Documents/robotics_workspace_new/install/robokpy_interfaces/include/robokpy_interfaces/robokpy_interfaces/srv/detail/chain_fk__type_support.h\n'}
[9.092918] (robokpy_interfaces) StdoutLine: {'line': b'-- Up-to-date: /home/meta/Documents/robotics_workspace_new/install/robokpy_interfaces/include/robokpy_interfaces/robokpy_interfaces/srv/detail/system_mode__type_support.h\n'}
[9.093076] (robokpy_interfaces) StdoutLine: {'line': b'-- Up-to-date: /home/meta/Documents/robotics_workspace_new/install/robokpy_interfaces/include/robokpy_interfaces/robokpy_interfaces/srv/detail/chain_fk__description.c\n'}
[9.093312] (robokpy_interfaces) StdoutLine: {'line': b'-- Up-to-date: /home/meta/Documents/robotics_workspace_new/install/robokpy_interfaces/include/robokpy_interfaces/robokpy_interfaces/srv/detail/system_mode__functions.c\n'}
[9.093506] (robokpy_interfaces) StdoutLine: {'line': b'-- Up-to-date: /home/meta/Documents/robotics_workspace_new/install/robokpy_interfaces/include/robokpy_interfaces/robokpy_interfaces/srv/detail/set_planning_tip_link__type_support.h\n'}
[9.093652] (robokpy_interfaces) StdoutLine: {'line': b'-- Up-to-date: /home/meta/Documents/robotics_workspace_new/install/robokpy_interfaces/include/robokpy_interfaces/robokpy_interfaces/srv/detail/grasp_attach__functions.h\n'}
[9.093783] (robokpy_interfaces) StdoutLine: {'line': b'-- Installing: /home/meta/Documents/robotics_workspace_new/install/robokpy_interfaces/include/robokpy_interfaces/robokpy_interfaces/srv/detail/chain_fk__type_support.c\n'}
[9.093912] (robokpy_interfaces) StdoutLine: {'line': b'-- Up-to-date: /home/meta/Documents/robotics_workspace_new/install/robokpy_interfaces/include/robokpy_interfaces/robokpy_interfaces/srv/detail/set_planning_tip_link__description.c\n'}
[9.094042] (robokpy_interfaces) StdoutLine: {'line': b'-- Up-to-date: /home/meta/Documents/robotics_workspace_new/install/robokpy_interfaces/include/robokpy_interfaces/robokpy_interfaces/srv/detail/reachable__functions.h\n'}
[9.094182] (robokpy_interfaces) StdoutLine: {'line': b'-- Up-to-date: /home/meta/Documents/robotics_workspace_new/install/robokpy_interfaces/include/robokpy_interfaces/robokpy_interfaces/srv/detail/ik__struct.h\n'}
[9.094375] (robokpy_interfaces) StdoutLine: {'line': b'-- Up-to-date: /home/meta/Documents/robotics_workspace_new/install/robokpy_interfaces/include/robokpy_interfaces/robokpy_interfaces/srv/detail/resume_execution__type_support.h\n'}
[9.094542] (robokpy_interfaces) StdoutLine: {'line': b'-- Up-to-date: /home/meta/Documents/robotics_workspace_new/install/robokpy_interfaces/include/robokpy_interfaces/robokpy_interfaces/srv/detail/load_recipe__struct.h\n'}
[9.094677] (robokpy_interfaces) StdoutLine: {'line': b'-- Up-to-date: /home/meta/Documents/robotics_workspace_new/install/robokpy_interfaces/include/robokpy_interfaces/robokpy_interfaces/srv/detail/set_planning_tip_link__struct.h\n'}
[9.094804] (robokpy_interfaces) StdoutLine: {'line': b'-- Installing: /home/meta/Documents/robotics_workspace_new/install/robokpy_interfaces/include/robokpy_interfaces/robokpy_interfaces/srv/detail/reachable__type_support.c\n'}
[9.094931] (robokpy_interfaces) StdoutLine: {'line': b'-- Up-to-date: /home/meta/Documents/robotics_workspace_new/install/robokpy_interfaces/include/robokpy_interfaces/robokpy_interfaces/srv/detail/jacobian__description.c\n'}
[9.095056] (robokpy_interfaces) StdoutLine: {'line': b'-- Up-to-date: /home/meta/Documents/robotics_workspace_new/install/robokpy_interfaces/include/robokpy_interfaces/robokpy_interfaces/srv/detail/load_recipe__functions.c\n'}
[9.095266] (robokpy_interfaces) StdoutLine: {'line': b'-- Installing: /home/meta/Documents/robotics_workspace_new/install/robokpy_interfaces/include/robokpy_interfaces/robokpy_interfaces/srv/detail/ik__type_support.c\n'}
[9.095433] (robokpy_interfaces) StdoutLine: {'line': b'-- Up-to-date: /home/meta/Documents/robotics_workspace_new/install/robokpy_interfaces/include/robokpy_interfaces/robokpy_interfaces/srv/detail/fk__functions.c\n'}
[9.095587] (robokpy_interfaces) StdoutLine: {'line': b'-- Installing: /home/meta/Documents/robotics_workspace_new/install/robokpy_interfaces/include/robokpy_interfaces/robokpy_interfaces/srv/detail/fk__type_support.c\n'}
[9.095716] (robokpy_interfaces) StdoutLine: {'line': b'-- Installing: /home/meta/Documents/robotics_workspace_new/install/robokpy_interfaces/include/robokpy_interfaces/robokpy_interfaces/srv/detail/resume_execution__type_support.c\n'}
[9.097285] (-) TimerEvent: {}
[9.112442] (robokpy_interfaces) StdoutLine: {'line': b'-- Installing: /home/meta/Documents/robotics_workspace_new/install/robokpy_interfaces/include/robokpy_interfaces/robokpy_interfaces/srv/detail/set_planning_tip_link__type_support.c\n'}
[9.114011] (robokpy_interfaces) StdoutLine: {'line': b'-- Up-to-date: /home/meta/Documents/robotics_workspace_new/install/robokpy_interfaces/include/robokpy_interfaces/robokpy_interfaces/srv/detail/grasp_attach__description.c\n'}
[9.114569] (robokpy_interfaces) StdoutLine: {'line': b'-- Up-to-date: /home/meta/Documents/robotics_workspace_new/install/robokpy_interfaces/include/robokpy_interfaces/robokpy_interfaces/srv/detail/execution_state__struct.h\n'}
[9.114884] (robokpy_interfaces) StdoutLine: {'line': b'-- Up-to-date: /home/meta/Documents/robotics_workspace_new/install/robokpy_interfaces/include/robokpy_interfaces/robokpy_interfaces/srv/detail/ik__type_support.h\n'}
[9.115139] (robokpy_interfaces) StdoutLine: {'line': b'-- Up-to-date: /home/meta/Documents/robotics_workspace_new/install/robokpy_interfaces/include/robokpy_interfaces/robokpy_interfaces/srv/detail/grasp_attach__struct.h\n'}
[9.115373] (robokpy_interfaces) StdoutLine: {'line': b'-- Up-to-date: /home/meta/Documents/robotics_workspace_new/install/robokpy_interfaces/include/robokpy_interfaces/robokpy_interfaces/srv/detail/ik__functions.c\n'}
[9.115652] (robokpy_interfaces) StdoutLine: {'line': b'-- Up-to-date: /home/meta/Documents/robotics_workspace_new/install/robokpy_interfaces/include/robokpy_interfaces/robokpy_interfaces/srv/detail/set_planning_tip_link__functions.h\n'}
[9.115890] (robokpy_interfaces) StdoutLine: {'line': b'-- Up-to-date: /home/meta/Documents/robotics_workspace_new/install/robokpy_interfaces/include/robokpy_interfaces/robokpy_interfaces/srv/detail/resume_execution__description.c\n'}
[9.116146] (robokpy_interfaces) StdoutLine: {'line': b'-- Up-to-date: /home/meta/Documents/robotics_workspace_new/install/robokpy_interfaces/include/robokpy_interfaces/robokpy_interfaces/srv/detail/load_recipe__description.c\n'}
[9.116389] (robokpy_interfaces) StdoutLine: {'line': b'-- Installing: /home/meta/Documents/robotics_workspace_new/install/robokpy_interfaces/include/robokpy_interfaces/robokpy_interfaces/srv/detail/load_recipe__type_support.c\n'}
[9.119821] (robokpy_interfaces) StdoutLine: {'line': b'-- Up-to-date: /home/meta/Documents/robotics_workspace_new/install/robokpy_interfaces/include/robokpy_interfaces/robokpy_interfaces/srv/detail/reachable__type_support.h\n'}
[9.120237] (robokpy_interfaces) StdoutLine: {'line': b'-- Up-to-date: /home/meta/Documents/robotics_workspace_new/install/robokpy_interfaces/include/robokpy_interfaces/robokpy_interfaces/srv/detail/chain_fk__functions.c\n'}
[9.120549] (robokpy_interfaces) StdoutLine: {'line': b'-- Installing: /home/meta/Documents/robotics_workspace_new/install/robokpy_interfaces/include/robokpy_interfaces/robokpy_interfaces/srv/detail/jacobian__type_support.c\n'}
[9.121048] (robokpy_interfaces) StdoutLine: {'line': b'-- Up-to-date: /home/meta/Documents/robotics_workspace_new/install/robokpy_interfaces/include/robokpy_interfaces/robokpy_interfaces/srv/detail/reachable__description.c\n'}
[9.121413] (robokpy_interfaces) StdoutLine: {'line': b'-- Up-to-date: /home/meta/Documents/robotics_workspace_new/install/robokpy_interfaces/include/robokpy_interfaces/robokpy_interfaces/srv/detail/reachable__functions.c\n'}
[9.122133] (robokpy_interfaces) StdoutLine: {'line': b'-- Up-to-date: /home/meta/Documents/robotics_workspace_new/install/robokpy_interfaces/include/robokpy_interfaces/robokpy_interfaces/srv/detail/jacobian__functions.c\n'}
[9.122392] (robokpy_interfaces) StdoutLine: {'line': b'-- Installing: /home/meta/Documents/robotics_workspace_new/install/robokpy_interfaces/include/robokpy_interfaces/robokpy_interfaces/srv/detail/grasp_attach__type_support.c\n'}
[9.123009] (robokpy_interfaces) StdoutLine: {'line': b'-- Up-to-date: /home/meta/Documents/robotics_workspace_new/install/robokpy_interfaces/include/robokpy_interfaces/robokpy_interfaces/srv/detail/execution_state__type_support.h\n'}
[9.123542] (robokpy_interfaces) StdoutLine: {'line': b'-- Up-to-date: /home/meta/Documents/robotics_workspace_new/install/robokpy_interfaces/include/robokpy_interfaces/robokpy_interfaces/srv/detail/load_recipe__type_support.h\n'}
[9.124230] (robokpy_interfaces) StdoutLine: {'line': b'-- Up-to-date: /home/meta/Documents/robotics_workspace_new/install/robokpy_interfaces/include/robokpy_interfaces/robokpy_interfaces/srv/detail/resume_execution__functions.h\n'}
[9.124541] (robokpy_interfaces) StdoutLine: {'line': b'-- Up-to-date: /home/meta/Documents/robotics_workspace_new/install/robokpy_interfaces/include/robokpy_interfaces/robokpy_interfaces/srv/detail/ik__description.c\n'}
[9.124861] (robokpy_interfaces) StdoutLine: {'line': b'-- Up-to-date: /home/meta/Documents/robotics_workspace_new/install/robokpy_interfaces/include/robokpy_interfaces/robokpy_interfaces/srv/detail/grasp_attach__type_support.h\n'}
[9.125199] (robokpy_interfaces) StdoutLine: {'line': b'-- Up-to-date: /home/meta/Documents/robotics_workspace_new/install/robokpy_interfaces/include/robokpy_interfaces/robokpy_interfaces/srv/detail/set_planning_tip_link__functions.c\n'}
[9.125516] (robokpy_interfaces) StdoutLine: {'line': b'-- Up-to-date: /home/meta/Documents/robotics_workspace_new/install/robokpy_interfaces/include/robokpy_interfaces/robokpy_interfaces/srv/detail/grasp_attach__functions.c\n'}
[9.125903] (robokpy_interfaces) StdoutLine: {'line': b'-- Up-to-date: /home/meta/Documents/robotics_workspace_new/install/robokpy_interfaces/include/robokpy_interfaces/robokpy_interfaces/srv/detail/fk__description.c\n'}
[9.126154] (robokpy_interfaces) StdoutLine: {'line': b'-- Up-to-date: /home/meta/Documents/robotics_workspace_new/install/robokpy_interfaces/include/robokpy_interfaces/robokpy_interfaces/srv/detail/load_recipe__functions.h\n'}
[9.126414] (robokpy_interfaces) StdoutLine: {'line': b'-- Up-to-date: /home/meta/Documents/robotics_workspace_new/install/robokpy_interfaces/include/robokpy_interfaces/robokpy_interfaces/srv/detail/reachable__struct.h\n'}
[9.126669] (robokpy_interfaces) StdoutLine: {'line': b'-- Installing: /home/meta/Documents/robotics_workspace_new/install/robokpy_interfaces/include/robokpy_interfaces/robokpy_interfaces/srv/detail/execution_state__type_support.c\n'}
[9.126902] (robokpy_interfaces) StdoutLine: {'line': b'-- Up-to-date: /home/meta/Documents/robotics_workspace_new/install/robokpy_interfaces/include/robokpy_interfaces/robokpy_interfaces/srv/detail/fk__type_support.h\n'}
[9.127131] (robokpy_interfaces) StdoutLine: {'line': b'-- Up-to-date: /home/meta/Documents/robotics_workspace_new/install/robokpy_interfaces/include/robokpy_interfaces/robokpy_interfaces/srv/detail/resume_execution__struct.h\n'}
[9.127356] (robokpy_interfaces) StdoutLine: {'line': b'-- Up-to-date: /home/meta/Documents/robotics_workspace_new/install/robokpy_interfaces/include/robokpy_interfaces/robokpy_interfaces/srv/detail/system_mode__description.c\n'}
[9.127617] (robokpy_interfaces) StdoutLine: {'line': b'-- Up-to-date: /home/meta/Documents/robotics_workspace_new/install/robokpy_interfaces/include/robokpy_interfaces/robokpy_interfaces/srv/detail/system_mode__struct.h\n'}
[9.127855] (robokpy_interfaces) StdoutLine: {'line': b'-- Up-to-date: /home/meta/Documents/robotics_workspace_new/install/robokpy_interfaces/include/robokpy_interfaces/robokpy_interfaces/srv/detail/system_mode__functions.h\n'}
[9.128081] (robokpy_interfaces) StdoutLine: {'line': b'-- Up-to-date: /home/meta/Documents/robotics_workspace_new/install/robokpy_interfaces/include/robokpy_interfaces/robokpy_interfaces/srv/detail/jacobian__type_support.h\n'}
[9.128307] (robokpy_interfaces) StdoutLine: {'line': b'-- Up-to-date: /home/meta/Documents/robotics_workspace_new/install/robokpy_interfaces/include/robokpy_interfaces/robokpy_interfaces/srv/detail/execution_state__functions.h\n'}
[9.128564] (robokpy_interfaces) StdoutLine: {'line': b'-- Up-to-date: /home/meta/Documents/robotics_workspace_new/install/robokpy_interfaces/include/robokpy_interfaces/robokpy_interfaces/srv/grasp_attach.h\n'}
[9.128799] (robokpy_interfaces) StdoutLine: {'line': b'-- Up-to-date: /home/meta/Documents/robotics_workspace_new/install/robokpy_interfaces/include/robokpy_interfaces/robokpy_interfaces/srv/reachable.h\n'}
[9.129024] (robokpy_interfaces) StdoutLine: {'line': b'-- Up-to-date: /home/meta/Documents/robotics_workspace_new/install/robokpy_interfaces/include/robokpy_interfaces/robokpy_interfaces/srv/chain_fk.h\n'}
[9.129251] (robokpy_interfaces) StdoutLine: {'line': b'-- Up-to-date: /home/meta/Documents/robotics_workspace_new/install/robokpy_interfaces/include/robokpy_interfaces/robokpy_interfaces/srv/jacobian.h\n'}
[9.129537] (robokpy_interfaces) StdoutLine: {'line': b'-- Up-to-date: /home/meta/Documents/robotics_workspace_new/install/robokpy_interfaces/include/robokpy_interfaces/robokpy_interfaces/srv/resume_execution.h\n'}
[9.129781] (robokpy_interfaces) StdoutLine: {'line': b'-- Up-to-date: /home/meta/Documents/robotics_workspace_new/install/robokpy_interfaces/include/robokpy_interfaces/robokpy_interfaces/srv/load_recipe.h\n'}
[9.130006] (robokpy_interfaces) StdoutLine: {'line': b'-- Up-to-date: /home/meta/Documents/robotics_workspace_new/install/robokpy_interfaces/include/robokpy_interfaces/robokpy_interfaces/action\n'}
[9.130232] (robokpy_interfaces) StdoutLine: {'line': b'-- Up-to-date: /home/meta/Documents/robotics_workspace_new/install/robokpy_interfaces/include/robokpy_interfaces/robokpy_interfaces/action/robot_trajectory.h\n'}
[9.130477] (robokpy_interfaces) StdoutLine: {'line': b'-- Up-to-date: /home/meta/Documents/robotics_workspace_new/install/robokpy_interfaces/include/robokpy_interfaces/robokpy_interfaces/action/detail\n'}
[9.130720] (robokpy_interfaces) StdoutLine: {'line': b'-- Up-to-date: /home/meta/Documents/robotics_workspace_new/install/robokpy_interfaces/include/robokpy_interfaces/robokpy_interfaces/action/detail/tool_execution__type_support.h\n'}
[9.130965] (robokpy_interfaces) StdoutLine: {'line': b'-- Up-to-date: /home/meta/Documents/robotics_workspace_new/install/robokpy_interfaces/include/robokpy_interfaces/robokpy_interfaces/action/detail/execute_vision_op__type_support.h\n'}
[9.131189] (robokpy_interfaces) StdoutLine: {'line': b'-- Up-to-date: /home/meta/Documents/robotics_workspace_new/install/robokpy_interfaces/include/robokpy_interfaces/robokpy_interfaces/action/detail/robot_trajectory__type_support.h\n'}
[9.131427] (robokpy_interfaces) StdoutLine: {'line': b'-- Up-to-date: /home/meta/Documents/robotics_workspace_new/install/robokpy_interfaces/include/robokpy_interfaces/robokpy_interfaces/action/detail/tool_execution__description.c\n'}
[9.131674] (robokpy_interfaces) StdoutLine: {'line': b'-- Up-to-date: /home/meta/Documents/robotics_workspace_new/install/robokpy_interfaces/include/robokpy_interfaces/robokpy_interfaces/action/detail/robot_trajectory__functions.h\n'}
[9.131913] (robokpy_interfaces) StdoutLine: {'line': b'-- Up-to-date: /home/meta/Documents/robotics_workspace_new/install/robokpy_interfaces/include/robokpy_interfaces/robokpy_interfaces/action/detail/execute_vision_op__struct.h\n'}
[9.132143] (robokpy_interfaces) StdoutLine: {'line': b'-- Installing: /home/meta/Documents/robotics_workspace_new/install/robokpy_interfaces/include/robokpy_interfaces/robokpy_interfaces/action/detail/execute_vision_op__type_support.c\n'}
[9.132365] (robokpy_interfaces) StdoutLine: {'line': b'-- Up-to-date: /home/meta/Documents/robotics_workspace_new/install/robokpy_interfaces/include/robokpy_interfaces/robokpy_interfaces/action/detail/robot_trajectory__functions.c\n'}
[9.132620] (robokpy_interfaces) StdoutLine: {'line': b'-- Installing: /home/meta/Documents/robotics_workspace_new/install/robokpy_interfaces/include/robokpy_interfaces/robokpy_interfaces/action/detail/execute_tool_op__type_support.c\n'}
[9.132851] (robokpy_interfaces) StdoutLine: {'line': b'-- Up-to-date: /home/meta/Documents/robotics_workspace_new/install/robokpy_interfaces/include/robokpy_interfaces/robokpy_interfaces/action/detail/execute_tool_op__struct.h\n'}
[9.133078] (robokpy_interfaces) StdoutLine: {'line': b'-- Up-to-date: /home/meta/Documents/robotics_workspace_new/install/robokpy_interfaces/include/robokpy_interfaces/robokpy_interfaces/action/detail/execute_tool_op__functions.h\n'}
[9.133302] (robokpy_interfaces) StdoutLine: {'line': b'-- Up-to-date: /home/meta/Documents/robotics_workspace_new/install/robokpy_interfaces/include/robokpy_interfaces/robokpy_interfaces/action/detail/execute_motion__type_support.h\n'}
[9.133572] (robokpy_interfaces) StdoutLine: {'line': b'-- Installing: /home/meta/Documents/robotics_workspace_new/install/robokpy_interfaces/include/robokpy_interfaces/robokpy_interfaces/action/detail/robot_trajectory__type_support.c\n'}
[9.136501] (robokpy_interfaces) StdoutLine: {'line': b'-- Up-to-date: /home/meta/Documents/robotics_workspace_new/install/robokpy_interfaces/include/robokpy_interfaces/robokpy_interfaces/action/detail/robot_trajectory__struct.h\n'}
[9.137040] (robokpy_interfaces) StdoutLine: {'line': b'-- Up-to-date: /home/meta/Documents/robotics_workspace_new/install/robokpy_interfaces/include/robokpy_interfaces/robokpy_interfaces/action/detail/execute_tool_op__type_support.h\n'}
[9.137318] (robokpy_interfaces) StdoutLine: {'line': b'-- Up-to-date: /home/meta/Documents/robotics_workspace_new/install/robokpy_interfaces/include/robokpy_interfaces/robokpy_interfaces/action/detail/execute_vision_op__functions.c\n'}
[9.137602] (robokpy_interfaces) StdoutLine: {'line': b'-- Up-to-date: /home/meta/Documents/robotics_workspace_new/install/robokpy_interfaces/include/robokpy_interfaces/robokpy_interfaces/action/detail/execute_vision_op__functions.h\n'}
[9.138036] (robokpy_interfaces) StdoutLine: {'line': b'-- Up-to-date: /home/meta/Documents/robotics_workspace_new/install/robokpy_interfaces/include/robokpy_interfaces/robokpy_interfaces/action/detail/execute_vision_op__description.c\n'}
[9.138378] (robokpy_interfaces) StdoutLine: {'line': b'-- Up-to-date: /home/meta/Documents/robotics_workspace_new/install/robokpy_interfaces/include/robokpy_interfaces/robokpy_interfaces/action/detail/tool_execution__functions.h\n'}
[9.138724] (robokpy_interfaces) StdoutLine: {'line': b'-- Up-to-date: /home/meta/Documents/robotics_workspace_new/install/robokpy_interfaces/include/robokpy_interfaces/robokpy_interfaces/action/detail/robot_trajectory__description.c\n'}
[9.138991] (robokpy_interfaces) StdoutLine: {'line': b'-- Installing: /home/meta/Documents/robotics_workspace_new/install/robokpy_interfaces/include/robokpy_interfaces/robokpy_interfaces/action/detail/tool_execution__type_support.c\n'}
[9.139271] (robokpy_interfaces) StdoutLine: {'line': b'-- Up-to-date: /home/meta/Documents/robotics_workspace_new/install/robokpy_interfaces/include/robokpy_interfaces/robokpy_interfaces/action/detail/execute_motion__functions.h\n'}
[9.139620] (robokpy_interfaces) StdoutLine: {'line': b'-- Installing: /home/meta/Documents/robotics_workspace_new/install/robokpy_interfaces/include/robokpy_interfaces/robokpy_interfaces/action/detail/execute_motion__type_support.c\n'}
[9.140100] (robokpy_interfaces) StdoutLine: {'line': b'-- Up-to-date: /home/meta/Documents/robotics_workspace_new/install/robokpy_interfaces/include/robokpy_interfaces/robokpy_interfaces/action/detail/execute_motion__struct.h\n'}
[9.140384] (robokpy_interfaces) StdoutLine: {'line': b'-- Up-to-date: /home/meta/Documents/robotics_workspace_new/install/robokpy_interfaces/include/robokpy_interfaces/robokpy_interfaces/action/detail/tool_execution__functions.c\n'}
[9.140826] (robokpy_interfaces) StdoutLine: {'line': b'-- Up-to-date: /home/meta/Documents/robotics_workspace_new/install/robokpy_interfaces/include/robokpy_interfaces/robokpy_interfaces/action/detail/tool_execution__struct.h\n'}
[9.141112] (robokpy_interfaces) StdoutLine: {'line': b'-- Up-to-date: /home/meta/Documents/robotics_workspace_new/install/robokpy_interfaces/include/robokpy_interfaces/robokpy_interfaces/action/detail/execute_tool_op__functions.c\n'}
[9.141553] (robokpy_interfaces) StdoutLine: {'line': b'-- Up-to-date: /home/meta/Documents/robotics_workspace_new/install/robokpy_interfaces/include/robokpy_interfaces/robokpy_interfaces/action/detail/execute_motion__functions.c\n'}
[9.141850] (robokpy_interfaces) StdoutLine: {'line': b'-- Up-to-date: /home/meta/Documents/robotics_workspace_new/install/robokpy_interfaces/include/robokpy_interfaces/robokpy_interfaces/action/detail/execute_tool_op__description.c\n'}
[9.142122] (robokpy_interfaces) StdoutLine: {'line': b'-- Up-to-date: /home/meta/Documents/robotics_workspace_new/install/robokpy_interfaces/include/robokpy_interfaces/robokpy_interfaces/action/detail/execute_motion__description.c\n'}
[9.142424] (robokpy_interfaces) StdoutLine: {'line': b'-- Up-to-date: /home/meta/Documents/robotics_workspace_new/install/robokpy_interfaces/include/robokpy_interfaces/robokpy_interfaces/action/tool_execution.h\n'}
[9.142733] (robokpy_interfaces) StdoutLine: {'line': b'-- Up-to-date: /home/meta/Documents/robotics_workspace_new/install/robokpy_interfaces/include/robokpy_interfaces/robokpy_interfaces/action/execute_motion.h\n'}
[9.143011] (robokpy_interfaces) StdoutLine: {'line': b'-- Up-to-date: /home/meta/Documents/robotics_workspace_new/install/robokpy_interfaces/include/robokpy_interfaces/robokpy_interfaces/action/execute_vision_op.h\n'}
[9.143289] (robokpy_interfaces) StdoutLine: {'line': b'-- Up-to-date: /home/meta/Documents/robotics_workspace_new/install/robokpy_interfaces/include/robokpy_interfaces/robokpy_interfaces/action/execute_tool_op.h\n'}
[9.143595] (robokpy_interfaces) StdoutLine: {'line': b'-- Up-to-date: /home/meta/Documents/robotics_workspace_new/install/robokpy_interfaces/include/robokpy_interfaces/robokpy_interfaces/msg\n'}
[9.143875] (robokpy_interfaces) StdoutLine: {'line': b'-- Up-to-date: /home/meta/Documents/robotics_workspace_new/install/robokpy_interfaces/include/robokpy_interfaces/robokpy_interfaces/msg/cell_state.h\n'}
[9.144166] (robokpy_interfaces) StdoutLine: {'line': b'-- Up-to-date: /home/meta/Documents/robotics_workspace_new/install/robokpy_interfaces/include/robokpy_interfaces/robokpy_interfaces/msg/detail\n'}
[9.144458] (robokpy_interfaces) StdoutLine: {'line': b'-- Up-to-date: /home/meta/Documents/robotics_workspace_new/install/robokpy_interfaces/include/robokpy_interfaces/robokpy_interfaces/msg/detail/cell_state__functions.h\n'}
[9.144765] (robokpy_interfaces) StdoutLine: {'line': b'-- Up-to-date: /home/meta/Documents/robotics_workspace_new/install/robokpy_interfaces/include/robokpy_interfaces/robokpy_interfaces/msg/detail/cell_state__functions.c\n'}
[9.145014] (robokpy_interfaces) StdoutLine: {'line': b'-- Up-to-date: /home/meta/Documents/robotics_workspace_new/install/robokpy_interfaces/include/robokpy_interfaces/robokpy_interfaces/msg/detail/cell_state__type_support.h\n'}
[9.145287] (robokpy_interfaces) StdoutLine: {'line': b'-- Up-to-date: /home/meta/Documents/robotics_workspace_new/install/robokpy_interfaces/include/robokpy_interfaces/robokpy_interfaces/msg/detail/cell_state__struct.h\n'}
[9.145597] (robokpy_interfaces) StdoutLine: {'line': b'-- Installing: /home/meta/Documents/robotics_workspace_new/install/robokpy_interfaces/include/robokpy_interfaces/robokpy_interfaces/msg/detail/cell_state__type_support.c\n'}
[9.145889] (robokpy_interfaces) StdoutLine: {'line': b'-- Up-to-date: /home/meta/Documents/robotics_workspace_new/install/robokpy_interfaces/include/robokpy_interfaces/robokpy_interfaces/msg/detail/cell_state__description.c\n'}
[9.146165] (robokpy_interfaces) StdoutLine: {'line': b'-- Up-to-date: /home/meta/Documents/robotics_workspace_new/install/robokpy_interfaces/include/robokpy_interfaces/robokpy_interfaces/msg/rosidl_generator_c__visibility_control.h\n'}
[9.146504] (robokpy_interfaces) StdoutLine: {'line': b'-- Up-to-date: /home/meta/Documents/robotics_workspace_new/install/robokpy_interfaces/share/robokpy_interfaces/environment/library_path.sh\n'}
[9.146792] (robokpy_interfaces) StdoutLine: {'line': b'-- Up-to-date: /home/meta/Documents/robotics_workspace_new/install/robokpy_interfaces/share/robokpy_interfaces/environment/library_path.dsv\n'}
[9.159599] (robokpy_interfaces) StdoutLine: {'line': b'-- Up-to-date: /home/meta/Documents/robotics_workspace_new/install/robokpy_interfaces/lib/librobokpy_interfaces__rosidl_generator_c.so\n'}
[9.160236] (robokpy_interfaces) StdoutLine: {'line': b'-- Up-to-date: /home/meta/Documents/robotics_workspace_new/install/robokpy_interfaces/include/robokpy_interfaces/robokpy_interfaces\n'}
[9.160806] (robokpy_interfaces) StdoutLine: {'line': b'-- Up-to-date: /home/meta/Documents/robotics_workspace_new/install/robokpy_interfaces/include/robokpy_interfaces/robokpy_interfaces/srv\n'}
[9.161429] (robokpy_interfaces) StdoutLine: {'line': b'-- Up-to-date: /home/meta/Documents/robotics_workspace_new/install/robokpy_interfaces/include/robokpy_interfaces/robokpy_interfaces/srv/detail\n'}
[9.162037] (robokpy_interfaces) StdoutLine: {'line': b'-- Up-to-date: /home/meta/Documents/robotics_workspace_new/install/robokpy_interfaces/include/robokpy_interfaces/robokpy_interfaces/srv/detail/grasp_attach__rosidl_typesupport_fastrtps_c.h\n'}
[9.162428] (robokpy_interfaces) StdoutLine: {'line': b'-- Up-to-date: /home/meta/Documents/robotics_workspace_new/install/robokpy_interfaces/include/robokpy_interfaces/robokpy_interfaces/srv/detail/system_mode__rosidl_typesupport_fastrtps_c.h\n'}
[9.162717] (robokpy_interfaces) StdoutLine: {'line': b'-- Up-to-date: /home/meta/Documents/robotics_workspace_new/install/robokpy_interfaces/include/robokpy_interfaces/robokpy_interfaces/srv/detail/jacobian__rosidl_typesupport_fastrtps_c.h\n'}
[9.162963] (robokpy_interfaces) StdoutLine: {'line': b'-- Up-to-date: /home/meta/Documents/robotics_workspace_new/install/robokpy_interfaces/include/robokpy_interfaces/robokpy_interfaces/srv/detail/fk__rosidl_typesupport_fastrtps_c.h\n'}
[9.163198] (robokpy_interfaces) StdoutLine: {'line': b'-- Up-to-date: /home/meta/Documents/robotics_workspace_new/install/robokpy_interfaces/include/robokpy_interfaces/robokpy_interfaces/srv/detail/ik__rosidl_typesupport_fastrtps_c.h\n'}
[9.163470] (robokpy_interfaces) StdoutLine: {'line': b'-- Up-to-date: /home/meta/Documents/robotics_workspace_new/install/robokpy_interfaces/include/robokpy_interfaces/robokpy_interfaces/srv/detail/execution_state__rosidl_typesupport_fastrtps_c.h\n'}
[9.163722] (robokpy_interfaces) StdoutLine: {'line': b'-- Up-to-date: /home/meta/Documents/robotics_workspace_new/install/robokpy_interfaces/include/robokpy_interfaces/robokpy_interfaces/srv/detail/reachable__rosidl_typesupport_fastrtps_c.h\n'}
[9.163954] (robokpy_interfaces) StdoutLine: {'line': b'-- Up-to-date: /home/meta/Documents/robotics_workspace_new/install/robokpy_interfaces/include/robokpy_interfaces/robokpy_interfaces/srv/detail/chain_fk__rosidl_typesupport_fastrtps_c.h\n'}
[9.164183] (robokpy_interfaces) StdoutLine: {'line': b'-- Up-to-date: /home/meta/Documents/robotics_workspace_new/install/robokpy_interfaces/include/robokpy_interfaces/robokpy_interfaces/srv/detail/set_planning_tip_link__rosidl_typesupport_fastrtps_c.h\n'}
[9.164429] (robokpy_interfaces) StdoutLine: {'line': b'-- Up-to-date: /home/meta/Documents/robotics_workspace_new/install/robokpy_interfaces/include/robokpy_interfaces/robokpy_interfaces/srv/detail/load_recipe__rosidl_typesupport_fastrtps_c.h\n'}
[9.164684] (robokpy_interfaces) StdoutLine: {'line': b'-- Up-to-date: /home/meta/Documents/robotics_workspace_new/install/robokpy_interfaces/include/robokpy_interfaces/robokpy_interfaces/srv/detail/resume_execution__rosidl_typesupport_fastrtps_c.h\n'}
[9.164915] (robokpy_interfaces) StdoutLine: {'line': b'-- Up-to-date: /home/meta/Documents/robotics_workspace_new/install/robokpy_interfaces/include/robokpy_interfaces/robokpy_interfaces/action\n'}
[9.165138] (robokpy_interfaces) StdoutLine: {'line': b'-- Up-to-date: /home/meta/Documents/robotics_workspace_new/install/robokpy_interfaces/include/robokpy_interfaces/robokpy_interfaces/action/detail\n'}
[9.165363] (robokpy_interfaces) StdoutLine: {'line': b'-- Up-to-date: /home/meta/Documents/robotics_workspace_new/install/robokpy_interfaces/include/robokpy_interfaces/robokpy_interfaces/action/detail/execute_tool_op__rosidl_typesupport_fastrtps_c.h\n'}
[9.165624] (robokpy_interfaces) StdoutLine: {'line': b'-- Up-to-date: /home/meta/Documents/robotics_workspace_new/install/robokpy_interfaces/include/robokpy_interfaces/robokpy_interfaces/action/detail/tool_execution__rosidl_typesupport_fastrtps_c.h\n'}
[9.165859] (robokpy_interfaces) StdoutLine: {'line': b'-- Up-to-date: /home/meta/Documents/robotics_workspace_new/install/robokpy_interfaces/include/robokpy_interfaces/robokpy_interfaces/action/detail/execute_vision_op__rosidl_typesupport_fastrtps_c.h\n'}
[9.166088] (robokpy_interfaces) StdoutLine: {'line': b'-- Up-to-date: /home/meta/Documents/robotics_workspace_new/install/robokpy_interfaces/include/robokpy_interfaces/robokpy_interfaces/action/detail/execute_motion__rosidl_typesupport_fastrtps_c.h\n'}
[9.166316] (robokpy_interfaces) StdoutLine: {'line': b'-- Up-to-date: /home/meta/Documents/robotics_workspace_new/install/robokpy_interfaces/include/robokpy_interfaces/robokpy_interfaces/action/detail/robot_trajectory__rosidl_typesupport_fastrtps_c.h\n'}
[9.166608] (robokpy_interfaces) StdoutLine: {'line': b'-- Up-to-date: /home/meta/Documents/robotics_workspace_new/install/robokpy_interfaces/include/robokpy_interfaces/robokpy_interfaces/msg\n'}
[9.166842] (robokpy_interfaces) StdoutLine: {'line': b'-- Up-to-date: /home/meta/Documents/robotics_workspace_new/install/robokpy_interfaces/include/robokpy_interfaces/robokpy_interfaces/msg/detail\n'}
[9.167071] (robokpy_interfaces) StdoutLine: {'line': b'-- Up-to-date: /home/meta/Documents/robotics_workspace_new/install/robokpy_interfaces/include/robokpy_interfaces/robokpy_interfaces/msg/detail/cell_state__rosidl_typesupport_fastrtps_c.h\n'}
[9.167299] (robokpy_interfaces) StdoutLine: {'line': b'-- Up-to-date: /home/meta/Documents/robotics_workspace_new/install/robokpy_interfaces/include/robokpy_interfaces/robokpy_interfaces/msg/rosidl_typesupport_fastrtps_c__visibility_control.h\n'}
[9.179523] (robokpy_interfaces) StdoutLine: {'line': b'-- Up-to-date: /home/meta/Documents/robotics_workspace_new/install/robokpy_interfaces/lib/librobokpy_interfaces__rosidl_typesupport_fastrtps_c.so\n'}
[9.180163] (robokpy_interfaces) StdoutLine: {'line': b'-- Up-to-date: /home/meta/Documents/robotics_workspace_new/install/robokpy_interfaces/include/robokpy_interfaces/robokpy_interfaces\n'}
[9.180764] (robokpy_interfaces) StdoutLine: {'line': b'-- Up-to-date: /home/meta/Documents/robotics_workspace_new/install/robokpy_interfaces/include/robokpy_interfaces/robokpy_interfaces/srv\n'}
[9.181244] (robokpy_interfaces) StdoutLine: {'line': b'-- Up-to-date: /home/meta/Documents/robotics_workspace_new/install/robokpy_interfaces/include/robokpy_interfaces/robokpy_interfaces/srv/detail\n'}
[9.181714] (robokpy_interfaces) StdoutLine: {'line': b'-- Installing: /home/meta/Documents/robotics_workspace_new/install/robokpy_interfaces/include/robokpy_interfaces/robokpy_interfaces/srv/detail/system_mode__type_support.c\n'}
[9.182189] (robokpy_interfaces) StdoutLine: {'line': b'-- Up-to-date: /home/meta/Documents/robotics_workspace_new/install/robokpy_interfaces/include/robokpy_interfaces/robokpy_interfaces/srv/detail/fk__rosidl_typesupport_introspection_c.h\n'}
[9.182550] (robokpy_interfaces) StdoutLine: {'line': b'-- Installing: /home/meta/Documents/robotics_workspace_new/install/robokpy_interfaces/include/robokpy_interfaces/robokpy_interfaces/srv/detail/chain_fk__type_support.c\n'}
[9.182864] (robokpy_interfaces) StdoutLine: {'line': b'-- Up-to-date: /home/meta/Documents/robotics_workspace_new/install/robokpy_interfaces/include/robokpy_interfaces/robokpy_interfaces/srv/detail/grasp_attach__rosidl_typesupport_introspection_c.h\n'}
[9.183281] (robokpy_interfaces) StdoutLine: {'line': b'-- Installing: /home/meta/Documents/robotics_workspace_new/install/robokpy_interfaces/include/robokpy_interfaces/robokpy_interfaces/srv/detail/reachable__type_support.c\n'}
[9.183607] (robokpy_interfaces) StdoutLine: {'line': b'-- Up-to-date: /home/meta/Documents/robotics_workspace_new/install/robokpy_interfaces/include/robokpy_interfaces/robokpy_interfaces/srv/detail/ik__rosidl_typesupport_introspection_c.h\n'}
[9.183905] (robokpy_interfaces) StdoutLine: {'line': b'-- Up-to-date: /home/meta/Documents/robotics_workspace_new/install/robokpy_interfaces/include/robokpy_interfaces/robokpy_interfaces/srv/detail/set_planning_tip_link__rosidl_typesupport_introspection_c.h\n'}
[9.184528] (robokpy_interfaces) StdoutLine: {'line': b'-- Installing: /home/meta/Documents/robotics_workspace_new/install/robokpy_interfaces/include/robokpy_interfaces/robokpy_interfaces/srv/detail/ik__type_support.c\n'}
[9.184852] (robokpy_interfaces) StdoutLine: {'line': b'-- Installing: /home/meta/Documents/robotics_workspace_new/install/robokpy_interfaces/include/robokpy_interfaces/robokpy_interfaces/srv/detail/fk__type_support.c\n'}
[9.185128] (robokpy_interfaces) StdoutLine: {'line': b'-- Installing: /home/meta/Documents/robotics_workspace_new/install/robokpy_interfaces/include/robokpy_interfaces/robokpy_interfaces/srv/detail/resume_execution__type_support.c\n'}
[9.193471] (robokpy_interfaces) StdoutLine: {'line': b'-- Installing: /home/meta/Documents/robotics_workspace_new/install/robokpy_interfaces/include/robokpy_interfaces/robokpy_interfaces/srv/detail/set_planning_tip_link__type_support.c\n'}
[9.197409] (-) TimerEvent: {}
[9.206851] (robokpy_interfaces) StdoutLine: {'line': b'-- Up-to-date: /home/meta/Documents/robotics_workspace_new/install/robokpy_interfaces/include/robokpy_interfaces/robokpy_interfaces/srv/detail/jacobian__rosidl_typesupport_introspection_c.h\n'}
[9.207365] (robokpy_interfaces) StdoutLine: {'line': b'-- Installing: /home/meta/Documents/robotics_workspace_new/install/robokpy_interfaces/include/robokpy_interfaces/robokpy_interfaces/srv/detail/load_recipe__type_support.c\n'}
[9.228645] (robokpy_interfaces) StdoutLine: {'line': b'-- Installing: /home/meta/Documents/robotics_workspace_new/install/robokpy_interfaces/include/robokpy_interfaces/robokpy_interfaces/srv/detail/jacobian__type_support.c\n'}
[9.229259] (robokpy_interfaces) StdoutLine: {'line': b'-- Up-to-date: /home/meta/Documents/robotics_workspace_new/install/robokpy_interfaces/include/robokpy_interfaces/robokpy_interfaces/srv/detail/reachable__rosidl_typesupport_introspection_c.h\n'}
[9.229613] (robokpy_interfaces) StdoutLine: {'line': b'-- Up-to-date: /home/meta/Documents/robotics_workspace_new/install/robokpy_interfaces/include/robokpy_interfaces/robokpy_interfaces/srv/detail/load_recipe__rosidl_typesupport_introspection_c.h\n'}
[9.229961] (robokpy_interfaces) StdoutLine: {'line': b'-- Installing: /home/meta/Documents/robotics_workspace_new/install/robokpy_interfaces/include/robokpy_interfaces/robokpy_interfaces/srv/detail/grasp_attach__type_support.c\n'}
[9.246988] (robokpy_interfaces) StdoutLine: {'line': b'-- Installing: /home/meta/Documents/robotics_workspace_new/install/robokpy_interfaces/include/robokpy_interfaces/robokpy_interfaces/srv/detail/execution_state__type_support.c\n'}
[9.247697] (robokpy_interfaces) StdoutLine: {'line': b'-- Up-to-date: /home/meta/Documents/robotics_workspace_new/install/robokpy_interfaces/include/robokpy_interfaces/robokpy_interfaces/srv/detail/chain_fk__rosidl_typesupport_introspection_c.h\n'}
[9.248239] (robokpy_interfaces) StdoutLine: {'line': b'-- Up-to-date: /home/meta/Documents/robotics_workspace_new/install/robokpy_interfaces/include/robokpy_interfaces/robokpy_interfaces/srv/detail/resume_execution__rosidl_typesupport_introspection_c.h\n'}
[9.248593] (robokpy_interfaces) StdoutLine: {'line': b'-- Up-to-date: /home/meta/Documents/robotics_workspace_new/install/robokpy_interfaces/include/robokpy_interfaces/robokpy_interfaces/srv/detail/execution_state__rosidl_typesupport_introspection_c.h\n'}
[9.248900] (robokpy_interfaces) StdoutLine: {'line': b'-- Up-to-date: /home/meta/Documents/robotics_workspace_new/install/robokpy_interfaces/include/robokpy_interfaces/robokpy_interfaces/srv/detail/system_mode__rosidl_typesupport_introspection_c.h\n'}
[9.249188] (robokpy_interfaces) StdoutLine: {'line': b'-- Up-to-date: /home/meta/Documents/robotics_workspace_new/install/robokpy_interfaces/include/robokpy_interfaces/robokpy_interfaces/action\n'}
[9.249494] (robokpy_interfaces) StdoutLine: {'line': b'-- Up-to-date: /home/meta/Documents/robotics_workspace_new/install/robokpy_interfaces/include/robokpy_interfaces/robokpy_interfaces/action/detail\n'}
[9.249794] (robokpy_interfaces) StdoutLine: {'line': b'-- Up-to-date: /home/meta/Documents/robotics_workspace_new/install/robokpy_interfaces/include/robokpy_interfaces/robokpy_interfaces/action/detail/robot_trajectory__rosidl_typesupport_introspection_c.h\n'}
[9.250082] (robokpy_interfaces) StdoutLine: {'line': b'-- Up-to-date: /home/meta/Documents/robotics_workspace_new/install/robokpy_interfaces/include/robokpy_interfaces/robokpy_interfaces/action/detail/execute_tool_op__rosidl_typesupport_introspection_c.h\n'}
[9.251553] (robokpy_interfaces) StdoutLine: {'line': b'-- Installing: /home/meta/Documents/robotics_workspace_new/install/robokpy_interfaces/include/robokpy_interfaces/robokpy_interfaces/action/detail/execute_vision_op__type_support.c\n'}
[9.269340] (robokpy_interfaces) StdoutLine: {'line': b'-- Installing: /home/meta/Documents/robotics_workspace_new/install/robokpy_interfaces/include/robokpy_interfaces/robokpy_interfaces/action/detail/execute_tool_op__type_support.c\n'}
[9.270792] (robokpy_interfaces) StdoutLine: {'line': b'-- Up-to-date: /home/meta/Documents/robotics_workspace_new/install/robokpy_interfaces/include/robokpy_interfaces/robokpy_interfaces/action/detail/tool_execution__rosidl_typesupport_introspection_c.h\n'}
[9.271228] (robokpy_interfaces) StdoutLine: {'line': b'-- Installing: /home/meta/Documents/robotics_workspace_new/install/robokpy_interfaces/include/robokpy_interfaces/robokpy_interfaces/action/detail/robot_trajectory__type_support.c\n'}
[9.285282] (robokpy_interfaces) StdoutLine: {'line': b'-- Installing: /home/meta/Documents/robotics_workspace_new/install/robokpy_interfaces/include/robokpy_interfaces/robokpy_interfaces/action/detail/tool_execution__type_support.c\n'}
[9.297521] (-) TimerEvent: {}
[9.297957] (robokpy_interfaces) StdoutLine: {'line': b'-- Up-to-date: /home/meta/Documents/robotics_workspace_new/install/robokpy_interfaces/include/robokpy_interfaces/robokpy_interfaces/action/detail/execute_vision_op__rosidl_typesupport_introspection_c.h\n'}
[9.298359] (robokpy_interfaces) StdoutLine: {'line': b'-- Installing: /home/meta/Documents/robotics_workspace_new/install/robokpy_interfaces/include/robokpy_interfaces/robokpy_interfaces/action/detail/execute_motion__type_support.c\n'}
[9.311135] (robokpy_interfaces) StdoutLine: {'line': b'-- Up-to-date: /home/meta/Documents/robotics_workspace_new/install/robokpy_interfaces/include/robokpy_interfaces/robokpy_interfaces/action/detail/execute_motion__rosidl_typesupport_introspection_c.h\n'}
[9.311685] (robokpy_interfaces) StdoutLine: {'line': b'-- Up-to-date: /home/meta/Documents/robotics_workspace_new/install/robokpy_interfaces/include/robokpy_interfaces/robokpy_interfaces/msg\n'}
[9.312107] (robokpy_interfaces) StdoutLine: {'line': b'-- Up-to-date: /home/meta/Documents/robotics_workspace_new/install/robokpy_interfaces/include/robokpy_interfaces/robokpy_interfaces/msg/detail\n'}
[9.312371] (robokpy_interfaces) StdoutLine: {'line': b'-- Installing: /home/meta/Documents/robotics_workspace_new/install/robokpy_interfaces/include/robokpy_interfaces/robokpy_interfaces/msg/detail/cell_state__type_support.c\n'}
[9.312650] (robokpy_interfaces) StdoutLine: {'line': b'-- Up-to-date: /home/meta/Documents/robotics_workspace_new/install/robokpy_interfaces/include/robokpy_interfaces/robokpy_interfaces/msg/detail/cell_state__rosidl_typesupport_introspection_c.h\n'}
[9.312937] (robokpy_interfaces) StdoutLine: {'line': b'-- Up-to-date: /home/meta/Documents/robotics_workspace_new/install/robokpy_interfaces/include/robokpy_interfaces/robokpy_interfaces/msg/rosidl_typesupport_introspection_c__visibility_control.h\n'}
[9.339462] (robokpy_interfaces) StdoutLine: {'line': b'-- Up-to-date: /home/meta/Documents/robotics_workspace_new/install/robokpy_interfaces/lib/librobokpy_interfaces__rosidl_typesupport_introspection_c.so\n'}
[9.353556] (robokpy_interfaces) StdoutLine: {'line': b'-- Up-to-date: /home/meta/Documents/robotics_workspace_new/install/robokpy_interfaces/lib/librobokpy_interfaces__rosidl_typesupport_c.so\n'}
[9.354142] (robokpy_interfaces) StdoutLine: {'line': b'-- Up-to-date: /home/meta/Documents/robotics_workspace_new/install/robokpy_interfaces/include/robokpy_interfaces/robokpy_interfaces\n'}
[9.354629] (robokpy_interfaces) StdoutLine: {'line': b'-- Up-to-date: /home/meta/Documents/robotics_workspace_new/install/robokpy_interfaces/include/robokpy_interfaces/robokpy_interfaces/srv\n'}
[9.355371] (robokpy_interfaces) StdoutLine: {'line': b'-- Up-to-date: /home/meta/Documents/robotics_workspace_new/install/robokpy_interfaces/include/robokpy_interfaces/robokpy_interfaces/srv/system_mode.hpp\n'}
[9.356068] (robokpy_interfaces) StdoutLine: {'line': b'-- Up-to-date: /home/meta/Documents/robotics_workspace_new/install/robokpy_interfaces/include/robokpy_interfaces/robokpy_interfaces/srv/set_planning_tip_link.hpp\n'}
[9.356754] (robokpy_interfaces) StdoutLine: {'line': b'-- Up-to-date: /home/meta/Documents/robotics_workspace_new/install/robokpy_interfaces/include/robokpy_interfaces/robokpy_interfaces/srv/execution_state.hpp\n'}
[9.357378] (robokpy_interfaces) StdoutLine: {'line': b'-- Up-to-date: /home/meta/Documents/robotics_workspace_new/install/robokpy_interfaces/include/robokpy_interfaces/robokpy_interfaces/srv/jacobian.hpp\n'}
[9.358038] (robokpy_interfaces) StdoutLine: {'line': b'-- Up-to-date: /home/meta/Documents/robotics_workspace_new/install/robokpy_interfaces/include/robokpy_interfaces/robokpy_interfaces/srv/grasp_attach.hpp\n'}
[9.358618] (robokpy_interfaces) StdoutLine: {'line': b'-- Up-to-date: /home/meta/Documents/robotics_workspace_new/install/robokpy_interfaces/include/robokpy_interfaces/robokpy_interfaces/srv/load_recipe.hpp\n'}
[9.359344] (robokpy_interfaces) StdoutLine: {'line': b'-- Up-to-date: /home/meta/Documents/robotics_workspace_new/install/robokpy_interfaces/include/robokpy_interfaces/robokpy_interfaces/srv/detail\n'}
[9.360019] (robokpy_interfaces) StdoutLine: {'line': b'-- Up-to-date: /home/meta/Documents/robotics_workspace_new/install/robokpy_interfaces/include/robokpy_interfaces/robokpy_interfaces/srv/detail/grasp_attach__struct.hpp\n'}
[9.360653] (robokpy_interfaces) StdoutLine: {'line': b'-- Up-to-date: /home/meta/Documents/robotics_workspace_new/install/robokpy_interfaces/include/robokpy_interfaces/robokpy_interfaces/srv/detail/resume_execution__type_support.hpp\n'}
[9.361055] (robokpy_interfaces) StdoutLine: {'line': b'-- Up-to-date: /home/meta/Documents/robotics_workspace_new/install/robokpy_interfaces/include/robokpy_interfaces/robokpy_interfaces/srv/detail/ik__struct.hpp\n'}
[9.361382] (robokpy_interfaces) StdoutLine: {'line': b'-- Up-to-date: /home/meta/Documents/robotics_workspace_new/install/robokpy_interfaces/include/robokpy_interfaces/robokpy_interfaces/srv/detail/reachable__type_support.hpp\n'}
[9.361651] (robokpy_interfaces) StdoutLine: {'line': b'-- Up-to-date: /home/meta/Documents/robotics_workspace_new/install/robokpy_interfaces/include/robokpy_interfaces/robokpy_interfaces/srv/detail/system_mode__type_support.hpp\n'}
[9.361883] (robokpy_interfaces) StdoutLine: {'line': b'-- Up-to-date: /home/meta/Documents/robotics_workspace_new/install/robokpy_interfaces/include/robokpy_interfaces/robokpy_interfaces/srv/detail/execution_state__type_support.hpp\n'}
[9.362113] (robokpy_interfaces) StdoutLine: {'line': b'-- Up-to-date: /home/meta/Documents/robotics_workspace_new/install/robokpy_interfaces/include/robokpy_interfaces/robokpy_interfaces/srv/detail/fk__type_support.hpp\n'}
[9.362338] (robokpy_interfaces) StdoutLine: {'line': b'-- Up-to-date: /home/meta/Documents/robotics_workspace_new/install/robokpy_interfaces/include/robokpy_interfaces/robokpy_interfaces/srv/detail/jacobian__struct.hpp\n'}
[9.362905] (robokpy_interfaces) StdoutLine: {'line': b'-- Up-to-date: /home/meta/Documents/robotics_workspace_new/install/robokpy_interfaces/include/robokpy_interfaces/robokpy_interfaces/srv/detail/ik__traits.hpp\n'}
[9.363624] (robokpy_interfaces) StdoutLine: {'line': b'-- Up-to-date: /home/meta/Documents/robotics_workspace_new/install/robokpy_interfaces/include/robokpy_interfaces/robokpy_interfaces/srv/detail/fk__struct.hpp\n'}
[9.363891] (robokpy_interfaces) StdoutLine: {'line': b'-- Up-to-date: /home/meta/Documents/robotics_workspace_new/install/robokpy_interfaces/include/robokpy_interfaces/robokpy_interfaces/srv/detail/grasp_attach__type_support.hpp\n'}
[9.364121] (robokpy_interfaces) StdoutLine: {'line': b'-- Up-to-date: /home/meta/Documents/robotics_workspace_new/install/robokpy_interfaces/include/robokpy_interfaces/robokpy_interfaces/srv/detail/execution_state__struct.hpp\n'}
[9.364353] (robokpy_interfaces) StdoutLine: {'line': b'-- Up-to-date: /home/meta/Documents/robotics_workspace_new/install/robokpy_interfaces/include/robokpy_interfaces/robokpy_interfaces/srv/detail/resume_execution__builder.hpp\n'}
[9.364614] (robokpy_interfaces) StdoutLine: {'line': b'-- Up-to-date: /home/meta/Documents/robotics_workspace_new/install/robokpy_interfaces/include/robokpy_interfaces/robokpy_interfaces/srv/detail/execution_state__traits.hpp\n'}
[9.364877] (robokpy_interfaces) StdoutLine: {'line': b'-- Up-to-date: /home/meta/Documents/robotics_workspace_new/install/robokpy_interfaces/include/robokpy_interfaces/robokpy_interfaces/srv/detail/chain_fk__type_support.hpp\n'}
[9.365105] (robokpy_interfaces) StdoutLine: {'line': b'-- Up-to-date: /home/meta/Documents/robotics_workspace_new/install/robokpy_interfaces/include/robokpy_interfaces/robokpy_interfaces/srv/detail/fk__traits.hpp\n'}
[9.365342] (robokpy_interfaces) StdoutLine: {'line': b'-- Up-to-date: /home/meta/Documents/robotics_workspace_new/install/robokpy_interfaces/include/robokpy_interfaces/robokpy_interfaces/srv/detail/jacobian__type_support.hpp\n'}
[9.365600] (robokpy_interfaces) StdoutLine: {'line': b'-- Up-to-date: /home/meta/Documents/robotics_workspace_new/install/robokpy_interfaces/include/robokpy_interfaces/robokpy_interfaces/srv/detail/load_recipe__type_support.hpp\n'}
[9.365852] (robokpy_interfaces) StdoutLine: {'line': b'-- Up-to-date: /home/meta/Documents/robotics_workspace_new/install/robokpy_interfaces/include/robokpy_interfaces/robokpy_interfaces/srv/detail/reachable__traits.hpp\n'}
[9.366075] (robokpy_interfaces) StdoutLine: {'line': b'-- Up-to-date: /home/meta/Documents/robotics_workspace_new/install/robokpy_interfaces/include/robokpy_interfaces/robokpy_interfaces/srv/detail/system_mode__builder.hpp\n'}
[9.366300] (robokpy_interfaces) StdoutLine: {'line': b'-- Up-to-date: /home/meta/Documents/robotics_workspace_new/install/robokpy_interfaces/include/robokpy_interfaces/robokpy_interfaces/srv/detail/set_planning_tip_link__builder.hpp\n'}
[9.367717] (robokpy_interfaces) StdoutLine: {'line': b'-- Up-to-date: /home/meta/Documents/robotics_workspace_new/install/robokpy_interfaces/include/robokpy_interfaces/robokpy_interfaces/srv/detail/set_planning_tip_link__type_support.hpp\n'}
[9.367984] (robokpy_interfaces) StdoutLine: {'line': b'-- Up-to-date: /home/meta/Documents/robotics_workspace_new/install/robokpy_interfaces/include/robokpy_interfaces/robokpy_interfaces/srv/detail/reachable__struct.hpp\n'}
[9.368226] (robokpy_interfaces) StdoutLine: {'line': b'-- Up-to-date: /home/meta/Documents/robotics_workspace_new/install/robokpy_interfaces/include/robokpy_interfaces/robokpy_interfaces/srv/detail/resume_execution__struct.hpp\n'}
[9.368482] (robokpy_interfaces) StdoutLine: {'line': b'-- Up-to-date: /home/meta/Documents/robotics_workspace_new/install/robokpy_interfaces/include/robokpy_interfaces/robokpy_interfaces/srv/detail/system_mode__traits.hpp\n'}
[9.368739] (robokpy_interfaces) StdoutLine: {'line': b'-- Up-to-date: /home/meta/Documents/robotics_workspace_new/install/robokpy_interfaces/include/robokpy_interfaces/robokpy_interfaces/srv/detail/ik__builder.hpp\n'}
[9.369018] (robokpy_interfaces) StdoutLine: {'line': b'-- Up-to-date: /home/meta/Documents/robotics_workspace_new/install/robokpy_interfaces/include/robokpy_interfaces/robokpy_interfaces/srv/detail/chain_fk__traits.hpp\n'}
[9.369252] (robokpy_interfaces) StdoutLine: {'line': b'-- Up-to-date: /home/meta/Documents/robotics_workspace_new/install/robokpy_interfaces/include/robokpy_interfaces/robokpy_interfaces/srv/detail/ik__type_support.hpp\n'}
[9.369507] (robokpy_interfaces) StdoutLine: {'line': b'-- Up-to-date: /home/meta/Documents/robotics_workspace_new/install/robokpy_interfaces/include/robokpy_interfaces/robokpy_interfaces/srv/detail/load_recipe__traits.hpp\n'}
[9.369753] (robokpy_interfaces) StdoutLine: {'line': b'-- Up-to-date: /home/meta/Documents/robotics_workspace_new/install/robokpy_interfaces/include/robokpy_interfaces/robokpy_interfaces/srv/detail/jacobian__traits.hpp\n'}
[9.369983] (robokpy_interfaces) StdoutLine: {'line': b'-- Up-to-date: /home/meta/Documents/robotics_workspace_new/install/robokpy_interfaces/include/robokpy_interfaces/robokpy_interfaces/srv/detail/execution_state__builder.hpp\n'}
[9.370210] (robokpy_interfaces) StdoutLine: {'line': b'-- Up-to-date: /home/meta/Documents/robotics_workspace_new/install/robokpy_interfaces/include/robokpy_interfaces/robokpy_interfaces/srv/detail/grasp_attach__builder.hpp\n'}
[9.370457] (robokpy_interfaces) StdoutLine: {'line': b'-- Up-to-date: /home/meta/Documents/robotics_workspace_new/install/robokpy_interfaces/include/robokpy_interfaces/robokpy_interfaces/srv/detail/jacobian__builder.hpp\n'}
[9.370704] (robokpy_interfaces) StdoutLine: {'line': b'-- Up-to-date: /home/meta/Documents/robotics_workspace_new/install/robokpy_interfaces/include/robokpy_interfaces/robokpy_interfaces/srv/detail/reachable__builder.hpp\n'}
[9.370938] (robokpy_interfaces) StdoutLine: {'line': b'-- Up-to-date: /home/meta/Documents/robotics_workspace_new/install/robokpy_interfaces/include/robokpy_interfaces/robokpy_interfaces/srv/detail/chain_fk__builder.hpp\n'}
[9.371163] (robokpy_interfaces) StdoutLine: {'line': b'-- Up-to-date: /home/meta/Documents/robotics_workspace_new/install/robokpy_interfaces/include/robokpy_interfaces/robokpy_interfaces/srv/detail/system_mode__struct.hpp\n'}
[9.371437] (robokpy_interfaces) StdoutLine: {'line': b'-- Up-to-date: /home/meta/Documents/robotics_workspace_new/install/robokpy_interfaces/include/robokpy_interfaces/robokpy_interfaces/srv/detail/grasp_attach__traits.hpp\n'}
[9.371684] (robokpy_interfaces) StdoutLine: {'line': b'-- Up-to-date: /home/meta/Documents/robotics_workspace_new/install/robokpy_interfaces/include/robokpy_interfaces/robokpy_interfaces/srv/detail/fk__builder.hpp\n'}
[9.371955] (robokpy_interfaces) StdoutLine: {'line': b'-- Up-to-date: /home/meta/Documents/robotics_workspace_new/install/robokpy_interfaces/include/robokpy_interfaces/robokpy_interfaces/srv/detail/load_recipe__builder.hpp\n'}
[9.372184] (robokpy_interfaces) StdoutLine: {'line': b'-- Up-to-date: /home/meta/Documents/robotics_workspace_new/install/robokpy_interfaces/include/robokpy_interfaces/robokpy_interfaces/srv/detail/resume_execution__traits.hpp\n'}
[9.372440] (robokpy_interfaces) StdoutLine: {'line': b'-- Up-to-date: /home/meta/Documents/robotics_workspace_new/install/robokpy_interfaces/include/robokpy_interfaces/robokpy_interfaces/srv/detail/chain_fk__struct.hpp\n'}
[9.372695] (robokpy_interfaces) StdoutLine: {'line': b'-- Up-to-date: /home/meta/Documents/robotics_workspace_new/install/robokpy_interfaces/include/robokpy_interfaces/robokpy_interfaces/srv/detail/set_planning_tip_link__traits.hpp\n'}
[9.372926] (robokpy_interfaces) StdoutLine: {'line': b'-- Up-to-date: /home/meta/Documents/robotics_workspace_new/install/robokpy_interfaces/include/robokpy_interfaces/robokpy_interfaces/srv/detail/load_recipe__struct.hpp\n'}
[9.373150] (robokpy_interfaces) StdoutLine: {'line': b'-- Up-to-date: /home/meta/Documents/robotics_workspace_new/install/robokpy_interfaces/include/robokpy_interfaces/robokpy_interfaces/srv/detail/set_planning_tip_link__struct.hpp\n'}
[9.373371] (robokpy_interfaces) StdoutLine: {'line': b'-- Up-to-date: /home/meta/Documents/robotics_workspace_new/install/robokpy_interfaces/include/robokpy_interfaces/robokpy_interfaces/srv/ik.hpp\n'}
[9.373629] (robokpy_interfaces) StdoutLine: {'line': b'-- Up-to-date: /home/meta/Documents/robotics_workspace_new/install/robokpy_interfaces/include/robokpy_interfaces/robokpy_interfaces/srv/resume_execution.hpp\n'}
[9.373862] (robokpy_interfaces) StdoutLine: {'line': b'-- Up-to-date: /home/meta/Documents/robotics_workspace_new/install/robokpy_interfaces/include/robokpy_interfaces/robokpy_interfaces/srv/reachable.hpp\n'}
[9.374085] (robokpy_interfaces) StdoutLine: {'line': b'-- Up-to-date: /home/meta/Documents/robotics_workspace_new/install/robokpy_interfaces/include/robokpy_interfaces/robokpy_interfaces/srv/fk.hpp\n'}
[9.374313] (robokpy_interfaces) StdoutLine: {'line': b'-- Up-to-date: /home/meta/Documents/robotics_workspace_new/install/robokpy_interfaces/include/robokpy_interfaces/robokpy_interfaces/srv/chain_fk.hpp\n'}
[9.374568] (robokpy_interfaces) StdoutLine: {'line': b'-- Up-to-date: /home/meta/Documents/robotics_workspace_new/install/robokpy_interfaces/include/robokpy_interfaces/robokpy_interfaces/action\n'}
[9.374802] (robokpy_interfaces) StdoutLine: {'line': b'-- Up-to-date: /home/meta/Documents/robotics_workspace_new/install/robokpy_interfaces/include/robokpy_interfaces/robokpy_interfaces/action/robot_trajectory.hpp\n'}
[9.375025] (robokpy_interfaces) StdoutLine: {'line': b'-- Up-to-date: /home/meta/Documents/robotics_workspace_new/install/robokpy_interfaces/include/robokpy_interfaces/robokpy_interfaces/action/tool_execution.hpp\n'}
[9.375249] (robokpy_interfaces) StdoutLine: {'line': b'-- Up-to-date: /home/meta/Documents/robotics_workspace_new/install/robokpy_interfaces/include/robokpy_interfaces/robokpy_interfaces/action/detail\n'}
[9.375491] (robokpy_interfaces) StdoutLine: {'line': b'-- Up-to-date: /home/meta/Documents/robotics_workspace_new/install/robokpy_interfaces/include/robokpy_interfaces/robokpy_interfaces/action/detail/execute_motion__type_support.hpp\n'}
[9.375753] (robokpy_interfaces) StdoutLine: {'line': b'-- Up-to-date: /home/meta/Documents/robotics_workspace_new/install/robokpy_interfaces/include/robokpy_interfaces/robokpy_interfaces/action/detail/execute_tool_op__traits.hpp\n'}
[9.375976] (robokpy_interfaces) StdoutLine: {'line': b'-- Up-to-date: /home/meta/Documents/robotics_workspace_new/install/robokpy_interfaces/include/robokpy_interfaces/robokpy_interfaces/action/detail/robot_trajectory__type_support.hpp\n'}
[9.376204] (robokpy_interfaces) StdoutLine: {'line': b'-- Up-to-date: /home/meta/Documents/robotics_workspace_new/install/robokpy_interfaces/include/robokpy_interfaces/robokpy_interfaces/action/detail/robot_trajectory__struct.hpp\n'}
[9.376442] (robokpy_interfaces) StdoutLine: {'line': b'-- Up-to-date: /home/meta/Documents/robotics_workspace_new/install/robokpy_interfaces/include/robokpy_interfaces/robokpy_interfaces/action/detail/execute_vision_op__struct.hpp\n'}
[9.376687] (robokpy_interfaces) StdoutLine: {'line': b'-- Up-to-date: /home/meta/Documents/robotics_workspace_new/install/robokpy_interfaces/include/robokpy_interfaces/robokpy_interfaces/action/detail/execute_motion__traits.hpp\n'}
[9.376915] (robokpy_interfaces) StdoutLine: {'line': b'-- Up-to-date: /home/meta/Documents/robotics_workspace_new/install/robokpy_interfaces/include/robokpy_interfaces/robokpy_interfaces/action/detail/execute_vision_op__builder.hpp\n'}
[9.377136] (robokpy_interfaces) StdoutLine: {'line': b'-- Up-to-date: /home/meta/Documents/robotics_workspace_new/install/robokpy_interfaces/include/robokpy_interfaces/robokpy_interfaces/action/detail/execute_tool_op__type_support.hpp\n'}
[9.377363] (robokpy_interfaces) StdoutLine: {'line': b'-- Up-to-date: /home/meta/Documents/robotics_workspace_new/install/robokpy_interfaces/include/robokpy_interfaces/robokpy_interfaces/action/detail/tool_execution__builder.hpp\n'}
[9.377686] (robokpy_interfaces) StdoutLine: {'line': b'-- Up-to-date: /home/meta/Documents/robotics_workspace_new/install/robokpy_interfaces/include/robokpy_interfaces/robokpy_interfaces/action/detail/execute_vision_op__traits.hpp\n'}
[9.377975] (robokpy_interfaces) StdoutLine: {'line': b'-- Up-to-date: /home/meta/Documents/robotics_workspace_new/install/robokpy_interfaces/include/robokpy_interfaces/robokpy_interfaces/action/detail/execute_tool_op__struct.hpp\n'}
[9.378202] (robokpy_interfaces) StdoutLine: {'line': b'-- Up-to-date: /home/meta/Documents/robotics_workspace_new/install/robokpy_interfaces/include/robokpy_interfaces/robokpy_interfaces/action/detail/tool_execution__struct.hpp\n'}
[9.378441] (robokpy_interfaces) StdoutLine: {'line': b'-- Up-to-date: /home/meta/Documents/robotics_workspace_new/install/robokpy_interfaces/include/robokpy_interfaces/robokpy_interfaces/action/detail/execute_motion__builder.hpp\n'}
[9.378689] (robokpy_interfaces) StdoutLine: {'line': b'-- Up-to-date: /home/meta/Documents/robotics_workspace_new/install/robokpy_interfaces/include/robokpy_interfaces/robokpy_interfaces/action/detail/tool_execution__type_support.hpp\n'}
[9.378917] (robokpy_interfaces) StdoutLine: {'line': b'-- Up-to-date: /home/meta/Documents/robotics_workspace_new/install/robokpy_interfaces/include/robokpy_interfaces/robokpy_interfaces/action/detail/execute_tool_op__builder.hpp\n'}
[9.379142] (robokpy_interfaces) StdoutLine: {'line': b'-- Up-to-date: /home/meta/Documents/robotics_workspace_new/install/robokpy_interfaces/include/robokpy_interfaces/robokpy_interfaces/action/detail/tool_execution__traits.hpp\n'}
[9.379367] (robokpy_interfaces) StdoutLine: {'line': b'-- Up-to-date: /home/meta/Documents/robotics_workspace_new/install/robokpy_interfaces/include/robokpy_interfaces/robokpy_interfaces/action/detail/robot_trajectory__traits.hpp\n'}
[9.379622] (robokpy_interfaces) StdoutLine: {'line': b'-- Up-to-date: /home/meta/Documents/robotics_workspace_new/install/robokpy_interfaces/include/robokpy_interfaces/robokpy_interfaces/action/detail/robot_trajectory__builder.hpp\n'}
[9.379851] (robokpy_interfaces) StdoutLine: {'line': b'-- Up-to-date: /home/meta/Documents/robotics_workspace_new/install/robokpy_interfaces/include/robokpy_interfaces/robokpy_interfaces/action/detail/execute_vision_op__type_support.hpp\n'}
[9.380093] (robokpy_interfaces) StdoutLine: {'line': b'-- Up-to-date: /home/meta/Documents/robotics_workspace_new/install/robokpy_interfaces/include/robokpy_interfaces/robokpy_interfaces/action/detail/execute_motion__struct.hpp\n'}
[9.380317] (robokpy_interfaces) StdoutLine: {'line': b'-- Up-to-date: /home/meta/Documents/robotics_workspace_new/install/robokpy_interfaces/include/robokpy_interfaces/robokpy_interfaces/action/execute_vision_op.hpp\n'}
[9.380572] (robokpy_interfaces) StdoutLine: {'line': b'-- Up-to-date: /home/meta/Documents/robotics_workspace_new/install/robokpy_interfaces/include/robokpy_interfaces/robokpy_interfaces/action/execute_motion.hpp\n'}
[9.380802] (robokpy_interfaces) StdoutLine: {'line': b'-- Up-to-date: /home/meta/Documents/robotics_workspace_new/install/robokpy_interfaces/include/robokpy_interfaces/robokpy_interfaces/action/execute_tool_op.hpp\n'}
[9.381029] (robokpy_interfaces) StdoutLine: {'line': b'-- Up-to-date: /home/meta/Documents/robotics_workspace_new/install/robokpy_interfaces/include/robokpy_interfaces/robokpy_interfaces/msg\n'}
[9.381249] (robokpy_interfaces) StdoutLine: {'line': b'-- Up-to-date: /home/meta/Documents/robotics_workspace_new/install/robokpy_interfaces/include/robokpy_interfaces/robokpy_interfaces/msg/rosidl_generator_cpp__visibility_control.hpp\n'}
[9.381495] (robokpy_interfaces) StdoutLine: {'line': b'-- Up-to-date: /home/meta/Documents/robotics_workspace_new/install/robokpy_interfaces/include/robokpy_interfaces/robokpy_interfaces/msg/cell_state.hpp\n'}
[9.381733] (robokpy_interfaces) StdoutLine: {'line': b'-- Up-to-date: /home/meta/Documents/robotics_workspace_new/install/robokpy_interfaces/include/robokpy_interfaces/robokpy_interfaces/msg/detail\n'}
[9.381961] (robokpy_interfaces) StdoutLine: {'line': b'-- Up-to-date: /home/meta/Documents/robotics_workspace_new/install/robokpy_interfaces/include/robokpy_interfaces/robokpy_interfaces/msg/detail/cell_state__traits.hpp\n'}
[9.382187] (robokpy_interfaces) StdoutLine: {'line': b'-- Up-to-date: /home/meta/Documents/robotics_workspace_new/install/robokpy_interfaces/include/robokpy_interfaces/robokpy_interfaces/msg/detail/cell_state__struct.hpp\n'}
[9.382428] (robokpy_interfaces) StdoutLine: {'line': b'-- Up-to-date: /home/meta/Documents/robotics_workspace_new/install/robokpy_interfaces/include/robokpy_interfaces/robokpy_interfaces/msg/detail/cell_state__type_support.hpp\n'}
[9.382678] (robokpy_interfaces) StdoutLine: {'line': b'-- Up-to-date: /home/meta/Documents/robotics_workspace_new/install/robokpy_interfaces/include/robokpy_interfaces/robokpy_interfaces/msg/detail/cell_state__builder.hpp\n'}
[9.382905] (robokpy_interfaces) StdoutLine: {'line': b'-- Up-to-date: /home/meta/Documents/robotics_workspace_new/install/robokpy_interfaces/include/robokpy_interfaces/robokpy_interfaces\n'}
[9.383131] (robokpy_interfaces) StdoutLine: {'line': b'-- Up-to-date: /home/meta/Documents/robotics_workspace_new/install/robokpy_interfaces/include/robokpy_interfaces/robokpy_interfaces/srv\n'}
[9.383356] (robokpy_interfaces) StdoutLine: {'line': b'-- Up-to-date: /home/meta/Documents/robotics_workspace_new/install/robokpy_interfaces/include/robokpy_interfaces/robokpy_interfaces/srv/detail\n'}
[9.383622] (robokpy_interfaces) StdoutLine: {'line': b'-- Up-to-date: /home/meta/Documents/robotics_workspace_new/install/robokpy_interfaces/include/robokpy_interfaces/robokpy_interfaces/srv/detail/reachable__rosidl_typesupport_fastrtps_cpp.hpp\n'}
[9.383886] (robokpy_interfaces) StdoutLine: {'line': b'-- Up-to-date: /home/meta/Documents/robotics_workspace_new/install/robokpy_interfaces/include/robokpy_interfaces/robokpy_interfaces/srv/detail/fk__rosidl_typesupport_fastrtps_cpp.hpp\n'}
[9.384113] (robokpy_interfaces) StdoutLine: {'line': b'-- Up-to-date: /home/meta/Documents/robotics_workspace_new/install/robokpy_interfaces/include/robokpy_interfaces/robokpy_interfaces/srv/detail/ik__rosidl_typesupport_fastrtps_cpp.hpp\n'}
[9.384359] (robokpy_interfaces) StdoutLine: {'line': b'-- Up-to-date: /home/meta/Documents/robotics_workspace_new/install/robokpy_interfaces/include/robokpy_interfaces/robokpy_interfaces/srv/detail/execution_state__rosidl_typesupport_fastrtps_cpp.hpp\n'}
[9.384621] (robokpy_interfaces) StdoutLine: {'line': b'-- Up-to-date: /home/meta/Documents/robotics_workspace_new/install/robokpy_interfaces/include/robokpy_interfaces/robokpy_interfaces/srv/detail/grasp_attach__rosidl_typesupport_fastrtps_cpp.hpp\n'}
[9.384868] (robokpy_interfaces) StdoutLine: {'line': b'-- Up-to-date: /home/meta/Documents/robotics_workspace_new/install/robokpy_interfaces/include/robokpy_interfaces/robokpy_interfaces/srv/detail/resume_execution__rosidl_typesupport_fastrtps_cpp.hpp\n'}
[9.385092] (robokpy_interfaces) StdoutLine: {'line': b'-- Up-to-date: /home/meta/Documents/robotics_workspace_new/install/robokpy_interfaces/include/robokpy_interfaces/robokpy_interfaces/srv/detail/chain_fk__rosidl_typesupport_fastrtps_cpp.hpp\n'}
[9.385319] (robokpy_interfaces) StdoutLine: {'line': b'-- Up-to-date: /home/meta/Documents/robotics_workspace_new/install/robokpy_interfaces/include/robokpy_interfaces/robokpy_interfaces/srv/detail/system_mode__rosidl_typesupport_fastrtps_cpp.hpp\n'}
[9.385580] (robokpy_interfaces) StdoutLine: {'line': b'-- Up-to-date: /home/meta/Documents/robotics_workspace_new/install/robokpy_interfaces/include/robokpy_interfaces/robokpy_interfaces/srv/detail/load_recipe__rosidl_typesupport_fastrtps_cpp.hpp\n'}
[9.385814] (robokpy_interfaces) StdoutLine: {'line': b'-- Up-to-date: /home/meta/Documents/robotics_workspace_new/install/robokpy_interfaces/include/robokpy_interfaces/robokpy_interfaces/srv/detail/dds_fastrtps\n'}
[9.386046] (robokpy_interfaces) StdoutLine: {'line': b'-- Up-to-date: /home/meta/Documents/robotics_workspace_new/install/robokpy_interfaces/include/robokpy_interfaces/robokpy_interfaces/srv/detail/jacobian__rosidl_typesupport_fastrtps_cpp.hpp\n'}
[9.386272] (robokpy_interfaces) StdoutLine: {'line': b'-- Up-to-date: /home/meta/Documents/robotics_workspace_new/install/robokpy_interfaces/include/robokpy_interfaces/robokpy_interfaces/srv/detail/set_planning_tip_link__rosidl_typesupport_fastrtps_cpp.hpp\n'}
[9.386528] (robokpy_interfaces) StdoutLine: {'line': b'-- Up-to-date: /home/meta/Documents/robotics_workspace_new/install/robokpy_interfaces/include/robokpy_interfaces/robokpy_interfaces/action\n'}
[9.386764] (robokpy_interfaces) StdoutLine: {'line': b'-- Up-to-date: /home/meta/Documents/robotics_workspace_new/install/robokpy_interfaces/include/robokpy_interfaces/robokpy_interfaces/action/detail\n'}
[9.386987] (robokpy_interfaces) StdoutLine: {'line': b'-- Up-to-date: /home/meta/Documents/robotics_workspace_new/install/robokpy_interfaces/include/robokpy_interfaces/robokpy_interfaces/action/detail/robot_trajectory__rosidl_typesupport_fastrtps_cpp.hpp\n'}
[9.387209] (robokpy_interfaces) StdoutLine: {'line': b'-- Up-to-date: /home/meta/Documents/robotics_workspace_new/install/robokpy_interfaces/include/robokpy_interfaces/robokpy_interfaces/action/detail/tool_execution__rosidl_typesupport_fastrtps_cpp.hpp\n'}
[9.387459] (robokpy_interfaces) StdoutLine: {'line': b'-- Up-to-date: /home/meta/Documents/robotics_workspace_new/install/robokpy_interfaces/include/robokpy_interfaces/robokpy_interfaces/action/detail/execute_vision_op__rosidl_typesupport_fastrtps_cpp.hpp\n'}
[9.387709] (robokpy_interfaces) StdoutLine: {'line': b'-- Up-to-date: /home/meta/Documents/robotics_workspace_new/install/robokpy_interfaces/include/robokpy_interfaces/robokpy_interfaces/action/detail/dds_fastrtps\n'}
[9.387936] (robokpy_interfaces) StdoutLine: {'line': b'-- Up-to-date: /home/meta/Documents/robotics_workspace_new/install/robokpy_interfaces/include/robokpy_interfaces/robokpy_interfaces/action/detail/execute_motion__rosidl_typesupport_fastrtps_cpp.hpp\n'}
[9.388223] (robokpy_interfaces) StdoutLine: {'line': b'-- Up-to-date: /home/meta/Documents/robotics_workspace_new/install/robokpy_interfaces/include/robokpy_interfaces/robokpy_interfaces/action/detail/execute_tool_op__rosidl_typesupport_fastrtps_cpp.hpp\n'}
[9.388507] (robokpy_interfaces) StdoutLine: {'line': b'-- Up-to-date: /home/meta/Documents/robotics_workspace_new/install/robokpy_interfaces/include/robokpy_interfaces/robokpy_interfaces/msg\n'}
[9.388770] (robokpy_interfaces) StdoutLine: {'line': b'-- Up-to-date: /home/meta/Documents/robotics_workspace_new/install/robokpy_interfaces/include/robokpy_interfaces/robokpy_interfaces/msg/rosidl_typesupport_fastrtps_cpp__visibility_control.h\n'}
[9.389006] (robokpy_interfaces) StdoutLine: {'line': b'-- Up-to-date: /home/meta/Documents/robotics_workspace_new/install/robokpy_interfaces/include/robokpy_interfaces/robokpy_interfaces/msg/detail\n'}
[9.389230] (robokpy_interfaces) StdoutLine: {'line': b'-- Up-to-date: /home/meta/Documents/robotics_workspace_new/install/robokpy_interfaces/include/robokpy_interfaces/robokpy_interfaces/msg/detail/cell_state__rosidl_typesupport_fastrtps_cpp.hpp\n'}
[9.389512] (robokpy_interfaces) StdoutLine: {'line': b'-- Up-to-date: /home/meta/Documents/robotics_workspace_new/install/robokpy_interfaces/include/robokpy_interfaces/robokpy_interfaces/msg/detail/dds_fastrtps\n'}
[9.397733] (-) TimerEvent: {}
[9.438510] (robokpy_interfaces) StdoutLine: {'line': b'-- Up-to-date: /home/meta/Documents/robotics_workspace_new/install/robokpy_interfaces/lib/librobokpy_interfaces__rosidl_typesupport_fastrtps_cpp.so\n'}
[9.438909] (robokpy_interfaces) StdoutLine: {'line': b'-- Up-to-date: /home/meta/Documents/robotics_workspace_new/install/robokpy_interfaces/include/robokpy_interfaces/robokpy_interfaces\n'}
[9.439166] (robokpy_interfaces) StdoutLine: {'line': b'-- Up-to-date: /home/meta/Documents/robotics_workspace_new/install/robokpy_interfaces/include/robokpy_interfaces/robokpy_interfaces/srv\n'}
[9.439419] (robokpy_interfaces) StdoutLine: {'line': b'-- Up-to-date: /home/meta/Documents/robotics_workspace_new/install/robokpy_interfaces/include/robokpy_interfaces/robokpy_interfaces/srv/detail\n'}
[9.439681] (robokpy_interfaces) StdoutLine: {'line': b'-- Up-to-date: /home/meta/Documents/robotics_workspace_new/install/robokpy_interfaces/include/robokpy_interfaces/robokpy_interfaces/srv/detail/ik__rosidl_typesupport_introspection_cpp.hpp\n'}
[9.439920] (robokpy_interfaces) StdoutLine: {'line': b'-- Up-to-date: /home/meta/Documents/robotics_workspace_new/install/robokpy_interfaces/include/robokpy_interfaces/robokpy_interfaces/srv/detail/ik__type_support.cpp\n'}
[9.440150] (robokpy_interfaces) StdoutLine: {'line': b'-- Up-to-date: /home/meta/Documents/robotics_workspace_new/install/robokpy_interfaces/include/robokpy_interfaces/robokpy_interfaces/srv/detail/jacobian__type_support.cpp\n'}
[9.440410] (robokpy_interfaces) StdoutLine: {'line': b'-- Up-to-date: /home/meta/Documents/robotics_workspace_new/install/robokpy_interfaces/include/robokpy_interfaces/robokpy_interfaces/srv/detail/system_mode__rosidl_typesupport_introspection_cpp.hpp\n'}
[9.441589] (robokpy_interfaces) StdoutLine: {'line': b'-- Up-to-date: /home/meta/Documents/robotics_workspace_new/install/robokpy_interfaces/include/robokpy_interfaces/robokpy_interfaces/srv/detail/fk__type_support.cpp\n'}
[9.441946] (robokpy_interfaces) StdoutLine: {'line': b'-- Up-to-date: /home/meta/Documents/robotics_workspace_new/install/robokpy_interfaces/include/robokpy_interfaces/robokpy_interfaces/srv/detail/system_mode__type_support.cpp\n'}
[9.442290] (robokpy_interfaces) StdoutLine: {'line': b'-- Up-to-date: /home/meta/Documents/robotics_workspace_new/install/robokpy_interfaces/include/robokpy_interfaces/robokpy_interfaces/srv/detail/load_recipe__type_support.cpp\n'}
[9.442591] (robokpy_interfaces) StdoutLine: {'line': b'-- Up-to-date: /home/meta/Documents/robotics_workspace_new/install/robokpy_interfaces/include/robokpy_interfaces/robokpy_interfaces/srv/detail/set_planning_tip_link__type_support.cpp\n'}
[9.442867] (robokpy_interfaces) StdoutLine: {'line': b'-- Up-to-date: /home/meta/Documents/robotics_workspace_new/install/robokpy_interfaces/include/robokpy_interfaces/robokpy_interfaces/srv/detail/grasp_attach__rosidl_typesupport_introspection_cpp.hpp\n'}
[9.443150] (robokpy_interfaces) StdoutLine: {'line': b'-- Up-to-date: /home/meta/Documents/robotics_workspace_new/install/robokpy_interfaces/include/robokpy_interfaces/robokpy_interfaces/srv/detail/jacobian__rosidl_typesupport_introspection_cpp.hpp\n'}
[9.443391] (robokpy_interfaces) StdoutLine: {'line': b'-- Up-to-date: /home/meta/Documents/robotics_workspace_new/install/robokpy_interfaces/include/robokpy_interfaces/robokpy_interfaces/srv/detail/resume_execution__rosidl_typesupport_introspection_cpp.hpp\n'}
[9.443839] (robokpy_interfaces) StdoutLine: {'line': b'-- Up-to-date: /home/meta/Documents/robotics_workspace_new/install/robokpy_interfaces/include/robokpy_interfaces/robokpy_interfaces/srv/detail/chain_fk__rosidl_typesupport_introspection_cpp.hpp\n'}
[9.444074] (robokpy_interfaces) StdoutLine: {'line': b'-- Up-to-date: /home/meta/Documents/robotics_workspace_new/install/robokpy_interfaces/include/robokpy_interfaces/robokpy_interfaces/srv/detail/reachable__type_support.cpp\n'}
[9.444299] (robokpy_interfaces) StdoutLine: {'line': b'-- Up-to-date: /home/meta/Documents/robotics_workspace_new/install/robokpy_interfaces/include/robokpy_interfaces/robokpy_interfaces/srv/detail/execution_state__rosidl_typesupport_introspection_cpp.hpp\n'}
[9.444569] (robokpy_interfaces) StdoutLine: {'line': b'-- Up-to-date: /home/meta/Documents/robotics_workspace_new/install/robokpy_interfaces/include/robokpy_interfaces/robokpy_interfaces/srv/detail/resume_execution__type_support.cpp\n'}
[9.444824] (robokpy_interfaces) StdoutLine: {'line': b'-- Up-to-date: /home/meta/Documents/robotics_workspace_new/install/robokpy_interfaces/include/robokpy_interfaces/robokpy_interfaces/srv/detail/grasp_attach__type_support.cpp\n'}
[9.445056] (robokpy_interfaces) StdoutLine: {'line': b'-- Up-to-date: /home/meta/Documents/robotics_workspace_new/install/robokpy_interfaces/include/robokpy_interfaces/robokpy_interfaces/srv/detail/execution_state__type_support.cpp\n'}
[9.445284] (robokpy_interfaces) StdoutLine: {'line': b'-- Up-to-date: /home/meta/Documents/robotics_workspace_new/install/robokpy_interfaces/include/robokpy_interfaces/robokpy_interfaces/srv/detail/set_planning_tip_link__rosidl_typesupport_introspection_cpp.hpp\n'}
[9.445590] (robokpy_interfaces) StdoutLine: {'line': b'-- Up-to-date: /home/meta/Documents/robotics_workspace_new/install/robokpy_interfaces/include/robokpy_interfaces/robokpy_interfaces/srv/detail/reachable__rosidl_typesupport_introspection_cpp.hpp\n'}
[9.445831] (robokpy_interfaces) StdoutLine: {'line': b'-- Up-to-date: /home/meta/Documents/robotics_workspace_new/install/robokpy_interfaces/include/robokpy_interfaces/robokpy_interfaces/srv/detail/load_recipe__rosidl_typesupport_introspection_cpp.hpp\n'}
[9.446057] (robokpy_interfaces) StdoutLine: {'line': b'-- Up-to-date: /home/meta/Documents/robotics_workspace_new/install/robokpy_interfaces/include/robokpy_interfaces/robokpy_interfaces/srv/detail/fk__rosidl_typesupport_introspection_cpp.hpp\n'}
[9.446286] (robokpy_interfaces) StdoutLine: {'line': b'-- Up-to-date: /home/meta/Documents/robotics_workspace_new/install/robokpy_interfaces/include/robokpy_interfaces/robokpy_interfaces/srv/detail/chain_fk__type_support.cpp\n'}
[9.446539] (robokpy_interfaces) StdoutLine: {'line': b'-- Up-to-date: /home/meta/Documents/robotics_workspace_new/install/robokpy_interfaces/include/robokpy_interfaces/robokpy_interfaces/action\n'}
[9.446779] (robokpy_interfaces) StdoutLine: {'line': b'-- Up-to-date: /home/meta/Documents/robotics_workspace_new/install/robokpy_interfaces/include/robokpy_interfaces/robokpy_interfaces/action/detail\n'}
[9.447005] (robokpy_interfaces) StdoutLine: {'line': b'-- Up-to-date: /home/meta/Documents/robotics_workspace_new/install/robokpy_interfaces/include/robokpy_interfaces/robokpy_interfaces/action/detail/execute_tool_op__type_support.cpp\n'}
[9.447231] (robokpy_interfaces) StdoutLine: {'line': b'-- Up-to-date: /home/meta/Documents/robotics_workspace_new/install/robokpy_interfaces/include/robokpy_interfaces/robokpy_interfaces/action/detail/execute_vision_op__type_support.cpp\n'}
[9.447495] (robokpy_interfaces) StdoutLine: {'line': b'-- Up-to-date: /home/meta/Documents/robotics_workspace_new/install/robokpy_interfaces/include/robokpy_interfaces/robokpy_interfaces/action/detail/execute_vision_op__rosidl_typesupport_introspection_cpp.hpp\n'}
[9.447737] (robokpy_interfaces) StdoutLine: {'line': b'-- Up-to-date: /home/meta/Documents/robotics_workspace_new/install/robokpy_interfaces/include/robokpy_interfaces/robokpy_interfaces/action/detail/robot_trajectory__rosidl_typesupport_introspection_cpp.hpp\n'}
[9.447966] (robokpy_interfaces) StdoutLine: {'line': b'-- Up-to-date: /home/meta/Documents/robotics_workspace_new/install/robokpy_interfaces/include/robokpy_interfaces/robokpy_interfaces/action/detail/execute_tool_op__rosidl_typesupport_introspection_cpp.hpp\n'}
[9.448191] (robokpy_interfaces) StdoutLine: {'line': b'-- Up-to-date: /home/meta/Documents/robotics_workspace_new/install/robokpy_interfaces/include/robokpy_interfaces/robokpy_interfaces/action/detail/tool_execution__rosidl_typesupport_introspection_cpp.hpp\n'}
[9.448431] (robokpy_interfaces) StdoutLine: {'line': b'-- Up-to-date: /home/meta/Documents/robotics_workspace_new/install/robokpy_interfaces/include/robokpy_interfaces/robokpy_interfaces/action/detail/tool_execution__type_support.cpp\n'}
[9.448679] (robokpy_interfaces) StdoutLine: {'line': b'-- Up-to-date: /home/meta/Documents/robotics_workspace_new/install/robokpy_interfaces/include/robokpy_interfaces/robokpy_interfaces/action/detail/execute_motion__rosidl_typesupport_introspection_cpp.hpp\n'}
[9.448905] (robokpy_interfaces) StdoutLine: {'line': b'-- Up-to-date: /home/meta/Documents/robotics_workspace_new/install/robokpy_interfaces/include/robokpy_interfaces/robokpy_interfaces/action/detail/robot_trajectory__type_support.cpp\n'}
[9.449130] (robokpy_interfaces) StdoutLine: {'line': b'-- Up-to-date: /home/meta/Documents/robotics_workspace_new/install/robokpy_interfaces/include/robokpy_interfaces/robokpy_interfaces/action/detail/execute_motion__type_support.cpp\n'}
[9.449355] (robokpy_interfaces) StdoutLine: {'line': b'-- Up-to-date: /home/meta/Documents/robotics_workspace_new/install/robokpy_interfaces/include/robokpy_interfaces/robokpy_interfaces/msg\n'}
[9.449609] (robokpy_interfaces) StdoutLine: {'line': b'-- Up-to-date: /home/meta/Documents/robotics_workspace_new/install/robokpy_interfaces/include/robokpy_interfaces/robokpy_interfaces/msg/detail\n'}
[9.450799] (robokpy_interfaces) StdoutLine: {'line': b'-- Up-to-date: /home/meta/Documents/robotics_workspace_new/install/robokpy_interfaces/include/robokpy_interfaces/robokpy_interfaces/msg/detail/cell_state__type_support.cpp\n'}
[9.451104] (robokpy_interfaces) StdoutLine: {'line': b'-- Up-to-date: /home/meta/Documents/robotics_workspace_new/install/robokpy_interfaces/include/robokpy_interfaces/robokpy_interfaces/msg/detail/cell_state__rosidl_typesupport_introspection_cpp.hpp\n'}
[9.462608] (robokpy_interfaces) StdoutLine: {'line': b'-- Up-to-date: /home/meta/Documents/robotics_workspace_new/install/robokpy_interfaces/lib/librobokpy_interfaces__rosidl_typesupport_introspection_cpp.so\n'}
[9.487567] (robokpy_interfaces) StdoutLine: {'line': b'-- Up-to-date: /home/meta/Documents/robotics_workspace_new/install/robokpy_interfaces/lib/librobokpy_interfaces__rosidl_typesupport_cpp.so\n'}
[9.488209] (robokpy_interfaces) StdoutLine: {'line': b'-- Up-to-date: /home/meta/Documents/robotics_workspace_new/install/robokpy_interfaces/share/robokpy_interfaces/environment/pythonpath.sh\n'}
[9.490616] (robokpy_interfaces) StdoutLine: {'line': b'-- Up-to-date: /home/meta/Documents/robotics_workspace_new/install/robokpy_interfaces/share/robokpy_interfaces/environment/pythonpath.dsv\n'}
[9.491081] (robokpy_interfaces) StdoutLine: {'line': b'-- Up-to-date: /home/meta/Documents/robotics_workspace_new/install/robokpy_interfaces/lib/python3.12/site-packages/robokpy_interfaces-0.0.0-py3.12.egg-info\n'}
[9.493213] (robokpy_interfaces) StdoutLine: {'line': b'-- Installing: /home/meta/Documents/robotics_workspace_new/install/robokpy_interfaces/lib/python3.12/site-packages/robokpy_interfaces-0.0.0-py3.12.egg-info/dependency_links.txt\n'}
[9.496668] (robokpy_interfaces) StdoutLine: {'line': b'-- Installing: /home/meta/Documents/robotics_workspace_new/install/robokpy_interfaces/lib/python3.12/site-packages/robokpy_interfaces-0.0.0-py3.12.egg-info/SOURCES.txt\n'}
[9.497037] (robokpy_interfaces) StdoutLine: {'line': b'-- Installing: /home/meta/Documents/robotics_workspace_new/install/robokpy_interfaces/lib/python3.12/site-packages/robokpy_interfaces-0.0.0-py3.12.egg-info/PKG-INFO\n'}
[9.497343] (robokpy_interfaces) StdoutLine: {'line': b'-- Installing: /home/meta/Documents/robotics_workspace_new/install/robokpy_interfaces/lib/python3.12/site-packages/robokpy_interfaces-0.0.0-py3.12.egg-info/top_level.txt\n'}
[9.497689] (robokpy_interfaces) StdoutLine: {'line': b'-- Up-to-date: /home/meta/Documents/robotics_workspace_new/install/robokpy_interfaces/lib/python3.12/site-packages/robokpy_interfaces\n'}
[9.497981] (-) TimerEvent: {}
[9.501528] (robokpy_interfaces) StdoutLine: {'line': b'-- Up-to-date: /home/meta/Documents/robotics_workspace_new/install/robokpy_interfaces/lib/python3.12/site-packages/robokpy_interfaces/srv\n'}
[9.502019] (robokpy_interfaces) StdoutLine: {'line': b'-- Up-to-date: /home/meta/Documents/robotics_workspace_new/install/robokpy_interfaces/lib/python3.12/site-packages/robokpy_interfaces/srv/_jacobian.py\n'}
[9.502374] (robokpy_interfaces) StdoutLine: {'line': b'-- Up-to-date: /home/meta/Documents/robotics_workspace_new/install/robokpy_interfaces/lib/python3.12/site-packages/robokpy_interfaces/srv/_resume_execution.py\n'}
[9.505862] (robokpy_interfaces) StdoutLine: {'line': b'-- Up-to-date: /home/meta/Documents/robotics_workspace_new/install/robokpy_interfaces/lib/python3.12/site-packages/robokpy_interfaces/srv/_grasp_attach_s.c\n'}
[9.506215] (robokpy_interfaces) StdoutLine: {'line': b'-- Up-to-date: /home/meta/Documents/robotics_workspace_new/install/robokpy_interfaces/lib/python3.12/site-packages/robokpy_interfaces/srv/_load_recipe_s.c\n'}
[9.506557] (robokpy_interfaces) StdoutLine: {'line': b'-- Up-to-date: /home/meta/Documents/robotics_workspace_new/install/robokpy_interfaces/lib/python3.12/site-packages/robokpy_interfaces/srv/_resume_execution_s.c\n'}
[9.506869] (robokpy_interfaces) StdoutLine: {'line': b'-- Up-to-date: /home/meta/Documents/robotics_workspace_new/install/robokpy_interfaces/lib/python3.12/site-packages/robokpy_interfaces/srv/_execution_state_s.c\n'}
[9.507170] (robokpy_interfaces) StdoutLine: {'line': b'-- Up-to-date: /home/meta/Documents/robotics_workspace_new/install/robokpy_interfaces/lib/python3.12/site-packages/robokpy_interfaces/srv/_fk_s.c\n'}
[9.507500] (robokpy_interfaces) StdoutLine: {'line': b'-- Up-to-date: /home/meta/Documents/robotics_workspace_new/install/robokpy_interfaces/lib/python3.12/site-packages/robokpy_interfaces/srv/_reachable_s.c\n'}
[9.507818] (robokpy_interfaces) StdoutLine: {'line': b'-- Up-to-date: /home/meta/Documents/robotics_workspace_new/install/robokpy_interfaces/lib/python3.12/site-packages/robokpy_interfaces/srv/_load_recipe.py\n'}
[9.508122] (robokpy_interfaces) StdoutLine: {'line': b'-- Up-to-date: /home/meta/Documents/robotics_workspace_new/install/robokpy_interfaces/lib/python3.12/site-packages/robokpy_interfaces/srv/_fk.py\n'}
[9.512179] (robokpy_interfaces) StdoutLine: {'line': b'-- Up-to-date: /home/meta/Documents/robotics_workspace_new/install/robokpy_interfaces/lib/python3.12/site-packages/robokpy_interfaces/srv/_execution_state.py\n'}
[9.512705] (robokpy_interfaces) StdoutLine: {'line': b'-- Up-to-date: /home/meta/Documents/robotics_workspace_new/install/robokpy_interfaces/lib/python3.12/site-packages/robokpy_interfaces/srv/_jacobian_s.c\n'}
[9.513074] (robokpy_interfaces) StdoutLine: {'line': b'-- Up-to-date: /home/meta/Documents/robotics_workspace_new/install/robokpy_interfaces/lib/python3.12/site-packages/robokpy_interfaces/srv/_system_mode.py\n'}
[9.513389] (robokpy_interfaces) StdoutLine: {'line': b'-- Up-to-date: /home/meta/Documents/robotics_workspace_new/install/robokpy_interfaces/lib/python3.12/site-packages/robokpy_interfaces/srv/_chain_fk.py\n'}
[9.513773] (robokpy_interfaces) StdoutLine: {'line': b'-- Up-to-date: /home/meta/Documents/robotics_workspace_new/install/robokpy_interfaces/lib/python3.12/site-packages/robokpy_interfaces/srv/_reachable.py\n'}
[9.514098] (robokpy_interfaces) StdoutLine: {'line': b'-- Up-to-date: /home/meta/Documents/robotics_workspace_new/install/robokpy_interfaces/lib/python3.12/site-packages/robokpy_interfaces/srv/_system_mode_s.c\n'}
[9.515260] (robokpy_interfaces) StdoutLine: {'line': b'-- Up-to-date: /home/meta/Documents/robotics_workspace_new/install/robokpy_interfaces/lib/python3.12/site-packages/robokpy_interfaces/srv/_ik_s.c\n'}
[9.515640] (robokpy_interfaces) StdoutLine: {'line': b'-- Up-to-date: /home/meta/Documents/robotics_workspace_new/install/robokpy_interfaces/lib/python3.12/site-packages/robokpy_interfaces/srv/__init__.py\n'}
[9.515960] (robokpy_interfaces) StdoutLine: {'line': b'-- Up-to-date: /home/meta/Documents/robotics_workspace_new/install/robokpy_interfaces/lib/python3.12/site-packages/robokpy_interfaces/srv/_ik.py\n'}
[9.516340] (robokpy_interfaces) StdoutLine: {'line': b'-- Up-to-date: /home/meta/Documents/robotics_workspace_new/install/robokpy_interfaces/lib/python3.12/site-packages/robokpy_interfaces/srv/_grasp_attach.py\n'}
[9.516682] (robokpy_interfaces) StdoutLine: {'line': b'-- Up-to-date: /home/meta/Documents/robotics_workspace_new/install/robokpy_interfaces/lib/python3.12/site-packages/robokpy_interfaces/srv/_set_planning_tip_link_s.c\n'}
[9.516997] (robokpy_interfaces) StdoutLine: {'line': b'-- Up-to-date: /home/meta/Documents/robotics_workspace_new/install/robokpy_interfaces/lib/python3.12/site-packages/robokpy_interfaces/srv/_set_planning_tip_link.py\n'}
[9.520625] (robokpy_interfaces) StdoutLine: {'line': b'-- Up-to-date: /home/meta/Documents/robotics_workspace_new/install/robokpy_interfaces/lib/python3.12/site-packages/robokpy_interfaces/srv/_chain_fk_s.c\n'}
[9.521139] (robokpy_interfaces) StdoutLine: {'line': b'-- Up-to-date: /home/meta/Documents/robotics_workspace_new/install/robokpy_interfaces/lib/python3.12/site-packages/robokpy_interfaces/robokpy_interfaces_s__rosidl_typesupport_c.so\n'}
[9.524541] (robokpy_interfaces) StdoutLine: {'line': b'-- Up-to-date: /home/meta/Documents/robotics_workspace_new/install/robokpy_interfaces/lib/python3.12/site-packages/robokpy_interfaces/_robokpy_interfaces_s.ep.rosidl_typesupport_introspection_c.c\n'}
[9.524941] (robokpy_interfaces) StdoutLine: {'line': b'-- Up-to-date: /home/meta/Documents/robotics_workspace_new/install/robokpy_interfaces/lib/python3.12/site-packages/robokpy_interfaces/action\n'}
[9.525297] (robokpy_interfaces) StdoutLine: {'line': b'-- Up-to-date: /home/meta/Documents/robotics_workspace_new/install/robokpy_interfaces/lib/python3.12/site-packages/robokpy_interfaces/action/_execute_tool_op_s.c\n'}
[9.525639] (robokpy_interfaces) StdoutLine: {'line': b'-- Up-to-date: /home/meta/Documents/robotics_workspace_new/install/robokpy_interfaces/lib/python3.12/site-packages/robokpy_interfaces/action/_execute_vision_op.py\n'}
[9.525928] (robokpy_interfaces) StdoutLine: {'line': b'-- Up-to-date: /home/meta/Documents/robotics_workspace_new/install/robokpy_interfaces/lib/python3.12/site-packages/robokpy_interfaces/action/_tool_execution.py\n'}
[9.526220] (robokpy_interfaces) StdoutLine: {'line': b'-- Up-to-date: /home/meta/Documents/robotics_workspace_new/install/robokpy_interfaces/lib/python3.12/site-packages/robokpy_interfaces/action/_robot_trajectory.py\n'}
[9.526536] (robokpy_interfaces) StdoutLine: {'line': b'-- Up-to-date: /home/meta/Documents/robotics_workspace_new/install/robokpy_interfaces/lib/python3.12/site-packages/robokpy_interfaces/action/_tool_execution_s.c\n'}
[9.526848] (robokpy_interfaces) StdoutLine: {'line': b'-- Up-to-date: /home/meta/Documents/robotics_workspace_new/install/robokpy_interfaces/lib/python3.12/site-packages/robokpy_interfaces/action/_execute_tool_op.py\n'}
[9.527135] (robokpy_interfaces) StdoutLine: {'line': b'-- Up-to-date: /home/meta/Documents/robotics_workspace_new/install/robokpy_interfaces/lib/python3.12/site-packages/robokpy_interfaces/action/_execute_motion_s.c\n'}
[9.532508] (robokpy_interfaces) StdoutLine: {'line': b'-- Up-to-date: /home/meta/Documents/robotics_workspace_new/install/robokpy_interfaces/lib/python3.12/site-packages/robokpy_interfaces/action/__init__.py\n'}
[9.532926] (robokpy_interfaces) StdoutLine: {'line': b'-- Up-to-date: /home/meta/Documents/robotics_workspace_new/install/robokpy_interfaces/lib/python3.12/site-packages/robokpy_interfaces/action/_execute_vision_op_s.c\n'}
[9.533239] (robokpy_interfaces) StdoutLine: {'line': b'-- Up-to-date: /home/meta/Documents/robotics_workspace_new/install/robokpy_interfaces/lib/python3.12/site-packages/robokpy_interfaces/action/_execute_motion.py\n'}
[9.533588] (robokpy_interfaces) StdoutLine: {'line': b'-- Up-to-date: /home/meta/Documents/robotics_workspace_new/install/robokpy_interfaces/lib/python3.12/site-packages/robokpy_interfaces/action/_robot_trajectory_s.c\n'}
[9.533922] (robokpy_interfaces) StdoutLine: {'line': b'-- Up-to-date: /home/meta/Documents/robotics_workspace_new/install/robokpy_interfaces/lib/python3.12/site-packages/robokpy_interfaces/msg\n'}
[9.534273] (robokpy_interfaces) StdoutLine: {'line': b'-- Up-to-date: /home/meta/Documents/robotics_workspace_new/install/robokpy_interfaces/lib/python3.12/site-packages/robokpy_interfaces/msg/_cell_state_s.c\n'}
[9.534766] (robokpy_interfaces) StdoutLine: {'line': b'-- Up-to-date: /home/meta/Documents/robotics_workspace_new/install/robokpy_interfaces/lib/python3.12/site-packages/robokpy_interfaces/msg/__init__.py\n'}
[9.535072] (robokpy_interfaces) StdoutLine: {'line': b'-- Up-to-date: /home/meta/Documents/robotics_workspace_new/install/robokpy_interfaces/lib/python3.12/site-packages/robokpy_interfaces/msg/_cell_state.py\n'}
[9.535366] (robokpy_interfaces) StdoutLine: {'line': b'-- Up-to-date: /home/meta/Documents/robotics_workspace_new/install/robokpy_interfaces/lib/python3.12/site-packages/robokpy_interfaces/robokpy_interfaces_s__rosidl_typesupport_fastrtps_c.so\n'}
[9.538805] (robokpy_interfaces) StdoutLine: {'line': b'-- Up-to-date: /home/meta/Documents/robotics_workspace_new/install/robokpy_interfaces/lib/python3.12/site-packages/robokpy_interfaces/_robokpy_interfaces_s.ep.rosidl_typesupport_c.c\n'}
[9.539137] (robokpy_interfaces) StdoutLine: {'line': b'-- Up-to-date: /home/meta/Documents/robotics_workspace_new/install/robokpy_interfaces/lib/python3.12/site-packages/robokpy_interfaces/robokpy_interfaces_s__rosidl_typesupport_introspection_c.so\n'}
[9.539516] (robokpy_interfaces) StdoutLine: {'line': b'-- Up-to-date: /home/meta/Documents/robotics_workspace_new/install/robokpy_interfaces/lib/python3.12/site-packages/robokpy_interfaces/__init__.py\n'}
[9.539836] (robokpy_interfaces) StdoutLine: {'line': b'-- Up-to-date: /home/meta/Documents/robotics_workspace_new/install/robokpy_interfaces/lib/python3.12/site-packages/robokpy_interfaces/_robokpy_interfaces_s.ep.rosidl_typesupport_fastrtps_c.c\n'}
[9.598109] (-) TimerEvent: {}
[9.698532] (-) TimerEvent: {}
[9.763259] (robokpy) StdoutLine: {'line': b'running egg_info\n'}
[9.767779] (robokpy_interfaces) StdoutLine: {'line': b"Listing '/home/meta/Documents/robotics_workspace_new/install/robokpy_interfaces/lib/python3.12/site-packages/robokpy_interfaces'...\n"}
[9.768271] (robokpy_interfaces) StdoutLine: {'line': b"Listing '/home/meta/Documents/robotics_workspace_new/install/robokpy_interfaces/lib/python3.12/site-packages/robokpy_interfaces/action'...\n"}
[9.768672] (robokpy_interfaces) StdoutLine: {'line': b"Listing '/home/meta/Documents/robotics_workspace_new/install/robokpy_interfaces/lib/python3.12/site-packages/robokpy_interfaces/msg'...\n"}
[9.769014] (robokpy_interfaces) StdoutLine: {'line': b"Listing '/home/meta/Documents/robotics_workspace_new/install/robokpy_interfaces/lib/python3.12/site-packages/robokpy_interfaces/srv'...\n"}
[9.798649] (-) TimerEvent: {}
[9.801136] (robokpy_interfaces) StdoutLine: {'line': b'-- Up-to-date: /home/meta/Documents/robotics_workspace_new/install/robokpy_interfaces/lib/python3.12/site-packages/robokpy_interfaces/robokpy_interfaces_s__rosidl_typesupport_fastrtps_c.so\n'}
[9.807053] (robokpy_interfaces) StdoutLine: {'line': b'-- Up-to-date: /home/meta/Documents/robotics_workspace_new/install/robokpy_interfaces/lib/python3.12/site-packages/robokpy_interfaces/robokpy_interfaces_s__rosidl_typesupport_introspection_c.so\n'}
[9.818653] (robokpy_interfaces) StdoutLine: {'line': b'-- Up-to-date: /home/meta/Documents/robotics_workspace_new/install/robokpy_interfaces/lib/python3.12/site-packages/robokpy_interfaces/robokpy_interfaces_s__rosidl_typesupport_c.so\n'}
[9.836569] (robokpy_interfaces) StdoutLine: {'line': b'-- Up-to-date: /home/meta/Documents/robotics_workspace_new/install/robokpy_interfaces/lib/librobokpy_interfaces__rosidl_generator_py.so\n'}
[9.837363] (robokpy_interfaces) StdoutLine: {'line': b'-- Up-to-date: /home/meta/Documents/robotics_workspace_new/install/robokpy_interfaces/share/robokpy_interfaces/srv/ExecutionState.idl\n'}
[9.837872] (robokpy_interfaces) StdoutLine: {'line': b'-- Up-to-date: /home/meta/Documents/robotics_workspace_new/install/robokpy_interfaces/share/robokpy_interfaces/srv/SystemMode.idl\n'}
[9.838424] (robokpy_interfaces) StdoutLine: {'line': b'-- Up-to-date: /home/meta/Documents/robotics_workspace_new/install/robokpy_interfaces/share/robokpy_interfaces/srv/FK.idl\n'}
[9.838979] (robokpy_interfaces) StdoutLine: {'line': b'-- Up-to-date: /home/meta/Documents/robotics_workspace_new/install/robokpy_interfaces/share/robokpy_interfaces/srv/IK.idl\n'}
[9.839263] (robokpy_interfaces) StdoutLine: {'line': b'-- Up-to-date: /home/meta/Documents/robotics_workspace_new/install/robokpy_interfaces/share/robokpy_interfaces/srv/Jacobian.idl\n'}
[9.839567] (robokpy_interfaces) StdoutLine: {'line': b'-- Up-to-date: /home/meta/Documents/robotics_workspace_new/install/robokpy_interfaces/share/robokpy_interfaces/srv/Reachable.idl\n'}
[9.839864] (robokpy_interfaces) StdoutLine: {'line': b'-- Up-to-date: /home/meta/Documents/robotics_workspace_new/install/robokpy_interfaces/share/robokpy_interfaces/srv/ChainFK.idl\n'}
[9.840142] (robokpy_interfaces) StdoutLine: {'line': b'-- Up-to-date: /home/meta/Documents/robotics_workspace_new/install/robokpy_interfaces/share/robokpy_interfaces/srv/SetPlanningTipLink.idl\n'}
[9.840591] (robokpy_interfaces) StdoutLine: {'line': b'-- Up-to-date: /home/meta/Documents/robotics_workspace_new/install/robokpy_interfaces/share/robokpy_interfaces/srv/GraspAttach.idl\n'}
[9.841113] (robokpy_interfaces) StdoutLine: {'line': b'-- Up-to-date: /home/meta/Documents/robotics_workspace_new/install/robokpy_interfaces/share/robokpy_interfaces/srv/ResumeExecution.idl\n'}
[9.841534] (robokpy_interfaces) StdoutLine: {'line': b'-- Up-to-date: /home/meta/Documents/robotics_workspace_new/install/robokpy_interfaces/share/robokpy_interfaces/srv/LoadRecipe.idl\n'}
[9.842035] (robokpy_interfaces) StdoutLine: {'line': b'-- Up-to-date: /home/meta/Documents/robotics_workspace_new/install/robokpy_interfaces/share/robokpy_interfaces/msg/CellState.idl\n'}
[9.842552] (robokpy_interfaces) StdoutLine: {'line': b'-- Up-to-date: /home/meta/Documents/robotics_workspace_new/install/robokpy_interfaces/share/robokpy_interfaces/action/ExecuteMotion.idl\n'}
[9.843120] (robokpy_interfaces) StdoutLine: {'line': b'-- Up-to-date: /home/meta/Documents/robotics_workspace_new/install/robokpy_interfaces/share/robokpy_interfaces/action/ExecuteToolOp.idl\n'}
[9.843601] (robokpy_interfaces) StdoutLine: {'line': b'-- Up-to-date: /home/meta/Documents/robotics_workspace_new/install/robokpy_interfaces/share/robokpy_interfaces/action/ExecuteVisionOp.idl\n'}
[9.844129] (robokpy_interfaces) StdoutLine: {'line': b'-- Up-to-date: /home/meta/Documents/robotics_workspace_new/install/robokpy_interfaces/share/robokpy_interfaces/srv/ExecutionState.srv\n'}
[9.844712] (robokpy_interfaces) StdoutLine: {'line': b'-- Up-to-date: /home/meta/Documents/robotics_workspace_new/install/robokpy_interfaces/share/robokpy_interfaces/srv/SystemMode.srv\n'}
[9.845184] (robokpy_interfaces) StdoutLine: {'line': b'-- Up-to-date: /home/meta/Documents/robotics_workspace_new/install/robokpy_interfaces/share/robokpy_interfaces/srv/FK.srv\n'}
[9.845496] (robokpy_interfaces) StdoutLine: {'line': b'-- Up-to-date: /home/meta/Documents/robotics_workspace_new/install/robokpy_interfaces/share/robokpy_interfaces/srv/IK.srv\n'}
[9.845835] (robokpy_interfaces) StdoutLine: {'line': b'-- Up-to-date: /home/meta/Documents/robotics_workspace_new/install/robokpy_interfaces/share/robokpy_interfaces/srv/Jacobian.srv\n'}
[9.846116] (robokpy_interfaces) StdoutLine: {'line': b'-- Up-to-date: /home/meta/Documents/robotics_workspace_new/install/robokpy_interfaces/share/robokpy_interfaces/srv/Reachable.srv\n'}
[9.846409] (robokpy_interfaces) StdoutLine: {'line': b'-- Up-to-date: /home/meta/Documents/robotics_workspace_new/install/robokpy_interfaces/share/robokpy_interfaces/srv/ChainFK.srv\n'}
[9.846713] (robokpy_interfaces) StdoutLine: {'line': b'-- Up-to-date: /home/meta/Documents/robotics_workspace_new/install/robokpy_interfaces/share/robokpy_interfaces/srv/SetPlanningTipLink.srv\n'}
[9.846990] (robokpy_interfaces) StdoutLine: {'line': b'-- Up-to-date: /home/meta/Documents/robotics_workspace_new/install/robokpy_interfaces/share/robokpy_interfaces/srv/GraspAttach.srv\n'}
[9.847266] (robokpy_interfaces) StdoutLine: {'line': b'-- Up-to-date: /home/meta/Documents/robotics_workspace_new/install/robokpy_interfaces/share/robokpy_interfaces/srv/ResumeExecution.srv\n'}
[9.847733] (robokpy_interfaces) StdoutLine: {'line': b'-- Up-to-date: /home/meta/Documents/robotics_workspace_new/install/robokpy_interfaces/share/robokpy_interfaces/srv/LoadRecipe.srv\n'}
[9.848029] (robokpy_interfaces) StdoutLine: {'line': b'-- Up-to-date: /home/meta/Documents/robotics_workspace_new/install/robokpy_interfaces/share/robokpy_interfaces/msg/CellState.msg\n'}
[9.848304] (robokpy_interfaces) StdoutLine: {'line': b'-- Up-to-date: /home/meta/Documents/robotics_workspace_new/install/robokpy_interfaces/share/robokpy_interfaces/action/ExecuteMotion.action\n'}
[9.848616] (robokpy_interfaces) StdoutLine: {'line': b'-- Up-to-date: /home/meta/Documents/robotics_workspace_new/install/robokpy_interfaces/share/robokpy_interfaces/action/ExecuteToolOp.action\n'}
[9.848900] (robokpy_interfaces) StdoutLine: {'line': b'-- Up-to-date: /home/meta/Documents/robotics_workspace_new/install/robokpy_interfaces/share/robokpy_interfaces/action/ExecuteVisionOp.action\n'}
[9.849176] (robokpy_interfaces) StdoutLine: {'line': b'-- Up-to-date: /home/meta/Documents/robotics_workspace_new/install/robokpy_interfaces/include\n'}
[9.849466] (robokpy_interfaces) StdoutLine: {'line': b'-- Up-to-date: /home/meta/Documents/robotics_workspace_new/install/robokpy_interfaces/include/robokpy_interfaces\n'}
[9.849767] (robokpy_interfaces) StdoutLine: {'line': b'-- Up-to-date: /home/meta/Documents/robotics_workspace_new/install/robokpy_interfaces/share/ament_index/resource_index/package_run_dependencies/robokpy_interfaces\n'}
[9.850051] (robokpy_interfaces) StdoutLine: {'line': b'-- Up-to-date: /home/meta/Documents/robotics_workspace_new/install/robokpy_interfaces/share/ament_index/resource_index/parent_prefix_path/robokpy_interfaces\n'}
[9.850326] (robokpy_interfaces) StdoutLine: {'line': b'-- Up-to-date: /home/meta/Documents/robotics_workspace_new/install/robokpy_interfaces/share/robokpy_interfaces/environment/ament_prefix_path.sh\n'}
[9.850643] (robokpy_interfaces) StdoutLine: {'line': b'-- Up-to-date: /home/meta/Documents/robotics_workspace_new/install/robokpy_interfaces/share/robokpy_interfaces/environment/ament_prefix_path.dsv\n'}
[9.850907] (robokpy_interfaces) StdoutLine: {'line': b'-- Up-to-date: /home/meta/Documents/robotics_workspace_new/install/robokpy_interfaces/share/robokpy_interfaces/environment/path.sh\n'}
[9.851200] (robokpy_interfaces) StdoutLine: {'line': b'-- Up-to-date: /home/meta/Documents/robotics_workspace_new/install/robokpy_interfaces/share/robokpy_interfaces/environment/path.dsv\n'}
[9.851501] (robokpy_interfaces) StdoutLine: {'line': b'-- Up-to-date: /home/meta/Documents/robotics_workspace_new/install/robokpy_interfaces/share/robokpy_interfaces/local_setup.bash\n'}
[9.851824] (robokpy_interfaces) StdoutLine: {'line': b'-- Up-to-date: /home/meta/Documents/robotics_workspace_new/install/robokpy_interfaces/share/robokpy_interfaces/local_setup.sh\n'}
[9.852104] (robokpy_interfaces) StdoutLine: {'line': b'-- Up-to-date: /home/meta/Documents/robotics_workspace_new/install/robokpy_interfaces/share/robokpy_interfaces/local_setup.zsh\n'}
[9.852385] (robokpy_interfaces) StdoutLine: {'line': b'-- Up-to-date: /home/meta/Documents/robotics_workspace_new/install/robokpy_interfaces/share/robokpy_interfaces/local_setup.dsv\n'}
[9.852697] (robokpy_interfaces) StdoutLine: {'line': b'-- Installing: /home/meta/Documents/robotics_workspace_new/install/robokpy_interfaces/share/robokpy_interfaces/package.dsv\n'}
[9.852968] (robokpy_interfaces) StdoutLine: {'line': b'-- Up-to-date: /home/meta/Documents/robotics_workspace_new/install/robokpy_interfaces/share/ament_index/resource_index/packages/robokpy_interfaces\n'}
[9.862309] (robokpy) StdoutLine: {'line': b'writing ../../build/robokpy/robokpy.egg-info/PKG-INFO\n'}
[9.862917] (robokpy) StdoutLine: {'line': b'writing dependency_links to ../../build/robokpy/robokpy.egg-info/dependency_links.txt\n'}
[9.863571] (robokpy) StdoutLine: {'line': b'writing requirements to ../../build/robokpy/robokpy.egg-info/requires.txt\n'}
[9.864044] (robokpy) StdoutLine: {'line': b'writing top-level names to ../../build/robokpy/robokpy.egg-info/top_level.txt\n'}
[9.866836] (robokpy_interfaces) StdoutLine: {'line': b'-- Up-to-date: /home/meta/Documents/robotics_workspace_new/install/robokpy_interfaces/share/robokpy_interfaces/cmake/export_robokpy_interfaces__rosidl_generator_cExport.cmake\n'}
[9.867768] (robokpy_interfaces) StdoutLine: {'line': b'-- Up-to-date: /home/meta/Documents/robotics_workspace_new/install/robokpy_interfaces/share/robokpy_interfaces/cmake/export_robokpy_interfaces__rosidl_generator_cExport-noconfig.cmake\n'}
[9.869246] (robokpy_interfaces) StdoutLine: {'line': b'-- Up-to-date: /home/meta/Documents/robotics_workspace_new/install/robokpy_interfaces/share/robokpy_interfaces/cmake/export_robokpy_interfaces__rosidl_typesupport_fastrtps_cExport.cmake\n'}
[9.870187] (robokpy_interfaces) StdoutLine: {'line': b'-- Up-to-date: /home/meta/Documents/robotics_workspace_new/install/robokpy_interfaces/share/robokpy_interfaces/cmake/export_robokpy_interfaces__rosidl_typesupport_fastrtps_cExport-noconfig.cmake\n'}
[9.889048] (robokpy_interfaces) StdoutLine: {'line': b'-- Up-to-date: /home/meta/Documents/robotics_workspace_new/install/robokpy_interfaces/share/robokpy_interfaces/cmake/robokpy_interfaces__rosidl_typesupport_introspection_cExport.cmake\n'}
[9.889635] (robokpy_interfaces) StdoutLine: {'line': b'-- Up-to-date: /home/meta/Documents/robotics_workspace_new/install/robokpy_interfaces/share/robokpy_interfaces/cmake/robokpy_interfaces__rosidl_typesupport_introspection_cExport-noconfig.cmake\n'}
[9.890159] (robokpy_interfaces) StdoutLine: {'line': b'-- Up-to-date: /home/meta/Documents/robotics_workspace_new/install/robokpy_interfaces/share/robokpy_interfaces/cmake/robokpy_interfaces__rosidl_typesupport_cExport.cmake\n'}
[9.890555] (robokpy_interfaces) StdoutLine: {'line': b'-- Up-to-date: /home/meta/Documents/robotics_workspace_new/install/robokpy_interfaces/share/robokpy_interfaces/cmake/robokpy_interfaces__rosidl_typesupport_cExport-noconfig.cmake\n'}
[9.891087] (robokpy_interfaces) StdoutLine: {'line': b'-- Up-to-date: /home/meta/Documents/robotics_workspace_new/install/robokpy_interfaces/share/robokpy_interfaces/cmake/export_robokpy_interfaces__rosidl_generator_cppExport.cmake\n'}
[9.891749] (robokpy_interfaces) StdoutLine: {'line': b'-- Up-to-date: /home/meta/Documents/robotics_workspace_new/install/robokpy_interfaces/share/robokpy_interfaces/cmake/export_robokpy_interfaces__rosidl_typesupport_fastrtps_cppExport.cmake\n'}
[9.892126] (robokpy_interfaces) StdoutLine: {'line': b'-- Up-to-date: /home/meta/Documents/robotics_workspace_new/install/robokpy_interfaces/share/robokpy_interfaces/cmake/export_robokpy_interfaces__rosidl_typesupport_fastrtps_cppExport-noconfig.cmake\n'}
[9.892654] (robokpy_interfaces) StdoutLine: {'line': b'-- Up-to-date: /home/meta/Documents/robotics_workspace_new/install/robokpy_interfaces/share/robokpy_interfaces/cmake/robokpy_interfaces__rosidl_typesupport_introspection_cppExport.cmake\n'}
[9.893025] (robokpy_interfaces) StdoutLine: {'line': b'-- Up-to-date: /home/meta/Documents/robotics_workspace_new/install/robokpy_interfaces/share/robokpy_interfaces/cmake/robokpy_interfaces__rosidl_typesupport_introspection_cppExport-noconfig.cmake\n'}
[9.898742] (-) TimerEvent: {}
[9.913539] (robokpy_interfaces) StdoutLine: {'line': b'-- Up-to-date: /home/meta/Documents/robotics_workspace_new/install/robokpy_interfaces/share/robokpy_interfaces/cmake/robokpy_interfaces__rosidl_typesupport_cppExport.cmake\n'}
[9.914046] (robokpy_interfaces) StdoutLine: {'line': b'-- Up-to-date: /home/meta/Documents/robotics_workspace_new/install/robokpy_interfaces/share/robokpy_interfaces/cmake/robokpy_interfaces__rosidl_typesupport_cppExport-noconfig.cmake\n'}
[9.914470] (robokpy_interfaces) StdoutLine: {'line': b'-- Up-to-date: /home/meta/Documents/robotics_workspace_new/install/robokpy_interfaces/share/robokpy_interfaces/cmake/export_robokpy_interfaces__rosidl_generator_pyExport.cmake\n'}
[9.914902] (robokpy_interfaces) StdoutLine: {'line': b'-- Up-to-date: /home/meta/Documents/robotics_workspace_new/install/robokpy_interfaces/share/robokpy_interfaces/cmake/export_robokpy_interfaces__rosidl_generator_pyExport-noconfig.cmake\n'}
[9.915239] (robokpy_interfaces) StdoutLine: {'line': b'-- Up-to-date: /home/meta/Documents/robotics_workspace_new/install/robokpy_interfaces/share/robokpy_interfaces/cmake/rosidl_cmake-extras.cmake\n'}
[9.915700] (robokpy_interfaces) StdoutLine: {'line': b'-- Up-to-date: /home/meta/Documents/robotics_workspace_new/install/robokpy_interfaces/share/robokpy_interfaces/cmake/ament_cmake_export_dependencies-extras.cmake\n'}
[9.916091] (robokpy_interfaces) StdoutLine: {'line': b'-- Up-to-date: /home/meta/Documents/robotics_workspace_new/install/robokpy_interfaces/share/robokpy_interfaces/cmake/ament_cmake_export_include_directories-extras.cmake\n'}
[9.916441] (robokpy_interfaces) StdoutLine: {'line': b'-- Up-to-date: /home/meta/Documents/robotics_workspace_new/install/robokpy_interfaces/share/robokpy_interfaces/cmake/ament_cmake_export_libraries-extras.cmake\n'}
[9.917573] (robokpy_interfaces) StdoutLine: {'line': b'-- Up-to-date: /home/meta/Documents/robotics_workspace_new/install/robokpy_interfaces/share/robokpy_interfaces/cmake/ament_cmake_export_targets-extras.cmake\n'}
[9.918293] (robokpy_interfaces) StdoutLine: {'line': b'-- Up-to-date: /home/meta/Documents/robotics_workspace_new/install/robokpy_interfaces/share/robokpy_interfaces/cmake/rosidl_cmake_export_typesupport_targets-extras.cmake\n'}
[9.918656] (robokpy_interfaces) StdoutLine: {'line': b'-- Up-to-date: /home/meta/Documents/robotics_workspace_new/install/robokpy_interfaces/share/robokpy_interfaces/cmake/rosidl_cmake_export_typesupport_libraries-extras.cmake\n'}
[9.918973] (robokpy_interfaces) StdoutLine: {'line': b'-- Up-to-date: /home/meta/Documents/robotics_workspace_new/install/robokpy_interfaces/share/robokpy_interfaces/cmake/robokpy_interfacesConfig.cmake\n'}
[9.919278] (robokpy_interfaces) StdoutLine: {'line': b'-- Up-to-date: /home/meta/Documents/robotics_workspace_new/install/robokpy_interfaces/share/robokpy_interfaces/cmake/robokpy_interfacesConfig-version.cmake\n'}
[9.919611] (robokpy_interfaces) StdoutLine: {'line': b'-- Up-to-date: /home/meta/Documents/robotics_workspace_new/install/robokpy_interfaces/share/robokpy_interfaces/package.xml\n'}
[9.942897] (robokpy_interfaces) CommandEnded: {'returncode': 0}
[9.998891] (-) TimerEvent: {}
[10.045577] (robokpy) StdoutLine: {'line': b"reading manifest file '../../build/robokpy/robokpy.egg-info/SOURCES.txt'\n"}
[10.047720] (robokpy) StdoutLine: {'line': b"writing manifest file '../../build/robokpy/robokpy.egg-info/SOURCES.txt'\n"}
[10.048078] (robokpy) StdoutLine: {'line': b'running build\n'}
[10.048331] (robokpy) StdoutLine: {'line': b'running build_py\n'}
[10.048865] (robokpy) StdoutLine: {'line': b'running install\n'}
[10.067446] (robokpy) StdoutLine: {'line': b'running install_lib\n'}
[10.099016] (-) TimerEvent: {}
[10.164273] (robokpy) StdoutLine: {'line': b'running install_data\n'}
[10.164855] (robokpy) StdoutLine: {'line': b'running install_egg_info\n'}
[10.199238] (-) TimerEvent: {}
[10.260897] (robokpy) StdoutLine: {'line': b"removing '/home/meta/Documents/robotics_workspace_new/install/robokpy/lib/python3.12/site-packages/robokpy-0.0.0-py3.12.egg-info' (and everything under it)\n"}
[10.262481] (robokpy) StdoutLine: {'line': b'Copying ../../build/robokpy/robokpy.egg-info to /home/meta/Documents/robotics_workspace_new/install/robokpy/lib/python3.12/site-packages/robokpy-0.0.0-py3.12.egg-info\n'}
[10.264528] (robokpy) StdoutLine: {'line': b'running install_scripts\n'}
[10.299341] (-) TimerEvent: {}
[10.400232] (-) TimerEvent: {}
[10.500807] (-) TimerEvent: {}
[10.601313] (-) TimerEvent: {}
[10.701832] (-) TimerEvent: {}
[10.791113] (robokpy) StdoutLine: {'line': b"writing list of installed files to '/home/meta/Documents/robotics_workspace_new/build/robokpy/install.log'\n"}
[10.801963] (-) TimerEvent: {}
[10.858167] (robokpy_interfaces) JobEnded: {'identifier': 'robokpy_interfaces', 'rc': 0}
[10.861779] (robokpy_controller) JobStarted: {'identifier': 'robokpy_controller'}
[10.879158] (robokpy) CommandEnded: {'returncode': 0}
[10.902112] (-) TimerEvent: {}
[10.920404] (robokpy) JobEnded: {'identifier': 'robokpy', 'rc': 0}
[11.002238] (-) TimerEvent: {}
[11.102707] (-) TimerEvent: {}
[11.203133] (-) TimerEvent: {}
[11.303553] (-) TimerEvent: {}
[11.403966] (-) TimerEvent: {}
[11.504410] (-) TimerEvent: {}
[11.604848] (-) TimerEvent: {}
[11.705194] (-) TimerEvent: {}
[11.805538] (-) TimerEvent: {}
[11.905851] (-) TimerEvent: {}
[12.006207] (-) TimerEvent: {}
[12.106561] (-) TimerEvent: {}
[12.206905] (-) TimerEvent: {}
[12.307255] (-) TimerEvent: {}
[12.407604] (-) TimerEvent: {}
[12.510476] (-) TimerEvent: {}
[12.610910] (-) TimerEvent: {}
[12.711392] (-) TimerEvent: {}
[12.811738] (-) TimerEvent: {}
[12.912061] (-) TimerEvent: {}
[13.012437] (-) TimerEvent: {}
[13.112831] (-) TimerEvent: {}
[13.213213] (-) TimerEvent: {}
[13.313613] (-) TimerEvent: {}
[13.414003] (-) TimerEvent: {}
[13.514426] (-) TimerEvent: {}
[13.584605] (robokpy_controller) Command: {'cmd': ['/usr/bin/python3', '-W', 'ignore:setup.py install is deprecated', 'setup.py', 'egg_info', '--egg-base', '../../build/robokpy_controller', 'build', '--build-base', '/home/meta/Documents/robotics_workspace_new/build/robokpy_controller/build', 'install', '--record', '/home/meta/Documents/robotics_workspace_new/build/robokpy_controller/install.log', '--single-version-externally-managed', 'install_data'], 'cwd': '/home/meta/Documents/robotics_workspace_new/src/robokpy_controller', 'env': {'GJS_DEBUG_TOPICS': 'JS ERROR;JS LOG', 'XDG_ACTIVATION_TOKEN': 'gnome-shell/Terminator/2829-2-meta-Inspiron-3542_TIME1730800', 'LESSOPEN': '| /usr/bin/lesspipe %s', 'LANGUAGE': 'en_US', 'USER': 'meta', 'GZ_CONFIG_PATH': '/opt/ros/jazzy/opt/gz_sim_vendor/share/gz:/opt/ros/jazzy/opt/sdformat_vendor/share/gz:/opt/ros/jazzy/opt/gz_gui_vendor/share/gz:/opt/ros/jazzy/opt/gz_transport_vendor/share/gz:/opt/ros/jazzy/opt/gz_rendering_vendor/share/gz:/opt/ros/jazzy/opt/gz_plugin_vendor/share/gz:/opt/ros/jazzy/opt/gz_fuel_tools_vendor/share/gz:/opt/ros/jazzy/opt/gz_msgs_vendor/share/gz:/opt/ros/jazzy/opt/gz_common_vendor/share/gz', 'XDG_SESSION_TYPE': 'x11', 'STM32CubeMX_PATH': '/home/meta/STM32CubeMX', 'SHLVL': '1', 'LD_LIBRARY_PATH': '/home/meta/Documents/robotics_workspace_new/install/robokpy_interfaces/lib:/opt/ros/jazzy/opt/gz_sim_vendor/lib:/opt/ros/jazzy/opt/gz_sensors_vendor/lib:/opt/ros/jazzy/opt/gz_physics_vendor/lib:/opt/ros/jazzy/opt/sdformat_vendor/lib:/opt/ros/jazzy/opt/rviz_ogre_vendor/lib:/opt/ros/jazzy/lib/x86_64-linux-gnu:/opt/ros/jazzy/opt/gz_gui_vendor/lib:/opt/ros/jazzy/opt/gz_transport_vendor/lib:/opt/ros/jazzy/opt/gz_rendering_vendor/lib:/opt/ros/jazzy/opt/gz_plugin_vendor/lib:/opt/ros/jazzy/opt/gz_fuel_tools_vendor/lib:/opt/ros/jazzy/opt/gz_msgs_vendor/lib:/opt/ros/jazzy/opt/gz_common_vendor/lib:/opt/ros/jazzy/opt/gz_math_vendor/lib:/opt/ros/jazzy/opt/gz_utils_vendor/lib:/opt/ros/jazzy/opt/gz_tools_vendor/lib:/opt/ros/jazzy/opt/gz_ogre_next_vendor/lib:/opt/ros/jazzy/opt/gz_dartsim_vendor/lib:/opt/ros/jazzy/opt/gz_cmake_vendor/lib:/opt/ros/jazzy/lib', 'HOME': '/home/meta', 'OLDPWD': '/home/meta/Documents', 'DESKTOP_SESSION': 'ubuntu', 'NVM_BIN': '/home/meta/.nvm/versions/node/v25.2.1/bin', 'NVM_INC': '/home/meta/.nvm/versions/node/v25.2.1/include/node', 'GIO_LAUNCHED_DESKTOP_FILE': '/usr/share/applications/terminator.desktop', 'ROS_PYTHON_VERSION': '3', 'GNOME_SHELL_SESSION_MODE': 'ubuntu', 'GTK_MODULES': 'gail:atk-bridge', 'XDG_SEAT_PATH': '/org/freedesktop/DisplayManager/Seat0', 'MANAGERPID': '2493', 'SYSTEMD_EXEC_PID': '2829', 'GSM_SKIP_SSH_AGENT_WORKAROUND': 'true', 'DBUS_SESSION_BUS_ADDRESS': 'unix:path=/run/user/1000/bus', 'COLORTERM': 'truecolor', 'TERMINATOR_DBUS_NAME': 'net.tenshu.Terminator21a9d5db22c73a993ff0b42f64b396873', 'LIBVIRT_DEFAULT_URI': 'qemu:///system', 'GIO_LAUNCHED_DESKTOP_FILE_PID': '6963', 'NVM_DIR': '/home/meta/.nvm', 'DEBUGINFOD_URLS': 'https://debuginfod.ubuntu.com', 'IM_CONFIG_PHASE': '1', 'COLCON_PREFIX_PATH': '/home/meta/Documents/robotics_workspace_new/install', 'ROS_DISTRO': 'jazzy', 'LOGNAME': 'meta', 'JOURNAL_STREAM': '8:21828', '_': '/bin/colcon', 'ROS_VERSION': '2', 'MEMORY_PRESSURE_WATCH': '/sys/fs/cgroup/user.slice/user-1000.slice/user@1000.service/session.slice/org.gnome.Shell@x11.service/memory.pressure', 'XDG_SESSION_CLASS': 'user', 'TERM': 'xterm-256color', 'GNOME_DESKTOP_SESSION_ID': 'this-is-deprecated', 'PATH': '/opt/ros/jazzy/opt/gz_msgs_vendor/bin:/opt/ros/jazzy/opt/gz_tools_vendor/bin:/opt/ros/jazzy/opt/gz_ogre_next_vendor/bin:/opt/ros/jazzy/bin:/home/meta/.local/bin:/bin:/usr/bin:/usr/local/bin:/usr/local/texlive/2025/texmf-dist/doc/man::/snap/bin', 'SESSION_MANAGER': 'local/meta-Inspiron-3542:@/tmp/.ICE-unix/2792,unix/meta-Inspiron-3542:/tmp/.ICE-unix/2792', 'GDM_LANG': 'en_US', 'INVOCATION_ID': 'd84fa8919b1f4f858b2d11165a2922f4', 'XDG_SESSION_PATH': '/org/freedesktop/DisplayManager/Session0', 'XDG_MENU_PREFIX': 'gnome-', 'VREP_DIR': '/home/meta/meta/Downloads/VREP', 'XDG_RUNTIME_DIR': '/run/user/1000', 'DISPLAY': ':0', 'TERMINATOR_DBUS_PATH': '/net/tenshu/Terminator2', 'LANG': 'en_US.UTF-8', 'XDG_CURRENT_DESKTOP': 'ubuntu:GNOME', 'RMW_IMPLEMENTATION': 'rmw_cyclonedds_cpp', 'XMODIFIERS': '@im=ibus', 'XDG_SESSION_DESKTOP': 'ubuntu', 'XAUTHORITY': '/home/meta/.Xauthority', 'LS_COLORS': 'rs=0:di=01;34:ln=01;36:mh=00:pi=40;33:so=01;35:do=01;35:bd=40;33;01:cd=40;33;01:or=40;31;01:mi=00:su=37;41:sg=30;43:ca=00:tw=30;42:ow=34;42:st=37;44:ex=01;32:*.tar=01;31:*.tgz=01;31:*.arc=01;31:*.arj=01;31:*.taz=01;31:*.lha=01;31:*.lz4=01;31:*.lzh=01;31:*.lzma=01;31:*.tlz=01;31:*.txz=01;31:*.tzo=01;31:*.t7z=01;31:*.zip=01;31:*.z=01;31:*.dz=01;31:*.gz=01;31:*.lrz=01;31:*.lz=01;31:*.lzo=01;31:*.xz=01;31:*.zst=01;31:*.tzst=01;31:*.bz2=01;31:*.bz=01;31:*.tbz=01;31:*.tbz2=01;31:*.tz=01;31:*.deb=01;31:*.rpm=01;31:*.jar=01;31:*.war=01;31:*.ear=01;31:*.sar=01;31:*.rar=01;31:*.alz=01;31:*.ace=01;31:*.zoo=01;31:*.cpio=01;31:*.7z=01;31:*.rz=01;31:*.cab=01;31:*.wim=01;31:*.swm=01;31:*.dwm=01;31:*.esd=01;31:*.avif=01;35:*.jpg=01;35:*.jpeg=01;35:*.mjpg=01;35:*.mjpeg=01;35:*.gif=01;35:*.bmp=01;35:*.pbm=01;35:*.pgm=01;35:*.ppm=01;35:*.tga=01;35:*.xbm=01;35:*.xpm=01;35:*.tif=01;35:*.tiff=01;35:*.png=01;35:*.svg=01;35:*.svgz=01;35:*.mng=01;35:*.pcx=01;35:*.mov=01;35:*.mpg=01;35:*.mpeg=01;35:*.m2v=01;35:*.mkv=01;35:*.webm=01;35:*.webp=01;35:*.ogm=01;35:*.mp4=01;35:*.m4v=01;35:*.mp4v=01;35:*.vob=01;35:*.qt=01;35:*.nuv=01;35:*.wmv=01;35:*.asf=01;35:*.rm=01;35:*.rmvb=01;35:*.flc=01;35:*.avi=01;35:*.fli=01;35:*.flv=01;35:*.gl=01;35:*.dl=01;35:*.xcf=01;35:*.xwd=01;35:*.yuv=01;35:*.cgm=01;35:*.emf=01;35:*.ogv=01;35:*.ogx=01;35:*.aac=00;36:*.au=00;36:*.flac=00;36:*.m4a=00;36:*.mid=00;36:*.midi=00;36:*.mka=00;36:*.mp3=00;36:*.mpc=00;36:*.ogg=00;36:*.ra=00;36:*.wav=00;36:*.oga=00;36:*.opus=00;36:*.spx=00;36:*.xspf=00;36:*~=00;90:*#=00;90:*.bak=00;90:*.crdownload=00;90:*.dpkg-dist=00;90:*.dpkg-new=00;90:*.dpkg-old=00;90:*.dpkg-tmp=00;90:*.old=00;90:*.orig=00;90:*.part=00;90:*.rej=00;90:*.rpmnew=00;90:*.rpmorig=00;90:*.rpmsave=00;90:*.swp=00;90:*.tmp=00;90:*.ucf-dist=00;90:*.ucf-new=00;90:*.ucf-old=00;90:', 'SSH_AUTH_SOCK': '/run/user/1000/keyring/ssh', 'XDG_GREETER_DATA_DIR': '/var/lib/lightdm-data/meta', 'AMENT_PREFIX_PATH': '/home/meta/Documents/robotics_workspace_new/install/robokpy_controller:/home/meta/Documents/robotics_workspace_new/install/robokpy_interfaces:/home/meta/Documents/robotics_workspace_new/install/robokpy:/opt/ros/jazzy', 'SHELL': '/bin/bash', 'TERMINATOR_UUID': 'urn:uuid:b9c32161-6bc9-48b5-a8bb-1bae468ea677', 'QT_ACCESSIBILITY': '1', 'GDMSESSION': 'ubuntu', 'LESSCLOSE': '/usr/bin/lesspipe %s %s', 'GPG_AGENT_INFO': '/run/user/1000/gnupg/S.gpg-agent:0:1', 'GJS_DEBUG_OUTPUT': 'stderr', 'ROS_AUTOMATIC_DISCOVERY_RANGE': 'SUBNET', 'QT_IM_MODULE': 'ibus', 'PWD': '/home/meta/Documents/robotics_workspace_new/build/robokpy_controller', 'QT_QPA_PLATFORM': 'xcb', 'LC_ALL': 'en_US.UTF-8', 'XDG_CONFIG_DIRS': '/etc/xdg/xdg-ubuntu:/etc/xdg', 'NVM_CD_FLAGS': '', 'XDG_DATA_DIRS': '/usr/share/ubuntu:/usr/share/gnome:/usr/local/share:/usr/share:/var/lib/snapd/desktop', 'QTWEBENGINE_DICTIONARIES_PATH': '/usr/share/hunspell-bdic/', 'PYTHONPATH': '/home/meta/Documents/robotics_workspace_new/build/robokpy_controller/prefix_override:/usr/lib/python3/dist-packages/colcon_core/task/python/colcon_distutils_commands:/home/meta/Documents/robotics_workspace_new/install/robokpy_controller/lib/python3.12/site-packages:/home/meta/Documents/robotics_workspace_new/install/robokpy_interfaces/lib/python3.12/site-packages:/home/meta/Documents/robotics_workspace_new/install/robokpy_controller/lib/python3.12/site-packages:/home/meta/Documents/robotics_workspace_new/install/robokpy/lib/python3.12/site-packages:/opt/ros/jazzy/lib/python3.12/site-packages', 'COLCON': '1', 'MEMORY_PRESSURE_WRITE': 'c29tZSAyMDAwMDAgMjAwMDAwMAA=', 'VTE_VERSION': '7600', 'CMAKE_PREFIX_PATH': '/home/meta/Documents/robotics_workspace_new/install/robokpy_interfaces:/opt/ros/jazzy/opt/gz_sim_vendor:/opt/ros/jazzy/opt/gz_sensors_vendor:/opt/ros/jazzy/opt/gz_physics_vendor:/opt/ros/jazzy/opt/sdformat_vendor:/opt/ros/jazzy/opt/gz_gui_vendor:/opt/ros/jazzy/opt/gz_transport_vendor:/opt/ros/jazzy/opt/gz_rendering_vendor:/opt/ros/jazzy/opt/gz_plugin_vendor:/opt/ros/jazzy/opt/gz_fuel_tools_vendor:/opt/ros/jazzy/opt/gz_msgs_vendor:/opt/ros/jazzy/opt/gz_common_vendor:/opt/ros/jazzy/opt/gz_math_vendor:/opt/ros/jazzy/opt/gz_utils_vendor:/opt/ros/jazzy/opt/gz_tools_vendor:/opt/ros/jazzy/opt/gz_ogre_next_vendor:/opt/ros/jazzy/opt/gz_dartsim_vendor:/opt/ros/jazzy/opt/gz_cmake_vendor'}, 'shell': False}
[13.614480] (-) TimerEvent: {}
[13.714805] (-) TimerEvent: {}
[13.815200] (-) TimerEvent: {}
[13.915538] (-) TimerEvent: {}
[14.015923] (-) TimerEvent: {}
[14.117005] (-) TimerEvent: {}
[14.217465] (-) TimerEvent: {}
[14.317917] (-) TimerEvent: {}
[14.418379] (-) TimerEvent: {}
[14.473733] (robokpy_controller) StdoutLine: {'line': b'running egg_info\n'}
[14.518492] (-) TimerEvent: {}
[14.554073] (robokpy_controller) StdoutLine: {'line': b'writing ../../build/robokpy_controller/robokpy_controller.egg-info/PKG-INFO\n'}
[14.555456] (robokpy_controller) StdoutLine: {'line': b'writing dependency_links to ../../build/robokpy_controller/robokpy_controller.egg-info/dependency_links.txt\n'}
[14.556308] (robokpy_controller) StdoutLine: {'line': b'writing entry points to ../../build/robokpy_controller/robokpy_controller.egg-info/entry_points.txt\n'}
[14.556696] (robokpy_controller) StdoutLine: {'line': b'writing requirements to ../../build/robokpy_controller/robokpy_controller.egg-info/requires.txt\n'}
[14.556993] (robokpy_controller) StdoutLine: {'line': b'writing top-level names to ../../build/robokpy_controller/robokpy_controller.egg-info/top_level.txt\n'}
[14.618590] (-) TimerEvent: {}
[14.715588] (robokpy_controller) StdoutLine: {'line': b"reading manifest file '../../build/robokpy_controller/robokpy_controller.egg-info/SOURCES.txt'\n"}
[14.718674] (-) TimerEvent: {}
[14.772287] (robokpy_controller) StdoutLine: {'line': b"writing manifest file '../../build/robokpy_controller/robokpy_controller.egg-info/SOURCES.txt'\n"}
[14.772817] (robokpy_controller) StdoutLine: {'line': b'running build\n'}
[14.773080] (robokpy_controller) StdoutLine: {'line': b'running build_py\n'}
[14.773415] (robokpy_controller) StdoutLine: {'line': b'copying robokpy_controller/orchestrator.py -> /home/meta/Documents/robotics_workspace_new/build/robokpy_controller/build/lib/robokpy_controller\n'}
[14.774498] (robokpy_controller) StdoutLine: {'line': b'running install\n'}
[14.787377] (robokpy_controller) StdoutLine: {'line': b'running install_lib\n'}
[14.818810] (-) TimerEvent: {}
[14.871218] (robokpy_controller) StdoutLine: {'line': b'copying /home/meta/Documents/robotics_workspace_new/build/robokpy_controller/build/lib/robokpy_controller/orchestrator.py -> /home/meta/Documents/robotics_workspace_new/install/robokpy_controller/lib/python3.12/site-packages/robokpy_controller\n'}
[14.873237] (robokpy_controller) StdoutLine: {'line': b'byte-compiling /home/meta/Documents/robotics_workspace_new/install/robokpy_controller/lib/python3.12/site-packages/robokpy_controller/orchestrator.py to orchestrator.cpython-312.pyc\n'}
[14.879978] (robokpy_controller) StdoutLine: {'line': b'running install_data\n'}
[14.881925] (robokpy_controller) StdoutLine: {'line': b'running install_egg_info\n'}
[14.918930] (-) TimerEvent: {}
[14.966721] (robokpy_controller) StdoutLine: {'line': b"removing '/home/meta/Documents/robotics_workspace_new/install/robokpy_controller/lib/python3.12/site-packages/robokpy_controller-0.0.0-py3.12.egg-info' (and everything under it)\n"}
[14.968475] (robokpy_controller) StdoutLine: {'line': b'Copying ../../build/robokpy_controller/robokpy_controller.egg-info to /home/meta/Documents/robotics_workspace_new/install/robokpy_controller/lib/python3.12/site-packages/robokpy_controller-0.0.0-py3.12.egg-info\n'}
[14.969990] (robokpy_controller) StdoutLine: {'line': b'running install_scripts\n'}
[15.019053] (-) TimerEvent: {}
[15.119467] (-) TimerEvent: {}
[15.219860] (-) TimerEvent: {}
[15.320253] (-) TimerEvent: {}
[15.420655] (-) TimerEvent: {}
[15.449574] (robokpy_controller) StdoutLine: {'line': b'Installing kinematic_solver script to /home/meta/Documents/robotics_workspace_new/install/robokpy_controller/lib/robokpy_controller\n'}
[15.450652] (robokpy_controller) StdoutLine: {'line': b'Installing kinematics_server script to /home/meta/Documents/robotics_workspace_new/install/robokpy_controller/lib/robokpy_controller\n'}
[15.451040] (robokpy_controller) StdoutLine: {'line': b'Installing motion_planner script to /home/meta/Documents/robotics_workspace_new/install/robokpy_controller/lib/robokpy_controller\n'}
[15.451597] (robokpy_controller) StdoutLine: {'line': b'Installing orchestrator script to /home/meta/Documents/robotics_workspace_new/install/robokpy_controller/lib/robokpy_controller\n'}
[15.452007] (robokpy_controller) StdoutLine: {'line': b'Installing pose_target_interface script to /home/meta/Documents/robotics_workspace_new/install/robokpy_controller/lib/robokpy_controller\n'}
[15.452945] (robokpy_controller) StdoutLine: {'line': b'Installing robot_command_server script to /home/meta/Documents/robotics_workspace_new/install/robokpy_controller/lib/robokpy_controller\n'}
[15.453277] (robokpy_controller) StdoutLine: {'line': b'Installing robot_description_viewer script to /home/meta/Documents/robotics_workspace_new/install/robokpy_controller/lib/robokpy_controller\n'}
[15.453661] (robokpy_controller) StdoutLine: {'line': b'Installing robot_state_interface_virtual script to /home/meta/Documents/robotics_workspace_new/install/robokpy_controller/lib/robokpy_controller\n'}
[15.453983] (robokpy_controller) StdoutLine: {'line': b'Installing robot_state_manager script to /home/meta/Documents/robotics_workspace_new/install/robokpy_controller/lib/robokpy_controller\n'}
[15.454256] (robokpy_controller) StdoutLine: {'line': b'Installing safety_bridge script to /home/meta/Documents/robotics_workspace_new/install/robokpy_controller/lib/robokpy_controller\n'}
[15.454632] (robokpy_controller) StdoutLine: {'line': b'Installing tool_action_server script to /home/meta/Documents/robotics_workspace_new/install/robokpy_controller/lib/robokpy_controller\n'}
[15.454884] (robokpy_controller) StdoutLine: {'line': b'Installing trajectory_plotter script to /home/meta/Documents/robotics_workspace_new/install/robokpy_controller/lib/robokpy_controller\n'}
[15.455115] (robokpy_controller) StdoutLine: {'line': b'Installing virtual_jog_relay script to /home/meta/Documents/robotics_workspace_new/install/robokpy_controller/lib/robokpy_controller\n'}
[15.455471] (robokpy_controller) StdoutLine: {'line': b"writing list of installed files to '/home/meta/Documents/robotics_workspace_new/build/robokpy_controller/install.log'\n"}
[15.519646] (robokpy_controller) CommandEnded: {'returncode': 0}
[15.520925] (-) TimerEvent: {}
[15.533217] (robokpy_controller) JobEnded: {'identifier': 'robokpy_controller', 'rc': 0}
[15.535284] (-) EventReactorShutdown: {}
