[0.000000] (-) TimerEvent: {}
[0.001241] (robokpy) JobQueued: {'identifier': 'robokpy', 'dependencies': OrderedDict()}
[0.001374] (robokpy_interfaces) JobQueued: {'identifier': 'robokpy_interfaces', 'dependencies': OrderedDict()}
[0.001439] (robokpy_controller) JobQueued: {'identifier': 'robokpy_controller', 'dependencies': OrderedDict({'robokpy_interfaces': '/home/meta/Documents/robotics_workspace_new/install/robokpy_interfaces'})}
[0.001505] (robokpy_interfaces) JobStarted: {'identifier': 'robokpy_interfaces'}
[0.072157] (robokpy) JobStarted: {'identifier': 'robokpy'}
[0.098356] (robokpy_interfaces) JobProgress: {'identifier': 'robokpy_interfaces', 'progress': 'cmake'}
[0.099459] (robokpy_interfaces) JobProgress: {'identifier': 'robokpy_interfaces', 'progress': 'build'}
[0.099532] (-) TimerEvent: {}
[0.101345] (robokpy_interfaces) Command: {'cmd': ['/bin/cmake', '--build', '/home/meta/Documents/robotics_workspace_new/build/robokpy_interfaces', '--', '-j4', '-l4'], 'cwd': '/home/meta/Documents/robotics_workspace_new/build/robokpy_interfaces', 'env': OrderedDict({'GJS_DEBUG_TOPICS': 'JS ERROR;JS LOG', 'XDG_ACTIVATION_TOKEN': 'gnome-shell/Terminator/2778-0-meta-Inspiron-3542_TIME261192', 'LESSOPEN': '| /usr/bin/lesspipe %s', 'LANGUAGE': 'en_US', 'USER': 'meta', 'GZ_CONFIG_PATH': '/opt/ros/jazzy/opt/gz_sim_vendor/share/gz:/opt/ros/jazzy/opt/sdformat_vendor/share/gz:/opt/ros/jazzy/opt/gz_gui_vendor/share/gz:/opt/ros/jazzy/opt/gz_transport_vendor/share/gz:/opt/ros/jazzy/opt/gz_rendering_vendor/share/gz:/opt/ros/jazzy/opt/gz_plugin_vendor/share/gz:/opt/ros/jazzy/opt/gz_fuel_tools_vendor/share/gz:/opt/ros/jazzy/opt/gz_msgs_vendor/share/gz:/opt/ros/jazzy/opt/gz_common_vendor/share/gz', 'XDG_SESSION_TYPE': 'x11', 'STM32CubeMX_PATH': '/home/meta/STM32CubeMX', 'SHLVL': '1', 'LD_LIBRARY_PATH': '/home/meta/Documents/robotics_workspace_new/install/robokpy_interfaces/lib:/opt/ros/jazzy/opt/gz_sim_vendor/lib:/opt/ros/jazzy/opt/gz_sensors_vendor/lib:/opt/ros/jazzy/opt/gz_physics_vendor/lib:/opt/ros/jazzy/opt/sdformat_vendor/lib:/opt/ros/jazzy/opt/rviz_ogre_vendor/lib:/opt/ros/jazzy/lib/x86_64-linux-gnu:/opt/ros/jazzy/opt/gz_gui_vendor/lib:/opt/ros/jazzy/opt/gz_transport_vendor/lib:/opt/ros/jazzy/opt/gz_rendering_vendor/lib:/opt/ros/jazzy/opt/gz_plugin_vendor/lib:/opt/ros/jazzy/opt/gz_fuel_tools_vendor/lib:/opt/ros/jazzy/opt/gz_msgs_vendor/lib:/opt/ros/jazzy/opt/gz_common_vendor/lib:/opt/ros/jazzy/opt/gz_math_vendor/lib:/opt/ros/jazzy/opt/gz_utils_vendor/lib:/opt/ros/jazzy/opt/gz_tools_vendor/lib:/opt/ros/jazzy/opt/gz_ogre_next_vendor/lib:/opt/ros/jazzy/opt/gz_dartsim_vendor/lib:/opt/ros/jazzy/opt/gz_cmake_vendor/lib:/opt/ros/jazzy/lib', 'HOME': '/home/meta', 'OLDPWD': '/home/meta/Documents', 'DESKTOP_SESSION': 'ubuntu', 'NVM_BIN': '/home/meta/.nvm/versions/node/v25.2.1/bin', 'NVM_INC': '/home/meta/.nvm/versions/node/v25.2.1/include/node', 'GIO_LAUNCHED_DESKTOP_FILE': '/usr/share/applications/terminator.desktop', 'ROS_PYTHON_VERSION': '3', 'GNOME_SHELL_SESSION_MODE': 'ubuntu', 'GTK_MODULES': 'gail:atk-bridge', 'XDG_SEAT_PATH': '/org/freedesktop/DisplayManager/Seat0', 'MANAGERPID': '2449', 'SYSTEMD_EXEC_PID': '2778', 'GSM_SKIP_SSH_AGENT_WORKAROUND': 'true', 'DBUS_SESSION_BUS_ADDRESS': 'unix:path=/run/user/1000/bus', 'COLORTERM': 'truecolor', 'TERMINATOR_DBUS_NAME': 'net.tenshu.Terminator21a9d5db22c73a993ff0b42f64b396873', 'LIBVIRT_DEFAULT_URI': 'qemu:///system', 'GIO_LAUNCHED_DESKTOP_FILE_PID': '3796', 'NVM_DIR': '/home/meta/.nvm', 'DEBUGINFOD_URLS': 'https://debuginfod.ubuntu.com', 'IM_CONFIG_PHASE': '1', 'COLCON_PREFIX_PATH': '/home/meta/Documents/robotics_workspace_new/install', 'ROS_DISTRO': 'jazzy', 'LOGNAME': 'meta', 'JOURNAL_STREAM': '8:21875', '_': '/bin/colcon', 'ROS_VERSION': '2', 'MEMORY_PRESSURE_WATCH': '/sys/fs/cgroup/user.slice/user-1000.slice/user@1000.service/session.slice/org.gnome.Shell@x11.service/memory.pressure', 'XDG_SESSION_CLASS': 'user', 'TERM': 'xterm-256color', 'GNOME_DESKTOP_SESSION_ID': 'this-is-deprecated', 'PATH': '/opt/ros/jazzy/opt/gz_msgs_vendor/bin:/opt/ros/jazzy/opt/gz_tools_vendor/bin:/opt/ros/jazzy/opt/gz_ogre_next_vendor/bin:/opt/ros/jazzy/bin:/home/meta/.local/bin:/bin:/usr/bin:/usr/local/bin:/usr/local/texlive/2025/texmf-dist/doc/man::/snap/bin', 'SESSION_MANAGER': 'local/meta-Inspiron-3542:@/tmp/.ICE-unix/2747,unix/meta-Inspiron-3542:/tmp/.ICE-unix/2747', 'GDM_LANG': 'en_US', 'INVOCATION_ID': 'dae5a5f36e5a461caa1c3cd733ba5d67', 'XDG_SESSION_PATH': '/org/freedesktop/DisplayManager/Session0', 'XDG_MENU_PREFIX': 'gnome-', 'VREP_DIR': '/home/meta/meta/Downloads/VREP', 'XDG_RUNTIME_DIR': '/run/user/1000', 'DISPLAY': ':0', 'TERMINATOR_DBUS_PATH': '/net/tenshu/Terminator2', 'LANG': 'en_US.UTF-8', 'XDG_CURRENT_DESKTOP': 'ubuntu:GNOME', 'RMW_IMPLEMENTATION': 'rmw_cyclonedds_cpp', 'XMODIFIERS': '@im=ibus', 'XDG_SESSION_DESKTOP': 'ubuntu', 'XAUTHORITY': '/home/meta/.Xauthority', 'LS_COLORS': 'rs=0:di=01;34:ln=01;36:mh=00:pi=40;33:so=01;35:do=01;35:bd=40;33;01:cd=40;33;01:or=40;31;01:mi=00:su=37;41:sg=30;43:ca=00:tw=30;42:ow=34;42:st=37;44:ex=01;32:*.tar=01;31:*.tgz=01;31:*.arc=01;31:*.arj=01;31:*.taz=01;31:*.lha=01;31:*.lz4=01;31:*.lzh=01;31:*.lzma=01;31:*.tlz=01;31:*.txz=01;31:*.tzo=01;31:*.t7z=01;31:*.zip=01;31:*.z=01;31:*.dz=01;31:*.gz=01;31:*.lrz=01;31:*.lz=01;31:*.lzo=01;31:*.xz=01;31:*.zst=01;31:*.tzst=01;31:*.bz2=01;31:*.bz=01;31:*.tbz=01;31:*.tbz2=01;31:*.tz=01;31:*.deb=01;31:*.rpm=01;31:*.jar=01;31:*.war=01;31:*.ear=01;31:*.sar=01;31:*.rar=01;31:*.alz=01;31:*.ace=01;31:*.zoo=01;31:*.cpio=01;31:*.7z=01;31:*.rz=01;31:*.cab=01;31:*.wim=01;31:*.swm=01;31:*.dwm=01;31:*.esd=01;31:*.avif=01;35:*.jpg=01;35:*.jpeg=01;35:*.mjpg=01;35:*.mjpeg=01;35:*.gif=01;35:*.bmp=01;35:*.pbm=01;35:*.pgm=01;35:*.ppm=01;35:*.tga=01;35:*.xbm=01;35:*.xpm=01;35:*.tif=01;35:*.tiff=01;35:*.png=01;35:*.svg=01;35:*.svgz=01;35:*.mng=01;35:*.pcx=01;35:*.mov=01;35:*.mpg=01;35:*.mpeg=01;35:*.m2v=01;35:*.mkv=01;35:*.webm=01;35:*.webp=01;35:*.ogm=01;35:*.mp4=01;35:*.m4v=01;35:*.mp4v=01;35:*.vob=01;35:*.qt=01;35:*.nuv=01;35:*.wmv=01;35:*.asf=01;35:*.rm=01;35:*.rmvb=01;35:*.flc=01;35:*.avi=01;35:*.fli=01;35:*.flv=01;35:*.gl=01;35:*.dl=01;35:*.xcf=01;35:*.xwd=01;35:*.yuv=01;35:*.cgm=01;35:*.emf=01;35:*.ogv=01;35:*.ogx=01;35:*.aac=00;36:*.au=00;36:*.flac=00;36:*.m4a=00;36:*.mid=00;36:*.midi=00;36:*.mka=00;36:*.mp3=00;36:*.mpc=00;36:*.ogg=00;36:*.ra=00;36:*.wav=00;36:*.oga=00;36:*.opus=00;36:*.spx=00;36:*.xspf=00;36:*~=00;90:*#=00;90:*.bak=00;90:*.crdownload=00;90:*.dpkg-dist=00;90:*.dpkg-new=00;90:*.dpkg-old=00;90:*.dpkg-tmp=00;90:*.old=00;90:*.orig=00;90:*.part=00;90:*.rej=00;90:*.rpmnew=00;90:*.rpmorig=00;90:*.rpmsave=00;90:*.swp=00;90:*.tmp=00;90:*.ucf-dist=00;90:*.ucf-new=00;90:*.ucf-old=00;90:', 'SSH_AUTH_SOCK': '/run/user/1000/keyring/ssh', 'XDG_GREETER_DATA_DIR': '/var/lib/lightdm-data/meta', 'AMENT_PREFIX_PATH': '/home/meta/Documents/robotics_workspace_new/install/robokpy_controller:/home/meta/Documents/robotics_workspace_new/install/robokpy_interfaces:/home/meta/Documents/robotics_workspace_new/install/robokpy:/opt/ros/jazzy', 'SHELL': '/bin/bash', 'TERMINATOR_UUID': 'urn:uuid:84026139-a2bf-4c72-a3d0-8674c443507c', 'QT_ACCESSIBILITY': '1', 'GDMSESSION': 'ubuntu', 'LESSCLOSE': '/usr/bin/lesspipe %s %s', 'GPG_AGENT_INFO': '/run/user/1000/gnupg/S.gpg-agent:0:1', 'GJS_DEBUG_OUTPUT': 'stderr', 'ROS_AUTOMATIC_DISCOVERY_RANGE': 'SUBNET', 'QT_IM_MODULE': 'ibus', 'PWD': '/home/meta/Documents/robotics_workspace_new/build/robokpy_interfaces', 'QT_QPA_PLATFORM': 'xcb', 'LC_ALL': 'en_US.UTF-8', 'XDG_CONFIG_DIRS': '/etc/xdg/xdg-ubuntu:/etc/xdg', 'NVM_CD_FLAGS': '', 'XDG_DATA_DIRS': '/usr/share/ubuntu:/usr/share/gnome:/usr/local/share:/usr/share:/var/lib/snapd/desktop', 'QTWEBENGINE_DICTIONARIES_PATH': '/usr/share/hunspell-bdic/', 'PYTHONPATH': '/home/meta/Documents/robotics_workspace_new/install/robokpy_controller/lib/python3.12/site-packages:/home/meta/Documents/robotics_workspace_new/install/robokpy_interfaces/lib/python3.12/site-packages:/home/meta/Documents/robotics_workspace_new/install/robokpy/lib/python3.12/site-packages:/opt/ros/jazzy/lib/python3.12/site-packages', 'COLCON': '1', 'MEMORY_PRESSURE_WRITE': 'c29tZSAyMDAwMDAgMjAwMDAwMAA=', 'VTE_VERSION': '7600', 'CMAKE_PREFIX_PATH': '/home/meta/Documents/robotics_workspace_new/install/robokpy_interfaces:/opt/ros/jazzy/opt/gz_sim_vendor:/opt/ros/jazzy/opt/gz_sensors_vendor:/opt/ros/jazzy/opt/gz_physics_vendor:/opt/ros/jazzy/opt/sdformat_vendor:/opt/ros/jazzy/opt/gz_gui_vendor:/opt/ros/jazzy/opt/gz_transport_vendor:/opt/ros/jazzy/opt/gz_rendering_vendor:/opt/ros/jazzy/opt/gz_plugin_vendor:/opt/ros/jazzy/opt/gz_fuel_tools_vendor:/opt/ros/jazzy/opt/gz_msgs_vendor:/opt/ros/jazzy/opt/gz_common_vendor:/opt/ros/jazzy/opt/gz_math_vendor:/opt/ros/jazzy/opt/gz_utils_vendor:/opt/ros/jazzy/opt/gz_tools_vendor:/opt/ros/jazzy/opt/gz_ogre_next_vendor:/opt/ros/jazzy/opt/gz_dartsim_vendor:/opt/ros/jazzy/opt/gz_cmake_vendor:/home/meta/Documents/robotics_workspace_new/install/robokpy_controller:/home/meta/Documents/robotics_workspace_new/install/robokpy:/opt/ros/jazzy'}), 'shell': False}
[0.199657] (-) TimerEvent: {}
[0.300041] (-) TimerEvent: {}
[0.400388] (-) TimerEvent: {}
[0.500748] (-) TimerEvent: {}
[0.601397] (-) TimerEvent: {}
[0.701905] (-) TimerEvent: {}
[0.803318] (-) TimerEvent: {}
[0.905244] (-) TimerEvent: {}
[0.944414] (robokpy_interfaces) StdoutLine: {'line': b'[  1%] Built target robokpy_interfaces__rosidl_generator_type_description\n'}
[1.005359] (-) TimerEvent: {}
[1.108284] (-) TimerEvent: {}
[1.208883] (-) TimerEvent: {}
[1.309361] (-) TimerEvent: {}
[1.365080] (robokpy_interfaces) StdoutLine: {'line': b'[  1%] Built target ament_cmake_python_copy_robokpy_interfaces\n'}
[1.409473] (-) TimerEvent: {}
[1.510092] (-) TimerEvent: {}
[1.610868] (-) TimerEvent: {}
[1.680685] (robokpy_interfaces) StdoutLine: {'line': b'[ 29%] Built target robokpy_interfaces__rosidl_generator_c\n'}
[1.710979] (-) TimerEvent: {}
[1.811465] (-) TimerEvent: {}
[1.911896] (-) TimerEvent: {}
[2.012315] (-) TimerEvent: {}
[2.112644] (-) TimerEvent: {}
[2.212987] (-) TimerEvent: {}
[2.313413] (-) TimerEvent: {}
[2.413763] (-) TimerEvent: {}
[2.514152] (-) TimerEvent: {}
[2.533666] (robokpy_interfaces) StdoutLine: {'line': b'running egg_info\n'}
[2.614256] (-) TimerEvent: {}
[2.643436] (robokpy_interfaces) StdoutLine: {'line': b'writing robokpy_interfaces.egg-info/PKG-INFO\n'}
[2.643857] (robokpy_interfaces) StdoutLine: {'line': b'writing dependency_links to robokpy_interfaces.egg-info/dependency_links.txt\n'}
[2.644382] (robokpy_interfaces) StdoutLine: {'line': b'writing top-level names to robokpy_interfaces.egg-info/top_level.txt\n'}
[2.714373] (-) TimerEvent: {}
[2.814799] (-) TimerEvent: {}
[2.915819] (-) TimerEvent: {}
[2.989316] (robokpy_interfaces) StdoutLine: {'line': b"reading manifest file 'robokpy_interfaces.egg-info/SOURCES.txt'\n"}
[2.992407] (robokpy_interfaces) StdoutLine: {'line': b"writing manifest file 'robokpy_interfaces.egg-info/SOURCES.txt'\n"}
[3.015935] (-) TimerEvent: {}
[3.074840] (robokpy_interfaces) StdoutLine: {'line': b'[ 29%] Built target ament_cmake_python_build_robokpy_interfaces_egg\n'}
[3.116059] (-) TimerEvent: {}
[3.216440] (-) TimerEvent: {}
[3.316792] (-) TimerEvent: {}
[3.417256] (-) TimerEvent: {}
[3.517657] (-) TimerEvent: {}
[3.618147] (-) TimerEvent: {}
[3.644431] (robokpy_interfaces) StdoutLine: {'line': b'[ 39%] Built target robokpy_interfaces__rosidl_typesupport_introspection_c\n'}
[3.718271] (-) TimerEvent: {}
[3.818726] (-) TimerEvent: {}
[3.834400] (robokpy_interfaces) StdoutLine: {'line': b'[ 49%] Built target robokpy_interfaces__rosidl_typesupport_c\n'}
[3.918913] (-) TimerEvent: {}
[4.019420] (-) TimerEvent: {}
[4.119927] (-) TimerEvent: {}
[4.220360] (-) TimerEvent: {}
[4.268531] (robokpy_interfaces) StdoutLine: {'line': b'[ 59%] Built target robokpy_interfaces__rosidl_typesupport_fastrtps_c\n'}
[4.320479] (-) TimerEvent: {}
[4.381093] (robokpy_interfaces) StdoutLine: {'line': b'[ 59%] Built target robokpy_interfaces__cpp\n'}
[4.420779] (-) TimerEvent: {}
[4.521247] (-) TimerEvent: {}
[4.621598] (-) TimerEvent: {}
[4.689416] (robokpy_interfaces) StdoutLine: {'line': b'[ 68%] Built target robokpy_interfaces__rosidl_typesupport_cpp\n'}
[4.721739] (-) TimerEvent: {}
[4.822203] (-) TimerEvent: {}
[4.922705] (-) TimerEvent: {}
[4.953628] (robokpy_interfaces) StdoutLine: {'line': b'[ 78%] Built target robokpy_interfaces__rosidl_typesupport_introspection_cpp\n'}
[5.022842] (-) TimerEvent: {}
[5.123615] (-) TimerEvent: {}
[5.147818] (robokpy_interfaces) StdoutLine: {'line': b'[ 88%] Built target robokpy_interfaces__rosidl_typesupport_fastrtps_cpp\n'}
[5.223748] (-) TimerEvent: {}
[5.255326] (robokpy_interfaces) StdoutLine: {'line': b'[ 88%] Built target robokpy_interfaces\n'}
[5.323863] (-) TimerEvent: {}
[5.414515] (robokpy_interfaces) StdoutLine: {'line': b'[ 88%] Built target robokpy_interfaces__py\n'}
[5.423987] (-) TimerEvent: {}
[5.524606] (-) TimerEvent: {}
[5.626795] (-) TimerEvent: {}
[5.646102] (robokpy_interfaces) StdoutLine: {'line': b'[ 97%] Built target robokpy_interfaces__rosidl_generator_py\n'}
[5.726912] (-) TimerEvent: {}
[5.782690] (robokpy_interfaces) StdoutLine: {'line': b'[ 98%] Built target robokpy_interfaces_s__rosidl_typesupport_fastrtps_c\n'}
[5.827012] (-) TimerEvent: {}
[5.927406] (-) TimerEvent: {}
[6.013138] (robokpy_interfaces) StdoutLine: {'line': b'[ 99%] Built target robokpy_interfaces_s__rosidl_typesupport_c\n'}
[6.027540] (-) TimerEvent: {}
[6.123844] (robokpy_interfaces) StdoutLine: {'line': b'[100%] Built target robokpy_interfaces_s__rosidl_typesupport_introspection_c\n'}
[6.127666] (-) TimerEvent: {}
[6.155860] (robokpy_interfaces) CommandEnded: {'returncode': 0}
[6.227906] (-) TimerEvent: {}
[6.328263] (-) TimerEvent: {}
[6.428826] (-) TimerEvent: {}
[6.506456] (robokpy) Command: {'cmd': ['/usr/bin/python3', '-W', 'ignore:setup.py install is deprecated', 'setup.py', 'egg_info', '--egg-base', '../../build/robokpy', 'build', '--build-base', '/home/meta/Documents/robotics_workspace_new/build/robokpy/build', 'install', '--record', '/home/meta/Documents/robotics_workspace_new/build/robokpy/install.log', '--single-version-externally-managed', 'install_data'], 'cwd': '/home/meta/Documents/robotics_workspace_new/src/robokpy', 'env': {'GJS_DEBUG_TOPICS': 'JS ERROR;JS LOG', 'XDG_ACTIVATION_TOKEN': 'gnome-shell/Terminator/2778-0-meta-Inspiron-3542_TIME261192', 'LESSOPEN': '| /usr/bin/lesspipe %s', 'LANGUAGE': 'en_US', 'USER': 'meta', 'GZ_CONFIG_PATH': '/opt/ros/jazzy/opt/gz_sim_vendor/share/gz:/opt/ros/jazzy/opt/sdformat_vendor/share/gz:/opt/ros/jazzy/opt/gz_gui_vendor/share/gz:/opt/ros/jazzy/opt/gz_transport_vendor/share/gz:/opt/ros/jazzy/opt/gz_rendering_vendor/share/gz:/opt/ros/jazzy/opt/gz_plugin_vendor/share/gz:/opt/ros/jazzy/opt/gz_fuel_tools_vendor/share/gz:/opt/ros/jazzy/opt/gz_msgs_vendor/share/gz:/opt/ros/jazzy/opt/gz_common_vendor/share/gz', 'XDG_SESSION_TYPE': 'x11', 'STM32CubeMX_PATH': '/home/meta/STM32CubeMX', 'SHLVL': '1', 'LD_LIBRARY_PATH': '/home/meta/Documents/robotics_workspace_new/install/robokpy_interfaces/lib:/opt/ros/jazzy/opt/gz_sim_vendor/lib:/opt/ros/jazzy/opt/gz_sensors_vendor/lib:/opt/ros/jazzy/opt/gz_physics_vendor/lib:/opt/ros/jazzy/opt/sdformat_vendor/lib:/opt/ros/jazzy/opt/rviz_ogre_vendor/lib:/opt/ros/jazzy/lib/x86_64-linux-gnu:/opt/ros/jazzy/opt/gz_gui_vendor/lib:/opt/ros/jazzy/opt/gz_transport_vendor/lib:/opt/ros/jazzy/opt/gz_rendering_vendor/lib:/opt/ros/jazzy/opt/gz_plugin_vendor/lib:/opt/ros/jazzy/opt/gz_fuel_tools_vendor/lib:/opt/ros/jazzy/opt/gz_msgs_vendor/lib:/opt/ros/jazzy/opt/gz_common_vendor/lib:/opt/ros/jazzy/opt/gz_math_vendor/lib:/opt/ros/jazzy/opt/gz_utils_vendor/lib:/opt/ros/jazzy/opt/gz_tools_vendor/lib:/opt/ros/jazzy/opt/gz_ogre_next_vendor/lib:/opt/ros/jazzy/opt/gz_dartsim_vendor/lib:/opt/ros/jazzy/opt/gz_cmake_vendor/lib:/opt/ros/jazzy/lib', 'HOME': '/home/meta', 'OLDPWD': '/home/meta/Documents', 'DESKTOP_SESSION': 'ubuntu', 'NVM_BIN': '/home/meta/.nvm/versions/node/v25.2.1/bin', 'NVM_INC': '/home/meta/.nvm/versions/node/v25.2.1/include/node', 'GIO_LAUNCHED_DESKTOP_FILE': '/usr/share/applications/terminator.desktop', 'ROS_PYTHON_VERSION': '3', 'GNOME_SHELL_SESSION_MODE': 'ubuntu', 'GTK_MODULES': 'gail:atk-bridge', 'XDG_SEAT_PATH': '/org/freedesktop/DisplayManager/Seat0', 'MANAGERPID': '2449', 'SYSTEMD_EXEC_PID': '2778', 'GSM_SKIP_SSH_AGENT_WORKAROUND': 'true', 'DBUS_SESSION_BUS_ADDRESS': 'unix:path=/run/user/1000/bus', 'COLORTERM': 'truecolor', 'TERMINATOR_DBUS_NAME': 'net.tenshu.Terminator21a9d5db22c73a993ff0b42f64b396873', 'LIBVIRT_DEFAULT_URI': 'qemu:///system', 'GIO_LAUNCHED_DESKTOP_FILE_PID': '3796', 'NVM_DIR': '/home/meta/.nvm', 'DEBUGINFOD_URLS': 'https://debuginfod.ubuntu.com', 'IM_CONFIG_PHASE': '1', 'COLCON_PREFIX_PATH': '/home/meta/Documents/robotics_workspace_new/install', 'ROS_DISTRO': 'jazzy', 'LOGNAME': 'meta', 'JOURNAL_STREAM': '8:21875', '_': '/bin/colcon', 'ROS_VERSION': '2', 'MEMORY_PRESSURE_WATCH': '/sys/fs/cgroup/user.slice/user-1000.slice/user@1000.service/session.slice/org.gnome.Shell@x11.service/memory.pressure', 'XDG_SESSION_CLASS': 'user', 'TERM': 'xterm-256color', 'GNOME_DESKTOP_SESSION_ID': 'this-is-deprecated', 'PATH': '/opt/ros/jazzy/opt/gz_msgs_vendor/bin:/opt/ros/jazzy/opt/gz_tools_vendor/bin:/opt/ros/jazzy/opt/gz_ogre_next_vendor/bin:/opt/ros/jazzy/bin:/home/meta/.local/bin:/bin:/usr/bin:/usr/local/bin:/usr/local/texlive/2025/texmf-dist/doc/man::/snap/bin', 'SESSION_MANAGER': 'local/meta-Inspiron-3542:@/tmp/.ICE-unix/2747,unix/meta-Inspiron-3542:/tmp/.ICE-unix/2747', 'GDM_LANG': 'en_US', 'INVOCATION_ID': 'dae5a5f36e5a461caa1c3cd733ba5d67', 'XDG_SESSION_PATH': '/org/freedesktop/DisplayManager/Session0', 'XDG_MENU_PREFIX': 'gnome-', 'VREP_DIR': '/home/meta/meta/Downloads/VREP', 'XDG_RUNTIME_DIR': '/run/user/1000', 'DISPLAY': ':0', 'TERMINATOR_DBUS_PATH': '/net/tenshu/Terminator2', 'LANG': 'en_US.UTF-8', 'XDG_CURRENT_DESKTOP': 'ubuntu:GNOME', 'RMW_IMPLEMENTATION': 'rmw_cyclonedds_cpp', 'XMODIFIERS': '@im=ibus', 'XDG_SESSION_DESKTOP': 'ubuntu', 'XAUTHORITY': '/home/meta/.Xauthority', 'LS_COLORS': 'rs=0:di=01;34:ln=01;36:mh=00:pi=40;33:so=01;35:do=01;35:bd=40;33;01:cd=40;33;01:or=40;31;01:mi=00:su=37;41:sg=30;43:ca=00:tw=30;42:ow=34;42:st=37;44:ex=01;32:*.tar=01;31:*.tgz=01;31:*.arc=01;31:*.arj=01;31:*.taz=01;31:*.lha=01;31:*.lz4=01;31:*.lzh=01;31:*.lzma=01;31:*.tlz=01;31:*.txz=01;31:*.tzo=01;31:*.t7z=01;31:*.zip=01;31:*.z=01;31:*.dz=01;31:*.gz=01;31:*.lrz=01;31:*.lz=01;31:*.lzo=01;31:*.xz=01;31:*.zst=01;31:*.tzst=01;31:*.bz2=01;31:*.bz=01;31:*.tbz=01;31:*.tbz2=01;31:*.tz=01;31:*.deb=01;31:*.rpm=01;31:*.jar=01;31:*.war=01;31:*.ear=01;31:*.sar=01;31:*.rar=01;31:*.alz=01;31:*.ace=01;31:*.zoo=01;31:*.cpio=01;31:*.7z=01;31:*.rz=01;31:*.cab=01;31:*.wim=01;31:*.swm=01;31:*.dwm=01;31:*.esd=01;31:*.avif=01;35:*.jpg=01;35:*.jpeg=01;35:*.mjpg=01;35:*.mjpeg=01;35:*.gif=01;35:*.bmp=01;35:*.pbm=01;35:*.pgm=01;35:*.ppm=01;35:*.tga=01;35:*.xbm=01;35:*.xpm=01;35:*.tif=01;35:*.tiff=01;35:*.png=01;35:*.svg=01;35:*.svgz=01;35:*.mng=01;35:*.pcx=01;35:*.mov=01;35:*.mpg=01;35:*.mpeg=01;35:*.m2v=01;35:*.mkv=01;35:*.webm=01;35:*.webp=01;35:*.ogm=01;35:*.mp4=01;35:*.m4v=01;35:*.mp4v=01;35:*.vob=01;35:*.qt=01;35:*.nuv=01;35:*.wmv=01;35:*.asf=01;35:*.rm=01;35:*.rmvb=01;35:*.flc=01;35:*.avi=01;35:*.fli=01;35:*.flv=01;35:*.gl=01;35:*.dl=01;35:*.xcf=01;35:*.xwd=01;35:*.yuv=01;35:*.cgm=01;35:*.emf=01;35:*.ogv=01;35:*.ogx=01;35:*.aac=00;36:*.au=00;36:*.flac=00;36:*.m4a=00;36:*.mid=00;36:*.midi=00;36:*.mka=00;36:*.mp3=00;36:*.mpc=00;36:*.ogg=00;36:*.ra=00;36:*.wav=00;36:*.oga=00;36:*.opus=00;36:*.spx=00;36:*.xspf=00;36:*~=00;90:*#=00;90:*.bak=00;90:*.crdownload=00;90:*.dpkg-dist=00;90:*.dpkg-new=00;90:*.dpkg-old=00;90:*.dpkg-tmp=00;90:*.old=00;90:*.orig=00;90:*.part=00;90:*.rej=00;90:*.rpmnew=00;90:*.rpmorig=00;90:*.rpmsave=00;90:*.swp=00;90:*.tmp=00;90:*.ucf-dist=00;90:*.ucf-new=00;90:*.ucf-old=00;90:', 'SSH_AUTH_SOCK': '/run/user/1000/keyring/ssh', 'XDG_GREETER_DATA_DIR': '/var/lib/lightdm-data/meta', 'AMENT_PREFIX_PATH': '/home/meta/Documents/robotics_workspace_new/install/robokpy_controller:/home/meta/Documents/robotics_workspace_new/install/robokpy_interfaces:/home/meta/Documents/robotics_workspace_new/install/robokpy:/opt/ros/jazzy', 'SHELL': '/bin/bash', 'TERMINATOR_UUID': 'urn:uuid:84026139-a2bf-4c72-a3d0-8674c443507c', 'QT_ACCESSIBILITY': '1', 'GDMSESSION': 'ubuntu', 'LESSCLOSE': '/usr/bin/lesspipe %s %s', 'GPG_AGENT_INFO': '/run/user/1000/gnupg/S.gpg-agent:0:1', 'GJS_DEBUG_OUTPUT': 'stderr', 'ROS_AUTOMATIC_DISCOVERY_RANGE': 'SUBNET', 'QT_IM_MODULE': 'ibus', 'PWD': '/home/meta/Documents/robotics_workspace_new/build/robokpy', 'QT_QPA_PLATFORM': 'xcb', 'LC_ALL': 'en_US.UTF-8', 'XDG_CONFIG_DIRS': '/etc/xdg/xdg-ubuntu:/etc/xdg', 'NVM_CD_FLAGS': '', 'XDG_DATA_DIRS': '/usr/share/ubuntu:/usr/share/gnome:/usr/local/share:/usr/share:/var/lib/snapd/desktop', 'QTWEBENGINE_DICTIONARIES_PATH': '/usr/share/hunspell-bdic/', 'PYTHONPATH': '/home/meta/Documents/robotics_workspace_new/build/robokpy/prefix_override:/usr/lib/python3/dist-packages/colcon_core/task/python/colcon_distutils_commands:/home/meta/Documents/robotics_workspace_new/install/robokpy/lib/python3.12/site-packages:/home/meta/Documents/robotics_workspace_new/install/robokpy_controller/lib/python3.12/site-packages:/home/meta/Documents/robotics_workspace_new/install/robokpy_interfaces/lib/python3.12/site-packages:/home/meta/Documents/robotics_workspace_new/install/robokpy/lib/python3.12/site-packages:/opt/ros/jazzy/lib/python3.12/site-packages', 'COLCON': '1', 'MEMORY_PRESSURE_WRITE': 'c29tZSAyMDAwMDAgMjAwMDAwMAA=', 'VTE_VERSION': '7600', 'CMAKE_PREFIX_PATH': '/home/meta/Documents/robotics_workspace_new/install/robokpy_interfaces:/opt/ros/jazzy/opt/gz_sim_vendor:/opt/ros/jazzy/opt/gz_sensors_vendor:/opt/ros/jazzy/opt/gz_physics_vendor:/opt/ros/jazzy/opt/sdformat_vendor:/opt/ros/jazzy/opt/gz_gui_vendor:/opt/ros/jazzy/opt/gz_transport_vendor:/opt/ros/jazzy/opt/gz_rendering_vendor:/opt/ros/jazzy/opt/gz_plugin_vendor:/opt/ros/jazzy/opt/gz_fuel_tools_vendor:/opt/ros/jazzy/opt/gz_msgs_vendor:/opt/ros/jazzy/opt/gz_common_vendor:/opt/ros/jazzy/opt/gz_math_vendor:/opt/ros/jazzy/opt/gz_utils_vendor:/opt/ros/jazzy/opt/gz_tools_vendor:/opt/ros/jazzy/opt/gz_ogre_next_vendor:/opt/ros/jazzy/opt/gz_dartsim_vendor:/opt/ros/jazzy/opt/gz_cmake_vendor'}, 'shell': False}
[6.528938] (-) TimerEvent: {}
[6.630313] (-) TimerEvent: {}
[6.730715] (-) TimerEvent: {}
[6.831151] (-) TimerEvent: {}
[6.931579] (-) TimerEvent: {}
[7.032007] (-) TimerEvent: {}
[7.132465] (-) TimerEvent: {}
[7.233513] (-) TimerEvent: {}
[7.252021] (robokpy_interfaces) JobProgress: {'identifier': 'robokpy_interfaces', 'progress': 'install'}
[7.275073] (robokpy_interfaces) Command: {'cmd': ['/bin/cmake', '--install', '/home/meta/Documents/robotics_workspace_new/build/robokpy_interfaces'], 'cwd': '/home/meta/Documents/robotics_workspace_new/build/robokpy_interfaces', 'env': OrderedDict({'GJS_DEBUG_TOPICS': 'JS ERROR;JS LOG', 'XDG_ACTIVATION_TOKEN': 'gnome-shell/Terminator/2778-0-meta-Inspiron-3542_TIME261192', 'LESSOPEN': '| /usr/bin/lesspipe %s', 'LANGUAGE': 'en_US', 'USER': 'meta', 'GZ_CONFIG_PATH': '/opt/ros/jazzy/opt/gz_sim_vendor/share/gz:/opt/ros/jazzy/opt/sdformat_vendor/share/gz:/opt/ros/jazzy/opt/gz_gui_vendor/share/gz:/opt/ros/jazzy/opt/gz_transport_vendor/share/gz:/opt/ros/jazzy/opt/gz_rendering_vendor/share/gz:/opt/ros/jazzy/opt/gz_plugin_vendor/share/gz:/opt/ros/jazzy/opt/gz_fuel_tools_vendor/share/gz:/opt/ros/jazzy/opt/gz_msgs_vendor/share/gz:/opt/ros/jazzy/opt/gz_common_vendor/share/gz', 'XDG_SESSION_TYPE': 'x11', 'STM32CubeMX_PATH': '/home/meta/STM32CubeMX', 'SHLVL': '1', 'LD_LIBRARY_PATH': '/home/meta/Documents/robotics_workspace_new/install/robokpy_interfaces/lib:/opt/ros/jazzy/opt/gz_sim_vendor/lib:/opt/ros/jazzy/opt/gz_sensors_vendor/lib:/opt/ros/jazzy/opt/gz_physics_vendor/lib:/opt/ros/jazzy/opt/sdformat_vendor/lib:/opt/ros/jazzy/opt/rviz_ogre_vendor/lib:/opt/ros/jazzy/lib/x86_64-linux-gnu:/opt/ros/jazzy/opt/gz_gui_vendor/lib:/opt/ros/jazzy/opt/gz_transport_vendor/lib:/opt/ros/jazzy/opt/gz_rendering_vendor/lib:/opt/ros/jazzy/opt/gz_plugin_vendor/lib:/opt/ros/jazzy/opt/gz_fuel_tools_vendor/lib:/opt/ros/jazzy/opt/gz_msgs_vendor/lib:/opt/ros/jazzy/opt/gz_common_vendor/lib:/opt/ros/jazzy/opt/gz_math_vendor/lib:/opt/ros/jazzy/opt/gz_utils_vendor/lib:/opt/ros/jazzy/opt/gz_tools_vendor/lib:/opt/ros/jazzy/opt/gz_ogre_next_vendor/lib:/opt/ros/jazzy/opt/gz_dartsim_vendor/lib:/opt/ros/jazzy/opt/gz_cmake_vendor/lib:/opt/ros/jazzy/lib', 'HOME': '/home/meta', 'OLDPWD': '/home/meta/Documents', 'DESKTOP_SESSION': 'ubuntu', 'NVM_BIN': '/home/meta/.nvm/versions/node/v25.2.1/bin', 'NVM_INC': '/home/meta/.nvm/versions/node/v25.2.1/include/node', 'GIO_LAUNCHED_DESKTOP_FILE': '/usr/share/applications/terminator.desktop', 'ROS_PYTHON_VERSION': '3', 'GNOME_SHELL_SESSION_MODE': 'ubuntu', 'GTK_MODULES': 'gail:atk-bridge', 'XDG_SEAT_PATH': '/org/freedesktop/DisplayManager/Seat0', 'MANAGERPID': '2449', 'SYSTEMD_EXEC_PID': '2778', 'GSM_SKIP_SSH_AGENT_WORKAROUND': 'true', 'DBUS_SESSION_BUS_ADDRESS': 'unix:path=/run/user/1000/bus', 'COLORTERM': 'truecolor', 'TERMINATOR_DBUS_NAME': 'net.tenshu.Terminator21a9d5db22c73a993ff0b42f64b396873', 'LIBVIRT_DEFAULT_URI': 'qemu:///system', 'GIO_LAUNCHED_DESKTOP_FILE_PID': '3796', 'NVM_DIR': '/home/meta/.nvm', 'DEBUGINFOD_URLS': 'https://debuginfod.ubuntu.com', 'IM_CONFIG_PHASE': '1', 'COLCON_PREFIX_PATH': '/home/meta/Documents/robotics_workspace_new/install', 'ROS_DISTRO': 'jazzy', 'LOGNAME': 'meta', 'JOURNAL_STREAM': '8:21875', '_': '/bin/colcon', 'ROS_VERSION': '2', 'MEMORY_PRESSURE_WATCH': '/sys/fs/cgroup/user.slice/user-1000.slice/user@1000.service/session.slice/org.gnome.Shell@x11.service/memory.pressure', 'XDG_SESSION_CLASS': 'user', 'TERM': 'xterm-256color', 'GNOME_DESKTOP_SESSION_ID': 'this-is-deprecated', 'PATH': '/opt/ros/jazzy/opt/gz_msgs_vendor/bin:/opt/ros/jazzy/opt/gz_tools_vendor/bin:/opt/ros/jazzy/opt/gz_ogre_next_vendor/bin:/opt/ros/jazzy/bin:/home/meta/.local/bin:/bin:/usr/bin:/usr/local/bin:/usr/local/texlive/2025/texmf-dist/doc/man::/snap/bin', 'SESSION_MANAGER': 'local/meta-Inspiron-3542:@/tmp/.ICE-unix/2747,unix/meta-Inspiron-3542:/tmp/.ICE-unix/2747', 'GDM_LANG': 'en_US', 'INVOCATION_ID': 'dae5a5f36e5a461caa1c3cd733ba5d67', 'XDG_SESSION_PATH': '/org/freedesktop/DisplayManager/Session0', 'XDG_MENU_PREFIX': 'gnome-', 'VREP_DIR': '/home/meta/meta/Downloads/VREP', 'XDG_RUNTIME_DIR': '/run/user/1000', 'DISPLAY': ':0', 'TERMINATOR_DBUS_PATH': '/net/tenshu/Terminator2', 'LANG': 'en_US.UTF-8', 'XDG_CURRENT_DESKTOP': 'ubuntu:GNOME', 'RMW_IMPLEMENTATION': 'rmw_cyclonedds_cpp', 'XMODIFIERS': '@im=ibus', 'XDG_SESSION_DESKTOP': 'ubuntu', 'XAUTHORITY': '/home/meta/.Xauthority', 'LS_COLORS': 'rs=0:di=01;34:ln=01;36:mh=00:pi=40;33:so=01;35:do=01;35:bd=40;33;01:cd=40;33;01:or=40;31;01:mi=00:su=37;41:sg=30;43:ca=00:tw=30;42:ow=34;42:st=37;44:ex=01;32:*.tar=01;31:*.tgz=01;31:*.arc=01;31:*.arj=01;31:*.taz=01;31:*.lha=01;31:*.lz4=01;31:*.lzh=01;31:*.lzma=01;31:*.tlz=01;31:*.txz=01;31:*.tzo=01;31:*.t7z=01;31:*.zip=01;31:*.z=01;31:*.dz=01;31:*.gz=01;31:*.lrz=01;31:*.lz=01;31:*.lzo=01;31:*.xz=01;31:*.zst=01;31:*.tzst=01;31:*.bz2=01;31:*.bz=01;31:*.tbz=01;31:*.tbz2=01;31:*.tz=01;31:*.deb=01;31:*.rpm=01;31:*.jar=01;31:*.war=01;31:*.ear=01;31:*.sar=01;31:*.rar=01;31:*.alz=01;31:*.ace=01;31:*.zoo=01;31:*.cpio=01;31:*.7z=01;31:*.rz=01;31:*.cab=01;31:*.wim=01;31:*.swm=01;31:*.dwm=01;31:*.esd=01;31:*.avif=01;35:*.jpg=01;35:*.jpeg=01;35:*.mjpg=01;35:*.mjpeg=01;35:*.gif=01;35:*.bmp=01;35:*.pbm=01;35:*.pgm=01;35:*.ppm=01;35:*.tga=01;35:*.xbm=01;35:*.xpm=01;35:*.tif=01;35:*.tiff=01;35:*.png=01;35:*.svg=01;35:*.svgz=01;35:*.mng=01;35:*.pcx=01;35:*.mov=01;35:*.mpg=01;35:*.mpeg=01;35:*.m2v=01;35:*.mkv=01;35:*.webm=01;35:*.webp=01;35:*.ogm=01;35:*.mp4=01;35:*.m4v=01;35:*.mp4v=01;35:*.vob=01;35:*.qt=01;35:*.nuv=01;35:*.wmv=01;35:*.asf=01;35:*.rm=01;35:*.rmvb=01;35:*.flc=01;35:*.avi=01;35:*.fli=01;35:*.flv=01;35:*.gl=01;35:*.dl=01;35:*.xcf=01;35:*.xwd=01;35:*.yuv=01;35:*.cgm=01;35:*.emf=01;35:*.ogv=01;35:*.ogx=01;35:*.aac=00;36:*.au=00;36:*.flac=00;36:*.m4a=00;36:*.mid=00;36:*.midi=00;36:*.mka=00;36:*.mp3=00;36:*.mpc=00;36:*.ogg=00;36:*.ra=00;36:*.wav=00;36:*.oga=00;36:*.opus=00;36:*.spx=00;36:*.xspf=00;36:*~=00;90:*#=00;90:*.bak=00;90:*.crdownload=00;90:*.dpkg-dist=00;90:*.dpkg-new=00;90:*.dpkg-old=00;90:*.dpkg-tmp=00;90:*.old=00;90:*.orig=00;90:*.part=00;90:*.rej=00;90:*.rpmnew=00;90:*.rpmorig=00;90:*.rpmsave=00;90:*.swp=00;90:*.tmp=00;90:*.ucf-dist=00;90:*.ucf-new=00;90:*.ucf-old=00;90:', 'SSH_AUTH_SOCK': '/run/user/1000/keyring/ssh', 'XDG_GREETER_DATA_DIR': '/var/lib/lightdm-data/meta', 'AMENT_PREFIX_PATH': '/home/meta/Documents/robotics_workspace_new/install/robokpy_controller:/home/meta/Documents/robotics_workspace_new/install/robokpy_interfaces:/home/meta/Documents/robotics_workspace_new/install/robokpy:/opt/ros/jazzy', 'SHELL': '/bin/bash', 'TERMINATOR_UUID': 'urn:uuid:84026139-a2bf-4c72-a3d0-8674c443507c', 'QT_ACCESSIBILITY': '1', 'GDMSESSION': 'ubuntu', 'LESSCLOSE': '/usr/bin/lesspipe %s %s', 'GPG_AGENT_INFO': '/run/user/1000/gnupg/S.gpg-agent:0:1', 'GJS_DEBUG_OUTPUT': 'stderr', 'ROS_AUTOMATIC_DISCOVERY_RANGE': 'SUBNET', 'QT_IM_MODULE': 'ibus', 'PWD': '/home/meta/Documents/robotics_workspace_new/build/robokpy_interfaces', 'QT_QPA_PLATFORM': 'xcb', 'LC_ALL': 'en_US.UTF-8', 'XDG_CONFIG_DIRS': '/etc/xdg/xdg-ubuntu:/etc/xdg', 'NVM_CD_FLAGS': '', 'XDG_DATA_DIRS': '/usr/share/ubuntu:/usr/share/gnome:/usr/local/share:/usr/share:/var/lib/snapd/desktop', 'QTWEBENGINE_DICTIONARIES_PATH': '/usr/share/hunspell-bdic/', 'PYTHONPATH': '/home/meta/Documents/robotics_workspace_new/install/robokpy_controller/lib/python3.12/site-packages:/home/meta/Documents/robotics_workspace_new/install/robokpy_interfaces/lib/python3.12/site-packages:/home/meta/Documents/robotics_workspace_new/install/robokpy/lib/python3.12/site-packages:/opt/ros/jazzy/lib/python3.12/site-packages', 'COLCON': '1', 'MEMORY_PRESSURE_WRITE': 'c29tZSAyMDAwMDAgMjAwMDAwMAA=', 'VTE_VERSION': '7600', 'CMAKE_PREFIX_PATH': '/home/meta/Documents/robotics_workspace_new/install/robokpy_interfaces:/opt/ros/jazzy/opt/gz_sim_vendor:/opt/ros/jazzy/opt/gz_sensors_vendor:/opt/ros/jazzy/opt/gz_physics_vendor:/opt/ros/jazzy/opt/sdformat_vendor:/opt/ros/jazzy/opt/gz_gui_vendor:/opt/ros/jazzy/opt/gz_transport_vendor:/opt/ros/jazzy/opt/gz_rendering_vendor:/opt/ros/jazzy/opt/gz_plugin_vendor:/opt/ros/jazzy/opt/gz_fuel_tools_vendor:/opt/ros/jazzy/opt/gz_msgs_vendor:/opt/ros/jazzy/opt/gz_common_vendor:/opt/ros/jazzy/opt/gz_math_vendor:/opt/ros/jazzy/opt/gz_utils_vendor:/opt/ros/jazzy/opt/gz_tools_vendor:/opt/ros/jazzy/opt/gz_ogre_next_vendor:/opt/ros/jazzy/opt/gz_dartsim_vendor:/opt/ros/jazzy/opt/gz_cmake_vendor:/home/meta/Documents/robotics_workspace_new/install/robokpy_controller:/home/meta/Documents/robotics_workspace_new/install/robokpy:/opt/ros/jazzy'}), 'shell': False}
[7.304457] (robokpy_interfaces) StdoutLine: {'line': b'-- Install configuration: ""\n'}
[7.308482] (robokpy_interfaces) StdoutLine: {'line': b'-- Up-to-date: /home/meta/Documents/robotics_workspace_new/install/robokpy_interfaces/share/ament_index/resource_index/rosidl_interfaces/robokpy_interfaces\n'}
[7.308896] (robokpy_interfaces) StdoutLine: {'line': b'-- Up-to-date: /home/meta/Documents/robotics_workspace_new/install/robokpy_interfaces/share/robokpy_interfaces/srv/ExecutionState.json\n'}
[7.309198] (robokpy_interfaces) StdoutLine: {'line': b'-- Up-to-date: /home/meta/Documents/robotics_workspace_new/install/robokpy_interfaces/share/robokpy_interfaces/srv/SystemMode.json\n'}
[7.309582] (robokpy_interfaces) StdoutLine: {'line': b'-- Up-to-date: /home/meta/Documents/robotics_workspace_new/install/robokpy_interfaces/share/robokpy_interfaces/srv/FK.json\n'}
[7.309870] (robokpy_interfaces) StdoutLine: {'line': b'-- Up-to-date: /home/meta/Documents/robotics_workspace_new/install/robokpy_interfaces/share/robokpy_interfaces/srv/IK.json\n'}
[7.310170] (robokpy_interfaces) StdoutLine: {'line': b'-- Up-to-date: /home/meta/Documents/robotics_workspace_new/install/robokpy_interfaces/share/robokpy_interfaces/srv/Jacobian.json\n'}
[7.310477] (robokpy_interfaces) StdoutLine: {'line': b'-- Up-to-date: /home/meta/Documents/robotics_workspace_new/install/robokpy_interfaces/share/robokpy_interfaces/srv/Reachable.json\n'}
[7.310917] (robokpy_interfaces) StdoutLine: {'line': b'-- Up-to-date: /home/meta/Documents/robotics_workspace_new/install/robokpy_interfaces/share/robokpy_interfaces/srv/ChainFK.json\n'}
[7.311250] (robokpy_interfaces) StdoutLine: {'line': b'-- Up-to-date: /home/meta/Documents/robotics_workspace_new/install/robokpy_interfaces/share/robokpy_interfaces/srv/SetPlanningTipLink.json\n'}
[7.311579] (robokpy_interfaces) StdoutLine: {'line': b'-- Up-to-date: /home/meta/Documents/robotics_workspace_new/install/robokpy_interfaces/share/robokpy_interfaces/srv/GraspAttach.json\n'}
[7.312497] (robokpy_interfaces) StdoutLine: {'line': b'-- Up-to-date: /home/meta/Documents/robotics_workspace_new/install/robokpy_interfaces/share/robokpy_interfaces/srv/ResumeExecution.json\n'}
[7.312846] (robokpy_interfaces) StdoutLine: {'line': b'-- Up-to-date: /home/meta/Documents/robotics_workspace_new/install/robokpy_interfaces/share/robokpy_interfaces/srv/LoadRecipe.json\n'}
[7.313150] (robokpy_interfaces) StdoutLine: {'line': b'-- Up-to-date: /home/meta/Documents/robotics_workspace_new/install/robokpy_interfaces/share/robokpy_interfaces/srv/SpawnObject.json\n'}
[7.313449] (robokpy_interfaces) StdoutLine: {'line': b'-- Up-to-date: /home/meta/Documents/robotics_workspace_new/install/robokpy_interfaces/share/robokpy_interfaces/srv/DespawnObject.json\n'}
[7.313727] (robokpy_interfaces) StdoutLine: {'line': b'-- Up-to-date: /home/meta/Documents/robotics_workspace_new/install/robokpy_interfaces/share/robokpy_interfaces/srv/ResolveObjectPose.json\n'}
[7.314064] (robokpy_interfaces) StdoutLine: {'line': b'-- Up-to-date: /home/meta/Documents/robotics_workspace_new/install/robokpy_interfaces/share/robokpy_interfaces/msg/CellState.json\n'}
[7.314377] (robokpy_interfaces) StdoutLine: {'line': b'-- Up-to-date: /home/meta/Documents/robotics_workspace_new/install/robokpy_interfaces/share/robokpy_interfaces/action/ExecuteMotion.json\n'}
[7.314662] (robokpy_interfaces) StdoutLine: {'line': b'-- Up-to-date: /home/meta/Documents/robotics_workspace_new/install/robokpy_interfaces/share/robokpy_interfaces/action/ExecuteToolOp.json\n'}
[7.314985] (robokpy_interfaces) StdoutLine: {'line': b'-- Up-to-date: /home/meta/Documents/robotics_workspace_new/install/robokpy_interfaces/share/robokpy_interfaces/action/ExecuteVisionOp.json\n'}
[7.315321] (robokpy_interfaces) StdoutLine: {'line': b'-- Up-to-date: /home/meta/Documents/robotics_workspace_new/install/robokpy_interfaces/share/robokpy_interfaces/action/SetJointTarget.json\n'}
[7.315666] (robokpy_interfaces) StdoutLine: {'line': b'-- Up-to-date: /home/meta/Documents/robotics_workspace_new/install/robokpy_interfaces/include/robokpy_interfaces/robokpy_interfaces\n'}
[7.315954] (robokpy_interfaces) StdoutLine: {'line': b'-- Up-to-date: /home/meta/Documents/robotics_workspace_new/install/robokpy_interfaces/include/robokpy_interfaces/robokpy_interfaces/srv\n'}
[7.316318] (robokpy_interfaces) StdoutLine: {'line': b'-- Up-to-date: /home/meta/Documents/robotics_workspace_new/install/robokpy_interfaces/include/robokpy_interfaces/robokpy_interfaces/srv/set_planning_tip_link.h\n'}
[7.316618] (robokpy_interfaces) StdoutLine: {'line': b'-- Up-to-date: /home/meta/Documents/robotics_workspace_new/install/robokpy_interfaces/include/robokpy_interfaces/robokpy_interfaces/srv/execution_state.h\n'}
[7.318561] (robokpy_interfaces) StdoutLine: {'line': b'-- Up-to-date: /home/meta/Documents/robotics_workspace_new/install/robokpy_interfaces/include/robokpy_interfaces/robokpy_interfaces/srv/ik.h\n'}
[7.318888] (robokpy_interfaces) StdoutLine: {'line': b'-- Up-to-date: /home/meta/Documents/robotics_workspace_new/install/robokpy_interfaces/include/robokpy_interfaces/robokpy_interfaces/srv/system_mode.h\n'}
[7.319173] (robokpy_interfaces) StdoutLine: {'line': b'-- Up-to-date: /home/meta/Documents/robotics_workspace_new/install/robokpy_interfaces/include/robokpy_interfaces/robokpy_interfaces/srv/fk.h\n'}
[7.320712] (robokpy_interfaces) StdoutLine: {'line': b'-- Up-to-date: /home/meta/Documents/robotics_workspace_new/install/robokpy_interfaces/include/robokpy_interfaces/robokpy_interfaces/srv/detail\n'}
[7.321022] (robokpy_interfaces) StdoutLine: {'line': b'-- Installing: /home/meta/Documents/robotics_workspace_new/install/robokpy_interfaces/include/robokpy_interfaces/robokpy_interfaces/srv/detail/spawn_object__type_support.c\n'}
[7.328534] (robokpy_interfaces) StdoutLine: {'line': b'-- Up-to-date: /home/meta/Documents/robotics_workspace_new/install/robokpy_interfaces/include/robokpy_interfaces/robokpy_interfaces/srv/detail/despawnobject__struct.h\n'}
[7.329158] (robokpy_interfaces) StdoutLine: {'line': b'-- Up-to-date: /home/meta/Documents/robotics_workspace_new/install/robokpy_interfaces/include/robokpy_interfaces/robokpy_interfaces/srv/detail/jacobian__struct.h\n'}
[7.329510] (robokpy_interfaces) StdoutLine: {'line': b'-- Up-to-date: /home/meta/Documents/robotics_workspace_new/install/robokpy_interfaces/include/robokpy_interfaces/robokpy_interfaces/srv/detail/chain_fk__struct.h\n'}
[7.329807] (robokpy_interfaces) StdoutLine: {'line': b'-- Up-to-date: /home/meta/Documents/robotics_workspace_new/install/robokpy_interfaces/include/robokpy_interfaces/robokpy_interfaces/srv/detail/jacobian__functions.h\n'}
[7.330099] (robokpy_interfaces) StdoutLine: {'line': b'-- Installing: /home/meta/Documents/robotics_workspace_new/install/robokpy_interfaces/include/robokpy_interfaces/robokpy_interfaces/srv/detail/system_mode__type_support.c\n'}
[7.333615] (-) TimerEvent: {}
[7.340502] (robokpy_interfaces) StdoutLine: {'line': b'-- Up-to-date: /home/meta/Documents/robotics_workspace_new/install/robokpy_interfaces/include/robokpy_interfaces/robokpy_interfaces/srv/detail/resume_execution__functions.c\n'}
[7.341177] (robokpy_interfaces) StdoutLine: {'line': b'-- Up-to-date: /home/meta/Documents/robotics_workspace_new/install/robokpy_interfaces/include/robokpy_interfaces/robokpy_interfaces/srv/detail/ik__functions.h\n'}
[7.342266] (robokpy_interfaces) StdoutLine: {'line': b'-- Up-to-date: /home/meta/Documents/robotics_workspace_new/install/robokpy_interfaces/include/robokpy_interfaces/robokpy_interfaces/srv/detail/fk__struct.h\n'}
[7.342625] (robokpy_interfaces) StdoutLine: {'line': b'-- Up-to-date: /home/meta/Documents/robotics_workspace_new/install/robokpy_interfaces/include/robokpy_interfaces/robokpy_interfaces/srv/detail/execution_state__description.c\n'}
[7.342947] (robokpy_interfaces) StdoutLine: {'line': b'-- Up-to-date: /home/meta/Documents/robotics_workspace_new/install/robokpy_interfaces/include/robokpy_interfaces/robokpy_interfaces/srv/detail/chain_fk__functions.h\n'}
[7.343278] (robokpy_interfaces) StdoutLine: {'line': b'-- Up-to-date: /home/meta/Documents/robotics_workspace_new/install/robokpy_interfaces/include/robokpy_interfaces/robokpy_interfaces/srv/detail/fk__functions.h\n'}
[7.343636] (robokpy_interfaces) StdoutLine: {'line': b'-- Up-to-date: /home/meta/Documents/robotics_workspace_new/install/robokpy_interfaces/include/robokpy_interfaces/robokpy_interfaces/srv/detail/execution_state__functions.c\n'}
[7.345753] (robokpy_interfaces) StdoutLine: {'line': b'-- Installing: /home/meta/Documents/robotics_workspace_new/install/robokpy_interfaces/include/robokpy_interfaces/robokpy_interfaces/srv/detail/despawn_object__type_support.c\n'}
[7.372966] (robokpy_interfaces) StdoutLine: {'line': b'-- Up-to-date: /home/meta/Documents/robotics_workspace_new/install/robokpy_interfaces/include/robokpy_interfaces/robokpy_interfaces/srv/detail/resolve_object_pose__functions.h\n'}
[7.373403] (robokpy_interfaces) StdoutLine: {'line': b'-- Up-to-date: /home/meta/Documents/robotics_workspace_new/install/robokpy_interfaces/include/robokpy_interfaces/robokpy_interfaces/srv/detail/chain_fk__type_support.h\n'}
[7.373680] (robokpy_interfaces) StdoutLine: {'line': b'-- Up-to-date: /home/meta/Documents/robotics_workspace_new/install/robokpy_interfaces/include/robokpy_interfaces/robokpy_interfaces/srv/detail/despawnobject__description.c\n'}
[7.373950] (robokpy_interfaces) StdoutLine: {'line': b'-- Up-to-date: /home/meta/Documents/robotics_workspace_new/install/robokpy_interfaces/include/robokpy_interfaces/robokpy_interfaces/srv/detail/system_mode__type_support.h\n'}
[7.374253] (robokpy_interfaces) StdoutLine: {'line': b'-- Up-to-date: /home/meta/Documents/robotics_workspace_new/install/robokpy_interfaces/include/robokpy_interfaces/robokpy_interfaces/srv/detail/chain_fk__description.c\n'}
[7.374513] (robokpy_interfaces) StdoutLine: {'line': b'-- Up-to-date: /home/meta/Documents/robotics_workspace_new/install/robokpy_interfaces/include/robokpy_interfaces/robokpy_interfaces/srv/detail/system_mode__functions.c\n'}
[7.375594] (robokpy_interfaces) StdoutLine: {'line': b'-- Up-to-date: /home/meta/Documents/robotics_workspace_new/install/robokpy_interfaces/include/robokpy_interfaces/robokpy_interfaces/srv/detail/set_planning_tip_link__type_support.h\n'}
[7.375933] (robokpy_interfaces) StdoutLine: {'line': b'-- Up-to-date: /home/meta/Documents/robotics_workspace_new/install/robokpy_interfaces/include/robokpy_interfaces/robokpy_interfaces/srv/detail/spawn_object__functions.c\n'}
[7.376250] (robokpy_interfaces) StdoutLine: {'line': b'-- Up-to-date: /home/meta/Documents/robotics_workspace_new/install/robokpy_interfaces/include/robokpy_interfaces/robokpy_interfaces/srv/detail/grasp_attach__functions.h\n'}
[7.376550] (robokpy_interfaces) StdoutLine: {'line': b'-- Installing: /home/meta/Documents/robotics_workspace_new/install/robokpy_interfaces/include/robokpy_interfaces/robokpy_interfaces/srv/detail/chain_fk__type_support.c\n'}
[7.406336] (robokpy_interfaces) StdoutLine: {'line': b'-- Up-to-date: /home/meta/Documents/robotics_workspace_new/install/robokpy_interfaces/include/robokpy_interfaces/robokpy_interfaces/srv/detail/despawn_object__description.c\n'}
[7.407663] (robokpy_interfaces) StdoutLine: {'line': b'-- Up-to-date: /home/meta/Documents/robotics_workspace_new/install/robokpy_interfaces/include/robokpy_interfaces/robokpy_interfaces/srv/detail/set_planning_tip_link__description.c\n'}
[7.408131] (robokpy_interfaces) StdoutLine: {'line': b'-- Up-to-date: /home/meta/Documents/robotics_workspace_new/install/robokpy_interfaces/include/robokpy_interfaces/robokpy_interfaces/srv/detail/reachable__functions.h\n'}
[7.408501] (robokpy_interfaces) StdoutLine: {'line': b'-- Up-to-date: /home/meta/Documents/robotics_workspace_new/install/robokpy_interfaces/include/robokpy_interfaces/robokpy_interfaces/srv/detail/ik__struct.h\n'}
[7.408824] (robokpy_interfaces) StdoutLine: {'line': b'-- Installing: /home/meta/Documents/robotics_workspace_new/install/robokpy_interfaces/include/robokpy_interfaces/robokpy_interfaces/srv/detail/despawnobject__type_support.c\n'}
[7.433759] (-) TimerEvent: {}
[7.436067] (robokpy_interfaces) StdoutLine: {'line': b'-- Up-to-date: /home/meta/Documents/robotics_workspace_new/install/robokpy_interfaces/include/robokpy_interfaces/robokpy_interfaces/srv/detail/spawn_object__functions.h\n'}
[7.436674] (robokpy_interfaces) StdoutLine: {'line': b'-- Up-to-date: /home/meta/Documents/robotics_workspace_new/install/robokpy_interfaces/include/robokpy_interfaces/robokpy_interfaces/srv/detail/resume_execution__type_support.h\n'}
[7.437279] (robokpy_interfaces) StdoutLine: {'line': b'-- Up-to-date: /home/meta/Documents/robotics_workspace_new/install/robokpy_interfaces/include/robokpy_interfaces/robokpy_interfaces/srv/detail/spawn_object__type_support.h\n'}
[7.438079] (robokpy_interfaces) StdoutLine: {'line': b'-- Up-to-date: /home/meta/Documents/robotics_workspace_new/install/robokpy_interfaces/include/robokpy_interfaces/robokpy_interfaces/srv/detail/load_recipe__struct.h\n'}
[7.438703] (robokpy_interfaces) StdoutLine: {'line': b'-- Up-to-date: /home/meta/Documents/robotics_workspace_new/install/robokpy_interfaces/include/robokpy_interfaces/robokpy_interfaces/srv/detail/set_planning_tip_link__struct.h\n'}
[7.438998] (robokpy_interfaces) StdoutLine: {'line': b'-- Installing: /home/meta/Documents/robotics_workspace_new/install/robokpy_interfaces/include/robokpy_interfaces/robokpy_interfaces/srv/detail/reachable__type_support.c\n'}
[7.445950] (robokpy_interfaces) StdoutLine: {'line': b'-- Installing: /home/meta/Documents/robotics_workspace_new/install/robokpy_interfaces/include/robokpy_interfaces/robokpy_interfaces/srv/detail/resolve_object_pose__type_support.c\n'}
[7.447302] (robokpy_interfaces) StdoutLine: {'line': b'-- Up-to-date: /home/meta/Documents/robotics_workspace_new/install/robokpy_interfaces/include/robokpy_interfaces/robokpy_interfaces/srv/detail/jacobian__description.c\n'}
[7.447870] (robokpy_interfaces) StdoutLine: {'line': b'-- Up-to-date: /home/meta/Documents/robotics_workspace_new/install/robokpy_interfaces/include/robokpy_interfaces/robokpy_interfaces/srv/detail/despawn_object__functions.h\n'}
[7.448456] (robokpy_interfaces) StdoutLine: {'line': b'-- Up-to-date: /home/meta/Documents/robotics_workspace_new/install/robokpy_interfaces/include/robokpy_interfaces/robokpy_interfaces/srv/detail/spawnobject__functions.h\n'}
[7.448880] (robokpy_interfaces) StdoutLine: {'line': b'-- Installing: /home/meta/Documents/robotics_workspace_new/install/robokpy_interfaces/include/robokpy_interfaces/robokpy_interfaces/srv/detail/spawnobject__type_support.c\n'}
[7.461091] (robokpy_interfaces) StdoutLine: {'line': b'-- Up-to-date: /home/meta/Documents/robotics_workspace_new/install/robokpy_interfaces/include/robokpy_interfaces/robokpy_interfaces/srv/detail/resolve_object_pose__struct.h\n'}
[7.461492] (robokpy_interfaces) StdoutLine: {'line': b'-- Up-to-date: /home/meta/Documents/robotics_workspace_new/install/robokpy_interfaces/include/robokpy_interfaces/robokpy_interfaces/srv/detail/spawn_object__struct.h\n'}
[7.461781] (robokpy_interfaces) StdoutLine: {'line': b'-- Up-to-date: /home/meta/Documents/robotics_workspace_new/install/robokpy_interfaces/include/robokpy_interfaces/robokpy_interfaces/srv/detail/despawnobject__functions.h\n'}
[7.462017] (robokpy_interfaces) StdoutLine: {'line': b'-- Up-to-date: /home/meta/Documents/robotics_workspace_new/install/robokpy_interfaces/include/robokpy_interfaces/robokpy_interfaces/srv/detail/load_recipe__functions.c\n'}
[7.463192] (robokpy_interfaces) StdoutLine: {'line': b'-- Installing: /home/meta/Documents/robotics_workspace_new/install/robokpy_interfaces/include/robokpy_interfaces/robokpy_interfaces/srv/detail/ik__type_support.c\n'}
[7.477192] (robokpy_interfaces) StdoutLine: {'line': b'-- Up-to-date: /home/meta/Documents/robotics_workspace_new/install/robokpy_interfaces/include/robokpy_interfaces/robokpy_interfaces/srv/detail/fk__functions.c\n'}
[7.477631] (robokpy_interfaces) StdoutLine: {'line': b'-- Installing: /home/meta/Documents/robotics_workspace_new/install/robokpy_interfaces/include/robokpy_interfaces/robokpy_interfaces/srv/detail/fk__type_support.c\n'}
[7.487817] (robokpy_interfaces) StdoutLine: {'line': b'-- Installing: /home/meta/Documents/robotics_workspace_new/install/robokpy_interfaces/include/robokpy_interfaces/robokpy_interfaces/srv/detail/resume_execution__type_support.c\n'}
[7.488530] (robokpy_interfaces) StdoutLine: {'line': b'-- Installing: /home/meta/Documents/robotics_workspace_new/install/robokpy_interfaces/include/robokpy_interfaces/robokpy_interfaces/srv/detail/set_planning_tip_link__type_support.c\n'}
[7.490961] (robokpy_interfaces) StdoutLine: {'line': b'-- Up-to-date: /home/meta/Documents/robotics_workspace_new/install/robokpy_interfaces/include/robokpy_interfaces/robokpy_interfaces/srv/detail/spawnobject__type_support.h\n'}
[7.492275] (robokpy_interfaces) StdoutLine: {'line': b'-- Up-to-date: /home/meta/Documents/robotics_workspace_new/install/robokpy_interfaces/include/robokpy_interfaces/robokpy_interfaces/srv/detail/grasp_attach__description.c\n'}
[7.492727] (robokpy_interfaces) StdoutLine: {'line': b'-- Up-to-date: /home/meta/Documents/robotics_workspace_new/install/robokpy_interfaces/include/robokpy_interfaces/robokpy_interfaces/srv/detail/despawnobject__type_support.h\n'}
[7.494405] (robokpy_interfaces) StdoutLine: {'line': b'-- Up-to-date: /home/meta/Documents/robotics_workspace_new/install/robokpy_interfaces/include/robokpy_interfaces/robokpy_interfaces/srv/detail/execution_state__struct.h\n'}
[7.494981] (robokpy_interfaces) StdoutLine: {'line': b'-- Up-to-date: /home/meta/Documents/robotics_workspace_new/install/robokpy_interfaces/include/robokpy_interfaces/robokpy_interfaces/srv/detail/ik__type_support.h\n'}
[7.495268] (robokpy_interfaces) StdoutLine: {'line': b'-- Up-to-date: /home/meta/Documents/robotics_workspace_new/install/robokpy_interfaces/include/robokpy_interfaces/robokpy_interfaces/srv/detail/grasp_attach__struct.h\n'}
[7.495514] (robokpy_interfaces) StdoutLine: {'line': b'-- Up-to-date: /home/meta/Documents/robotics_workspace_new/install/robokpy_interfaces/include/robokpy_interfaces/robokpy_interfaces/srv/detail/ik__functions.c\n'}
[7.495820] (robokpy_interfaces) StdoutLine: {'line': b'-- Up-to-date: /home/meta/Documents/robotics_workspace_new/install/robokpy_interfaces/include/robokpy_interfaces/robokpy_interfaces/srv/detail/set_planning_tip_link__functions.h\n'}
[7.496056] (robokpy_interfaces) StdoutLine: {'line': b'-- Up-to-date: /home/meta/Documents/robotics_workspace_new/install/robokpy_interfaces/include/robokpy_interfaces/robokpy_interfaces/srv/detail/resume_execution__description.c\n'}
[7.496320] (robokpy_interfaces) StdoutLine: {'line': b'-- Up-to-date: /home/meta/Documents/robotics_workspace_new/install/robokpy_interfaces/include/robokpy_interfaces/robokpy_interfaces/srv/detail/load_recipe__description.c\n'}
[7.496878] (robokpy_interfaces) StdoutLine: {'line': b'-- Up-to-date: /home/meta/Documents/robotics_workspace_new/install/robokpy_interfaces/include/robokpy_interfaces/robokpy_interfaces/srv/detail/resolve_object_pose__type_support.h\n'}
[7.497245] (robokpy_interfaces) StdoutLine: {'line': b'-- Installing: /home/meta/Documents/robotics_workspace_new/install/robokpy_interfaces/include/robokpy_interfaces/robokpy_interfaces/srv/detail/load_recipe__type_support.c\n'}
[7.497496] (robokpy_interfaces) StdoutLine: {'line': b'-- Up-to-date: /home/meta/Documents/robotics_workspace_new/install/robokpy_interfaces/include/robokpy_interfaces/robokpy_interfaces/srv/detail/reachable__type_support.h\n'}
[7.498032] (robokpy_interfaces) StdoutLine: {'line': b'-- Up-to-date: /home/meta/Documents/robotics_workspace_new/install/robokpy_interfaces/include/robokpy_interfaces/robokpy_interfaces/srv/detail/chain_fk__functions.c\n'}
[7.498656] (robokpy_interfaces) StdoutLine: {'line': b'-- Installing: /home/meta/Documents/robotics_workspace_new/install/robokpy_interfaces/include/robokpy_interfaces/robokpy_interfaces/srv/detail/jacobian__type_support.c\n'}
[7.498916] (robokpy_interfaces) StdoutLine: {'line': b'-- Up-to-date: /home/meta/Documents/robotics_workspace_new/install/robokpy_interfaces/include/robokpy_interfaces/robokpy_interfaces/srv/detail/resolve_object_pose__description.c\n'}
[7.499284] (robokpy_interfaces) StdoutLine: {'line': b'-- Up-to-date: /home/meta/Documents/robotics_workspace_new/install/robokpy_interfaces/include/robokpy_interfaces/robokpy_interfaces/srv/detail/spawnobject__functions.c\n'}
[7.499574] (robokpy_interfaces) StdoutLine: {'line': b'-- Up-to-date: /home/meta/Documents/robotics_workspace_new/install/robokpy_interfaces/include/robokpy_interfaces/robokpy_interfaces/srv/detail/reachable__description.c\n'}
[7.499811] (robokpy_interfaces) StdoutLine: {'line': b'-- Up-to-date: /home/meta/Documents/robotics_workspace_new/install/robokpy_interfaces/include/robokpy_interfaces/robokpy_interfaces/srv/detail/reachable__functions.c\n'}
[7.500056] (robokpy_interfaces) StdoutLine: {'line': b'-- Up-to-date: /home/meta/Documents/robotics_workspace_new/install/robokpy_interfaces/include/robokpy_interfaces/robokpy_interfaces/srv/detail/despawn_object__functions.c\n'}
[7.502979] (robokpy_interfaces) StdoutLine: {'line': b'-- Up-to-date: /home/meta/Documents/robotics_workspace_new/install/robokpy_interfaces/include/robokpy_interfaces/robokpy_interfaces/srv/detail/jacobian__functions.c\n'}
[7.503414] (robokpy_interfaces) StdoutLine: {'line': b'-- Up-to-date: /home/meta/Documents/robotics_workspace_new/install/robokpy_interfaces/include/robokpy_interfaces/robokpy_interfaces/srv/detail/resolve_object_pose__functions.c\n'}
[7.503740] (robokpy_interfaces) StdoutLine: {'line': b'-- Installing: /home/meta/Documents/robotics_workspace_new/install/robokpy_interfaces/include/robokpy_interfaces/robokpy_interfaces/srv/detail/grasp_attach__type_support.c\n'}
[7.504245] (robokpy_interfaces) StdoutLine: {'line': b'-- Up-to-date: /home/meta/Documents/robotics_workspace_new/install/robokpy_interfaces/include/robokpy_interfaces/robokpy_interfaces/srv/detail/execution_state__type_support.h\n'}
[7.504801] (robokpy_interfaces) StdoutLine: {'line': b'-- Up-to-date: /home/meta/Documents/robotics_workspace_new/install/robokpy_interfaces/include/robokpy_interfaces/robokpy_interfaces/srv/detail/spawn_object__description.c\n'}
[7.505450] (robokpy_interfaces) StdoutLine: {'line': b'-- Up-to-date: /home/meta/Documents/robotics_workspace_new/install/robokpy_interfaces/include/robokpy_interfaces/robokpy_interfaces/srv/detail/despawn_object__struct.h\n'}
[7.505820] (robokpy_interfaces) StdoutLine: {'line': b'-- Up-to-date: /home/meta/Documents/robotics_workspace_new/install/robokpy_interfaces/include/robokpy_interfaces/robokpy_interfaces/srv/detail/load_recipe__type_support.h\n'}
[7.506190] (robokpy_interfaces) StdoutLine: {'line': b'-- Up-to-date: /home/meta/Documents/robotics_workspace_new/install/robokpy_interfaces/include/robokpy_interfaces/robokpy_interfaces/srv/detail/resume_execution__functions.h\n'}
[7.506515] (robokpy_interfaces) StdoutLine: {'line': b'-- Up-to-date: /home/meta/Documents/robotics_workspace_new/install/robokpy_interfaces/include/robokpy_interfaces/robokpy_interfaces/srv/detail/ik__description.c\n'}
[7.506814] (robokpy_interfaces) StdoutLine: {'line': b'-- Up-to-date: /home/meta/Documents/robotics_workspace_new/install/robokpy_interfaces/include/robokpy_interfaces/robokpy_interfaces/srv/detail/grasp_attach__type_support.h\n'}
[7.507103] (robokpy_interfaces) StdoutLine: {'line': b'-- Up-to-date: /home/meta/Documents/robotics_workspace_new/install/robokpy_interfaces/include/robokpy_interfaces/robokpy_interfaces/srv/detail/spawnobject__struct.h\n'}
[7.507453] (robokpy_interfaces) StdoutLine: {'line': b'-- Up-to-date: /home/meta/Documents/robotics_workspace_new/install/robokpy_interfaces/include/robokpy_interfaces/robokpy_interfaces/srv/detail/set_planning_tip_link__functions.c\n'}
[7.507749] (robokpy_interfaces) StdoutLine: {'line': b'-- Up-to-date: /home/meta/Documents/robotics_workspace_new/install/robokpy_interfaces/include/robokpy_interfaces/robokpy_interfaces/srv/detail/grasp_attach__functions.c\n'}
[7.508040] (robokpy_interfaces) StdoutLine: {'line': b'-- Up-to-date: /home/meta/Documents/robotics_workspace_new/install/robokpy_interfaces/include/robokpy_interfaces/robokpy_interfaces/srv/detail/fk__description.c\n'}
[7.508645] (robokpy_interfaces) StdoutLine: {'line': b'-- Up-to-date: /home/meta/Documents/robotics_workspace_new/install/robokpy_interfaces/include/robokpy_interfaces/robokpy_interfaces/srv/detail/load_recipe__functions.h\n'}
[7.508955] (robokpy_interfaces) StdoutLine: {'line': b'-- Up-to-date: /home/meta/Documents/robotics_workspace_new/install/robokpy_interfaces/include/robokpy_interfaces/robokpy_interfaces/srv/detail/despawn_object__type_support.h\n'}
[7.509545] (robokpy_interfaces) StdoutLine: {'line': b'-- Up-to-date: /home/meta/Documents/robotics_workspace_new/install/robokpy_interfaces/include/robokpy_interfaces/robokpy_interfaces/srv/detail/reachable__struct.h\n'}
[7.509862] (robokpy_interfaces) StdoutLine: {'line': b'-- Installing: /home/meta/Documents/robotics_workspace_new/install/robokpy_interfaces/include/robokpy_interfaces/robokpy_interfaces/srv/detail/execution_state__type_support.c\n'}
[7.525598] (robokpy_interfaces) StdoutLine: {'line': b'-- Up-to-date: /home/meta/Documents/robotics_workspace_new/install/robokpy_interfaces/include/robokpy_interfaces/robokpy_interfaces/srv/detail/fk__type_support.h\n'}
[7.526177] (robokpy_interfaces) StdoutLine: {'line': b'-- Up-to-date: /home/meta/Documents/robotics_workspace_new/install/robokpy_interfaces/include/robokpy_interfaces/robokpy_interfaces/srv/detail/resume_execution__struct.h\n'}
[7.527683] (robokpy_interfaces) StdoutLine: {'line': b'-- Up-to-date: /home/meta/Documents/robotics_workspace_new/install/robokpy_interfaces/include/robokpy_interfaces/robokpy_interfaces/srv/detail/system_mode__description.c\n'}
[7.528417] (robokpy_interfaces) StdoutLine: {'line': b'-- Up-to-date: /home/meta/Documents/robotics_workspace_new/install/robokpy_interfaces/include/robokpy_interfaces/robokpy_interfaces/srv/detail/system_mode__struct.h\n'}
[7.528740] (robokpy_interfaces) StdoutLine: {'line': b'-- Up-to-date: /home/meta/Documents/robotics_workspace_new/install/robokpy_interfaces/include/robokpy_interfaces/robokpy_interfaces/srv/detail/despawnobject__functions.c\n'}
[7.529086] (robokpy_interfaces) StdoutLine: {'line': b'-- Up-to-date: /home/meta/Documents/robotics_workspace_new/install/robokpy_interfaces/include/robokpy_interfaces/robokpy_interfaces/srv/detail/spawnobject__description.c\n'}
[7.529401] (robokpy_interfaces) StdoutLine: {'line': b'-- Up-to-date: /home/meta/Documents/robotics_workspace_new/install/robokpy_interfaces/include/robokpy_interfaces/robokpy_interfaces/srv/detail/system_mode__functions.h\n'}
[7.529687] (robokpy_interfaces) StdoutLine: {'line': b'-- Up-to-date: /home/meta/Documents/robotics_workspace_new/install/robokpy_interfaces/include/robokpy_interfaces/robokpy_interfaces/srv/detail/jacobian__type_support.h\n'}
[7.530006] (robokpy_interfaces) StdoutLine: {'line': b'-- Up-to-date: /home/meta/Documents/robotics_workspace_new/install/robokpy_interfaces/include/robokpy_interfaces/robokpy_interfaces/srv/detail/execution_state__functions.h\n'}
[7.530311] (robokpy_interfaces) StdoutLine: {'line': b'-- Up-to-date: /home/meta/Documents/robotics_workspace_new/install/robokpy_interfaces/include/robokpy_interfaces/robokpy_interfaces/srv/grasp_attach.h\n'}
[7.530796] (robokpy_interfaces) StdoutLine: {'line': b'-- Up-to-date: /home/meta/Documents/robotics_workspace_new/install/robokpy_interfaces/include/robokpy_interfaces/robokpy_interfaces/srv/reachable.h\n'}
[7.531233] (robokpy_interfaces) StdoutLine: {'line': b'-- Up-to-date: /home/meta/Documents/robotics_workspace_new/install/robokpy_interfaces/include/robokpy_interfaces/robokpy_interfaces/srv/chain_fk.h\n'}
[7.531555] (robokpy_interfaces) StdoutLine: {'line': b'-- Up-to-date: /home/meta/Documents/robotics_workspace_new/install/robokpy_interfaces/include/robokpy_interfaces/robokpy_interfaces/srv/spawnobject.h\n'}
[7.532038] (robokpy_interfaces) StdoutLine: {'line': b'-- Up-to-date: /home/meta/Documents/robotics_workspace_new/install/robokpy_interfaces/include/robokpy_interfaces/robokpy_interfaces/srv/resolve_object_pose.h\n'}
[7.532460] (robokpy_interfaces) StdoutLine: {'line': b'-- Up-to-date: /home/meta/Documents/robotics_workspace_new/install/robokpy_interfaces/include/robokpy_interfaces/robokpy_interfaces/srv/jacobian.h\n'}
[7.533079] (robokpy_interfaces) StdoutLine: {'line': b'-- Up-to-date: /home/meta/Documents/robotics_workspace_new/install/robokpy_interfaces/include/robokpy_interfaces/robokpy_interfaces/srv/resume_execution.h\n'}
[7.533405] (robokpy_interfaces) StdoutLine: {'line': b'-- Up-to-date: /home/meta/Documents/robotics_workspace_new/install/robokpy_interfaces/include/robokpy_interfaces/robokpy_interfaces/srv/spawn_object.h\n'}
[7.533880] (-) TimerEvent: {}
[7.534163] (robokpy_interfaces) StdoutLine: {'line': b'-- Up-to-date: /home/meta/Documents/robotics_workspace_new/install/robokpy_interfaces/include/robokpy_interfaces/robokpy_interfaces/srv/despawn_object.h\n'}
[7.536081] (robokpy_interfaces) StdoutLine: {'line': b'-- Up-to-date: /home/meta/Documents/robotics_workspace_new/install/robokpy_interfaces/include/robokpy_interfaces/robokpy_interfaces/srv/load_recipe.h\n'}
[7.536539] (robokpy_interfaces) StdoutLine: {'line': b'-- Up-to-date: /home/meta/Documents/robotics_workspace_new/install/robokpy_interfaces/include/robokpy_interfaces/robokpy_interfaces/srv/despawnobject.h\n'}
[7.536836] (robokpy_interfaces) StdoutLine: {'line': b'-- Up-to-date: /home/meta/Documents/robotics_workspace_new/install/robokpy_interfaces/include/robokpy_interfaces/robokpy_interfaces/action\n'}
[7.537757] (robokpy_interfaces) StdoutLine: {'line': b'-- Up-to-date: /home/meta/Documents/robotics_workspace_new/install/robokpy_interfaces/include/robokpy_interfaces/robokpy_interfaces/action/robot_trajectory.h\n'}
[7.539152] (robokpy_interfaces) StdoutLine: {'line': b'-- Up-to-date: /home/meta/Documents/robotics_workspace_new/install/robokpy_interfaces/include/robokpy_interfaces/robokpy_interfaces/action/detail\n'}
[7.539653] (robokpy_interfaces) StdoutLine: {'line': b'-- Up-to-date: /home/meta/Documents/robotics_workspace_new/install/robokpy_interfaces/include/robokpy_interfaces/robokpy_interfaces/action/detail/tool_execution__type_support.h\n'}
[7.539995] (robokpy_interfaces) StdoutLine: {'line': b'-- Up-to-date: /home/meta/Documents/robotics_workspace_new/install/robokpy_interfaces/include/robokpy_interfaces/robokpy_interfaces/action/detail/execute_vision_op__type_support.h\n'}
[7.542878] (robokpy_interfaces) StdoutLine: {'line': b'-- Up-to-date: /home/meta/Documents/robotics_workspace_new/install/robokpy_interfaces/include/robokpy_interfaces/robokpy_interfaces/action/detail/robot_trajectory__type_support.h\n'}
[7.543235] (robokpy_interfaces) StdoutLine: {'line': b'-- Up-to-date: /home/meta/Documents/robotics_workspace_new/install/robokpy_interfaces/include/robokpy_interfaces/robokpy_interfaces/action/detail/tool_execution__description.c\n'}
[7.543809] (robokpy_interfaces) StdoutLine: {'line': b'-- Installing: /home/meta/Documents/robotics_workspace_new/install/robokpy_interfaces/include/robokpy_interfaces/robokpy_interfaces/action/detail/set_joint_target__type_support.c\n'}
[7.544149] (robokpy_interfaces) StdoutLine: {'line': b'-- Up-to-date: /home/meta/Documents/robotics_workspace_new/install/robokpy_interfaces/include/robokpy_interfaces/robokpy_interfaces/action/detail/robot_trajectory__functions.h\n'}
[7.544509] (robokpy_interfaces) StdoutLine: {'line': b'-- Up-to-date: /home/meta/Documents/robotics_workspace_new/install/robokpy_interfaces/include/robokpy_interfaces/robokpy_interfaces/action/detail/execute_vision_op__struct.h\n'}
[7.544879] (robokpy_interfaces) StdoutLine: {'line': b'-- Installing: /home/meta/Documents/robotics_workspace_new/install/robokpy_interfaces/include/robokpy_interfaces/robokpy_interfaces/action/detail/execute_vision_op__type_support.c\n'}
[7.545712] (robokpy_interfaces) StdoutLine: {'line': b'-- Up-to-date: /home/meta/Documents/robotics_workspace_new/install/robokpy_interfaces/include/robokpy_interfaces/robokpy_interfaces/action/detail/robot_trajectory__functions.c\n'}
[7.546080] (robokpy_interfaces) StdoutLine: {'line': b'-- Up-to-date: /home/meta/Documents/robotics_workspace_new/install/robokpy_interfaces/include/robokpy_interfaces/robokpy_interfaces/action/detail/set_joint_target__struct.h\n'}
[7.546410] (robokpy_interfaces) StdoutLine: {'line': b'-- Installing: /home/meta/Documents/robotics_workspace_new/install/robokpy_interfaces/include/robokpy_interfaces/robokpy_interfaces/action/detail/execute_tool_op__type_support.c\n'}
[7.546712] (robokpy_interfaces) StdoutLine: {'line': b'-- Up-to-date: /home/meta/Documents/robotics_workspace_new/install/robokpy_interfaces/include/robokpy_interfaces/robokpy_interfaces/action/detail/execute_tool_op__struct.h\n'}
[7.548597] (robokpy_interfaces) StdoutLine: {'line': b'-- Up-to-date: /home/meta/Documents/robotics_workspace_new/install/robokpy_interfaces/include/robokpy_interfaces/robokpy_interfaces/action/detail/set_joint_target__functions.h\n'}
[7.549471] (robokpy_interfaces) StdoutLine: {'line': b'-- Up-to-date: /home/meta/Documents/robotics_workspace_new/install/robokpy_interfaces/include/robokpy_interfaces/robokpy_interfaces/action/detail/execute_tool_op__functions.h\n'}
[7.549807] (robokpy_interfaces) StdoutLine: {'line': b'-- Up-to-date: /home/meta/Documents/robotics_workspace_new/install/robokpy_interfaces/include/robokpy_interfaces/robokpy_interfaces/action/detail/execute_motion__type_support.h\n'}
[7.550106] (robokpy_interfaces) StdoutLine: {'line': b'-- Up-to-date: /home/meta/Documents/robotics_workspace_new/install/robokpy_interfaces/include/robokpy_interfaces/robokpy_interfaces/action/detail/set_joint_target__functions.c\n'}
[7.550685] (robokpy_interfaces) StdoutLine: {'line': b'-- Installing: /home/meta/Documents/robotics_workspace_new/install/robokpy_interfaces/include/robokpy_interfaces/robokpy_interfaces/action/detail/robot_trajectory__type_support.c\n'}
[7.551019] (robokpy_interfaces) StdoutLine: {'line': b'-- Up-to-date: /home/meta/Documents/robotics_workspace_new/install/robokpy_interfaces/include/robokpy_interfaces/robokpy_interfaces/action/detail/robot_trajectory__struct.h\n'}
[7.551371] (robokpy_interfaces) StdoutLine: {'line': b'-- Up-to-date: /home/meta/Documents/robotics_workspace_new/install/robokpy_interfaces/include/robokpy_interfaces/robokpy_interfaces/action/detail/set_joint_target__description.c\n'}
[7.551674] (robokpy_interfaces) StdoutLine: {'line': b'-- Up-to-date: /home/meta/Documents/robotics_workspace_new/install/robokpy_interfaces/include/robokpy_interfaces/robokpy_interfaces/action/detail/execute_tool_op__type_support.h\n'}
[7.551966] (robokpy_interfaces) StdoutLine: {'line': b'-- Up-to-date: /home/meta/Documents/robotics_workspace_new/install/robokpy_interfaces/include/robokpy_interfaces/robokpy_interfaces/action/detail/execute_vision_op__functions.c\n'}
[7.552302] (robokpy_interfaces) StdoutLine: {'line': b'-- Up-to-date: /home/meta/Documents/robotics_workspace_new/install/robokpy_interfaces/include/robokpy_interfaces/robokpy_interfaces/action/detail/execute_vision_op__functions.h\n'}
[7.553444] (robokpy_interfaces) StdoutLine: {'line': b'-- Up-to-date: /home/meta/Documents/robotics_workspace_new/install/robokpy_interfaces/include/robokpy_interfaces/robokpy_interfaces/action/detail/execute_vision_op__description.c\n'}
[7.553771] (robokpy_interfaces) StdoutLine: {'line': b'-- Up-to-date: /home/meta/Documents/robotics_workspace_new/install/robokpy_interfaces/include/robokpy_interfaces/robokpy_interfaces/action/detail/tool_execution__functions.h\n'}
[7.554622] (robokpy_interfaces) StdoutLine: {'line': b'-- Up-to-date: /home/meta/Documents/robotics_workspace_new/install/robokpy_interfaces/include/robokpy_interfaces/robokpy_interfaces/action/detail/robot_trajectory__description.c\n'}
[7.558672] (robokpy_interfaces) StdoutLine: {'line': b'-- Installing: /home/meta/Documents/robotics_workspace_new/install/robokpy_interfaces/include/robokpy_interfaces/robokpy_interfaces/action/detail/tool_execution__type_support.c\n'}
[7.560371] (robokpy_interfaces) StdoutLine: {'line': b'-- Up-to-date: /home/meta/Documents/robotics_workspace_new/install/robokpy_interfaces/include/robokpy_interfaces/robokpy_interfaces/action/detail/execute_motion__functions.h\n'}
[7.561467] (robokpy_interfaces) StdoutLine: {'line': b'-- Installing: /home/meta/Documents/robotics_workspace_new/install/robokpy_interfaces/include/robokpy_interfaces/robokpy_interfaces/action/detail/execute_motion__type_support.c\n'}
[7.562444] (robokpy_interfaces) StdoutLine: {'line': b'-- Up-to-date: /home/meta/Documents/robotics_workspace_new/install/robokpy_interfaces/include/robokpy_interfaces/robokpy_interfaces/action/detail/execute_motion__struct.h\n'}
[7.563018] (robokpy_interfaces) StdoutLine: {'line': b'-- Up-to-date: /home/meta/Documents/robotics_workspace_new/install/robokpy_interfaces/include/robokpy_interfaces/robokpy_interfaces/action/detail/set_joint_target__type_support.h\n'}
[7.563518] (robokpy_interfaces) StdoutLine: {'line': b'-- Up-to-date: /home/meta/Documents/robotics_workspace_new/install/robokpy_interfaces/include/robokpy_interfaces/robokpy_interfaces/action/detail/tool_execution__functions.c\n'}
[7.563832] (robokpy_interfaces) StdoutLine: {'line': b'-- Up-to-date: /home/meta/Documents/robotics_workspace_new/install/robokpy_interfaces/include/robokpy_interfaces/robokpy_interfaces/action/detail/tool_execution__struct.h\n'}
[7.564114] (robokpy_interfaces) StdoutLine: {'line': b'-- Up-to-date: /home/meta/Documents/robotics_workspace_new/install/robokpy_interfaces/include/robokpy_interfaces/robokpy_interfaces/action/detail/execute_tool_op__functions.c\n'}
[7.564605] (robokpy_interfaces) StdoutLine: {'line': b'-- Up-to-date: /home/meta/Documents/robotics_workspace_new/install/robokpy_interfaces/include/robokpy_interfaces/robokpy_interfaces/action/detail/execute_motion__functions.c\n'}
[7.564978] (robokpy_interfaces) StdoutLine: {'line': b'-- Up-to-date: /home/meta/Documents/robotics_workspace_new/install/robokpy_interfaces/include/robokpy_interfaces/robokpy_interfaces/action/detail/execute_tool_op__description.c\n'}
[7.565487] (robokpy_interfaces) StdoutLine: {'line': b'-- Up-to-date: /home/meta/Documents/robotics_workspace_new/install/robokpy_interfaces/include/robokpy_interfaces/robokpy_interfaces/action/detail/execute_motion__description.c\n'}
[7.565776] (robokpy_interfaces) StdoutLine: {'line': b'-- Up-to-date: /home/meta/Documents/robotics_workspace_new/install/robokpy_interfaces/include/robokpy_interfaces/robokpy_interfaces/action/tool_execution.h\n'}
[7.566016] (robokpy_interfaces) StdoutLine: {'line': b'-- Up-to-date: /home/meta/Documents/robotics_workspace_new/install/robokpy_interfaces/include/robokpy_interfaces/robokpy_interfaces/action/set_joint_target.h\n'}
[7.566472] (robokpy_interfaces) StdoutLine: {'line': b'-- Up-to-date: /home/meta/Documents/robotics_workspace_new/install/robokpy_interfaces/include/robokpy_interfaces/robokpy_interfaces/action/execute_motion.h\n'}
[7.570357] (robokpy_interfaces) StdoutLine: {'line': b'-- Up-to-date: /home/meta/Documents/robotics_workspace_new/install/robokpy_interfaces/include/robokpy_interfaces/robokpy_interfaces/action/execute_vision_op.h\n'}
[7.570668] (robokpy_interfaces) StdoutLine: {'line': b'-- Up-to-date: /home/meta/Documents/robotics_workspace_new/install/robokpy_interfaces/include/robokpy_interfaces/robokpy_interfaces/action/execute_tool_op.h\n'}
[7.572173] (robokpy_interfaces) StdoutLine: {'line': b'-- Up-to-date: /home/meta/Documents/robotics_workspace_new/install/robokpy_interfaces/include/robokpy_interfaces/robokpy_interfaces/msg\n'}
[7.572515] (robokpy_interfaces) StdoutLine: {'line': b'-- Up-to-date: /home/meta/Documents/robotics_workspace_new/install/robokpy_interfaces/include/robokpy_interfaces/robokpy_interfaces/msg/cell_state.h\n'}
[7.572820] (robokpy_interfaces) StdoutLine: {'line': b'-- Up-to-date: /home/meta/Documents/robotics_workspace_new/install/robokpy_interfaces/include/robokpy_interfaces/robokpy_interfaces/msg/detail\n'}
[7.573154] (robokpy_interfaces) StdoutLine: {'line': b'-- Up-to-date: /home/meta/Documents/robotics_workspace_new/install/robokpy_interfaces/include/robokpy_interfaces/robokpy_interfaces/msg/detail/cell_state__functions.h\n'}
[7.573490] (robokpy_interfaces) StdoutLine: {'line': b'-- Up-to-date: /home/meta/Documents/robotics_workspace_new/install/robokpy_interfaces/include/robokpy_interfaces/robokpy_interfaces/msg/detail/cell_state__functions.c\n'}
[7.573788] (robokpy_interfaces) StdoutLine: {'line': b'-- Up-to-date: /home/meta/Documents/robotics_workspace_new/install/robokpy_interfaces/include/robokpy_interfaces/robokpy_interfaces/msg/detail/cell_state__type_support.h\n'}
[7.578928] (robokpy_interfaces) StdoutLine: {'line': b'-- Up-to-date: /home/meta/Documents/robotics_workspace_new/install/robokpy_interfaces/include/robokpy_interfaces/robokpy_interfaces/msg/detail/cell_state__struct.h\n'}
[7.579327] (robokpy_interfaces) StdoutLine: {'line': b'-- Installing: /home/meta/Documents/robotics_workspace_new/install/robokpy_interfaces/include/robokpy_interfaces/robokpy_interfaces/msg/detail/cell_state__type_support.c\n'}
[7.579639] (robokpy_interfaces) StdoutLine: {'line': b'-- Up-to-date: /home/meta/Documents/robotics_workspace_new/install/robokpy_interfaces/include/robokpy_interfaces/robokpy_interfaces/msg/detail/cell_state__description.c\n'}
[7.579929] (robokpy_interfaces) StdoutLine: {'line': b'-- Up-to-date: /home/meta/Documents/robotics_workspace_new/install/robokpy_interfaces/include/robokpy_interfaces/robokpy_interfaces/msg/rosidl_generator_c__visibility_control.h\n'}
[7.580227] (robokpy_interfaces) StdoutLine: {'line': b'-- Up-to-date: /home/meta/Documents/robotics_workspace_new/install/robokpy_interfaces/share/robokpy_interfaces/environment/library_path.sh\n'}
[7.580560] (robokpy_interfaces) StdoutLine: {'line': b'-- Up-to-date: /home/meta/Documents/robotics_workspace_new/install/robokpy_interfaces/share/robokpy_interfaces/environment/library_path.dsv\n'}
[7.581110] (robokpy_interfaces) StdoutLine: {'line': b'-- Up-to-date: /home/meta/Documents/robotics_workspace_new/install/robokpy_interfaces/lib/librobokpy_interfaces__rosidl_generator_c.so\n'}
[7.581487] (robokpy_interfaces) StdoutLine: {'line': b'-- Up-to-date: /home/meta/Documents/robotics_workspace_new/install/robokpy_interfaces/include/robokpy_interfaces/robokpy_interfaces\n'}
[7.581886] (robokpy_interfaces) StdoutLine: {'line': b'-- Up-to-date: /home/meta/Documents/robotics_workspace_new/install/robokpy_interfaces/include/robokpy_interfaces/robokpy_interfaces/srv\n'}
[7.582189] (robokpy_interfaces) StdoutLine: {'line': b'-- Up-to-date: /home/meta/Documents/robotics_workspace_new/install/robokpy_interfaces/include/robokpy_interfaces/robokpy_interfaces/srv/detail\n'}
[7.582757] (robokpy_interfaces) StdoutLine: {'line': b'-- Up-to-date: /home/meta/Documents/robotics_workspace_new/install/robokpy_interfaces/include/robokpy_interfaces/robokpy_interfaces/srv/detail/despawn_object__rosidl_typesupport_fastrtps_c.h\n'}
[7.583048] (robokpy_interfaces) StdoutLine: {'line': b'-- Up-to-date: /home/meta/Documents/robotics_workspace_new/install/robokpy_interfaces/include/robokpy_interfaces/robokpy_interfaces/srv/detail/grasp_attach__rosidl_typesupport_fastrtps_c.h\n'}
[7.583518] (robokpy_interfaces) StdoutLine: {'line': b'-- Up-to-date: /home/meta/Documents/robotics_workspace_new/install/robokpy_interfaces/include/robokpy_interfaces/robokpy_interfaces/srv/detail/spawn_object__rosidl_typesupport_fastrtps_c.h\n'}
[7.583917] (robokpy_interfaces) StdoutLine: {'line': b'-- Up-to-date: /home/meta/Documents/robotics_workspace_new/install/robokpy_interfaces/include/robokpy_interfaces/robokpy_interfaces/srv/detail/system_mode__rosidl_typesupport_fastrtps_c.h\n'}
[7.584234] (robokpy_interfaces) StdoutLine: {'line': b'-- Up-to-date: /home/meta/Documents/robotics_workspace_new/install/robokpy_interfaces/include/robokpy_interfaces/robokpy_interfaces/srv/detail/jacobian__rosidl_typesupport_fastrtps_c.h\n'}
[7.584540] (robokpy_interfaces) StdoutLine: {'line': b'-- Up-to-date: /home/meta/Documents/robotics_workspace_new/install/robokpy_interfaces/include/robokpy_interfaces/robokpy_interfaces/srv/detail/fk__rosidl_typesupport_fastrtps_c.h\n'}
[7.584823] (robokpy_interfaces) StdoutLine: {'line': b'-- Up-to-date: /home/meta/Documents/robotics_workspace_new/install/robokpy_interfaces/include/robokpy_interfaces/robokpy_interfaces/srv/detail/ik__rosidl_typesupport_fastrtps_c.h\n'}
[7.585104] (robokpy_interfaces) StdoutLine: {'line': b'-- Up-to-date: /home/meta/Documents/robotics_workspace_new/install/robokpy_interfaces/include/robokpy_interfaces/robokpy_interfaces/srv/detail/resolve_object_pose__rosidl_typesupport_fastrtps_c.h\n'}
[7.585426] (robokpy_interfaces) StdoutLine: {'line': b'-- Up-to-date: /home/meta/Documents/robotics_workspace_new/install/robokpy_interfaces/include/robokpy_interfaces/robokpy_interfaces/srv/detail/despawnobject__rosidl_typesupport_fastrtps_c.h\n'}
[7.585704] (robokpy_interfaces) StdoutLine: {'line': b'-- Up-to-date: /home/meta/Documents/robotics_workspace_new/install/robokpy_interfaces/include/robokpy_interfaces/robokpy_interfaces/srv/detail/execution_state__rosidl_typesupport_fastrtps_c.h\n'}
[7.586401] (robokpy_interfaces) StdoutLine: {'line': b'-- Up-to-date: /home/meta/Documents/robotics_workspace_new/install/robokpy_interfaces/include/robokpy_interfaces/robokpy_interfaces/srv/detail/reachable__rosidl_typesupport_fastrtps_c.h\n'}
[7.586697] (robokpy_interfaces) StdoutLine: {'line': b'-- Up-to-date: /home/meta/Documents/robotics_workspace_new/install/robokpy_interfaces/include/robokpy_interfaces/robokpy_interfaces/srv/detail/chain_fk__rosidl_typesupport_fastrtps_c.h\n'}
[7.586982] (robokpy_interfaces) StdoutLine: {'line': b'-- Up-to-date: /home/meta/Documents/robotics_workspace_new/install/robokpy_interfaces/include/robokpy_interfaces/robokpy_interfaces/srv/detail/set_planning_tip_link__rosidl_typesupport_fastrtps_c.h\n'}
[7.587297] (robokpy_interfaces) StdoutLine: {'line': b'-- Up-to-date: /home/meta/Documents/robotics_workspace_new/install/robokpy_interfaces/include/robokpy_interfaces/robokpy_interfaces/srv/detail/load_recipe__rosidl_typesupport_fastrtps_c.h\n'}
[7.587620] (robokpy_interfaces) StdoutLine: {'line': b'-- Up-to-date: /home/meta/Documents/robotics_workspace_new/install/robokpy_interfaces/include/robokpy_interfaces/robokpy_interfaces/srv/detail/spawnobject__rosidl_typesupport_fastrtps_c.h\n'}
[7.587909] (robokpy_interfaces) StdoutLine: {'line': b'-- Up-to-date: /home/meta/Documents/robotics_workspace_new/install/robokpy_interfaces/include/robokpy_interfaces/robokpy_interfaces/srv/detail/resume_execution__rosidl_typesupport_fastrtps_c.h\n'}
[7.588214] (robokpy_interfaces) StdoutLine: {'line': b'-- Up-to-date: /home/meta/Documents/robotics_workspace_new/install/robokpy_interfaces/include/robokpy_interfaces/robokpy_interfaces/action\n'}
[7.588516] (robokpy_interfaces) StdoutLine: {'line': b'-- Up-to-date: /home/meta/Documents/robotics_workspace_new/install/robokpy_interfaces/include/robokpy_interfaces/robokpy_interfaces/action/detail\n'}
[7.588802] (robokpy_interfaces) StdoutLine: {'line': b'-- Up-to-date: /home/meta/Documents/robotics_workspace_new/install/robokpy_interfaces/include/robokpy_interfaces/robokpy_interfaces/action/detail/execute_tool_op__rosidl_typesupport_fastrtps_c.h\n'}
[7.589086] (robokpy_interfaces) StdoutLine: {'line': b'-- Up-to-date: /home/meta/Documents/robotics_workspace_new/install/robokpy_interfaces/include/robokpy_interfaces/robokpy_interfaces/action/detail/tool_execution__rosidl_typesupport_fastrtps_c.h\n'}
[7.590273] (robokpy_interfaces) StdoutLine: {'line': b'-- Up-to-date: /home/meta/Documents/robotics_workspace_new/install/robokpy_interfaces/include/robokpy_interfaces/robokpy_interfaces/action/detail/set_joint_target__rosidl_typesupport_fastrtps_c.h\n'}
[7.590573] (robokpy_interfaces) StdoutLine: {'line': b'-- Up-to-date: /home/meta/Documents/robotics_workspace_new/install/robokpy_interfaces/include/robokpy_interfaces/robokpy_interfaces/action/detail/execute_vision_op__rosidl_typesupport_fastrtps_c.h\n'}
[7.590837] (robokpy_interfaces) StdoutLine: {'line': b'-- Up-to-date: /home/meta/Documents/robotics_workspace_new/install/robokpy_interfaces/include/robokpy_interfaces/robokpy_interfaces/action/detail/execute_motion__rosidl_typesupport_fastrtps_c.h\n'}
[7.592827] (robokpy_interfaces) StdoutLine: {'line': b'-- Up-to-date: /home/meta/Documents/robotics_workspace_new/install/robokpy_interfaces/include/robokpy_interfaces/robokpy_interfaces/action/detail/robot_trajectory__rosidl_typesupport_fastrtps_c.h\n'}
[7.593702] (robokpy_interfaces) StdoutLine: {'line': b'-- Up-to-date: /home/meta/Documents/robotics_workspace_new/install/robokpy_interfaces/include/robokpy_interfaces/robokpy_interfaces/msg\n'}
[7.594063] (robokpy_interfaces) StdoutLine: {'line': b'-- Up-to-date: /home/meta/Documents/robotics_workspace_new/install/robokpy_interfaces/include/robokpy_interfaces/robokpy_interfaces/msg/detail\n'}
[7.594422] (robokpy_interfaces) StdoutLine: {'line': b'-- Up-to-date: /home/meta/Documents/robotics_workspace_new/install/robokpy_interfaces/include/robokpy_interfaces/robokpy_interfaces/msg/detail/cell_state__rosidl_typesupport_fastrtps_c.h\n'}
[7.594733] (robokpy_interfaces) StdoutLine: {'line': b'-- Up-to-date: /home/meta/Documents/robotics_workspace_new/install/robokpy_interfaces/include/robokpy_interfaces/robokpy_interfaces/msg/rosidl_typesupport_fastrtps_c__visibility_control.h\n'}
[7.595029] (robokpy_interfaces) StdoutLine: {'line': b'-- Up-to-date: /home/meta/Documents/robotics_workspace_new/install/robokpy_interfaces/lib/librobokpy_interfaces__rosidl_typesupport_fastrtps_c.so\n'}
[7.595371] (robokpy_interfaces) StdoutLine: {'line': b'-- Up-to-date: /home/meta/Documents/robotics_workspace_new/install/robokpy_interfaces/include/robokpy_interfaces/robokpy_interfaces\n'}
[7.595889] (robokpy_interfaces) StdoutLine: {'line': b'-- Up-to-date: /home/meta/Documents/robotics_workspace_new/install/robokpy_interfaces/include/robokpy_interfaces/robokpy_interfaces/srv\n'}
[7.596251] (robokpy_interfaces) StdoutLine: {'line': b'-- Up-to-date: /home/meta/Documents/robotics_workspace_new/install/robokpy_interfaces/include/robokpy_interfaces/robokpy_interfaces/srv/detail\n'}
[7.596574] (robokpy_interfaces) StdoutLine: {'line': b'-- Installing: /home/meta/Documents/robotics_workspace_new/install/robokpy_interfaces/include/robokpy_interfaces/robokpy_interfaces/srv/detail/spawn_object__type_support.c\n'}
[7.597004] (robokpy_interfaces) StdoutLine: {'line': b'-- Installing: /home/meta/Documents/robotics_workspace_new/install/robokpy_interfaces/include/robokpy_interfaces/robokpy_interfaces/srv/detail/system_mode__type_support.c\n'}
[7.602911] (robokpy_interfaces) StdoutLine: {'line': b'-- Installing: /home/meta/Documents/robotics_workspace_new/install/robokpy_interfaces/include/robokpy_interfaces/robokpy_interfaces/srv/detail/despawn_object__type_support.c\n'}
[7.604115] (robokpy_interfaces) StdoutLine: {'line': b'-- Up-to-date: /home/meta/Documents/robotics_workspace_new/install/robokpy_interfaces/include/robokpy_interfaces/robokpy_interfaces/srv/detail/fk__rosidl_typesupport_introspection_c.h\n'}
[7.604483] (robokpy_interfaces) StdoutLine: {'line': b'-- Installing: /home/meta/Documents/robotics_workspace_new/install/robokpy_interfaces/include/robokpy_interfaces/robokpy_interfaces/srv/detail/chain_fk__type_support.c\n'}
[7.630935] (robokpy_interfaces) StdoutLine: {'line': b'-- Up-to-date: /home/meta/Documents/robotics_workspace_new/install/robokpy_interfaces/include/robokpy_interfaces/robokpy_interfaces/srv/detail/spawnobject__rosidl_typesupport_introspection_c.h\n'}
[7.631392] (robokpy_interfaces) StdoutLine: {'line': b'-- Installing: /home/meta/Documents/robotics_workspace_new/install/robokpy_interfaces/include/robokpy_interfaces/robokpy_interfaces/srv/detail/despawnobject__type_support.c\n'}
[7.633997] (-) TimerEvent: {}
[7.655443] (robokpy_interfaces) StdoutLine: {'line': b'-- Up-to-date: /home/meta/Documents/robotics_workspace_new/install/robokpy_interfaces/include/robokpy_interfaces/robokpy_interfaces/srv/detail/grasp_attach__rosidl_typesupport_introspection_c.h\n'}
[7.655821] (robokpy_interfaces) StdoutLine: {'line': b'-- Installing: /home/meta/Documents/robotics_workspace_new/install/robokpy_interfaces/include/robokpy_interfaces/robokpy_interfaces/srv/detail/reachable__type_support.c\n'}
[7.657291] (robokpy_interfaces) StdoutLine: {'line': b'-- Installing: /home/meta/Documents/robotics_workspace_new/install/robokpy_interfaces/include/robokpy_interfaces/robokpy_interfaces/srv/detail/resolve_object_pose__type_support.c\n'}
[7.675467] (robokpy_interfaces) StdoutLine: {'line': b'-- Installing: /home/meta/Documents/robotics_workspace_new/install/robokpy_interfaces/include/robokpy_interfaces/robokpy_interfaces/srv/detail/spawnobject__type_support.c\n'}
[7.676276] (robokpy_interfaces) StdoutLine: {'line': b'-- Up-to-date: /home/meta/Documents/robotics_workspace_new/install/robokpy_interfaces/include/robokpy_interfaces/robokpy_interfaces/srv/detail/ik__rosidl_typesupport_introspection_c.h\n'}
[7.676711] (robokpy_interfaces) StdoutLine: {'line': b'-- Up-to-date: /home/meta/Documents/robotics_workspace_new/install/robokpy_interfaces/include/robokpy_interfaces/robokpy_interfaces/srv/detail/set_planning_tip_link__rosidl_typesupport_introspection_c.h\n'}
[7.676976] (robokpy_interfaces) StdoutLine: {'line': b'-- Installing: /home/meta/Documents/robotics_workspace_new/install/robokpy_interfaces/include/robokpy_interfaces/robokpy_interfaces/srv/detail/ik__type_support.c\n'}
[7.677498] (robokpy_interfaces) StdoutLine: {'line': b'-- Installing: /home/meta/Documents/robotics_workspace_new/install/robokpy_interfaces/include/robokpy_interfaces/robokpy_interfaces/srv/detail/fk__type_support.c\n'}
[7.678377] (robokpy_interfaces) StdoutLine: {'line': b'-- Installing: /home/meta/Documents/robotics_workspace_new/install/robokpy_interfaces/include/robokpy_interfaces/robokpy_interfaces/srv/detail/resume_execution__type_support.c\n'}
[7.679421] (robokpy_interfaces) StdoutLine: {'line': b'-- Installing: /home/meta/Documents/robotics_workspace_new/install/robokpy_interfaces/include/robokpy_interfaces/robokpy_interfaces/srv/detail/set_planning_tip_link__type_support.c\n'}
[7.703471] (robokpy_interfaces) StdoutLine: {'line': b'-- Up-to-date: /home/meta/Documents/robotics_workspace_new/install/robokpy_interfaces/include/robokpy_interfaces/robokpy_interfaces/srv/detail/despawn_object__rosidl_typesupport_introspection_c.h\n'}
[7.703884] (robokpy_interfaces) StdoutLine: {'line': b'-- Up-to-date: /home/meta/Documents/robotics_workspace_new/install/robokpy_interfaces/include/robokpy_interfaces/robokpy_interfaces/srv/detail/jacobian__rosidl_typesupport_introspection_c.h\n'}
[7.704319] (robokpy_interfaces) StdoutLine: {'line': b'-- Installing: /home/meta/Documents/robotics_workspace_new/install/robokpy_interfaces/include/robokpy_interfaces/robokpy_interfaces/srv/detail/load_recipe__type_support.c\n'}
[7.704591] (robokpy_interfaces) StdoutLine: {'line': b'-- Installing: /home/meta/Documents/robotics_workspace_new/install/robokpy_interfaces/include/robokpy_interfaces/robokpy_interfaces/srv/detail/jacobian__type_support.c\n'}
[7.705734] (robokpy_interfaces) StdoutLine: {'line': b'-- Up-to-date: /home/meta/Documents/robotics_workspace_new/install/robokpy_interfaces/include/robokpy_interfaces/robokpy_interfaces/srv/detail/resolve_object_pose__rosidl_typesupport_introspection_c.h\n'}
[7.706793] (robokpy_interfaces) StdoutLine: {'line': b'-- Up-to-date: /home/meta/Documents/robotics_workspace_new/install/robokpy_interfaces/include/robokpy_interfaces/robokpy_interfaces/srv/detail/reachable__rosidl_typesupport_introspection_c.h\n'}
[7.707134] (robokpy_interfaces) StdoutLine: {'line': b'-- Up-to-date: /home/meta/Documents/robotics_workspace_new/install/robokpy_interfaces/include/robokpy_interfaces/robokpy_interfaces/srv/detail/load_recipe__rosidl_typesupport_introspection_c.h\n'}
[7.707582] (robokpy_interfaces) StdoutLine: {'line': b'-- Installing: /home/meta/Documents/robotics_workspace_new/install/robokpy_interfaces/include/robokpy_interfaces/robokpy_interfaces/srv/detail/grasp_attach__type_support.c\n'}
[7.708826] (robokpy_interfaces) StdoutLine: {'line': b'-- Up-to-date: /home/meta/Documents/robotics_workspace_new/install/robokpy_interfaces/include/robokpy_interfaces/robokpy_interfaces/srv/detail/despawnobject__rosidl_typesupport_introspection_c.h\n'}
[7.709164] (robokpy_interfaces) StdoutLine: {'line': b'-- Installing: /home/meta/Documents/robotics_workspace_new/install/robokpy_interfaces/include/robokpy_interfaces/robokpy_interfaces/srv/detail/execution_state__type_support.c\n'}
[7.710236] (robokpy_interfaces) StdoutLine: {'line': b'-- Up-to-date: /home/meta/Documents/robotics_workspace_new/install/robokpy_interfaces/include/robokpy_interfaces/robokpy_interfaces/srv/detail/chain_fk__rosidl_typesupport_introspection_c.h\n'}
[7.712102] (robokpy_interfaces) StdoutLine: {'line': b'-- Up-to-date: /home/meta/Documents/robotics_workspace_new/install/robokpy_interfaces/include/robokpy_interfaces/robokpy_interfaces/srv/detail/resume_execution__rosidl_typesupport_introspection_c.h\n'}
[7.712417] (robokpy_interfaces) StdoutLine: {'line': b'-- Up-to-date: /home/meta/Documents/robotics_workspace_new/install/robokpy_interfaces/include/robokpy_interfaces/robokpy_interfaces/srv/detail/execution_state__rosidl_typesupport_introspection_c.h\n'}
[7.712829] (robokpy_interfaces) StdoutLine: {'line': b'-- Up-to-date: /home/meta/Documents/robotics_workspace_new/install/robokpy_interfaces/include/robokpy_interfaces/robokpy_interfaces/srv/detail/system_mode__rosidl_typesupport_introspection_c.h\n'}
[7.713441] (robokpy_interfaces) StdoutLine: {'line': b'-- Up-to-date: /home/meta/Documents/robotics_workspace_new/install/robokpy_interfaces/include/robokpy_interfaces/robokpy_interfaces/srv/detail/spawn_object__rosidl_typesupport_introspection_c.h\n'}
[7.713692] (robokpy_interfaces) StdoutLine: {'line': b'-- Up-to-date: /home/meta/Documents/robotics_workspace_new/install/robokpy_interfaces/include/robokpy_interfaces/robokpy_interfaces/action\n'}
[7.713981] (robokpy_interfaces) StdoutLine: {'line': b'-- Up-to-date: /home/meta/Documents/robotics_workspace_new/install/robokpy_interfaces/include/robokpy_interfaces/robokpy_interfaces/action/detail\n'}
[7.714283] (robokpy_interfaces) StdoutLine: {'line': b'-- Up-to-date: /home/meta/Documents/robotics_workspace_new/install/robokpy_interfaces/include/robokpy_interfaces/robokpy_interfaces/action/detail/robot_trajectory__rosidl_typesupport_introspection_c.h\n'}
[7.714555] (robokpy_interfaces) StdoutLine: {'line': b'-- Up-to-date: /home/meta/Documents/robotics_workspace_new/install/robokpy_interfaces/include/robokpy_interfaces/robokpy_interfaces/action/detail/execute_tool_op__rosidl_typesupport_introspection_c.h\n'}
[7.714802] (robokpy_interfaces) StdoutLine: {'line': b'-- Installing: /home/meta/Documents/robotics_workspace_new/install/robokpy_interfaces/include/robokpy_interfaces/robokpy_interfaces/action/detail/set_joint_target__type_support.c\n'}
[7.721305] (robokpy_interfaces) StdoutLine: {'line': b'-- Installing: /home/meta/Documents/robotics_workspace_new/install/robokpy_interfaces/include/robokpy_interfaces/robokpy_interfaces/action/detail/execute_vision_op__type_support.c\n'}
[7.734438] (-) TimerEvent: {}
[7.742935] (robokpy_interfaces) StdoutLine: {'line': b'-- Installing: /home/meta/Documents/robotics_workspace_new/install/robokpy_interfaces/include/robokpy_interfaces/robokpy_interfaces/action/detail/execute_tool_op__type_support.c\n'}
[7.744305] (robokpy_interfaces) StdoutLine: {'line': b'-- Up-to-date: /home/meta/Documents/robotics_workspace_new/install/robokpy_interfaces/include/robokpy_interfaces/robokpy_interfaces/action/detail/tool_execution__rosidl_typesupport_introspection_c.h\n'}
[7.744972] (robokpy_interfaces) StdoutLine: {'line': b'-- Installing: /home/meta/Documents/robotics_workspace_new/install/robokpy_interfaces/include/robokpy_interfaces/robokpy_interfaces/action/detail/robot_trajectory__type_support.c\n'}
[7.763287] (robokpy_interfaces) StdoutLine: {'line': b'-- Installing: /home/meta/Documents/robotics_workspace_new/install/robokpy_interfaces/include/robokpy_interfaces/robokpy_interfaces/action/detail/tool_execution__type_support.c\n'}
[7.776419] (robokpy_interfaces) StdoutLine: {'line': b'-- Up-to-date: /home/meta/Documents/robotics_workspace_new/install/robokpy_interfaces/include/robokpy_interfaces/robokpy_interfaces/action/detail/execute_vision_op__rosidl_typesupport_introspection_c.h\n'}
[7.777237] (robokpy_interfaces) StdoutLine: {'line': b'-- Installing: /home/meta/Documents/robotics_workspace_new/install/robokpy_interfaces/include/robokpy_interfaces/robokpy_interfaces/action/detail/execute_motion__type_support.c\n'}
[7.795420] (robokpy_interfaces) StdoutLine: {'line': b'-- Up-to-date: /home/meta/Documents/robotics_workspace_new/install/robokpy_interfaces/include/robokpy_interfaces/robokpy_interfaces/action/detail/set_joint_target__rosidl_typesupport_introspection_c.h\n'}
[7.795924] (robokpy_interfaces) StdoutLine: {'line': b'-- Up-to-date: /home/meta/Documents/robotics_workspace_new/install/robokpy_interfaces/include/robokpy_interfaces/robokpy_interfaces/action/detail/execute_motion__rosidl_typesupport_introspection_c.h\n'}
[7.796225] (robokpy_interfaces) StdoutLine: {'line': b'-- Up-to-date: /home/meta/Documents/robotics_workspace_new/install/robokpy_interfaces/include/robokpy_interfaces/robokpy_interfaces/msg\n'}
[7.796485] (robokpy_interfaces) StdoutLine: {'line': b'-- Up-to-date: /home/meta/Documents/robotics_workspace_new/install/robokpy_interfaces/include/robokpy_interfaces/robokpy_interfaces/msg/detail\n'}
[7.796727] (robokpy_interfaces) StdoutLine: {'line': b'-- Installing: /home/meta/Documents/robotics_workspace_new/install/robokpy_interfaces/include/robokpy_interfaces/robokpy_interfaces/msg/detail/cell_state__type_support.c\n'}
[7.797057] (robokpy_interfaces) StdoutLine: {'line': b'-- Up-to-date: /home/meta/Documents/robotics_workspace_new/install/robokpy_interfaces/include/robokpy_interfaces/robokpy_interfaces/msg/detail/cell_state__rosidl_typesupport_introspection_c.h\n'}
[7.797360] (robokpy_interfaces) StdoutLine: {'line': b'-- Up-to-date: /home/meta/Documents/robotics_workspace_new/install/robokpy_interfaces/include/robokpy_interfaces/robokpy_interfaces/msg/rosidl_typesupport_introspection_c__visibility_control.h\n'}
[7.797692] (robokpy_interfaces) StdoutLine: {'line': b'-- Up-to-date: /home/meta/Documents/robotics_workspace_new/install/robokpy_interfaces/lib/librobokpy_interfaces__rosidl_typesupport_introspection_c.so\n'}
[7.798210] (robokpy_interfaces) StdoutLine: {'line': b'-- Up-to-date: /home/meta/Documents/robotics_workspace_new/install/robokpy_interfaces/lib/librobokpy_interfaces__rosidl_typesupport_c.so\n'}
[7.798851] (robokpy_interfaces) StdoutLine: {'line': b'-- Up-to-date: /home/meta/Documents/robotics_workspace_new/install/robokpy_interfaces/include/robokpy_interfaces/robokpy_interfaces\n'}
[7.799351] (robokpy_interfaces) StdoutLine: {'line': b'-- Up-to-date: /home/meta/Documents/robotics_workspace_new/install/robokpy_interfaces/include/robokpy_interfaces/robokpy_interfaces/srv\n'}
[7.799951] (robokpy_interfaces) StdoutLine: {'line': b'-- Up-to-date: /home/meta/Documents/robotics_workspace_new/install/robokpy_interfaces/include/robokpy_interfaces/robokpy_interfaces/srv/spawn_object.hpp\n'}
[7.800761] (robokpy_interfaces) StdoutLine: {'line': b'-- Up-to-date: /home/meta/Documents/robotics_workspace_new/install/robokpy_interfaces/include/robokpy_interfaces/robokpy_interfaces/srv/system_mode.hpp\n'}
[7.801537] (robokpy_interfaces) StdoutLine: {'line': b'-- Up-to-date: /home/meta/Documents/robotics_workspace_new/install/robokpy_interfaces/include/robokpy_interfaces/robokpy_interfaces/srv/set_planning_tip_link.hpp\n'}
[7.802156] (robokpy_interfaces) StdoutLine: {'line': b'-- Up-to-date: /home/meta/Documents/robotics_workspace_new/install/robokpy_interfaces/include/robokpy_interfaces/robokpy_interfaces/srv/execution_state.hpp\n'}
[7.802475] (robokpy_interfaces) StdoutLine: {'line': b'-- Up-to-date: /home/meta/Documents/robotics_workspace_new/install/robokpy_interfaces/include/robokpy_interfaces/robokpy_interfaces/srv/jacobian.hpp\n'}
[7.802772] (robokpy_interfaces) StdoutLine: {'line': b'-- Up-to-date: /home/meta/Documents/robotics_workspace_new/install/robokpy_interfaces/include/robokpy_interfaces/robokpy_interfaces/srv/grasp_attach.hpp\n'}
[7.803021] (robokpy_interfaces) StdoutLine: {'line': b'-- Up-to-date: /home/meta/Documents/robotics_workspace_new/install/robokpy_interfaces/include/robokpy_interfaces/robokpy_interfaces/srv/load_recipe.hpp\n'}
[7.803452] (robokpy_interfaces) StdoutLine: {'line': b'-- Up-to-date: /home/meta/Documents/robotics_workspace_new/install/robokpy_interfaces/include/robokpy_interfaces/robokpy_interfaces/srv/detail\n'}
[7.803721] (robokpy_interfaces) StdoutLine: {'line': b'-- Up-to-date: /home/meta/Documents/robotics_workspace_new/install/robokpy_interfaces/include/robokpy_interfaces/robokpy_interfaces/srv/detail/grasp_attach__struct.hpp\n'}
[7.803945] (robokpy_interfaces) StdoutLine: {'line': b'-- Up-to-date: /home/meta/Documents/robotics_workspace_new/install/robokpy_interfaces/include/robokpy_interfaces/robokpy_interfaces/srv/detail/resume_execution__type_support.hpp\n'}
[7.804441] (robokpy_interfaces) StdoutLine: {'line': b'-- Up-to-date: /home/meta/Documents/robotics_workspace_new/install/robokpy_interfaces/include/robokpy_interfaces/robokpy_interfaces/srv/detail/ik__struct.hpp\n'}
[7.805276] (robokpy_interfaces) StdoutLine: {'line': b'-- Up-to-date: /home/meta/Documents/robotics_workspace_new/install/robokpy_interfaces/include/robokpy_interfaces/robokpy_interfaces/srv/detail/reachable__type_support.hpp\n'}
[7.805646] (robokpy_interfaces) StdoutLine: {'line': b'-- Up-to-date: /home/meta/Documents/robotics_workspace_new/install/robokpy_interfaces/include/robokpy_interfaces/robokpy_interfaces/srv/detail/system_mode__type_support.hpp\n'}
[7.805890] (robokpy_interfaces) StdoutLine: {'line': b'-- Up-to-date: /home/meta/Documents/robotics_workspace_new/install/robokpy_interfaces/include/robokpy_interfaces/robokpy_interfaces/srv/detail/despawnobject__builder.hpp\n'}
[7.806133] (robokpy_interfaces) StdoutLine: {'line': b'-- Up-to-date: /home/meta/Documents/robotics_workspace_new/install/robokpy_interfaces/include/robokpy_interfaces/robokpy_interfaces/srv/detail/despawnobject__type_support.hpp\n'}
[7.806438] (robokpy_interfaces) StdoutLine: {'line': b'-- Up-to-date: /home/meta/Documents/robotics_workspace_new/install/robokpy_interfaces/include/robokpy_interfaces/robokpy_interfaces/srv/detail/execution_state__type_support.hpp\n'}
[7.806690] (robokpy_interfaces) StdoutLine: {'line': b'-- Up-to-date: /home/meta/Documents/robotics_workspace_new/install/robokpy_interfaces/include/robokpy_interfaces/robokpy_interfaces/srv/detail/fk__type_support.hpp\n'}
[7.806921] (robokpy_interfaces) StdoutLine: {'line': b'-- Up-to-date: /home/meta/Documents/robotics_workspace_new/install/robokpy_interfaces/include/robokpy_interfaces/robokpy_interfaces/srv/detail/jacobian__struct.hpp\n'}
[7.807219] (robokpy_interfaces) StdoutLine: {'line': b'-- Up-to-date: /home/meta/Documents/robotics_workspace_new/install/robokpy_interfaces/include/robokpy_interfaces/robokpy_interfaces/srv/detail/ik__traits.hpp\n'}
[7.807650] (robokpy_interfaces) StdoutLine: {'line': b'-- Up-to-date: /home/meta/Documents/robotics_workspace_new/install/robokpy_interfaces/include/robokpy_interfaces/robokpy_interfaces/srv/detail/fk__struct.hpp\n'}
[7.807913] (robokpy_interfaces) StdoutLine: {'line': b'-- Up-to-date: /home/meta/Documents/robotics_workspace_new/install/robokpy_interfaces/include/robokpy_interfaces/robokpy_interfaces/srv/detail/grasp_attach__type_support.hpp\n'}
[7.808208] (robokpy_interfaces) StdoutLine: {'line': b'-- Up-to-date: /home/meta/Documents/robotics_workspace_new/install/robokpy_interfaces/include/robokpy_interfaces/robokpy_interfaces/srv/detail/execution_state__struct.hpp\n'}
[7.808963] (robokpy_interfaces) StdoutLine: {'line': b'-- Up-to-date: /home/meta/Documents/robotics_workspace_new/install/robokpy_interfaces/include/robokpy_interfaces/robokpy_interfaces/srv/detail/resume_execution__builder.hpp\n'}
[7.809601] (robokpy_interfaces) StdoutLine: {'line': b'-- Up-to-date: /home/meta/Documents/robotics_workspace_new/install/robokpy_interfaces/include/robokpy_interfaces/robokpy_interfaces/srv/detail/despawnobject__traits.hpp\n'}
[7.810347] (robokpy_interfaces) StdoutLine: {'line': b'-- Up-to-date: /home/meta/Documents/robotics_workspace_new/install/robokpy_interfaces/include/robokpy_interfaces/robokpy_interfaces/srv/detail/execution_state__traits.hpp\n'}
[7.811072] (robokpy_interfaces) StdoutLine: {'line': b'-- Up-to-date: /home/meta/Documents/robotics_workspace_new/install/robokpy_interfaces/include/robokpy_interfaces/robokpy_interfaces/srv/detail/chain_fk__type_support.hpp\n'}
[7.811348] (robokpy_interfaces) StdoutLine: {'line': b'-- Up-to-date: /home/meta/Documents/robotics_workspace_new/install/robokpy_interfaces/include/robokpy_interfaces/robokpy_interfaces/srv/detail/resolve_object_pose__builder.hpp\n'}
[7.811827] (robokpy_interfaces) StdoutLine: {'line': b'-- Up-to-date: /home/meta/Documents/robotics_workspace_new/install/robokpy_interfaces/include/robokpy_interfaces/robokpy_interfaces/srv/detail/resolve_object_pose__type_support.hpp\n'}
[7.812852] (robokpy_interfaces) StdoutLine: {'line': b'-- Up-to-date: /home/meta/Documents/robotics_workspace_new/install/robokpy_interfaces/include/robokpy_interfaces/robokpy_interfaces/srv/detail/fk__traits.hpp\n'}
[7.813517] (robokpy_interfaces) StdoutLine: {'line': b'-- Up-to-date: /home/meta/Documents/robotics_workspace_new/install/robokpy_interfaces/include/robokpy_interfaces/robokpy_interfaces/srv/detail/jacobian__type_support.hpp\n'}
[7.815370] (robokpy_interfaces) StdoutLine: {'line': b'-- Up-to-date: /home/meta/Documents/robotics_workspace_new/install/robokpy_interfaces/include/robokpy_interfaces/robokpy_interfaces/srv/detail/resolve_object_pose__struct.hpp\n'}
[7.815794] (robokpy_interfaces) StdoutLine: {'line': b'-- Up-to-date: /home/meta/Documents/robotics_workspace_new/install/robokpy_interfaces/include/robokpy_interfaces/robokpy_interfaces/srv/detail/despawn_object__traits.hpp\n'}
[7.816206] (robokpy_interfaces) StdoutLine: {'line': b'-- Up-to-date: /home/meta/Documents/robotics_workspace_new/install/robokpy_interfaces/include/robokpy_interfaces/robokpy_interfaces/srv/detail/load_recipe__type_support.hpp\n'}
[7.816580] (robokpy_interfaces) StdoutLine: {'line': b'-- Up-to-date: /home/meta/Documents/robotics_workspace_new/install/robokpy_interfaces/include/robokpy_interfaces/robokpy_interfaces/srv/detail/reachable__traits.hpp\n'}
[7.816835] (robokpy_interfaces) StdoutLine: {'line': b'-- Up-to-date: /home/meta/Documents/robotics_workspace_new/install/robokpy_interfaces/include/robokpy_interfaces/robokpy_interfaces/srv/detail/spawnobject__struct.hpp\n'}
[7.817162] (robokpy_interfaces) StdoutLine: {'line': b'-- Up-to-date: /home/meta/Documents/robotics_workspace_new/install/robokpy_interfaces/include/robokpy_interfaces/robokpy_interfaces/srv/detail/system_mode__builder.hpp\n'}
[7.817450] (robokpy_interfaces) StdoutLine: {'line': b'-- Up-to-date: /home/meta/Documents/robotics_workspace_new/install/robokpy_interfaces/include/robokpy_interfaces/robokpy_interfaces/srv/detail/set_planning_tip_link__builder.hpp\n'}
[7.817713] (robokpy_interfaces) StdoutLine: {'line': b'-- Up-to-date: /home/meta/Documents/robotics_workspace_new/install/robokpy_interfaces/include/robokpy_interfaces/robokpy_interfaces/srv/detail/resolve_object_pose__traits.hpp\n'}
[7.818338] (robokpy_interfaces) StdoutLine: {'line': b'-- Up-to-date: /home/meta/Documents/robotics_workspace_new/install/robokpy_interfaces/include/robokpy_interfaces/robokpy_interfaces/srv/detail/set_planning_tip_link__type_support.hpp\n'}
[7.818656] (robokpy_interfaces) StdoutLine: {'line': b'-- Up-to-date: /home/meta/Documents/robotics_workspace_new/install/robokpy_interfaces/include/robokpy_interfaces/robokpy_interfaces/srv/detail/reachable__struct.hpp\n'}
[7.818897] (robokpy_interfaces) StdoutLine: {'line': b'-- Up-to-date: /home/meta/Documents/robotics_workspace_new/install/robokpy_interfaces/include/robokpy_interfaces/robokpy_interfaces/srv/detail/resume_execution__struct.hpp\n'}
[7.819258] (robokpy_interfaces) StdoutLine: {'line': b'-- Up-to-date: /home/meta/Documents/robotics_workspace_new/install/robokpy_interfaces/include/robokpy_interfaces/robokpy_interfaces/srv/detail/spawn_object__type_support.hpp\n'}
[7.819519] (robokpy_interfaces) StdoutLine: {'line': b'-- Up-to-date: /home/meta/Documents/robotics_workspace_new/install/robokpy_interfaces/include/robokpy_interfaces/robokpy_interfaces/srv/detail/spawnobject__builder.hpp\n'}
[7.819761] (robokpy_interfaces) StdoutLine: {'line': b'-- Up-to-date: /home/meta/Documents/robotics_workspace_new/install/robokpy_interfaces/include/robokpy_interfaces/robokpy_interfaces/srv/detail/despawn_object__type_support.hpp\n'}
[7.819993] (robokpy_interfaces) StdoutLine: {'line': b'-- Up-to-date: /home/meta/Documents/robotics_workspace_new/install/robokpy_interfaces/include/robokpy_interfaces/robokpy_interfaces/srv/detail/system_mode__traits.hpp\n'}
[7.820448] (robokpy_interfaces) StdoutLine: {'line': b'-- Up-to-date: /home/meta/Documents/robotics_workspace_new/install/robokpy_interfaces/include/robokpy_interfaces/robokpy_interfaces/srv/detail/spawnobject__type_support.hpp\n'}
[7.820697] (robokpy_interfaces) StdoutLine: {'line': b'-- Up-to-date: /home/meta/Documents/robotics_workspace_new/install/robokpy_interfaces/include/robokpy_interfaces/robokpy_interfaces/srv/detail/spawn_object__struct.hpp\n'}
[7.820947] (robokpy_interfaces) StdoutLine: {'line': b'-- Up-to-date: /home/meta/Documents/robotics_workspace_new/install/robokpy_interfaces/include/robokpy_interfaces/robokpy_interfaces/srv/detail/ik__builder.hpp\n'}
[7.821237] (robokpy_interfaces) StdoutLine: {'line': b'-- Up-to-date: /home/meta/Documents/robotics_workspace_new/install/robokpy_interfaces/include/robokpy_interfaces/robokpy_interfaces/srv/detail/chain_fk__traits.hpp\n'}
[7.821553] (robokpy_interfaces) StdoutLine: {'line': b'-- Up-to-date: /home/meta/Documents/robotics_workspace_new/install/robokpy_interfaces/include/robokpy_interfaces/robokpy_interfaces/srv/detail/ik__type_support.hpp\n'}
[7.821799] (robokpy_interfaces) StdoutLine: {'line': b'-- Up-to-date: /home/meta/Documents/robotics_workspace_new/install/robokpy_interfaces/include/robokpy_interfaces/robokpy_interfaces/srv/detail/load_recipe__traits.hpp\n'}
[7.822029] (robokpy_interfaces) StdoutLine: {'line': b'-- Up-to-date: /home/meta/Documents/robotics_workspace_new/install/robokpy_interfaces/include/robokpy_interfaces/robokpy_interfaces/srv/detail/jacobian__traits.hpp\n'}
[7.822396] (robokpy_interfaces) StdoutLine: {'line': b'-- Up-to-date: /home/meta/Documents/robotics_workspace_new/install/robokpy_interfaces/include/robokpy_interfaces/robokpy_interfaces/srv/detail/despawnobject__struct.hpp\n'}
[7.822801] (robokpy_interfaces) StdoutLine: {'line': b'-- Up-to-date: /home/meta/Documents/robotics_workspace_new/install/robokpy_interfaces/include/robokpy_interfaces/robokpy_interfaces/srv/detail/execution_state__builder.hpp\n'}
[7.823107] (robokpy_interfaces) StdoutLine: {'line': b'-- Up-to-date: /home/meta/Documents/robotics_workspace_new/install/robokpy_interfaces/include/robokpy_interfaces/robokpy_interfaces/srv/detail/grasp_attach__builder.hpp\n'}
[7.823659] (robokpy_interfaces) StdoutLine: {'line': b'-- Up-to-date: /home/meta/Documents/robotics_workspace_new/install/robokpy_interfaces/include/robokpy_interfaces/robokpy_interfaces/srv/detail/jacobian__builder.hpp\n'}
[7.823912] (robokpy_interfaces) StdoutLine: {'line': b'-- Up-to-date: /home/meta/Documents/robotics_workspace_new/install/robokpy_interfaces/include/robokpy_interfaces/robokpy_interfaces/srv/detail/spawn_object__builder.hpp\n'}
[7.824183] (robokpy_interfaces) StdoutLine: {'line': b'-- Up-to-date: /home/meta/Documents/robotics_workspace_new/install/robokpy_interfaces/include/robokpy_interfaces/robokpy_interfaces/srv/detail/spawnobject__traits.hpp\n'}
[7.824967] (robokpy_interfaces) StdoutLine: {'line': b'-- Up-to-date: /home/meta/Documents/robotics_workspace_new/install/robokpy_interfaces/include/robokpy_interfaces/robokpy_interfaces/srv/detail/reachable__builder.hpp\n'}
[7.825835] (robokpy_interfaces) StdoutLine: {'line': b'-- Up-to-date: /home/meta/Documents/robotics_workspace_new/install/robokpy_interfaces/include/robokpy_interfaces/robokpy_interfaces/srv/detail/chain_fk__builder.hpp\n'}
[7.826135] (robokpy_interfaces) StdoutLine: {'line': b'-- Up-to-date: /home/meta/Documents/robotics_workspace_new/install/robokpy_interfaces/include/robokpy_interfaces/robokpy_interfaces/srv/detail/system_mode__struct.hpp\n'}
[7.826464] (robokpy_interfaces) StdoutLine: {'line': b'-- Up-to-date: /home/meta/Documents/robotics_workspace_new/install/robokpy_interfaces/include/robokpy_interfaces/robokpy_interfaces/srv/detail/grasp_attach__traits.hpp\n'}
[7.826926] (robokpy_interfaces) StdoutLine: {'line': b'-- Up-to-date: /home/meta/Documents/robotics_workspace_new/install/robokpy_interfaces/include/robokpy_interfaces/robokpy_interfaces/srv/detail/spawn_object__traits.hpp\n'}
[7.827513] (robokpy_interfaces) StdoutLine: {'line': b'-- Up-to-date: /home/meta/Documents/robotics_workspace_new/install/robokpy_interfaces/include/robokpy_interfaces/robokpy_interfaces/srv/detail/fk__builder.hpp\n'}
[7.827934] (robokpy_interfaces) StdoutLine: {'line': b'-- Up-to-date: /home/meta/Documents/robotics_workspace_new/install/robokpy_interfaces/include/robokpy_interfaces/robokpy_interfaces/srv/detail/load_recipe__builder.hpp\n'}
[7.828422] (robokpy_interfaces) StdoutLine: {'line': b'-- Up-to-date: /home/meta/Documents/robotics_workspace_new/install/robokpy_interfaces/include/robokpy_interfaces/robokpy_interfaces/srv/detail/resume_execution__traits.hpp\n'}
[7.828675] (robokpy_interfaces) StdoutLine: {'line': b'-- Up-to-date: /home/meta/Documents/robotics_workspace_new/install/robokpy_interfaces/include/robokpy_interfaces/robokpy_interfaces/srv/detail/chain_fk__struct.hpp\n'}
[7.829040] (robokpy_interfaces) StdoutLine: {'line': b'-- Up-to-date: /home/meta/Documents/robotics_workspace_new/install/robokpy_interfaces/include/robokpy_interfaces/robokpy_interfaces/srv/detail/set_planning_tip_link__traits.hpp\n'}
[7.829335] (robokpy_interfaces) StdoutLine: {'line': b'-- Up-to-date: /home/meta/Documents/robotics_workspace_new/install/robokpy_interfaces/include/robokpy_interfaces/robokpy_interfaces/srv/detail/despawn_object__builder.hpp\n'}
[7.829596] (robokpy_interfaces) StdoutLine: {'line': b'-- Up-to-date: /home/meta/Documents/robotics_workspace_new/install/robokpy_interfaces/include/robokpy_interfaces/robokpy_interfaces/srv/detail/despawn_object__struct.hpp\n'}
[7.829828] (robokpy_interfaces) StdoutLine: {'line': b'-- Up-to-date: /home/meta/Documents/robotics_workspace_new/install/robokpy_interfaces/include/robokpy_interfaces/robokpy_interfaces/srv/detail/load_recipe__struct.hpp\n'}
[7.830221] (robokpy_interfaces) StdoutLine: {'line': b'-- Up-to-date: /home/meta/Documents/robotics_workspace_new/install/robokpy_interfaces/include/robokpy_interfaces/robokpy_interfaces/srv/detail/set_planning_tip_link__struct.hpp\n'}
[7.830479] (robokpy_interfaces) StdoutLine: {'line': b'-- Up-to-date: /home/meta/Documents/robotics_workspace_new/install/robokpy_interfaces/include/robokpy_interfaces/robokpy_interfaces/srv/despawnobject.hpp\n'}
[7.830728] (robokpy_interfaces) StdoutLine: {'line': b'-- Up-to-date: /home/meta/Documents/robotics_workspace_new/install/robokpy_interfaces/include/robokpy_interfaces/robokpy_interfaces/srv/ik.hpp\n'}
[7.831093] (robokpy_interfaces) StdoutLine: {'line': b'-- Up-to-date: /home/meta/Documents/robotics_workspace_new/install/robokpy_interfaces/include/robokpy_interfaces/robokpy_interfaces/srv/spawnobject.hpp\n'}
[7.831606] (robokpy_interfaces) StdoutLine: {'line': b'-- Up-to-date: /home/meta/Documents/robotics_workspace_new/install/robokpy_interfaces/include/robokpy_interfaces/robokpy_interfaces/srv/resume_execution.hpp\n'}
[7.831852] (robokpy_interfaces) StdoutLine: {'line': b'-- Up-to-date: /home/meta/Documents/robotics_workspace_new/install/robokpy_interfaces/include/robokpy_interfaces/robokpy_interfaces/srv/reachable.hpp\n'}
[7.832271] (robokpy_interfaces) StdoutLine: {'line': b'-- Up-to-date: /home/meta/Documents/robotics_workspace_new/install/robokpy_interfaces/include/robokpy_interfaces/robokpy_interfaces/srv/fk.hpp\n'}
[7.832635] (robokpy_interfaces) StdoutLine: {'line': b'-- Up-to-date: /home/meta/Documents/robotics_workspace_new/install/robokpy_interfaces/include/robokpy_interfaces/robokpy_interfaces/srv/despawn_object.hpp\n'}
[7.832982] (robokpy_interfaces) StdoutLine: {'line': b'-- Up-to-date: /home/meta/Documents/robotics_workspace_new/install/robokpy_interfaces/include/robokpy_interfaces/robokpy_interfaces/srv/resolve_object_pose.hpp\n'}
[7.833378] (robokpy_interfaces) StdoutLine: {'line': b'-- Up-to-date: /home/meta/Documents/robotics_workspace_new/install/robokpy_interfaces/include/robokpy_interfaces/robokpy_interfaces/srv/chain_fk.hpp\n'}
[7.834019] (robokpy_interfaces) StdoutLine: {'line': b'-- Up-to-date: /home/meta/Documents/robotics_workspace_new/install/robokpy_interfaces/include/robokpy_interfaces/robokpy_interfaces/action\n'}
[7.834406] (robokpy_interfaces) StdoutLine: {'line': b'-- Up-to-date: /home/meta/Documents/robotics_workspace_new/install/robokpy_interfaces/include/robokpy_interfaces/robokpy_interfaces/action/robot_trajectory.hpp\n'}
[7.834669] (-) TimerEvent: {}
[7.835384] (robokpy_interfaces) StdoutLine: {'line': b'-- Up-to-date: /home/meta/Documents/robotics_workspace_new/install/robokpy_interfaces/include/robokpy_interfaces/robokpy_interfaces/action/set_joint_target.hpp\n'}
[7.835720] (robokpy_interfaces) StdoutLine: {'line': b'-- Up-to-date: /home/meta/Documents/robotics_workspace_new/install/robokpy_interfaces/include/robokpy_interfaces/robokpy_interfaces/action/tool_execution.hpp\n'}
[7.835975] (robokpy_interfaces) StdoutLine: {'line': b'-- Up-to-date: /home/meta/Documents/robotics_workspace_new/install/robokpy_interfaces/include/robokpy_interfaces/robokpy_interfaces/action/detail\n'}
[7.837685] (robokpy_interfaces) StdoutLine: {'line': b'-- Up-to-date: /home/meta/Documents/robotics_workspace_new/install/robokpy_interfaces/include/robokpy_interfaces/robokpy_interfaces/action/detail/execute_motion__type_support.hpp\n'}
[7.837997] (robokpy_interfaces) StdoutLine: {'line': b'-- Up-to-date: /home/meta/Documents/robotics_workspace_new/install/robokpy_interfaces/include/robokpy_interfaces/robokpy_interfaces/action/detail/execute_tool_op__traits.hpp\n'}
[7.838303] (robokpy_interfaces) StdoutLine: {'line': b'-- Up-to-date: /home/meta/Documents/robotics_workspace_new/install/robokpy_interfaces/include/robokpy_interfaces/robokpy_interfaces/action/detail/robot_trajectory__type_support.hpp\n'}
[7.838594] (robokpy_interfaces) StdoutLine: {'line': b'-- Up-to-date: /home/meta/Documents/robotics_workspace_new/install/robokpy_interfaces/include/robokpy_interfaces/robokpy_interfaces/action/detail/robot_trajectory__struct.hpp\n'}
[7.838842] (robokpy_interfaces) StdoutLine: {'line': b'-- Up-to-date: /home/meta/Documents/robotics_workspace_new/install/robokpy_interfaces/include/robokpy_interfaces/robokpy_interfaces/action/detail/execute_vision_op__struct.hpp\n'}
[7.839076] (robokpy_interfaces) StdoutLine: {'line': b'-- Up-to-date: /home/meta/Documents/robotics_workspace_new/install/robokpy_interfaces/include/robokpy_interfaces/robokpy_interfaces/action/detail/execute_motion__traits.hpp\n'}
[7.839338] (robokpy_interfaces) StdoutLine: {'line': b'-- Up-to-date: /home/meta/Documents/robotics_workspace_new/install/robokpy_interfaces/include/robokpy_interfaces/robokpy_interfaces/action/detail/set_joint_target__builder.hpp\n'}
[7.839572] (robokpy_interfaces) StdoutLine: {'line': b'-- Up-to-date: /home/meta/Documents/robotics_workspace_new/install/robokpy_interfaces/include/robokpy_interfaces/robokpy_interfaces/action/detail/execute_vision_op__builder.hpp\n'}
[7.839869] (robokpy_interfaces) StdoutLine: {'line': b'-- Up-to-date: /home/meta/Documents/robotics_workspace_new/install/robokpy_interfaces/include/robokpy_interfaces/robokpy_interfaces/action/detail/execute_tool_op__type_support.hpp\n'}
[7.840100] (robokpy_interfaces) StdoutLine: {'line': b'-- Up-to-date: /home/meta/Documents/robotics_workspace_new/install/robokpy_interfaces/include/robokpy_interfaces/robokpy_interfaces/action/detail/tool_execution__builder.hpp\n'}
[7.840605] (robokpy_interfaces) StdoutLine: {'line': b'-- Up-to-date: /home/meta/Documents/robotics_workspace_new/install/robokpy_interfaces/include/robokpy_interfaces/robokpy_interfaces/action/detail/set_joint_target__traits.hpp\n'}
[7.840891] (robokpy_interfaces) StdoutLine: {'line': b'-- Up-to-date: /home/meta/Documents/robotics_workspace_new/install/robokpy_interfaces/include/robokpy_interfaces/robokpy_interfaces/action/detail/execute_vision_op__traits.hpp\n'}
[7.841157] (robokpy_interfaces) StdoutLine: {'line': b'-- Up-to-date: /home/meta/Documents/robotics_workspace_new/install/robokpy_interfaces/include/robokpy_interfaces/robokpy_interfaces/action/detail/execute_tool_op__struct.hpp\n'}
[7.841428] (robokpy_interfaces) StdoutLine: {'line': b'-- Up-to-date: /home/meta/Documents/robotics_workspace_new/install/robokpy_interfaces/include/robokpy_interfaces/robokpy_interfaces/action/detail/tool_execution__struct.hpp\n'}
[7.841670] (robokpy_interfaces) StdoutLine: {'line': b'-- Up-to-date: /home/meta/Documents/robotics_workspace_new/install/robokpy_interfaces/include/robokpy_interfaces/robokpy_interfaces/action/detail/set_joint_target__struct.hpp\n'}
[7.841913] (robokpy_interfaces) StdoutLine: {'line': b'-- Up-to-date: /home/meta/Documents/robotics_workspace_new/install/robokpy_interfaces/include/robokpy_interfaces/robokpy_interfaces/action/detail/execute_motion__builder.hpp\n'}
[7.845808] (robokpy_interfaces) StdoutLine: {'line': b'-- Up-to-date: /home/meta/Documents/robotics_workspace_new/install/robokpy_interfaces/include/robokpy_interfaces/robokpy_interfaces/action/detail/tool_execution__type_support.hpp\n'}
[7.846344] (robokpy_interfaces) StdoutLine: {'line': b'-- Up-to-date: /home/meta/Documents/robotics_workspace_new/install/robokpy_interfaces/include/robokpy_interfaces/robokpy_interfaces/action/detail/execute_tool_op__builder.hpp\n'}
[7.847402] (robokpy_interfaces) StdoutLine: {'line': b'-- Up-to-date: /home/meta/Documents/robotics_workspace_new/install/robokpy_interfaces/include/robokpy_interfaces/robokpy_interfaces/action/detail/tool_execution__traits.hpp\n'}
[7.848101] (robokpy_interfaces) StdoutLine: {'line': b'-- Up-to-date: /home/meta/Documents/robotics_workspace_new/install/robokpy_interfaces/include/robokpy_interfaces/robokpy_interfaces/action/detail/robot_trajectory__traits.hpp\n'}
[7.848411] (robokpy_interfaces) StdoutLine: {'line': b'-- Up-to-date: /home/meta/Documents/robotics_workspace_new/install/robokpy_interfaces/include/robokpy_interfaces/robokpy_interfaces/action/detail/robot_trajectory__builder.hpp\n'}
[7.848673] (robokpy_interfaces) StdoutLine: {'line': b'-- Up-to-date: /home/meta/Documents/robotics_workspace_new/install/robokpy_interfaces/include/robokpy_interfaces/robokpy_interfaces/action/detail/execute_vision_op__type_support.hpp\n'}
[7.850675] (robokpy_interfaces) StdoutLine: {'line': b'-- Up-to-date: /home/meta/Documents/robotics_workspace_new/install/robokpy_interfaces/include/robokpy_interfaces/robokpy_interfaces/action/detail/execute_motion__struct.hpp\n'}
[7.851567] (robokpy_interfaces) StdoutLine: {'line': b'-- Up-to-date: /home/meta/Documents/robotics_workspace_new/install/robokpy_interfaces/include/robokpy_interfaces/robokpy_interfaces/action/detail/set_joint_target__type_support.hpp\n'}
[7.852709] (robokpy_interfaces) StdoutLine: {'line': b'-- Up-to-date: /home/meta/Documents/robotics_workspace_new/install/robokpy_interfaces/include/robokpy_interfaces/robokpy_interfaces/action/execute_vision_op.hpp\n'}
[7.853430] (robokpy_interfaces) StdoutLine: {'line': b'-- Up-to-date: /home/meta/Documents/robotics_workspace_new/install/robokpy_interfaces/include/robokpy_interfaces/robokpy_interfaces/action/execute_motion.hpp\n'}
[7.853831] (robokpy_interfaces) StdoutLine: {'line': b'-- Up-to-date: /home/meta/Documents/robotics_workspace_new/install/robokpy_interfaces/include/robokpy_interfaces/robokpy_interfaces/action/execute_tool_op.hpp\n'}
[7.854094] (robokpy_interfaces) StdoutLine: {'line': b'-- Up-to-date: /home/meta/Documents/robotics_workspace_new/install/robokpy_interfaces/include/robokpy_interfaces/robokpy_interfaces/msg\n'}
[7.854438] (robokpy_interfaces) StdoutLine: {'line': b'-- Up-to-date: /home/meta/Documents/robotics_workspace_new/install/robokpy_interfaces/include/robokpy_interfaces/robokpy_interfaces/msg/rosidl_generator_cpp__visibility_control.hpp\n'}
[7.855163] (robokpy_interfaces) StdoutLine: {'line': b'-- Up-to-date: /home/meta/Documents/robotics_workspace_new/install/robokpy_interfaces/include/robokpy_interfaces/robokpy_interfaces/msg/cell_state.hpp\n'}
[7.855700] (robokpy_interfaces) StdoutLine: {'line': b'-- Up-to-date: /home/meta/Documents/robotics_workspace_new/install/robokpy_interfaces/include/robokpy_interfaces/robokpy_interfaces/msg/detail\n'}
[7.855940] (robokpy_interfaces) StdoutLine: {'line': b'-- Up-to-date: /home/meta/Documents/robotics_workspace_new/install/robokpy_interfaces/include/robokpy_interfaces/robokpy_interfaces/msg/detail/cell_state__traits.hpp\n'}
[7.856186] (robokpy_interfaces) StdoutLine: {'line': b'-- Up-to-date: /home/meta/Documents/robotics_workspace_new/install/robokpy_interfaces/include/robokpy_interfaces/robokpy_interfaces/msg/detail/cell_state__struct.hpp\n'}
[7.856522] (robokpy_interfaces) StdoutLine: {'line': b'-- Up-to-date: /home/meta/Documents/robotics_workspace_new/install/robokpy_interfaces/include/robokpy_interfaces/robokpy_interfaces/msg/detail/cell_state__type_support.hpp\n'}
[7.856818] (robokpy_interfaces) StdoutLine: {'line': b'-- Up-to-date: /home/meta/Documents/robotics_workspace_new/install/robokpy_interfaces/include/robokpy_interfaces/robokpy_interfaces/msg/detail/cell_state__builder.hpp\n'}
[7.857068] (robokpy_interfaces) StdoutLine: {'line': b'-- Up-to-date: /home/meta/Documents/robotics_workspace_new/install/robokpy_interfaces/include/robokpy_interfaces/robokpy_interfaces\n'}
[7.857395] (robokpy_interfaces) StdoutLine: {'line': b'-- Up-to-date: /home/meta/Documents/robotics_workspace_new/install/robokpy_interfaces/include/robokpy_interfaces/robokpy_interfaces/srv\n'}
[7.857711] (robokpy_interfaces) StdoutLine: {'line': b'-- Up-to-date: /home/meta/Documents/robotics_workspace_new/install/robokpy_interfaces/include/robokpy_interfaces/robokpy_interfaces/srv/detail\n'}
[7.857961] (robokpy_interfaces) StdoutLine: {'line': b'-- Up-to-date: /home/meta/Documents/robotics_workspace_new/install/robokpy_interfaces/include/robokpy_interfaces/robokpy_interfaces/srv/detail/spawn_object__rosidl_typesupport_fastrtps_cpp.hpp\n'}
[7.858220] (robokpy_interfaces) StdoutLine: {'line': b'-- Up-to-date: /home/meta/Documents/robotics_workspace_new/install/robokpy_interfaces/include/robokpy_interfaces/robokpy_interfaces/srv/detail/spawnobject__rosidl_typesupport_fastrtps_cpp.hpp\n'}
[7.858500] (robokpy_interfaces) StdoutLine: {'line': b'-- Up-to-date: /home/meta/Documents/robotics_workspace_new/install/robokpy_interfaces/include/robokpy_interfaces/robokpy_interfaces/srv/detail/reachable__rosidl_typesupport_fastrtps_cpp.hpp\n'}
[7.858818] (robokpy_interfaces) StdoutLine: {'line': b'-- Up-to-date: /home/meta/Documents/robotics_workspace_new/install/robokpy_interfaces/include/robokpy_interfaces/robokpy_interfaces/srv/detail/fk__rosidl_typesupport_fastrtps_cpp.hpp\n'}
[7.859081] (robokpy_interfaces) StdoutLine: {'line': b'-- Up-to-date: /home/meta/Documents/robotics_workspace_new/install/robokpy_interfaces/include/robokpy_interfaces/robokpy_interfaces/srv/detail/ik__rosidl_typesupport_fastrtps_cpp.hpp\n'}
[7.859375] (robokpy_interfaces) StdoutLine: {'line': b'-- Up-to-date: /home/meta/Documents/robotics_workspace_new/install/robokpy_interfaces/include/robokpy_interfaces/robokpy_interfaces/srv/detail/resolve_object_pose__rosidl_typesupport_fastrtps_cpp.hpp\n'}
[7.859677] (robokpy_interfaces) StdoutLine: {'line': b'-- Up-to-date: /home/meta/Documents/robotics_workspace_new/install/robokpy_interfaces/include/robokpy_interfaces/robokpy_interfaces/srv/detail/execution_state__rosidl_typesupport_fastrtps_cpp.hpp\n'}
[7.860004] (robokpy_interfaces) StdoutLine: {'line': b'-- Up-to-date: /home/meta/Documents/robotics_workspace_new/install/robokpy_interfaces/include/robokpy_interfaces/robokpy_interfaces/srv/detail/grasp_attach__rosidl_typesupport_fastrtps_cpp.hpp\n'}
[7.860311] (robokpy_interfaces) StdoutLine: {'line': b'-- Up-to-date: /home/meta/Documents/robotics_workspace_new/install/robokpy_interfaces/include/robokpy_interfaces/robokpy_interfaces/srv/detail/resume_execution__rosidl_typesupport_fastrtps_cpp.hpp\n'}
[7.860574] (robokpy_interfaces) StdoutLine: {'line': b'-- Up-to-date: /home/meta/Documents/robotics_workspace_new/install/robokpy_interfaces/include/robokpy_interfaces/robokpy_interfaces/srv/detail/chain_fk__rosidl_typesupport_fastrtps_cpp.hpp\n'}
[7.860885] (robokpy_interfaces) StdoutLine: {'line': b'-- Up-to-date: /home/meta/Documents/robotics_workspace_new/install/robokpy_interfaces/include/robokpy_interfaces/robokpy_interfaces/srv/detail/system_mode__rosidl_typesupport_fastrtps_cpp.hpp\n'}
[7.861174] (robokpy_interfaces) StdoutLine: {'line': b'-- Up-to-date: /home/meta/Documents/robotics_workspace_new/install/robokpy_interfaces/include/robokpy_interfaces/robokpy_interfaces/srv/detail/load_recipe__rosidl_typesupport_fastrtps_cpp.hpp\n'}
[7.861461] (robokpy_interfaces) StdoutLine: {'line': b'-- Up-to-date: /home/meta/Documents/robotics_workspace_new/install/robokpy_interfaces/include/robokpy_interfaces/robokpy_interfaces/srv/detail/despawn_object__rosidl_typesupport_fastrtps_cpp.hpp\n'}
[7.861714] (robokpy_interfaces) StdoutLine: {'line': b'-- Up-to-date: /home/meta/Documents/robotics_workspace_new/install/robokpy_interfaces/include/robokpy_interfaces/robokpy_interfaces/srv/detail/dds_fastrtps\n'}
[7.862021] (robokpy_interfaces) StdoutLine: {'line': b'-- Up-to-date: /home/meta/Documents/robotics_workspace_new/install/robokpy_interfaces/include/robokpy_interfaces/robokpy_interfaces/srv/detail/jacobian__rosidl_typesupport_fastrtps_cpp.hpp\n'}
[7.862316] (robokpy_interfaces) StdoutLine: {'line': b'-- Up-to-date: /home/meta/Documents/robotics_workspace_new/install/robokpy_interfaces/include/robokpy_interfaces/robokpy_interfaces/srv/detail/set_planning_tip_link__rosidl_typesupport_fastrtps_cpp.hpp\n'}
[7.862581] (robokpy_interfaces) StdoutLine: {'line': b'-- Up-to-date: /home/meta/Documents/robotics_workspace_new/install/robokpy_interfaces/include/robokpy_interfaces/robokpy_interfaces/srv/detail/despawnobject__rosidl_typesupport_fastrtps_cpp.hpp\n'}
[7.862865] (robokpy_interfaces) StdoutLine: {'line': b'-- Up-to-date: /home/meta/Documents/robotics_workspace_new/install/robokpy_interfaces/include/robokpy_interfaces/robokpy_interfaces/action\n'}
[7.863211] (robokpy_interfaces) StdoutLine: {'line': b'-- Up-to-date: /home/meta/Documents/robotics_workspace_new/install/robokpy_interfaces/include/robokpy_interfaces/robokpy_interfaces/action/detail\n'}
[7.863490] (robokpy_interfaces) StdoutLine: {'line': b'-- Up-to-date: /home/meta/Documents/robotics_workspace_new/install/robokpy_interfaces/include/robokpy_interfaces/robokpy_interfaces/action/detail/set_joint_target__rosidl_typesupport_fastrtps_cpp.hpp\n'}
[7.863750] (robokpy_interfaces) StdoutLine: {'line': b'-- Up-to-date: /home/meta/Documents/robotics_workspace_new/install/robokpy_interfaces/include/robokpy_interfaces/robokpy_interfaces/action/detail/robot_trajectory__rosidl_typesupport_fastrtps_cpp.hpp\n'}
[7.864099] (robokpy_interfaces) StdoutLine: {'line': b'-- Up-to-date: /home/meta/Documents/robotics_workspace_new/install/robokpy_interfaces/include/robokpy_interfaces/robokpy_interfaces/action/detail/tool_execution__rosidl_typesupport_fastrtps_cpp.hpp\n'}
[7.864400] (robokpy_interfaces) StdoutLine: {'line': b'-- Up-to-date: /home/meta/Documents/robotics_workspace_new/install/robokpy_interfaces/include/robokpy_interfaces/robokpy_interfaces/action/detail/execute_vision_op__rosidl_typesupport_fastrtps_cpp.hpp\n'}
[7.864665] (robokpy_interfaces) StdoutLine: {'line': b'-- Up-to-date: /home/meta/Documents/robotics_workspace_new/install/robokpy_interfaces/include/robokpy_interfaces/robokpy_interfaces/action/detail/dds_fastrtps\n'}
[7.864947] (robokpy_interfaces) StdoutLine: {'line': b'-- Up-to-date: /home/meta/Documents/robotics_workspace_new/install/robokpy_interfaces/include/robokpy_interfaces/robokpy_interfaces/action/detail/execute_motion__rosidl_typesupport_fastrtps_cpp.hpp\n'}
[7.865290] (robokpy_interfaces) StdoutLine: {'line': b'-- Up-to-date: /home/meta/Documents/robotics_workspace_new/install/robokpy_interfaces/include/robokpy_interfaces/robokpy_interfaces/action/detail/execute_tool_op__rosidl_typesupport_fastrtps_cpp.hpp\n'}
[7.865723] (robokpy_interfaces) StdoutLine: {'line': b'-- Up-to-date: /home/meta/Documents/robotics_workspace_new/install/robokpy_interfaces/include/robokpy_interfaces/robokpy_interfaces/msg\n'}
[7.865982] (robokpy_interfaces) StdoutLine: {'line': b'-- Up-to-date: /home/meta/Documents/robotics_workspace_new/install/robokpy_interfaces/include/robokpy_interfaces/robokpy_interfaces/msg/rosidl_typesupport_fastrtps_cpp__visibility_control.h\n'}
[7.866317] (robokpy_interfaces) StdoutLine: {'line': b'-- Up-to-date: /home/meta/Documents/robotics_workspace_new/install/robokpy_interfaces/include/robokpy_interfaces/robokpy_interfaces/msg/detail\n'}
[7.866589] (robokpy_interfaces) StdoutLine: {'line': b'-- Up-to-date: /home/meta/Documents/robotics_workspace_new/install/robokpy_interfaces/include/robokpy_interfaces/robokpy_interfaces/msg/detail/cell_state__rosidl_typesupport_fastrtps_cpp.hpp\n'}
[7.866842] (robokpy_interfaces) StdoutLine: {'line': b'-- Up-to-date: /home/meta/Documents/robotics_workspace_new/install/robokpy_interfaces/include/robokpy_interfaces/robokpy_interfaces/msg/detail/dds_fastrtps\n'}
[7.867098] (robokpy_interfaces) StdoutLine: {'line': b'-- Up-to-date: /home/meta/Documents/robotics_workspace_new/install/robokpy_interfaces/lib/librobokpy_interfaces__rosidl_typesupport_fastrtps_cpp.so\n'}
[7.867427] (robokpy_interfaces) StdoutLine: {'line': b'-- Up-to-date: /home/meta/Documents/robotics_workspace_new/install/robokpy_interfaces/include/robokpy_interfaces/robokpy_interfaces\n'}
[7.867687] (robokpy_interfaces) StdoutLine: {'line': b'-- Up-to-date: /home/meta/Documents/robotics_workspace_new/install/robokpy_interfaces/include/robokpy_interfaces/robokpy_interfaces/srv\n'}
[7.867963] (robokpy_interfaces) StdoutLine: {'line': b'-- Up-to-date: /home/meta/Documents/robotics_workspace_new/install/robokpy_interfaces/include/robokpy_interfaces/robokpy_interfaces/srv/detail\n'}
[7.868282] (robokpy_interfaces) StdoutLine: {'line': b'-- Up-to-date: /home/meta/Documents/robotics_workspace_new/install/robokpy_interfaces/include/robokpy_interfaces/robokpy_interfaces/srv/detail/spawnobject__rosidl_typesupport_introspection_cpp.hpp\n'}
[7.868605] (robokpy_interfaces) StdoutLine: {'line': b'-- Up-to-date: /home/meta/Documents/robotics_workspace_new/install/robokpy_interfaces/include/robokpy_interfaces/robokpy_interfaces/srv/detail/despawnobject__rosidl_typesupport_introspection_cpp.hpp\n'}
[7.868855] (robokpy_interfaces) StdoutLine: {'line': b'-- Up-to-date: /home/meta/Documents/robotics_workspace_new/install/robokpy_interfaces/include/robokpy_interfaces/robokpy_interfaces/srv/detail/ik__rosidl_typesupport_introspection_cpp.hpp\n'}
[7.869103] (robokpy_interfaces) StdoutLine: {'line': b'-- Up-to-date: /home/meta/Documents/robotics_workspace_new/install/robokpy_interfaces/include/robokpy_interfaces/robokpy_interfaces/srv/detail/ik__type_support.cpp\n'}
[7.869730] (robokpy_interfaces) StdoutLine: {'line': b'-- Up-to-date: /home/meta/Documents/robotics_workspace_new/install/robokpy_interfaces/include/robokpy_interfaces/robokpy_interfaces/srv/detail/jacobian__type_support.cpp\n'}
[7.870004] (robokpy_interfaces) StdoutLine: {'line': b'-- Up-to-date: /home/meta/Documents/robotics_workspace_new/install/robokpy_interfaces/include/robokpy_interfaces/robokpy_interfaces/srv/detail/despawn_object__type_support.cpp\n'}
[7.870390] (robokpy_interfaces) StdoutLine: {'line': b'-- Up-to-date: /home/meta/Documents/robotics_workspace_new/install/robokpy_interfaces/include/robokpy_interfaces/robokpy_interfaces/srv/detail/system_mode__rosidl_typesupport_introspection_cpp.hpp\n'}
[7.870731] (robokpy_interfaces) StdoutLine: {'line': b'-- Up-to-date: /home/meta/Documents/robotics_workspace_new/install/robokpy_interfaces/include/robokpy_interfaces/robokpy_interfaces/srv/detail/fk__type_support.cpp\n'}
[7.870992] (robokpy_interfaces) StdoutLine: {'line': b'-- Up-to-date: /home/meta/Documents/robotics_workspace_new/install/robokpy_interfaces/include/robokpy_interfaces/robokpy_interfaces/srv/detail/despawn_object__rosidl_typesupport_introspection_cpp.hpp\n'}
[7.871316] (robokpy_interfaces) StdoutLine: {'line': b'-- Up-to-date: /home/meta/Documents/robotics_workspace_new/install/robokpy_interfaces/include/robokpy_interfaces/robokpy_interfaces/srv/detail/despawnobject__type_support.cpp\n'}
[7.871589] (robokpy_interfaces) StdoutLine: {'line': b'-- Up-to-date: /home/meta/Documents/robotics_workspace_new/install/robokpy_interfaces/include/robokpy_interfaces/robokpy_interfaces/srv/detail/system_mode__type_support.cpp\n'}
[7.871901] (robokpy_interfaces) StdoutLine: {'line': b'-- Up-to-date: /home/meta/Documents/robotics_workspace_new/install/robokpy_interfaces/include/robokpy_interfaces/robokpy_interfaces/srv/detail/load_recipe__type_support.cpp\n'}
[7.872187] (robokpy_interfaces) StdoutLine: {'line': b'-- Up-to-date: /home/meta/Documents/robotics_workspace_new/install/robokpy_interfaces/include/robokpy_interfaces/robokpy_interfaces/srv/detail/set_planning_tip_link__type_support.cpp\n'}
[7.872551] (robokpy_interfaces) StdoutLine: {'line': b'-- Up-to-date: /home/meta/Documents/robotics_workspace_new/install/robokpy_interfaces/include/robokpy_interfaces/robokpy_interfaces/srv/detail/grasp_attach__rosidl_typesupport_introspection_cpp.hpp\n'}
[7.872873] (robokpy_interfaces) StdoutLine: {'line': b'-- Up-to-date: /home/meta/Documents/robotics_workspace_new/install/robokpy_interfaces/include/robokpy_interfaces/robokpy_interfaces/srv/detail/jacobian__rosidl_typesupport_introspection_cpp.hpp\n'}
[7.873144] (robokpy_interfaces) StdoutLine: {'line': b'-- Up-to-date: /home/meta/Documents/robotics_workspace_new/install/robokpy_interfaces/include/robokpy_interfaces/robokpy_interfaces/srv/detail/resume_execution__rosidl_typesupport_introspection_cpp.hpp\n'}
[7.873438] (robokpy_interfaces) StdoutLine: {'line': b'-- Up-to-date: /home/meta/Documents/robotics_workspace_new/install/robokpy_interfaces/include/robokpy_interfaces/robokpy_interfaces/srv/detail/chain_fk__rosidl_typesupport_introspection_cpp.hpp\n'}
[7.873694] (robokpy_interfaces) StdoutLine: {'line': b'-- Up-to-date: /home/meta/Documents/robotics_workspace_new/install/robokpy_interfaces/include/robokpy_interfaces/robokpy_interfaces/srv/detail/spawn_object__rosidl_typesupport_introspection_cpp.hpp\n'}
[7.874002] (robokpy_interfaces) StdoutLine: {'line': b'-- Up-to-date: /home/meta/Documents/robotics_workspace_new/install/robokpy_interfaces/include/robokpy_interfaces/robokpy_interfaces/srv/detail/reachable__type_support.cpp\n'}
[7.874297] (robokpy_interfaces) StdoutLine: {'line': b'-- Up-to-date: /home/meta/Documents/robotics_workspace_new/install/robokpy_interfaces/include/robokpy_interfaces/robokpy_interfaces/srv/detail/execution_state__rosidl_typesupport_introspection_cpp.hpp\n'}
[7.874583] (robokpy_interfaces) StdoutLine: {'line': b'-- Up-to-date: /home/meta/Documents/robotics_workspace_new/install/robokpy_interfaces/include/robokpy_interfaces/robokpy_interfaces/srv/detail/resume_execution__type_support.cpp\n'}
[7.874856] (robokpy_interfaces) StdoutLine: {'line': b'-- Up-to-date: /home/meta/Documents/robotics_workspace_new/install/robokpy_interfaces/include/robokpy_interfaces/robokpy_interfaces/srv/detail/resolve_object_pose__type_support.cpp\n'}
[7.875216] (robokpy_interfaces) StdoutLine: {'line': b'-- Up-to-date: /home/meta/Documents/robotics_workspace_new/install/robokpy_interfaces/include/robokpy_interfaces/robokpy_interfaces/srv/detail/grasp_attach__type_support.cpp\n'}
[7.875482] (robokpy_interfaces) StdoutLine: {'line': b'-- Up-to-date: /home/meta/Documents/robotics_workspace_new/install/robokpy_interfaces/include/robokpy_interfaces/robokpy_interfaces/srv/detail/execution_state__type_support.cpp\n'}
[7.875742] (robokpy_interfaces) StdoutLine: {'line': b'-- Up-to-date: /home/meta/Documents/robotics_workspace_new/install/robokpy_interfaces/include/robokpy_interfaces/robokpy_interfaces/srv/detail/spawnobject__type_support.cpp\n'}
[7.876185] (robokpy_interfaces) StdoutLine: {'line': b'-- Up-to-date: /home/meta/Documents/robotics_workspace_new/install/robokpy_interfaces/include/robokpy_interfaces/robokpy_interfaces/srv/detail/set_planning_tip_link__rosidl_typesupport_introspection_cpp.hpp\n'}
[7.876798] (robokpy_interfaces) StdoutLine: {'line': b'-- Up-to-date: /home/meta/Documents/robotics_workspace_new/install/robokpy_interfaces/include/robokpy_interfaces/robokpy_interfaces/srv/detail/reachable__rosidl_typesupport_introspection_cpp.hpp\n'}
[7.877090] (robokpy_interfaces) StdoutLine: {'line': b'-- Up-to-date: /home/meta/Documents/robotics_workspace_new/install/robokpy_interfaces/include/robokpy_interfaces/robokpy_interfaces/srv/detail/load_recipe__rosidl_typesupport_introspection_cpp.hpp\n'}
[7.877443] (robokpy_interfaces) StdoutLine: {'line': b'-- Up-to-date: /home/meta/Documents/robotics_workspace_new/install/robokpy_interfaces/include/robokpy_interfaces/robokpy_interfaces/srv/detail/fk__rosidl_typesupport_introspection_cpp.hpp\n'}
[7.877722] (robokpy_interfaces) StdoutLine: {'line': b'-- Up-to-date: /home/meta/Documents/robotics_workspace_new/install/robokpy_interfaces/include/robokpy_interfaces/robokpy_interfaces/srv/detail/spawn_object__type_support.cpp\n'}
[7.877992] (robokpy_interfaces) StdoutLine: {'line': b'-- Up-to-date: /home/meta/Documents/robotics_workspace_new/install/robokpy_interfaces/include/robokpy_interfaces/robokpy_interfaces/srv/detail/resolve_object_pose__rosidl_typesupport_introspection_cpp.hpp\n'}
[7.878377] (robokpy_interfaces) StdoutLine: {'line': b'-- Up-to-date: /home/meta/Documents/robotics_workspace_new/install/robokpy_interfaces/include/robokpy_interfaces/robokpy_interfaces/srv/detail/chain_fk__type_support.cpp\n'}
[7.878662] (robokpy_interfaces) StdoutLine: {'line': b'-- Up-to-date: /home/meta/Documents/robotics_workspace_new/install/robokpy_interfaces/include/robokpy_interfaces/robokpy_interfaces/action\n'}
[7.878958] (robokpy_interfaces) StdoutLine: {'line': b'-- Up-to-date: /home/meta/Documents/robotics_workspace_new/install/robokpy_interfaces/include/robokpy_interfaces/robokpy_interfaces/action/detail\n'}
[7.879252] (robokpy_interfaces) StdoutLine: {'line': b'-- Up-to-date: /home/meta/Documents/robotics_workspace_new/install/robokpy_interfaces/include/robokpy_interfaces/robokpy_interfaces/action/detail/execute_tool_op__type_support.cpp\n'}
[7.879600] (robokpy_interfaces) StdoutLine: {'line': b'-- Up-to-date: /home/meta/Documents/robotics_workspace_new/install/robokpy_interfaces/include/robokpy_interfaces/robokpy_interfaces/action/detail/execute_vision_op__type_support.cpp\n'}
[7.879902] (robokpy_interfaces) StdoutLine: {'line': b'-- Up-to-date: /home/meta/Documents/robotics_workspace_new/install/robokpy_interfaces/include/robokpy_interfaces/robokpy_interfaces/action/detail/execute_vision_op__rosidl_typesupport_introspection_cpp.hpp\n'}
[7.880191] (robokpy_interfaces) StdoutLine: {'line': b'-- Up-to-date: /home/meta/Documents/robotics_workspace_new/install/robokpy_interfaces/include/robokpy_interfaces/robokpy_interfaces/action/detail/set_joint_target__type_support.cpp\n'}
[7.880488] (robokpy_interfaces) StdoutLine: {'line': b'-- Up-to-date: /home/meta/Documents/robotics_workspace_new/install/robokpy_interfaces/include/robokpy_interfaces/robokpy_interfaces/action/detail/robot_trajectory__rosidl_typesupport_introspection_cpp.hpp\n'}
[7.880767] (robokpy_interfaces) StdoutLine: {'line': b'-- Up-to-date: /home/meta/Documents/robotics_workspace_new/install/robokpy_interfaces/include/robokpy_interfaces/robokpy_interfaces/action/detail/set_joint_target__rosidl_typesupport_introspection_cpp.hpp\n'}
[7.881047] (robokpy_interfaces) StdoutLine: {'line': b'-- Up-to-date: /home/meta/Documents/robotics_workspace_new/install/robokpy_interfaces/include/robokpy_interfaces/robokpy_interfaces/action/detail/execute_tool_op__rosidl_typesupport_introspection_cpp.hpp\n'}
[7.881517] (robokpy_interfaces) StdoutLine: {'line': b'-- Up-to-date: /home/meta/Documents/robotics_workspace_new/install/robokpy_interfaces/include/robokpy_interfaces/robokpy_interfaces/action/detail/tool_execution__rosidl_typesupport_introspection_cpp.hpp\n'}
[7.881802] (robokpy_interfaces) StdoutLine: {'line': b'-- Up-to-date: /home/meta/Documents/robotics_workspace_new/install/robokpy_interfaces/include/robokpy_interfaces/robokpy_interfaces/action/detail/tool_execution__type_support.cpp\n'}
[7.882346] (robokpy_interfaces) StdoutLine: {'line': b'-- Up-to-date: /home/meta/Documents/robotics_workspace_new/install/robokpy_interfaces/include/robokpy_interfaces/robokpy_interfaces/action/detail/execute_motion__rosidl_typesupport_introspection_cpp.hpp\n'}
[7.882694] (robokpy_interfaces) StdoutLine: {'line': b'-- Up-to-date: /home/meta/Documents/robotics_workspace_new/install/robokpy_interfaces/include/robokpy_interfaces/robokpy_interfaces/action/detail/robot_trajectory__type_support.cpp\n'}
[7.882979] (robokpy_interfaces) StdoutLine: {'line': b'-- Up-to-date: /home/meta/Documents/robotics_workspace_new/install/robokpy_interfaces/include/robokpy_interfaces/robokpy_interfaces/action/detail/execute_motion__type_support.cpp\n'}
[7.885442] (robokpy_interfaces) StdoutLine: {'line': b'-- Up-to-date: /home/meta/Documents/robotics_workspace_new/install/robokpy_interfaces/include/robokpy_interfaces/robokpy_interfaces/msg\n'}
[7.885862] (robokpy_interfaces) StdoutLine: {'line': b'-- Up-to-date: /home/meta/Documents/robotics_workspace_new/install/robokpy_interfaces/include/robokpy_interfaces/robokpy_interfaces/msg/detail\n'}
[7.886514] (robokpy_interfaces) StdoutLine: {'line': b'-- Up-to-date: /home/meta/Documents/robotics_workspace_new/install/robokpy_interfaces/include/robokpy_interfaces/robokpy_interfaces/msg/detail/cell_state__type_support.cpp\n'}
[7.887858] (robokpy_interfaces) StdoutLine: {'line': b'-- Up-to-date: /home/meta/Documents/robotics_workspace_new/install/robokpy_interfaces/include/robokpy_interfaces/robokpy_interfaces/msg/detail/cell_state__rosidl_typesupport_introspection_cpp.hpp\n'}
[7.888213] (robokpy_interfaces) StdoutLine: {'line': b'-- Up-to-date: /home/meta/Documents/robotics_workspace_new/install/robokpy_interfaces/lib/librobokpy_interfaces__rosidl_typesupport_introspection_cpp.so\n'}
[7.888503] (robokpy_interfaces) StdoutLine: {'line': b'-- Up-to-date: /home/meta/Documents/robotics_workspace_new/install/robokpy_interfaces/lib/librobokpy_interfaces__rosidl_typesupport_cpp.so\n'}
[7.888857] (robokpy_interfaces) StdoutLine: {'line': b'-- Up-to-date: /home/meta/Documents/robotics_workspace_new/install/robokpy_interfaces/share/robokpy_interfaces/environment/pythonpath.sh\n'}
[7.889134] (robokpy_interfaces) StdoutLine: {'line': b'-- Up-to-date: /home/meta/Documents/robotics_workspace_new/install/robokpy_interfaces/share/robokpy_interfaces/environment/pythonpath.dsv\n'}
[7.889419] (robokpy_interfaces) StdoutLine: {'line': b'-- Up-to-date: /home/meta/Documents/robotics_workspace_new/install/robokpy_interfaces/lib/python3.12/site-packages/robokpy_interfaces-0.0.0-py3.12.egg-info\n'}
[7.889679] (robokpy_interfaces) StdoutLine: {'line': b'-- Installing: /home/meta/Documents/robotics_workspace_new/install/robokpy_interfaces/lib/python3.12/site-packages/robokpy_interfaces-0.0.0-py3.12.egg-info/dependency_links.txt\n'}
[7.889998] (robokpy_interfaces) StdoutLine: {'line': b'-- Installing: /home/meta/Documents/robotics_workspace_new/install/robokpy_interfaces/lib/python3.12/site-packages/robokpy_interfaces-0.0.0-py3.12.egg-info/SOURCES.txt\n'}
[7.890278] (robokpy_interfaces) StdoutLine: {'line': b'-- Installing: /home/meta/Documents/robotics_workspace_new/install/robokpy_interfaces/lib/python3.12/site-packages/robokpy_interfaces-0.0.0-py3.12.egg-info/PKG-INFO\n'}
[7.890555] (robokpy_interfaces) StdoutLine: {'line': b'-- Installing: /home/meta/Documents/robotics_workspace_new/install/robokpy_interfaces/lib/python3.12/site-packages/robokpy_interfaces-0.0.0-py3.12.egg-info/top_level.txt\n'}
[7.890922] (robokpy_interfaces) StdoutLine: {'line': b'-- Up-to-date: /home/meta/Documents/robotics_workspace_new/install/robokpy_interfaces/lib/python3.12/site-packages/robokpy_interfaces\n'}
[7.891212] (robokpy_interfaces) StdoutLine: {'line': b'-- Up-to-date: /home/meta/Documents/robotics_workspace_new/install/robokpy_interfaces/lib/python3.12/site-packages/robokpy_interfaces/srv\n'}
[7.891483] (robokpy_interfaces) StdoutLine: {'line': b'-- Up-to-date: /home/meta/Documents/robotics_workspace_new/install/robokpy_interfaces/lib/python3.12/site-packages/robokpy_interfaces/srv/_resolve_object_pose_s.c\n'}
[7.891757] (robokpy_interfaces) StdoutLine: {'line': b'-- Up-to-date: /home/meta/Documents/robotics_workspace_new/install/robokpy_interfaces/lib/python3.12/site-packages/robokpy_interfaces/srv/_jacobian.py\n'}
[7.892068] (robokpy_interfaces) StdoutLine: {'line': b'-- Up-to-date: /home/meta/Documents/robotics_workspace_new/install/robokpy_interfaces/lib/python3.12/site-packages/robokpy_interfaces/srv/_resume_execution.py\n'}
[7.892383] (robokpy_interfaces) StdoutLine: {'line': b'-- Up-to-date: /home/meta/Documents/robotics_workspace_new/install/robokpy_interfaces/lib/python3.12/site-packages/robokpy_interfaces/srv/_despawnobject.py\n'}
[7.892642] (robokpy_interfaces) StdoutLine: {'line': b'-- Up-to-date: /home/meta/Documents/robotics_workspace_new/install/robokpy_interfaces/lib/python3.12/site-packages/robokpy_interfaces/srv/_grasp_attach_s.c\n'}
[7.892890] (robokpy_interfaces) StdoutLine: {'line': b'-- Up-to-date: /home/meta/Documents/robotics_workspace_new/install/robokpy_interfaces/lib/python3.12/site-packages/robokpy_interfaces/srv/_spawnobject.py\n'}
[7.893256] (robokpy_interfaces) StdoutLine: {'line': b'-- Up-to-date: /home/meta/Documents/robotics_workspace_new/install/robokpy_interfaces/lib/python3.12/site-packages/robokpy_interfaces/srv/_despawn_object_s.c\n'}
[7.893531] (robokpy_interfaces) StdoutLine: {'line': b'-- Up-to-date: /home/meta/Documents/robotics_workspace_new/install/robokpy_interfaces/lib/python3.12/site-packages/robokpy_interfaces/srv/_load_recipe_s.c\n'}
[7.893821] (robokpy_interfaces) StdoutLine: {'line': b'-- Up-to-date: /home/meta/Documents/robotics_workspace_new/install/robokpy_interfaces/lib/python3.12/site-packages/robokpy_interfaces/srv/_resume_execution_s.c\n'}
[7.894141] (robokpy) StdoutLine: {'line': b'running egg_info\n'}
[7.894497] (robokpy_interfaces) StdoutLine: {'line': b'-- Up-to-date: /home/meta/Documents/robotics_workspace_new/install/robokpy_interfaces/lib/python3.12/site-packages/robokpy_interfaces/srv/_execution_state_s.c\n'}
[7.894792] (robokpy_interfaces) StdoutLine: {'line': b'-- Up-to-date: /home/meta/Documents/robotics_workspace_new/install/robokpy_interfaces/lib/python3.12/site-packages/robokpy_interfaces/srv/_spawnobject_s.c\n'}
[7.895077] (robokpy_interfaces) StdoutLine: {'line': b'-- Up-to-date: /home/meta/Documents/robotics_workspace_new/install/robokpy_interfaces/lib/python3.12/site-packages/robokpy_interfaces/srv/_fk_s.c\n'}
[7.895450] (robokpy_interfaces) StdoutLine: {'line': b'-- Up-to-date: /home/meta/Documents/robotics_workspace_new/install/robokpy_interfaces/lib/python3.12/site-packages/robokpy_interfaces/srv/_reachable_s.c\n'}
[7.895740] (robokpy_interfaces) StdoutLine: {'line': b'-- Up-to-date: /home/meta/Documents/robotics_workspace_new/install/robokpy_interfaces/lib/python3.12/site-packages/robokpy_interfaces/srv/_despawn_object.py\n'}
[7.896007] (robokpy_interfaces) StdoutLine: {'line': b'-- Up-to-date: /home/meta/Documents/robotics_workspace_new/install/robokpy_interfaces/lib/python3.12/site-packages/robokpy_interfaces/srv/_spawn_object.py\n'}
[7.896625] (robokpy_interfaces) StdoutLine: {'line': b'-- Up-to-date: /home/meta/Documents/robotics_workspace_new/install/robokpy_interfaces/lib/python3.12/site-packages/robokpy_interfaces/srv/_load_recipe.py\n'}
[7.896918] (robokpy_interfaces) StdoutLine: {'line': b'-- Up-to-date: /home/meta/Documents/robotics_workspace_new/install/robokpy_interfaces/lib/python3.12/site-packages/robokpy_interfaces/srv/_fk.py\n'}
[7.897223] (robokpy_interfaces) StdoutLine: {'line': b'-- Up-to-date: /home/meta/Documents/robotics_workspace_new/install/robokpy_interfaces/lib/python3.12/site-packages/robokpy_interfaces/srv/_execution_state.py\n'}
[7.897711] (robokpy_interfaces) StdoutLine: {'line': b'-- Up-to-date: /home/meta/Documents/robotics_workspace_new/install/robokpy_interfaces/lib/python3.12/site-packages/robokpy_interfaces/srv/_resolve_object_pose.py\n'}
[7.897992] (robokpy_interfaces) StdoutLine: {'line': b'-- Up-to-date: /home/meta/Documents/robotics_workspace_new/install/robokpy_interfaces/lib/python3.12/site-packages/robokpy_interfaces/srv/_jacobian_s.c\n'}
[7.898273] (robokpy_interfaces) StdoutLine: {'line': b'-- Up-to-date: /home/meta/Documents/robotics_workspace_new/install/robokpy_interfaces/lib/python3.12/site-packages/robokpy_interfaces/srv/_system_mode.py\n'}
[7.898572] (robokpy_interfaces) StdoutLine: {'line': b'-- Up-to-date: /home/meta/Documents/robotics_workspace_new/install/robokpy_interfaces/lib/python3.12/site-packages/robokpy_interfaces/srv/_chain_fk.py\n'}
[7.898807] (robokpy_interfaces) StdoutLine: {'line': b'-- Up-to-date: /home/meta/Documents/robotics_workspace_new/install/robokpy_interfaces/lib/python3.12/site-packages/robokpy_interfaces/srv/_reachable.py\n'}
[7.899065] (robokpy_interfaces) StdoutLine: {'line': b'-- Up-to-date: /home/meta/Documents/robotics_workspace_new/install/robokpy_interfaces/lib/python3.12/site-packages/robokpy_interfaces/srv/_system_mode_s.c\n'}
[7.899960] (robokpy_interfaces) StdoutLine: {'line': b'-- Up-to-date: /home/meta/Documents/robotics_workspace_new/install/robokpy_interfaces/lib/python3.12/site-packages/robokpy_interfaces/srv/_ik_s.c\n'}
[7.900361] (robokpy_interfaces) StdoutLine: {'line': b'-- Up-to-date: /home/meta/Documents/robotics_workspace_new/install/robokpy_interfaces/lib/python3.12/site-packages/robokpy_interfaces/srv/__init__.py\n'}
[7.902181] (robokpy_interfaces) StdoutLine: {'line': b'-- Up-to-date: /home/meta/Documents/robotics_workspace_new/install/robokpy_interfaces/lib/python3.12/site-packages/robokpy_interfaces/srv/_ik.py\n'}
[7.902617] (robokpy_interfaces) StdoutLine: {'line': b'-- Up-to-date: /home/meta/Documents/robotics_workspace_new/install/robokpy_interfaces/lib/python3.12/site-packages/robokpy_interfaces/srv/_grasp_attach.py\n'}
[7.903089] (robokpy_interfaces) StdoutLine: {'line': b'-- Up-to-date: /home/meta/Documents/robotics_workspace_new/install/robokpy_interfaces/lib/python3.12/site-packages/robokpy_interfaces/srv/_despawnobject_s.c\n'}
[7.903693] (robokpy_interfaces) StdoutLine: {'line': b'-- Up-to-date: /home/meta/Documents/robotics_workspace_new/install/robokpy_interfaces/lib/python3.12/site-packages/robokpy_interfaces/srv/_set_planning_tip_link_s.c\n'}
[7.904051] (robokpy_interfaces) StdoutLine: {'line': b'-- Up-to-date: /home/meta/Documents/robotics_workspace_new/install/robokpy_interfaces/lib/python3.12/site-packages/robokpy_interfaces/srv/_spawn_object_s.c\n'}
[7.904370] (robokpy_interfaces) StdoutLine: {'line': b'-- Up-to-date: /home/meta/Documents/robotics_workspace_new/install/robokpy_interfaces/lib/python3.12/site-packages/robokpy_interfaces/srv/_set_planning_tip_link.py\n'}
[7.904636] (robokpy_interfaces) StdoutLine: {'line': b'-- Up-to-date: /home/meta/Documents/robotics_workspace_new/install/robokpy_interfaces/lib/python3.12/site-packages/robokpy_interfaces/srv/_chain_fk_s.c\n'}
[7.905154] (robokpy_interfaces) StdoutLine: {'line': b'-- Up-to-date: /home/meta/Documents/robotics_workspace_new/install/robokpy_interfaces/lib/python3.12/site-packages/robokpy_interfaces/robokpy_interfaces_s__rosidl_typesupport_c.so\n'}
[7.905445] (robokpy_interfaces) StdoutLine: {'line': b'-- Up-to-date: /home/meta/Documents/robotics_workspace_new/install/robokpy_interfaces/lib/python3.12/site-packages/robokpy_interfaces/_robokpy_interfaces_s.ep.rosidl_typesupport_introspection_c.c\n'}
[7.905707] (robokpy_interfaces) StdoutLine: {'line': b'-- Up-to-date: /home/meta/Documents/robotics_workspace_new/install/robokpy_interfaces/lib/python3.12/site-packages/robokpy_interfaces/action\n'}
[7.905986] (robokpy_interfaces) StdoutLine: {'line': b'-- Up-to-date: /home/meta/Documents/robotics_workspace_new/install/robokpy_interfaces/lib/python3.12/site-packages/robokpy_interfaces/action/_execute_tool_op_s.c\n'}
[7.906321] (robokpy_interfaces) StdoutLine: {'line': b'-- Up-to-date: /home/meta/Documents/robotics_workspace_new/install/robokpy_interfaces/lib/python3.12/site-packages/robokpy_interfaces/action/_execute_vision_op.py\n'}
[7.906574] (robokpy_interfaces) StdoutLine: {'line': b'-- Up-to-date: /home/meta/Documents/robotics_workspace_new/install/robokpy_interfaces/lib/python3.12/site-packages/robokpy_interfaces/action/_tool_execution.py\n'}
[7.906892] (robokpy_interfaces) StdoutLine: {'line': b'-- Up-to-date: /home/meta/Documents/robotics_workspace_new/install/robokpy_interfaces/lib/python3.12/site-packages/robokpy_interfaces/action/_robot_trajectory.py\n'}
[7.907169] (robokpy_interfaces) StdoutLine: {'line': b'-- Up-to-date: /home/meta/Documents/robotics_workspace_new/install/robokpy_interfaces/lib/python3.12/site-packages/robokpy_interfaces/action/_tool_execution_s.c\n'}
[7.907617] (robokpy_interfaces) StdoutLine: {'line': b'-- Up-to-date: /home/meta/Documents/robotics_workspace_new/install/robokpy_interfaces/lib/python3.12/site-packages/robokpy_interfaces/action/_execute_tool_op.py\n'}
[7.907893] (robokpy_interfaces) StdoutLine: {'line': b'-- Up-to-date: /home/meta/Documents/robotics_workspace_new/install/robokpy_interfaces/lib/python3.12/site-packages/robokpy_interfaces/action/_set_joint_target.py\n'}
[7.908664] (robokpy_interfaces) StdoutLine: {'line': b'-- Up-to-date: /home/meta/Documents/robotics_workspace_new/install/robokpy_interfaces/lib/python3.12/site-packages/robokpy_interfaces/action/_execute_motion_s.c\n'}
[7.908964] (robokpy_interfaces) StdoutLine: {'line': b'-- Up-to-date: /home/meta/Documents/robotics_workspace_new/install/robokpy_interfaces/lib/python3.12/site-packages/robokpy_interfaces/action/__init__.py\n'}
[7.909276] (robokpy_interfaces) StdoutLine: {'line': b'-- Up-to-date: /home/meta/Documents/robotics_workspace_new/install/robokpy_interfaces/lib/python3.12/site-packages/robokpy_interfaces/action/_execute_vision_op_s.c\n'}
[7.909649] (robokpy_interfaces) StdoutLine: {'line': b'-- Up-to-date: /home/meta/Documents/robotics_workspace_new/install/robokpy_interfaces/lib/python3.12/site-packages/robokpy_interfaces/action/_set_joint_target_s.c\n'}
[7.909925] (robokpy_interfaces) StdoutLine: {'line': b'-- Up-to-date: /home/meta/Documents/robotics_workspace_new/install/robokpy_interfaces/lib/python3.12/site-packages/robokpy_interfaces/action/_execute_motion.py\n'}
[7.910222] (robokpy_interfaces) StdoutLine: {'line': b'-- Up-to-date: /home/meta/Documents/robotics_workspace_new/install/robokpy_interfaces/lib/python3.12/site-packages/robokpy_interfaces/action/_robot_trajectory_s.c\n'}
[7.910565] (robokpy_interfaces) StdoutLine: {'line': b'-- Up-to-date: /home/meta/Documents/robotics_workspace_new/install/robokpy_interfaces/lib/python3.12/site-packages/robokpy_interfaces/msg\n'}
[7.910879] (robokpy_interfaces) StdoutLine: {'line': b'-- Up-to-date: /home/meta/Documents/robotics_workspace_new/install/robokpy_interfaces/lib/python3.12/site-packages/robokpy_interfaces/msg/_cell_state_s.c\n'}
[7.911178] (robokpy_interfaces) StdoutLine: {'line': b'-- Up-to-date: /home/meta/Documents/robotics_workspace_new/install/robokpy_interfaces/lib/python3.12/site-packages/robokpy_interfaces/msg/__init__.py\n'}
[7.911476] (robokpy_interfaces) StdoutLine: {'line': b'-- Up-to-date: /home/meta/Documents/robotics_workspace_new/install/robokpy_interfaces/lib/python3.12/site-packages/robokpy_interfaces/msg/_cell_state.py\n'}
[7.911810] (robokpy_interfaces) StdoutLine: {'line': b'-- Up-to-date: /home/meta/Documents/robotics_workspace_new/install/robokpy_interfaces/lib/python3.12/site-packages/robokpy_interfaces/robokpy_interfaces_s__rosidl_typesupport_fastrtps_c.so\n'}
[7.912087] (robokpy_interfaces) StdoutLine: {'line': b'-- Up-to-date: /home/meta/Documents/robotics_workspace_new/install/robokpy_interfaces/lib/python3.12/site-packages/robokpy_interfaces/_robokpy_interfaces_s.ep.rosidl_typesupport_c.c\n'}
[7.912410] (robokpy_interfaces) StdoutLine: {'line': b'-- Up-to-date: /home/meta/Documents/robotics_workspace_new/install/robokpy_interfaces/lib/python3.12/site-packages/robokpy_interfaces/robokpy_interfaces_s__rosidl_typesupport_introspection_c.so\n'}
[7.912711] (robokpy_interfaces) StdoutLine: {'line': b'-- Up-to-date: /home/meta/Documents/robotics_workspace_new/install/robokpy_interfaces/lib/python3.12/site-packages/robokpy_interfaces/__init__.py\n'}
[7.912959] (robokpy_interfaces) StdoutLine: {'line': b'-- Up-to-date: /home/meta/Documents/robotics_workspace_new/install/robokpy_interfaces/lib/python3.12/site-packages/robokpy_interfaces/_robokpy_interfaces_s.ep.rosidl_typesupport_fastrtps_c.c\n'}
[7.936928] (-) TimerEvent: {}
[8.029481] (robokpy) StdoutLine: {'line': b'writing ../../build/robokpy/robokpy.egg-info/PKG-INFO\n'}
[8.030135] (robokpy) StdoutLine: {'line': b'writing dependency_links to ../../build/robokpy/robokpy.egg-info/dependency_links.txt\n'}
[8.030777] (robokpy) StdoutLine: {'line': b'writing requirements to ../../build/robokpy/robokpy.egg-info/requires.txt\n'}
[8.032205] (robokpy) StdoutLine: {'line': b'writing top-level names to ../../build/robokpy/robokpy.egg-info/top_level.txt\n'}
[8.037038] (-) TimerEvent: {}
[8.139109] (-) TimerEvent: {}
[8.155237] (robokpy_interfaces) StdoutLine: {'line': b"Listing '/home/meta/Documents/robotics_workspace_new/install/robokpy_interfaces/lib/python3.12/site-packages/robokpy_interfaces'...\n"}
[8.155662] (robokpy_interfaces) StdoutLine: {'line': b"Listing '/home/meta/Documents/robotics_workspace_new/install/robokpy_interfaces/lib/python3.12/site-packages/robokpy_interfaces/action'...\n"}
[8.155959] (robokpy_interfaces) StdoutLine: {'line': b"Listing '/home/meta/Documents/robotics_workspace_new/install/robokpy_interfaces/lib/python3.12/site-packages/robokpy_interfaces/msg'...\n"}
[8.156256] (robokpy_interfaces) StdoutLine: {'line': b"Listing '/home/meta/Documents/robotics_workspace_new/install/robokpy_interfaces/lib/python3.12/site-packages/robokpy_interfaces/srv'...\n"}
[8.188196] (robokpy_interfaces) StdoutLine: {'line': b'-- Up-to-date: /home/meta/Documents/robotics_workspace_new/install/robokpy_interfaces/lib/python3.12/site-packages/robokpy_interfaces/robokpy_interfaces_s__rosidl_typesupport_fastrtps_c.so\n'}
[8.188895] (robokpy_interfaces) StdoutLine: {'line': b'-- Up-to-date: /home/meta/Documents/robotics_workspace_new/install/robokpy_interfaces/lib/python3.12/site-packages/robokpy_interfaces/robokpy_interfaces_s__rosidl_typesupport_introspection_c.so\n'}
[8.196171] (robokpy_interfaces) StdoutLine: {'line': b'-- Up-to-date: /home/meta/Documents/robotics_workspace_new/install/robokpy_interfaces/lib/python3.12/site-packages/robokpy_interfaces/robokpy_interfaces_s__rosidl_typesupport_c.so\n'}
[8.199076] (robokpy_interfaces) StdoutLine: {'line': b'-- Up-to-date: /home/meta/Documents/robotics_workspace_new/install/robokpy_interfaces/lib/librobokpy_interfaces__rosidl_generator_py.so\n'}
[8.199649] (robokpy_interfaces) StdoutLine: {'line': b'-- Up-to-date: /home/meta/Documents/robotics_workspace_new/install/robokpy_interfaces/share/robokpy_interfaces/srv/ExecutionState.idl\n'}
[8.200627] (robokpy_interfaces) StdoutLine: {'line': b'-- Up-to-date: /home/meta/Documents/robotics_workspace_new/install/robokpy_interfaces/share/robokpy_interfaces/srv/SystemMode.idl\n'}
[8.200925] (robokpy_interfaces) StdoutLine: {'line': b'-- Up-to-date: /home/meta/Documents/robotics_workspace_new/install/robokpy_interfaces/share/robokpy_interfaces/srv/FK.idl\n'}
[8.201212] (robokpy_interfaces) StdoutLine: {'line': b'-- Up-to-date: /home/meta/Documents/robotics_workspace_new/install/robokpy_interfaces/share/robokpy_interfaces/srv/IK.idl\n'}
[8.201473] (robokpy_interfaces) StdoutLine: {'line': b'-- Up-to-date: /home/meta/Documents/robotics_workspace_new/install/robokpy_interfaces/share/robokpy_interfaces/srv/Jacobian.idl\n'}
[8.204092] (robokpy_interfaces) StdoutLine: {'line': b'-- Up-to-date: /home/meta/Documents/robotics_workspace_new/install/robokpy_interfaces/share/robokpy_interfaces/srv/Reachable.idl\n'}
[8.204753] (robokpy_interfaces) StdoutLine: {'line': b'-- Up-to-date: /home/meta/Documents/robotics_workspace_new/install/robokpy_interfaces/share/robokpy_interfaces/srv/ChainFK.idl\n'}
[8.207223] (robokpy_interfaces) StdoutLine: {'line': b'-- Up-to-date: /home/meta/Documents/robotics_workspace_new/install/robokpy_interfaces/share/robokpy_interfaces/srv/SetPlanningTipLink.idl\n'}
[8.207616] (robokpy_interfaces) StdoutLine: {'line': b'-- Up-to-date: /home/meta/Documents/robotics_workspace_new/install/robokpy_interfaces/share/robokpy_interfaces/srv/GraspAttach.idl\n'}
[8.208425] (robokpy_interfaces) StdoutLine: {'line': b'-- Up-to-date: /home/meta/Documents/robotics_workspace_new/install/robokpy_interfaces/share/robokpy_interfaces/srv/ResumeExecution.idl\n'}
[8.208942] (robokpy_interfaces) StdoutLine: {'line': b'-- Up-to-date: /home/meta/Documents/robotics_workspace_new/install/robokpy_interfaces/share/robokpy_interfaces/srv/LoadRecipe.idl\n'}
[8.210070] (robokpy_interfaces) StdoutLine: {'line': b'-- Up-to-date: /home/meta/Documents/robotics_workspace_new/install/robokpy_interfaces/share/robokpy_interfaces/srv/SpawnObject.idl\n'}
[8.212668] (robokpy_interfaces) StdoutLine: {'line': b'-- Up-to-date: /home/meta/Documents/robotics_workspace_new/install/robokpy_interfaces/share/robokpy_interfaces/srv/DespawnObject.idl\n'}
[8.213192] (robokpy_interfaces) StdoutLine: {'line': b'-- Up-to-date: /home/meta/Documents/robotics_workspace_new/install/robokpy_interfaces/share/robokpy_interfaces/srv/ResolveObjectPose.idl\n'}
[8.216080] (robokpy_interfaces) StdoutLine: {'line': b'-- Up-to-date: /home/meta/Documents/robotics_workspace_new/install/robokpy_interfaces/share/robokpy_interfaces/msg/CellState.idl\n'}
[8.216446] (robokpy_interfaces) StdoutLine: {'line': b'-- Up-to-date: /home/meta/Documents/robotics_workspace_new/install/robokpy_interfaces/share/robokpy_interfaces/action/ExecuteMotion.idl\n'}
[8.216727] (robokpy_interfaces) StdoutLine: {'line': b'-- Up-to-date: /home/meta/Documents/robotics_workspace_new/install/robokpy_interfaces/share/robokpy_interfaces/action/ExecuteToolOp.idl\n'}
[8.217038] (robokpy_interfaces) StdoutLine: {'line': b'-- Up-to-date: /home/meta/Documents/robotics_workspace_new/install/robokpy_interfaces/share/robokpy_interfaces/action/ExecuteVisionOp.idl\n'}
[8.218736] (robokpy_interfaces) StdoutLine: {'line': b'-- Up-to-date: /home/meta/Documents/robotics_workspace_new/install/robokpy_interfaces/share/robokpy_interfaces/action/SetJointTarget.idl\n'}
[8.221567] (robokpy_interfaces) StdoutLine: {'line': b'-- Up-to-date: /home/meta/Documents/robotics_workspace_new/install/robokpy_interfaces/share/robokpy_interfaces/srv/ExecutionState.srv\n'}
[8.221877] (robokpy_interfaces) StdoutLine: {'line': b'-- Up-to-date: /home/meta/Documents/robotics_workspace_new/install/robokpy_interfaces/share/robokpy_interfaces/srv/SystemMode.srv\n'}
[8.222183] (robokpy_interfaces) StdoutLine: {'line': b'-- Up-to-date: /home/meta/Documents/robotics_workspace_new/install/robokpy_interfaces/share/robokpy_interfaces/srv/FK.srv\n'}
[8.222510] (robokpy_interfaces) StdoutLine: {'line': b'-- Up-to-date: /home/meta/Documents/robotics_workspace_new/install/robokpy_interfaces/share/robokpy_interfaces/srv/IK.srv\n'}
[8.222896] (robokpy_interfaces) StdoutLine: {'line': b'-- Up-to-date: /home/meta/Documents/robotics_workspace_new/install/robokpy_interfaces/share/robokpy_interfaces/srv/Jacobian.srv\n'}
[8.223331] (robokpy_interfaces) StdoutLine: {'line': b'-- Up-to-date: /home/meta/Documents/robotics_workspace_new/install/robokpy_interfaces/share/robokpy_interfaces/srv/Reachable.srv\n'}
[8.223646] (robokpy_interfaces) StdoutLine: {'line': b'-- Up-to-date: /home/meta/Documents/robotics_workspace_new/install/robokpy_interfaces/share/robokpy_interfaces/srv/ChainFK.srv\n'}
[8.224615] (robokpy_interfaces) StdoutLine: {'line': b'-- Up-to-date: /home/meta/Documents/robotics_workspace_new/install/robokpy_interfaces/share/robokpy_interfaces/srv/SetPlanningTipLink.srv\n'}
[8.227045] (robokpy_interfaces) StdoutLine: {'line': b'-- Up-to-date: /home/meta/Documents/robotics_workspace_new/install/robokpy_interfaces/share/robokpy_interfaces/srv/GraspAttach.srv\n'}
[8.227389] (robokpy_interfaces) StdoutLine: {'line': b'-- Up-to-date: /home/meta/Documents/robotics_workspace_new/install/robokpy_interfaces/share/robokpy_interfaces/srv/ResumeExecution.srv\n'}
[8.227643] (robokpy_interfaces) StdoutLine: {'line': b'-- Up-to-date: /home/meta/Documents/robotics_workspace_new/install/robokpy_interfaces/share/robokpy_interfaces/srv/LoadRecipe.srv\n'}
[8.227883] (robokpy_interfaces) StdoutLine: {'line': b'-- Up-to-date: /home/meta/Documents/robotics_workspace_new/install/robokpy_interfaces/share/robokpy_interfaces/srv/SpawnObject.srv\n'}
[8.228306] (robokpy_interfaces) StdoutLine: {'line': b'-- Up-to-date: /home/meta/Documents/robotics_workspace_new/install/robokpy_interfaces/share/robokpy_interfaces/srv/DespawnObject.srv\n'}
[8.228559] (robokpy_interfaces) StdoutLine: {'line': b'-- Up-to-date: /home/meta/Documents/robotics_workspace_new/install/robokpy_interfaces/share/robokpy_interfaces/srv/ResolveObjectPose.srv\n'}
[8.228794] (robokpy_interfaces) StdoutLine: {'line': b'-- Up-to-date: /home/meta/Documents/robotics_workspace_new/install/robokpy_interfaces/share/robokpy_interfaces/msg/CellState.msg\n'}
[8.229279] (robokpy_interfaces) StdoutLine: {'line': b'-- Up-to-date: /home/meta/Documents/robotics_workspace_new/install/robokpy_interfaces/share/robokpy_interfaces/action/ExecuteMotion.action\n'}
[8.229757] (robokpy_interfaces) StdoutLine: {'line': b'-- Up-to-date: /home/meta/Documents/robotics_workspace_new/install/robokpy_interfaces/share/robokpy_interfaces/action/ExecuteToolOp.action\n'}
[8.230006] (robokpy_interfaces) StdoutLine: {'line': b'-- Up-to-date: /home/meta/Documents/robotics_workspace_new/install/robokpy_interfaces/share/robokpy_interfaces/action/ExecuteVisionOp.action\n'}
[8.230336] (robokpy_interfaces) StdoutLine: {'line': b'-- Up-to-date: /home/meta/Documents/robotics_workspace_new/install/robokpy_interfaces/share/robokpy_interfaces/action/SetJointTarget.action\n'}
[8.230604] (robokpy_interfaces) StdoutLine: {'line': b'-- Up-to-date: /home/meta/Documents/robotics_workspace_new/install/robokpy_interfaces/include\n'}
[8.230842] (robokpy_interfaces) StdoutLine: {'line': b'-- Up-to-date: /home/meta/Documents/robotics_workspace_new/install/robokpy_interfaces/include/robokpy_interfaces\n'}
[8.241060] (-) TimerEvent: {}
[8.246188] (robokpy_interfaces) StdoutLine: {'line': b'-- Up-to-date: /home/meta/Documents/robotics_workspace_new/install/robokpy_interfaces/share/ament_index/resource_index/package_run_dependencies/robokpy_interfaces\n'}
[8.246614] (robokpy_interfaces) StdoutLine: {'line': b'-- Up-to-date: /home/meta/Documents/robotics_workspace_new/install/robokpy_interfaces/share/ament_index/resource_index/parent_prefix_path/robokpy_interfaces\n'}
[8.246867] (robokpy_interfaces) StdoutLine: {'line': b'-- Up-to-date: /home/meta/Documents/robotics_workspace_new/install/robokpy_interfaces/share/robokpy_interfaces/environment/ament_prefix_path.sh\n'}
[8.247160] (robokpy_interfaces) StdoutLine: {'line': b'-- Up-to-date: /home/meta/Documents/robotics_workspace_new/install/robokpy_interfaces/share/robokpy_interfaces/environment/ament_prefix_path.dsv\n'}
[8.249284] (robokpy_interfaces) StdoutLine: {'line': b'-- Up-to-date: /home/meta/Documents/robotics_workspace_new/install/robokpy_interfaces/share/robokpy_interfaces/environment/path.sh\n'}
[8.251211] (robokpy_interfaces) StdoutLine: {'line': b'-- Up-to-date: /home/meta/Documents/robotics_workspace_new/install/robokpy_interfaces/share/robokpy_interfaces/environment/path.dsv\n'}
[8.251535] (robokpy_interfaces) StdoutLine: {'line': b'-- Up-to-date: /home/meta/Documents/robotics_workspace_new/install/robokpy_interfaces/share/robokpy_interfaces/local_setup.bash\n'}
[8.251792] (robokpy_interfaces) StdoutLine: {'line': b'-- Up-to-date: /home/meta/Documents/robotics_workspace_new/install/robokpy_interfaces/share/robokpy_interfaces/local_setup.sh\n'}
[8.252042] (robokpy_interfaces) StdoutLine: {'line': b'-- Up-to-date: /home/meta/Documents/robotics_workspace_new/install/robokpy_interfaces/share/robokpy_interfaces/local_setup.zsh\n'}
[8.254446] (robokpy_interfaces) StdoutLine: {'line': b'-- Up-to-date: /home/meta/Documents/robotics_workspace_new/install/robokpy_interfaces/share/robokpy_interfaces/local_setup.dsv\n'}
[8.254732] (robokpy_interfaces) StdoutLine: {'line': b'-- Installing: /home/meta/Documents/robotics_workspace_new/install/robokpy_interfaces/share/robokpy_interfaces/package.dsv\n'}
[8.275896] (robokpy_interfaces) StdoutLine: {'line': b'-- Up-to-date: /home/meta/Documents/robotics_workspace_new/install/robokpy_interfaces/share/ament_index/resource_index/packages/robokpy_interfaces\n'}
[8.294429] (robokpy_interfaces) StdoutLine: {'line': b'-- Up-to-date: /home/meta/Documents/robotics_workspace_new/install/robokpy_interfaces/share/robokpy_interfaces/cmake/export_robokpy_interfaces__rosidl_generator_cExport.cmake\n'}
[8.295005] (robokpy_interfaces) StdoutLine: {'line': b'-- Up-to-date: /home/meta/Documents/robotics_workspace_new/install/robokpy_interfaces/share/robokpy_interfaces/cmake/export_robokpy_interfaces__rosidl_generator_cExport-noconfig.cmake\n'}
[8.296914] (robokpy_interfaces) StdoutLine: {'line': b'-- Up-to-date: /home/meta/Documents/robotics_workspace_new/install/robokpy_interfaces/share/robokpy_interfaces/cmake/export_robokpy_interfaces__rosidl_typesupport_fastrtps_cExport.cmake\n'}
[8.299494] (robokpy_interfaces) StdoutLine: {'line': b'-- Up-to-date: /home/meta/Documents/robotics_workspace_new/install/robokpy_interfaces/share/robokpy_interfaces/cmake/export_robokpy_interfaces__rosidl_typesupport_fastrtps_cExport-noconfig.cmake\n'}
[8.299878] (robokpy_interfaces) StdoutLine: {'line': b'-- Up-to-date: /home/meta/Documents/robotics_workspace_new/install/robokpy_interfaces/share/robokpy_interfaces/cmake/robokpy_interfaces__rosidl_typesupport_introspection_cExport.cmake\n'}
[8.301408] (robokpy_interfaces) StdoutLine: {'line': b'-- Up-to-date: /home/meta/Documents/robotics_workspace_new/install/robokpy_interfaces/share/robokpy_interfaces/cmake/robokpy_interfaces__rosidl_typesupport_introspection_cExport-noconfig.cmake\n'}
[8.301884] (robokpy_interfaces) StdoutLine: {'line': b'-- Up-to-date: /home/meta/Documents/robotics_workspace_new/install/robokpy_interfaces/share/robokpy_interfaces/cmake/robokpy_interfaces__rosidl_typesupport_cExport.cmake\n'}
[8.303974] (robokpy_interfaces) StdoutLine: {'line': b'-- Up-to-date: /home/meta/Documents/robotics_workspace_new/install/robokpy_interfaces/share/robokpy_interfaces/cmake/robokpy_interfaces__rosidl_typesupport_cExport-noconfig.cmake\n'}
[8.304492] (robokpy_interfaces) StdoutLine: {'line': b'-- Up-to-date: /home/meta/Documents/robotics_workspace_new/install/robokpy_interfaces/share/robokpy_interfaces/cmake/export_robokpy_interfaces__rosidl_generator_cppExport.cmake\n'}
[8.306367] (robokpy_interfaces) StdoutLine: {'line': b'-- Up-to-date: /home/meta/Documents/robotics_workspace_new/install/robokpy_interfaces/share/robokpy_interfaces/cmake/export_robokpy_interfaces__rosidl_typesupport_fastrtps_cppExport.cmake\n'}
[8.306782] (robokpy_interfaces) StdoutLine: {'line': b'-- Up-to-date: /home/meta/Documents/robotics_workspace_new/install/robokpy_interfaces/share/robokpy_interfaces/cmake/export_robokpy_interfaces__rosidl_typesupport_fastrtps_cppExport-noconfig.cmake\n'}
[8.309682] (robokpy_interfaces) StdoutLine: {'line': b'-- Up-to-date: /home/meta/Documents/robotics_workspace_new/install/robokpy_interfaces/share/robokpy_interfaces/cmake/robokpy_interfaces__rosidl_typesupport_introspection_cppExport.cmake\n'}
[8.310021] (robokpy_interfaces) StdoutLine: {'line': b'-- Up-to-date: /home/meta/Documents/robotics_workspace_new/install/robokpy_interfaces/share/robokpy_interfaces/cmake/robokpy_interfaces__rosidl_typesupport_introspection_cppExport-noconfig.cmake\n'}
[8.327425] (robokpy_interfaces) StdoutLine: {'line': b'-- Up-to-date: /home/meta/Documents/robotics_workspace_new/install/robokpy_interfaces/share/robokpy_interfaces/cmake/robokpy_interfaces__rosidl_typesupport_cppExport.cmake\n'}
[8.328753] (robokpy_interfaces) StdoutLine: {'line': b'-- Up-to-date: /home/meta/Documents/robotics_workspace_new/install/robokpy_interfaces/share/robokpy_interfaces/cmake/robokpy_interfaces__rosidl_typesupport_cppExport-noconfig.cmake\n'}
[8.344252] (-) TimerEvent: {}
[8.351548] (robokpy_interfaces) StdoutLine: {'line': b'-- Up-to-date: /home/meta/Documents/robotics_workspace_new/install/robokpy_interfaces/share/robokpy_interfaces/cmake/export_robokpy_interfaces__rosidl_generator_pyExport.cmake\n'}
[8.352082] (robokpy_interfaces) StdoutLine: {'line': b'-- Up-to-date: /home/meta/Documents/robotics_workspace_new/install/robokpy_interfaces/share/robokpy_interfaces/cmake/export_robokpy_interfaces__rosidl_generator_pyExport-noconfig.cmake\n'}
[8.352680] (robokpy_interfaces) StdoutLine: {'line': b'-- Up-to-date: /home/meta/Documents/robotics_workspace_new/install/robokpy_interfaces/share/robokpy_interfaces/cmake/rosidl_cmake-extras.cmake\n'}
[8.357322] (robokpy_interfaces) StdoutLine: {'line': b'-- Up-to-date: /home/meta/Documents/robotics_workspace_new/install/robokpy_interfaces/share/robokpy_interfaces/cmake/ament_cmake_export_dependencies-extras.cmake\n'}
[8.362207] (robokpy_interfaces) StdoutLine: {'line': b'-- Up-to-date: /home/meta/Documents/robotics_workspace_new/install/robokpy_interfaces/share/robokpy_interfaces/cmake/ament_cmake_export_include_directories-extras.cmake\n'}
[8.362734] (robokpy_interfaces) StdoutLine: {'line': b'-- Up-to-date: /home/meta/Documents/robotics_workspace_new/install/robokpy_interfaces/share/robokpy_interfaces/cmake/ament_cmake_export_libraries-extras.cmake\n'}
[8.363080] (robokpy_interfaces) StdoutLine: {'line': b'-- Up-to-date: /home/meta/Documents/robotics_workspace_new/install/robokpy_interfaces/share/robokpy_interfaces/cmake/ament_cmake_export_targets-extras.cmake\n'}
[8.363477] (robokpy_interfaces) StdoutLine: {'line': b'-- Up-to-date: /home/meta/Documents/robotics_workspace_new/install/robokpy_interfaces/share/robokpy_interfaces/cmake/rosidl_cmake_export_typesupport_targets-extras.cmake\n'}
[8.363789] (robokpy_interfaces) StdoutLine: {'line': b'-- Up-to-date: /home/meta/Documents/robotics_workspace_new/install/robokpy_interfaces/share/robokpy_interfaces/cmake/rosidl_cmake_export_typesupport_libraries-extras.cmake\n'}
[8.364066] (robokpy_interfaces) StdoutLine: {'line': b'-- Up-to-date: /home/meta/Documents/robotics_workspace_new/install/robokpy_interfaces/share/robokpy_interfaces/cmake/robokpy_interfacesConfig.cmake\n'}
[8.364389] (robokpy_interfaces) StdoutLine: {'line': b'-- Up-to-date: /home/meta/Documents/robotics_workspace_new/install/robokpy_interfaces/share/robokpy_interfaces/cmake/robokpy_interfacesConfig-version.cmake\n'}
[8.366228] (robokpy_interfaces) StdoutLine: {'line': b'-- Up-to-date: /home/meta/Documents/robotics_workspace_new/install/robokpy_interfaces/share/robokpy_interfaces/package.xml\n'}
[8.373567] (robokpy_interfaces) CommandEnded: {'returncode': 0}
[8.440645] (robokpy) StdoutLine: {'line': b"reading manifest file '../../build/robokpy/robokpy.egg-info/SOURCES.txt'\n"}
[8.445164] (-) TimerEvent: {}
[8.481584] (robokpy) StdoutLine: {'line': b"writing manifest file '../../build/robokpy/robokpy.egg-info/SOURCES.txt'\n"}
[8.482744] (robokpy) StdoutLine: {'line': b'running build\n'}
[8.483106] (robokpy) StdoutLine: {'line': b'running build_py\n'}
[8.485058] (robokpy) StdoutLine: {'line': b'running install\n'}
[8.524221] (robokpy) StdoutLine: {'line': b'running install_lib\n'}
[8.545433] (-) TimerEvent: {}
[8.646784] (-) TimerEvent: {}
[8.750603] (robokpy) StdoutLine: {'line': b'running install_data\n'}
[8.751525] (-) TimerEvent: {}
[8.751786] (robokpy) StdoutLine: {'line': b'running install_egg_info\n'}
[8.854606] (-) TimerEvent: {}
[8.960410] (-) TimerEvent: {}
[9.028982] (robokpy) StdoutLine: {'line': b"removing '/home/meta/Documents/robotics_workspace_new/install/robokpy/lib/python3.12/site-packages/robokpy-0.0.0-py3.12.egg-info' (and everything under it)\n"}
[9.038204] (robokpy) StdoutLine: {'line': b'Copying ../../build/robokpy/robokpy.egg-info to /home/meta/Documents/robotics_workspace_new/install/robokpy/lib/python3.12/site-packages/robokpy-0.0.0-py3.12.egg-info\n'}
[9.060740] (-) TimerEvent: {}
[9.083015] (robokpy) StdoutLine: {'line': b'running install_scripts\n'}
[9.161010] (-) TimerEvent: {}
[9.265458] (-) TimerEvent: {}
[9.368214] (-) TimerEvent: {}
[9.468696] (-) TimerEvent: {}
[9.570997] (-) TimerEvent: {}
[9.673053] (-) TimerEvent: {}
[9.773856] (-) TimerEvent: {}
[9.876322] (-) TimerEvent: {}
[9.977324] (-) TimerEvent: {}
[10.079026] (-) TimerEvent: {}
[10.179756] (-) TimerEvent: {}
[10.255263] (robokpy) StdoutLine: {'line': b"writing list of installed files to '/home/meta/Documents/robotics_workspace_new/build/robokpy/install.log'\n"}
[10.279876] (-) TimerEvent: {}
[10.364897] (robokpy) CommandEnded: {'returncode': 0}
[10.380356] (-) TimerEvent: {}
[10.384101] (robokpy) JobEnded: {'identifier': 'robokpy', 'rc': 0}
[10.480477] (-) TimerEvent: {}
[10.580851] (-) TimerEvent: {}
[10.681279] (-) TimerEvent: {}
[10.747161] (robokpy_interfaces) JobEnded: {'identifier': 'robokpy_interfaces', 'rc': 0}
[10.750043] (robokpy_controller) JobStarted: {'identifier': 'robokpy_controller'}
[10.781375] (-) TimerEvent: {}
[10.881749] (-) TimerEvent: {}
[10.982169] (-) TimerEvent: {}
[11.082548] (-) TimerEvent: {}
[11.182927] (-) TimerEvent: {}
[11.283477] (-) TimerEvent: {}
[11.383925] (-) TimerEvent: {}
[11.484361] (-) TimerEvent: {}
[11.584841] (-) TimerEvent: {}
[11.685277] (-) TimerEvent: {}
[11.786173] (-) TimerEvent: {}
[11.887488] (-) TimerEvent: {}
[11.987902] (-) TimerEvent: {}
[12.088335] (-) TimerEvent: {}
[12.188889] (-) TimerEvent: {}
[12.289421] (-) TimerEvent: {}
[12.390007] (-) TimerEvent: {}
[12.490485] (-) TimerEvent: {}
[12.591058] (-) TimerEvent: {}
[12.691896] (-) TimerEvent: {}
[12.792269] (-) TimerEvent: {}
[12.892633] (-) TimerEvent: {}
[12.992965] (-) TimerEvent: {}
[13.093295] (-) TimerEvent: {}
[13.193611] (-) TimerEvent: {}
[13.293922] (-) TimerEvent: {}
[13.394239] (-) TimerEvent: {}
[13.494605] (-) TimerEvent: {}
[13.594976] (-) TimerEvent: {}
[13.695384] (-) TimerEvent: {}
[13.740996] (robokpy_controller) Command: {'cmd': ['/usr/bin/python3', '-W', 'ignore:setup.py install is deprecated', 'setup.py', 'egg_info', '--egg-base', '../../build/robokpy_controller', 'build', '--build-base', '/home/meta/Documents/robotics_workspace_new/build/robokpy_controller/build', 'install', '--record', '/home/meta/Documents/robotics_workspace_new/build/robokpy_controller/install.log', '--single-version-externally-managed', 'install_data'], 'cwd': '/home/meta/Documents/robotics_workspace_new/src/robokpy_controller', 'env': {'GJS_DEBUG_TOPICS': 'JS ERROR;JS LOG', 'XDG_ACTIVATION_TOKEN': 'gnome-shell/Terminator/2778-0-meta-Inspiron-3542_TIME261192', 'LESSOPEN': '| /usr/bin/lesspipe %s', 'LANGUAGE': 'en_US', 'USER': 'meta', 'GZ_CONFIG_PATH': '/opt/ros/jazzy/opt/gz_sim_vendor/share/gz:/opt/ros/jazzy/opt/sdformat_vendor/share/gz:/opt/ros/jazzy/opt/gz_gui_vendor/share/gz:/opt/ros/jazzy/opt/gz_transport_vendor/share/gz:/opt/ros/jazzy/opt/gz_rendering_vendor/share/gz:/opt/ros/jazzy/opt/gz_plugin_vendor/share/gz:/opt/ros/jazzy/opt/gz_fuel_tools_vendor/share/gz:/opt/ros/jazzy/opt/gz_msgs_vendor/share/gz:/opt/ros/jazzy/opt/gz_common_vendor/share/gz', 'XDG_SESSION_TYPE': 'x11', 'STM32CubeMX_PATH': '/home/meta/STM32CubeMX', 'SHLVL': '1', 'LD_LIBRARY_PATH': '/home/meta/Documents/robotics_workspace_new/install/robokpy_interfaces/lib:/opt/ros/jazzy/opt/gz_sim_vendor/lib:/opt/ros/jazzy/opt/gz_sensors_vendor/lib:/opt/ros/jazzy/opt/gz_physics_vendor/lib:/opt/ros/jazzy/opt/sdformat_vendor/lib:/opt/ros/jazzy/opt/rviz_ogre_vendor/lib:/opt/ros/jazzy/lib/x86_64-linux-gnu:/opt/ros/jazzy/opt/gz_gui_vendor/lib:/opt/ros/jazzy/opt/gz_transport_vendor/lib:/opt/ros/jazzy/opt/gz_rendering_vendor/lib:/opt/ros/jazzy/opt/gz_plugin_vendor/lib:/opt/ros/jazzy/opt/gz_fuel_tools_vendor/lib:/opt/ros/jazzy/opt/gz_msgs_vendor/lib:/opt/ros/jazzy/opt/gz_common_vendor/lib:/opt/ros/jazzy/opt/gz_math_vendor/lib:/opt/ros/jazzy/opt/gz_utils_vendor/lib:/opt/ros/jazzy/opt/gz_tools_vendor/lib:/opt/ros/jazzy/opt/gz_ogre_next_vendor/lib:/opt/ros/jazzy/opt/gz_dartsim_vendor/lib:/opt/ros/jazzy/opt/gz_cmake_vendor/lib:/opt/ros/jazzy/lib', 'HOME': '/home/meta', 'OLDPWD': '/home/meta/Documents', 'DESKTOP_SESSION': 'ubuntu', 'NVM_BIN': '/home/meta/.nvm/versions/node/v25.2.1/bin', 'NVM_INC': '/home/meta/.nvm/versions/node/v25.2.1/include/node', 'GIO_LAUNCHED_DESKTOP_FILE': '/usr/share/applications/terminator.desktop', 'ROS_PYTHON_VERSION': '3', 'GNOME_SHELL_SESSION_MODE': 'ubuntu', 'GTK_MODULES': 'gail:atk-bridge', 'XDG_SEAT_PATH': '/org/freedesktop/DisplayManager/Seat0', 'MANAGERPID': '2449', 'SYSTEMD_EXEC_PID': '2778', 'GSM_SKIP_SSH_AGENT_WORKAROUND': 'true', 'DBUS_SESSION_BUS_ADDRESS': 'unix:path=/run/user/1000/bus', 'COLORTERM': 'truecolor', 'TERMINATOR_DBUS_NAME': 'net.tenshu.Terminator21a9d5db22c73a993ff0b42f64b396873', 'LIBVIRT_DEFAULT_URI': 'qemu:///system', 'GIO_LAUNCHED_DESKTOP_FILE_PID': '3796', 'NVM_DIR': '/home/meta/.nvm', 'DEBUGINFOD_URLS': 'https://debuginfod.ubuntu.com', 'IM_CONFIG_PHASE': '1', 'COLCON_PREFIX_PATH': '/home/meta/Documents/robotics_workspace_new/install', 'ROS_DISTRO': 'jazzy', 'LOGNAME': 'meta', 'JOURNAL_STREAM': '8:21875', '_': '/bin/colcon', 'ROS_VERSION': '2', 'MEMORY_PRESSURE_WATCH': '/sys/fs/cgroup/user.slice/user-1000.slice/user@1000.service/session.slice/org.gnome.Shell@x11.service/memory.pressure', 'XDG_SESSION_CLASS': 'user', 'TERM': 'xterm-256color', 'GNOME_DESKTOP_SESSION_ID': 'this-is-deprecated', 'PATH': '/opt/ros/jazzy/opt/gz_msgs_vendor/bin:/opt/ros/jazzy/opt/gz_tools_vendor/bin:/opt/ros/jazzy/opt/gz_ogre_next_vendor/bin:/opt/ros/jazzy/bin:/home/meta/.local/bin:/bin:/usr/bin:/usr/local/bin:/usr/local/texlive/2025/texmf-dist/doc/man::/snap/bin', 'SESSION_MANAGER': 'local/meta-Inspiron-3542:@/tmp/.ICE-unix/2747,unix/meta-Inspiron-3542:/tmp/.ICE-unix/2747', 'GDM_LANG': 'en_US', 'INVOCATION_ID': 'dae5a5f36e5a461caa1c3cd733ba5d67', 'XDG_SESSION_PATH': '/org/freedesktop/DisplayManager/Session0', 'XDG_MENU_PREFIX': 'gnome-', 'VREP_DIR': '/home/meta/meta/Downloads/VREP', 'XDG_RUNTIME_DIR': '/run/user/1000', 'DISPLAY': ':0', 'TERMINATOR_DBUS_PATH': '/net/tenshu/Terminator2', 'LANG': 'en_US.UTF-8', 'XDG_CURRENT_DESKTOP': 'ubuntu:GNOME', 'RMW_IMPLEMENTATION': 'rmw_cyclonedds_cpp', 'XMODIFIERS': '@im=ibus', 'XDG_SESSION_DESKTOP': 'ubuntu', 'XAUTHORITY': '/home/meta/.Xauthority', 'LS_COLORS': 'rs=0:di=01;34:ln=01;36:mh=00:pi=40;33:so=01;35:do=01;35:bd=40;33;01:cd=40;33;01:or=40;31;01:mi=00:su=37;41:sg=30;43:ca=00:tw=30;42:ow=34;42:st=37;44:ex=01;32:*.tar=01;31:*.tgz=01;31:*.arc=01;31:*.arj=01;31:*.taz=01;31:*.lha=01;31:*.lz4=01;31:*.lzh=01;31:*.lzma=01;31:*.tlz=01;31:*.txz=01;31:*.tzo=01;31:*.t7z=01;31:*.zip=01;31:*.z=01;31:*.dz=01;31:*.gz=01;31:*.lrz=01;31:*.lz=01;31:*.lzo=01;31:*.xz=01;31:*.zst=01;31:*.tzst=01;31:*.bz2=01;31:*.bz=01;31:*.tbz=01;31:*.tbz2=01;31:*.tz=01;31:*.deb=01;31:*.rpm=01;31:*.jar=01;31:*.war=01;31:*.ear=01;31:*.sar=01;31:*.rar=01;31:*.alz=01;31:*.ace=01;31:*.zoo=01;31:*.cpio=01;31:*.7z=01;31:*.rz=01;31:*.cab=01;31:*.wim=01;31:*.swm=01;31:*.dwm=01;31:*.esd=01;31:*.avif=01;35:*.jpg=01;35:*.jpeg=01;35:*.mjpg=01;35:*.mjpeg=01;35:*.gif=01;35:*.bmp=01;35:*.pbm=01;35:*.pgm=01;35:*.ppm=01;35:*.tga=01;35:*.xbm=01;35:*.xpm=01;35:*.tif=01;35:*.tiff=01;35:*.png=01;35:*.svg=01;35:*.svgz=01;35:*.mng=01;35:*.pcx=01;35:*.mov=01;35:*.mpg=01;35:*.mpeg=01;35:*.m2v=01;35:*.mkv=01;35:*.webm=01;35:*.webp=01;35:*.ogm=01;35:*.mp4=01;35:*.m4v=01;35:*.mp4v=01;35:*.vob=01;35:*.qt=01;35:*.nuv=01;35:*.wmv=01;35:*.asf=01;35:*.rm=01;35:*.rmvb=01;35:*.flc=01;35:*.avi=01;35:*.fli=01;35:*.flv=01;35:*.gl=01;35:*.dl=01;35:*.xcf=01;35:*.xwd=01;35:*.yuv=01;35:*.cgm=01;35:*.emf=01;35:*.ogv=01;35:*.ogx=01;35:*.aac=00;36:*.au=00;36:*.flac=00;36:*.m4a=00;36:*.mid=00;36:*.midi=00;36:*.mka=00;36:*.mp3=00;36:*.mpc=00;36:*.ogg=00;36:*.ra=00;36:*.wav=00;36:*.oga=00;36:*.opus=00;36:*.spx=00;36:*.xspf=00;36:*~=00;90:*#=00;90:*.bak=00;90:*.crdownload=00;90:*.dpkg-dist=00;90:*.dpkg-new=00;90:*.dpkg-old=00;90:*.dpkg-tmp=00;90:*.old=00;90:*.orig=00;90:*.part=00;90:*.rej=00;90:*.rpmnew=00;90:*.rpmorig=00;90:*.rpmsave=00;90:*.swp=00;90:*.tmp=00;90:*.ucf-dist=00;90:*.ucf-new=00;90:*.ucf-old=00;90:', 'SSH_AUTH_SOCK': '/run/user/1000/keyring/ssh', 'XDG_GREETER_DATA_DIR': '/var/lib/lightdm-data/meta', 'AMENT_PREFIX_PATH': '/home/meta/Documents/robotics_workspace_new/install/robokpy_controller:/home/meta/Documents/robotics_workspace_new/install/robokpy_interfaces:/home/meta/Documents/robotics_workspace_new/install/robokpy:/opt/ros/jazzy', 'SHELL': '/bin/bash', 'TERMINATOR_UUID': 'urn:uuid:84026139-a2bf-4c72-a3d0-8674c443507c', 'QT_ACCESSIBILITY': '1', 'GDMSESSION': 'ubuntu', 'LESSCLOSE': '/usr/bin/lesspipe %s %s', 'GPG_AGENT_INFO': '/run/user/1000/gnupg/S.gpg-agent:0:1', 'GJS_DEBUG_OUTPUT': 'stderr', 'ROS_AUTOMATIC_DISCOVERY_RANGE': 'SUBNET', 'QT_IM_MODULE': 'ibus', 'PWD': '/home/meta/Documents/robotics_workspace_new/build/robokpy_controller', 'QT_QPA_PLATFORM': 'xcb', 'LC_ALL': 'en_US.UTF-8', 'XDG_CONFIG_DIRS': '/etc/xdg/xdg-ubuntu:/etc/xdg', 'NVM_CD_FLAGS': '', 'XDG_DATA_DIRS': '/usr/share/ubuntu:/usr/share/gnome:/usr/local/share:/usr/share:/var/lib/snapd/desktop', 'QTWEBENGINE_DICTIONARIES_PATH': '/usr/share/hunspell-bdic/', 'PYTHONPATH': '/home/meta/Documents/robotics_workspace_new/build/robokpy_controller/prefix_override:/usr/lib/python3/dist-packages/colcon_core/task/python/colcon_distutils_commands:/home/meta/Documents/robotics_workspace_new/install/robokpy_controller/lib/python3.12/site-packages:/home/meta/Documents/robotics_workspace_new/install/robokpy_interfaces/lib/python3.12/site-packages:/home/meta/Documents/robotics_workspace_new/install/robokpy_controller/lib/python3.12/site-packages:/home/meta/Documents/robotics_workspace_new/install/robokpy/lib/python3.12/site-packages:/opt/ros/jazzy/lib/python3.12/site-packages', 'COLCON': '1', 'MEMORY_PRESSURE_WRITE': 'c29tZSAyMDAwMDAgMjAwMDAwMAA=', 'VTE_VERSION': '7600', 'CMAKE_PREFIX_PATH': '/home/meta/Documents/robotics_workspace_new/install/robokpy_interfaces:/opt/ros/jazzy/opt/gz_sim_vendor:/opt/ros/jazzy/opt/gz_sensors_vendor:/opt/ros/jazzy/opt/gz_physics_vendor:/opt/ros/jazzy/opt/sdformat_vendor:/opt/ros/jazzy/opt/gz_gui_vendor:/opt/ros/jazzy/opt/gz_transport_vendor:/opt/ros/jazzy/opt/gz_rendering_vendor:/opt/ros/jazzy/opt/gz_plugin_vendor:/opt/ros/jazzy/opt/gz_fuel_tools_vendor:/opt/ros/jazzy/opt/gz_msgs_vendor:/opt/ros/jazzy/opt/gz_common_vendor:/opt/ros/jazzy/opt/gz_math_vendor:/opt/ros/jazzy/opt/gz_utils_vendor:/opt/ros/jazzy/opt/gz_tools_vendor:/opt/ros/jazzy/opt/gz_ogre_next_vendor:/opt/ros/jazzy/opt/gz_dartsim_vendor:/opt/ros/jazzy/opt/gz_cmake_vendor'}, 'shell': False}
[13.795491] (-) TimerEvent: {}
[13.895829] (-) TimerEvent: {}
[13.996265] (-) TimerEvent: {}
[14.097007] (-) TimerEvent: {}
[14.197392] (-) TimerEvent: {}
[14.297770] (-) TimerEvent: {}
[14.398137] (-) TimerEvent: {}
[14.498481] (-) TimerEvent: {}
[14.598814] (-) TimerEvent: {}
[14.699185] (-) TimerEvent: {}
[14.799621] (-) TimerEvent: {}
[14.836869] (robokpy_controller) StdoutLine: {'line': b'running egg_info\n'}
[14.899716] (-) TimerEvent: {}
[14.930172] (robokpy_controller) StdoutLine: {'line': b'writing ../../build/robokpy_controller/robokpy_controller.egg-info/PKG-INFO\n'}
[14.930773] (robokpy_controller) StdoutLine: {'line': b'writing dependency_links to ../../build/robokpy_controller/robokpy_controller.egg-info/dependency_links.txt\n'}
[14.931427] (robokpy_controller) StdoutLine: {'line': b'writing entry points to ../../build/robokpy_controller/robokpy_controller.egg-info/entry_points.txt\n'}
[14.931839] (robokpy_controller) StdoutLine: {'line': b'writing requirements to ../../build/robokpy_controller/robokpy_controller.egg-info/requires.txt\n'}
[14.932206] (robokpy_controller) StdoutLine: {'line': b'writing top-level names to ../../build/robokpy_controller/robokpy_controller.egg-info/top_level.txt\n'}
[14.999867] (-) TimerEvent: {}
[15.100304] (-) TimerEvent: {}
[15.131489] (robokpy_controller) StdoutLine: {'line': b"reading manifest file '../../build/robokpy_controller/robokpy_controller.egg-info/SOURCES.txt'\n"}
[15.142468] (robokpy_controller) StdoutLine: {'line': b"writing manifest file '../../build/robokpy_controller/robokpy_controller.egg-info/SOURCES.txt'\n"}
[15.142832] (robokpy_controller) StdoutLine: {'line': b'running build\n'}
[15.143191] (robokpy_controller) StdoutLine: {'line': b'running build_py\n'}
[15.147287] (robokpy_controller) StdoutLine: {'line': b'running install\n'}
[15.162174] (robokpy_controller) StdoutLine: {'line': b'running install_lib\n'}
[15.200427] (-) TimerEvent: {}
[15.258213] (robokpy_controller) StdoutLine: {'line': b'running install_data\n'}
[15.259543] (robokpy_controller) StdoutLine: {'line': b'copying config/ur5e_robotiq_85_gripper_controllers.yaml -> /home/meta/Documents/robotics_workspace_new/install/robokpy_controller/share/robokpy_controller/config\n'}
[15.264526] (robokpy_controller) StdoutLine: {'line': b'running install_egg_info\n'}
[15.300604] (-) TimerEvent: {}
[15.387878] (robokpy_controller) StdoutLine: {'line': b"removing '/home/meta/Documents/robotics_workspace_new/install/robokpy_controller/lib/python3.12/site-packages/robokpy_controller-0.0.0-py3.12.egg-info' (and everything under it)\n"}
[15.400735] (-) TimerEvent: {}
[15.403495] (robokpy_controller) StdoutLine: {'line': b'Copying ../../build/robokpy_controller/robokpy_controller.egg-info to /home/meta/Documents/robotics_workspace_new/install/robokpy_controller/lib/python3.12/site-packages/robokpy_controller-0.0.0-py3.12.egg-info\n'}
[15.417766] (robokpy_controller) StdoutLine: {'line': b'running install_scripts\n'}
[15.500854] (-) TimerEvent: {}
[15.601289] (-) TimerEvent: {}
[15.703290] (-) TimerEvent: {}
[15.803712] (-) TimerEvent: {}
[15.904240] (-) TimerEvent: {}
[16.006457] (-) TimerEvent: {}
[16.062579] (robokpy_controller) StdoutLine: {'line': b'Installing grasp_attach_bridge script to /home/meta/Documents/robotics_workspace_new/install/robokpy_controller/lib/robokpy_controller\n'}
[16.063193] (robokpy_controller) StdoutLine: {'line': b'Installing joint_jog_server script to /home/meta/Documents/robotics_workspace_new/install/robokpy_controller/lib/robokpy_controller\n'}
[16.063631] (robokpy_controller) StdoutLine: {'line': b'Installing kinematic_solver script to /home/meta/Documents/robotics_workspace_new/install/robokpy_controller/lib/robokpy_controller\n'}
[16.064425] (robokpy_controller) StdoutLine: {'line': b'Installing kinematics_server script to /home/meta/Documents/robotics_workspace_new/install/robokpy_controller/lib/robokpy_controller\n'}
[16.065406] (robokpy_controller) StdoutLine: {'line': b'Installing motion_planner script to /home/meta/Documents/robotics_workspace_new/install/robokpy_controller/lib/robokpy_controller\n'}
[16.066330] (robokpy_controller) StdoutLine: {'line': b'Installing object_pose_resolver script to /home/meta/Documents/robotics_workspace_new/install/robokpy_controller/lib/robokpy_controller\n'}
[16.067314] (robokpy_controller) StdoutLine: {'line': b'Installing object_spawner script to /home/meta/Documents/robotics_workspace_new/install/robokpy_controller/lib/robokpy_controller\n'}
[16.067601] (robokpy_controller) StdoutLine: {'line': b'Installing orchestrator script to /home/meta/Documents/robotics_workspace_new/install/robokpy_controller/lib/robokpy_controller\n'}
[16.069434] (robokpy_controller) StdoutLine: {'line': b'Installing pose_target_interface script to /home/meta/Documents/robotics_workspace_new/install/robokpy_controller/lib/robokpy_controller\n'}
[16.070429] (robokpy_controller) StdoutLine: {'line': b'Installing robot_command_server script to /home/meta/Documents/robotics_workspace_new/install/robokpy_controller/lib/robokpy_controller\n'}
[16.071344] (robokpy_controller) StdoutLine: {'line': b'Installing robot_description_viewer script to /home/meta/Documents/robotics_workspace_new/install/robokpy_controller/lib/robokpy_controller\n'}
[16.071663] (robokpy_controller) StdoutLine: {'line': b'Installing robot_state_interface_virtual script to /home/meta/Documents/robotics_workspace_new/install/robokpy_controller/lib/robokpy_controller\n'}
[16.073846] (robokpy_controller) StdoutLine: {'line': b'Installing robot_state_manager script to /home/meta/Documents/robotics_workspace_new/install/robokpy_controller/lib/robokpy_controller\n'}
[16.074570] (robokpy_controller) StdoutLine: {'line': b'Installing safety_bridge script to /home/meta/Documents/robotics_workspace_new/install/robokpy_controller/lib/robokpy_controller\n'}
[16.076357] (robokpy_controller) StdoutLine: {'line': b'Installing tool_action_server script to /home/meta/Documents/robotics_workspace_new/install/robokpy_controller/lib/robokpy_controller\n'}
[16.076664] (robokpy_controller) StdoutLine: {'line': b'Installing trajectory_plotter script to /home/meta/Documents/robotics_workspace_new/install/robokpy_controller/lib/robokpy_controller\n'}
[16.076898] (robokpy_controller) StdoutLine: {'line': b'Installing virtual_jog_relay script to /home/meta/Documents/robotics_workspace_new/install/robokpy_controller/lib/robokpy_controller\n'}
[16.077144] (robokpy_controller) StdoutLine: {'line': b"writing list of installed files to '/home/meta/Documents/robotics_workspace_new/build/robokpy_controller/install.log'\n"}
[16.108213] (-) TimerEvent: {}
[16.180176] (robokpy_controller) CommandEnded: {'returncode': 0}
[16.205086] (robokpy_controller) JobEnded: {'identifier': 'robokpy_controller', 'rc': 0}
[16.206074] (-) EventReactorShutdown: {}
