<?xml version="1.0" encoding="utf-8"?>
<COLLADA xmlns="http://www.collada.org/2005/11/COLLADASchema" version="1.4.1" xmlns:xsi="http://www.w3.org/2001/XMLSchema-instance">
  <asset>
    <contributor>
      <author>Blender User</author>
      <authoring_tool>Blender 4.3.2 commit date:2024-12-16, commit time:21:10, hash:32f5fdce0a0a</authoring_tool>
    </contributor>
    <created>2026-07-01T16:06:10</created>
    <modified>2026-07-01T16:06:10</modified>
    <unit name="meter" meter="1"/>
    <up_axis>Z_UP</up_axis>
  </asset>
  <library_cameras>
    <camera id="Camera-camera" name="Camera">
      <optics>
        <technique_common>
          <perspective>
            <xfov sid="xfov">39.59775</xfov>
            <aspect_ratio>1.777778</aspect_ratio>
            <znear sid="znear">0.1</znear>
            <zfar sid="zfar">100</zfar>
          </perspective>
        </technique_common>
      </optics>
      <extra>
        <technique profile="blender">
          <shiftx sid="shiftx" type="float">0</shiftx>
          <shifty sid="shifty" type="float">0</shifty>
          <dof_distance sid="dof_distance" type="float">10</dof_distance>
        </technique>
      </extra>
    </camera>
  </library_cameras>
  <library_lights>
    <light id="Light-light" name="Light">
      <technique_common>
        <point>
          <color sid="color">1000 1000 1000</color>
          <constant_attenuation>1</constant_attenuation>
          <linear_attenuation>0</linear_attenuation>
          <quadratic_attenuation>0</quadratic_attenuation>
        </point>
      </technique_common>
      <extra>
        <technique profile="blender">
          <type sid="type" type="int">0</type>
          <flag sid="flag" type="int">0</flag>
          <mode sid="mode" type="int">2097153</mode>
          <red sid="red" type="float">1</red>
          <green sid="green" type="float">1</green>
          <blue sid="blue" type="float">1</blue>
          <energy sid="blender_energy" type="float">1000</energy>
          <spotsize sid="spotsize" type="float">75</spotsize>
          <spotblend sid="spotblend" type="float">0.15</spotblend>
          <clipsta sid="clipsta" type="float">0.04999995</clipsta>
          <clipend sid="clipend" type="float">40</clipend>
          <radius sid="radius" type="float">0.1</radius>
          <area_shape sid="area_shape" type="int">1</area_shape>
          <area_size sid="area_size" type="float">0.1</area_size>
          <area_sizey sid="area_sizey" type="float">0.1</area_sizey>
          <area_sizez sid="area_sizez" type="float">1</area_sizez>
        </technique>
      </extra>
    </light>
  </library_lights>
  <library_effects>
    <effect id="Black_010-effect">
      <profile_COMMON>
        <technique sid="common">
          <lambert>
            <emission>
              <color sid="emission">0 0 0 1</color>
            </emission>
            <diffuse>
              <color sid="diffuse">0.03310248 0.03310248 0.03310248 1</color>
            </diffuse>
            <index_of_refraction>
              <float sid="ior">1</float>
            </index_of_refraction>
          </lambert>
        </technique>
      </profile_COMMON>
    </effect>
    <effect id="JointGrey_010-effect">
      <profile_COMMON>
        <technique sid="common">
          <lambert>
            <emission>
              <color sid="emission">0 0 0 1</color>
            </emission>
            <diffuse>
              <color sid="diffuse">0.2784314 0.2784314 0.2784314 1</color>
            </diffuse>
            <index_of_refraction>
              <float sid="ior">1</float>
            </index_of_refraction>
          </lambert>
        </technique>
      </profile_COMMON>
    </effect>
    <effect id="LinkGrey_006-effect">
      <profile_COMMON>
        <technique sid="common">
          <lambert>
            <emission>
              <color sid="emission">0 0 0 1</color>
            </emission>
            <diffuse>
              <color sid="diffuse">0.8203922 0.8203922 0.8203922 1</color>
            </diffuse>
            <index_of_refraction>
              <float sid="ior">1</float>
            </index_of_refraction>
          </lambert>
        </technique>
      </profile_COMMON>
    </effect>
    <effect id="URBlue_007-effect">
      <profile_COMMON>
        <technique sid="common">
          <lambert>
            <emission>
              <color sid="emission">0 0 0 1</color>
            </emission>
            <diffuse>
              <color sid="diffuse">0.4901961 0.6784314 0.8 1</color>
            </diffuse>
            <index_of_refraction>
              <float sid="ior">1</float>
            </index_of_refraction>
          </lambert>
        </technique>
      </profile_COMMON>
    </effect>
    <effect id="Black_008-effect">
      <profile_COMMON>
        <technique sid="common">
          <lambert>
            <emission>
              <color sid="emission">0 0 0 1</color>
            </emission>
            <diffuse>
              <color sid="diffuse">0.03310248 0.03310248 0.03310248 1</color>
            </diffuse>
            <index_of_refraction>
              <float sid="ior">1</float>
            </index_of_refraction>
          </lambert>
        </technique>
      </profile_COMMON>
    </effect>
    <effect id="URBlue_005-effect">
      <profile_COMMON>
        <technique sid="common">
          <lambert>
            <emission>
              <color sid="emission">0 0 0 1</color>
            </emission>
            <diffuse>
              <color sid="diffuse">0.4901961 0.6784314 0.8 1</color>
            </diffuse>
            <index_of_refraction>
              <float sid="ior">1</float>
            </index_of_refraction>
          </lambert>
        </technique>
      </profile_COMMON>
    </effect>
  </library_effects>
  <library_images/>
  <library_materials>
    <material id="Black_010-material" name="Black.010">
      <instance_effect url="#Black_010-effect"/>
    </material>
    <material id="JointGrey_010-material" name="JointGrey.010">
      <instance_effect url="#JointGrey_010-effect"/>
    </material>
    <material id="LinkGrey_006-material" name="LinkGrey.006">
      <instance_effect url="#LinkGrey_006-effect"/>
    </material>
    <material id="URBlue_007-material" name="URBlue.007">
      <instance_effect url="#URBlue_007-effect"/>
    </material>
    <material id="Black_008-material" name="Black.008">
      <instance_effect url="#Black_008-effect"/>
    </material>
    <material id="URBlue_005-material" name="URBlue.005">
      <instance_effect url="#URBlue_005-effect"/>
    </material>
  </library_materials>
  <library_geometries>
    <geometry id="eSeries_UR5e_026-mesh" name="eSeries UR5e.026">
      <mesh>
        <source id="eSeries_UR5e_026-mesh-positions">
          <float_array id="eSeries_UR5e_026-mesh-positions-array" count="582">12.77946 368.0209 -64.40858 19.89652 370.1184 -64.40879 26.6893 373.1092 -64.40945 33.04135 376.948 -64.40715 -1.964686 366.6261 -64.4088 -9.349731 367.3528 -64.40869 38.84895 381.5592 -64.40858 44.02062 386.8794 -64.4086 56.85758 435.4602 -64.40849 57.79341 428.0989 -64.40897 54.98862 442.6406 -64.4082 52.21637 449.5251 -64.40821 5.452846 366.8507 -64.40839 48.47284 392.8191 -64.40977 52.12321 399.2809 -64.40715 57.77952 420.6812 -64.40896 48.58824 455.996 -64.40839 20.10105 478.8025 -64.40901 44.16198 461.9511 -64.40888 39.01051 467.2903 -64.40883 33.21647 471.929 -64.40901 26.88053 475.7861 -64.40898 -30.11096 375.0378 -64.40869 -23.5359 371.5899 -64.40997 54.90816 406.1568 -64.39976 56.81611 413.3215 -64.40866 -41.52122 464.8578 -64.40837 -46.34055 459.2185 -64.40856 -36.18883 379.2939 -64.40899 -41.66742 384.2905 -64.4077 -16.57508 369.0174 -64.4077 2.00018 482.3658 -64.22287 -16.37241 480.0403 -64.40887 -9.123854 481.6802 -64.40864 -50.40046 453.0074 -64.40876 -50.50723 396.1781 -64.40877 -53.71393 402.8687 -64.40885 -46.47044 389.9479 -64.41004 12.98338 480.9285 -64.40832 -23.33935 477.4909 -64.40863 -36.0173 469.8374 -64.4083 -29.92459 474.0709 -64.40856 -55.9841 439.2896 -64.40888 -53.63223 446.329 -64.4089 -57.4158 432.0108 -64.40888 -57.9052 424.6073 -64.40897 -56.03869 409.9151 -64.40873 -57.44306 417.1998 -64.40859 -46.01227 459.3462 -64.82417 27.11002 475.4396 -64.80183 39.08647 466.9655 -64.83124 44.23131 461.5582 -64.8365 57.62045 427.792 -64.82875 -9.766993 367.6119 -64.83409 -16.76475 369.2701 -64.80493 -36.33855 379.651 -64.80567 -46.44273 390.2094 -64.83075 -55.948 410.2773 -64.81301 57.56803 420.3022 -64.82072 54.73535 405.9815 -64.89986 51.85371 399.1563 -64.82419 48.20853 392.7379 -64.84369 43.63725 386.7067 -64.83587 38.46778 381.4555 -64.83065 32.68724 376.9222 -64.82785 26.44276 373.1535 -64.85253 -23.05634 477.4158 -64.84396 -29.57221 474.0884 -64.83377 -35.62031 469.9379 -64.83827 -53.31588 446.6027 -64.80821 -55.72129 439.5333 -64.82766 -57.20479 432.1948 -64.81275 -57.73273 424.9263 -64.81012 5.971242 481.9115 -64.81396 -1.44089 482.1962 -64.81506 -8.733632 481.5464 -64.81348 -15.98893 479.9448 -64.83897 -41.10043 465.0371 -64.83967 -50.08755 453.1889 -64.80702 19.53416 370.1713 -64.81696 -53.6861 403.2968 -64.81524 12.42291 368.1174 -64.81849 -23.64635 371.8382 -64.83896 20.39196 478.4725 -64.82669 5.185217 366.9947 -64.83719 -30.34771 375.4005 -64.82814 -41.69813 384.5971 -64.80007 -2.208658 366.829 -64.83379 -50.50612 396.5755 -64.82014 -57.32036 417.5869 -64.83207 13.19006 480.6854 -64.83374 33.36202 471.5939 -64.81857 48.70232 455.488 -64.84082 52.22962 449.1081 -64.84196 56.73746 435.1767 -64.84066 54.94063 442.2561 -64.84136 56.57935 413.0584 -64.82614 -43.92986 386.8422 -77.13874 -23.09992 371.6145 -77.16769 -16.09948 369.0537 -77.16461 -8.985063 367.4602 -77.15305 5.70846 367.0448 -77.14635 5.434506 482.0251 -77.09761 -23.62587 477.1797 -77.15885 -57.22511 416.8512 -77.16052 -55.79416 409.7148 -77.16958 -57.70991 424.1807 -77.16307 -55.8677 438.9903 -77.16817 -57.25363 431.709 -77.15976 -53.57975 445.9653 -77.16474 -46.34294 458.8878 -77.15114 -50.45611 452.5201 -77.15996 -36.11281 469.5496 -77.15515 -41.46951 464.6163 -77.168 -30.17433 473.726 -77.158 38.58529 467.4284 -77.16351 32.85756 471.97 -77.16326 43.78334 462.0873 -77.16162 48.25995 456.1606 -77.1571 54.68825 442.9009 -77.16225 57.55954 428.3327 -77.17939 56.61765 435.6652 -77.15757 56.70012 413.7173 -77.1592 57.5903 420.9649 -77.165 54.84952 406.5748 -77.15935 48.49111 393.1677 -77.15154 44.21268 387.3861 -77.15268 33.18526 377.2558 -77.15673 38.9488 381.9154 -77.16474 26.96863 373.4483 -77.15997 13.06994 368.2583 -77.15762 20.12127 370.3909 -77.16313 -29.76671 375.06 -77.17685 -50.16032 395.9612 -77.15509 -53.43178 402.6896 -77.168 -9.423791 481.4576 -77.1651 19.89565 478.6742 -77.19506 26.54798 475.7496 -77.17142 -1.75301 366.8099 -77.16738 -16.6785 479.7681 -77.16541 12.62206 480.8269 -77.16104 -35.84953 379.2429 -77.16352 -1.942475 482.1791 -77.24869 51.90738 449.7167 -77.19352 52.05174 399.5845 -77.15583 19.97146 370.1624 -77.81685 12.76731 368.0291 -77.81919 44.03341 386.9162 -77.82 38.87008 381.5963 -77.82169 -16.44396 368.973 -77.82024 -23.49209 371.572 -77.82049 -30.02364 374.9923 -77.81917 -36.19954 379.3054 -77.82148 -41.56294 384.1878 -77.82244 -46.43711 389.9295 -77.82051 -50.47394 396.1511 -77.8192 -53.7045 402.8924 -77.81677 -56.01664 409.8804 -77.81671 -57.4107 417.0378 -77.82118 -55.99261 439.1977 -77.82048 -57.39385 432.0333 -77.8189 -57.8854 424.5781 -77.82045 -53.57758 446.4347 -77.82007 -50.44016 452.9321 -77.82041 -41.50297 464.8496 -77.82089 -46.40901 459.1108 -77.82174 -35.78326 470.0294 -77.82161 -30.30012 473.8559 -77.82401 -23.36272 477.4634 -77.82315 -16.39648 480.0171 -77.8243 -9.163866 481.654 -77.8203 -1.755154 482.3225 -77.80207 5.772864 482.0833 -77.80378 12.93518 480.9318 -77.81905 20.06444 478.7608 -77.80125 26.8535 475.7778 -77.81646 33.26711 471.8927 -77.82497 38.84263 467.4346 -77.8229 44.12268 461.9647 -77.81954 48.54901 456.0097 -77.81722 52.1647 449.5048 -77.80046 54.96013 442.6666 -77.82102 56.83781 435.4657 -77.81978 57.77676 428.0279 -77.81809 57.77099 420.6356 -77.82041 54.92031 406.19 -77.81951 56.84926 413.4818 -77.82403 52.13995 399.3243 -77.82469 48.48775 392.8655 -77.82168 33.06039 376.9744 -77.82086 26.66741 373.1131 -77.8188 -9.447518 367.3655 -77.82167 -1.97563 366.6409 -77.81848 5.491017 366.8613 -77.81932</float_array>
          <technique_common>
            <accessor source="#eSeries_UR5e_026-mesh-positions-array" count="194" stride="3">
              <param name="X" type="float"/>
              <param name="Y" type="float"/>
              <param name="Z" type="float"/>
            </accessor>
          </technique_common>
        </source>
        <source id="eSeries_UR5e_026-mesh-normals">
          <float_array id="eSeries_UR5e_026-mesh-normals-array" count="975">-0.9454311 -0.05216211 -0.3216197 -0.9002526 -0.05618733 -0.431727 -0.9350135 0.06778794 -0.3480727 -0.8955799 0.05920684 -0.4409436 -0.9031273 0.1817787 -0.3889959 -0.8764 0.1723793 -0.4496762 -0.8768932 0.2993931 -0.3760615 -0.8365844 0.2795165 -0.4711657 -0.8309165 0.4073565 -0.378997 -0.8022553 0.3882475 -0.453487 -0.7735642 0.5109239 -0.3749072 -0.7507603 0.490766 -0.4421625 -0.7038826 0.6065222 -0.3697029 -0.6876305 0.5876579 -0.4264065 -0.630808 0.7056584 -0.3226879 -0.6307077 0.705779 -0.3226203 -0.6308735 0.7055937 -0.3227014 -0.6127281 0.67724 -0.4073209 -0.5372332 0.7831997 -0.3130156 -0.5224696 0.7519129 -0.4020605 -0.430893 0.8427809 -0.3225703 -0.4198957 0.8085127 -0.4123045 -0.3147925 0.8799126 -0.3558927 -0.3146862 0.8799607 -0.3558676 -0.3146294 0.8799819 -0.3558654 -0.305558 0.834948 -0.4577077 -0.1983259 0.9044487 -0.3776764 -0.1945604 0.8600463 -0.4716638 -0.08224886 0.9201565 -0.3828148 -0.08213371 0.9201837 -0.382774 -0.0820685 0.9201915 -0.3827695 -0.0626384 0.9948874 0.07921838 0.03427207 0.8903383 -0.4540079 0.1577567 0.9232067 0.3504314 0.1081325 0.8847885 -0.4532732 0.2727283 0.8864049 -0.3740395 0.2499356 0.8368661 -0.4870189 0.3789638 0.8361678 -0.3964974 0.353384 0.7942695 -0.4942225 0.4776519 0.7782915 -0.4075673 0.4624643 0.7596935 -0.4571573 0.5805367 0.7190489 -0.3820286 0.5617235 0.7016182 -0.4384047 0.6724403 0.64019 -0.3714579 0.6381467 0.6157092 -0.4622456 0.7436431 0.5480124 -0.3829849 0.7209967 0.5358607 -0.4393371 0.8291388 0.4584692 -0.3198987 0.797352 0.4470458 -0.4054379 0.8842588 0.3498451 -0.3093462 0.8508345 0.3426172 -0.3983644 0.9216143 0.233885 -0.3097175 0.8876729 0.2310709 -0.3983004 0.9362173 0.1114032 -0.3332965 0.886944 0.1127831 -0.4478956 0.9263366 -0.006886601 -0.3766342 0.8901397 -0.001667797 -0.4556846 0.9247716 -0.125954 -0.3590726 0.893715 -0.1170076 -0.4331082 0.9015236 -0.2405238 -0.3597271 0.8334618 -0.3371134 -0.437831 0.8040126 -0.4540578 -0.3839212 0.7970794 -0.4514538 -0.401066 0.7466818 -0.5663844 -0.3488194 0.7226275 -0.5417241 -0.4293538 0.6712776 -0.6611819 -0.3349999 0.6473504 -0.6292544 -0.430089 0.579798 -0.739499 -0.342017 0.5615846 -0.7074335 -0.4291394 0.4831461 -0.7992444 -0.3574613 0.4851098 -0.8015443 -0.3495646 0.4851603 -0.8015127 -0.3495668 0.4852416 -0.801455 -0.3495864 0.3770712 -0.8770805 -0.2975693 0.3635763 -0.8260686 -0.4306077 0.3636791 -0.8260192 -0.4306156 0.3633957 -0.8261879 -0.4305314 0.260226 -0.9007263 -0.3478142 0.2556759 -0.8676099 -0.4264774 0.1447854 -0.9276348 -0.3442832 0.1448887 -0.9071608 -0.3950526 0.02115148 -0.9438994 -0.3295553 0.02103483 -0.9439101 -0.329532 0.02097254 -0.9439118 -0.329531 0.02714818 -0.8959724 -0.4432794 -0.09512841 -0.9184944 -0.383821 -0.08723175 -0.8864586 -0.4545128 -0.2177489 -0.9138428 -0.342749 -0.2178846 -0.9138326 -0.3426901 -0.2179606 -0.9138171 -0.3426828 -0.1998606 -0.8671807 -0.4561288 -0.318198 -0.8613001 -0.3961217 -0.31667 -0.8540234 -0.412752 -0.4377521 -0.8226158 -0.3628723 -0.4378437 -0.8225718 -0.3628617 -0.4378879 -0.8225473 -0.3628639 -0.414838 -0.7909669 -0.4497564 -0.5422697 -0.7623785 -0.3531609 -0.5086237 -0.726279 -0.4624076 -0.5085658 -0.7263164 -0.4624125 -0.5087423 -0.7262256 -0.4623609 -0.6286513 -0.6810872 -0.3753902 -0.6287972 -0.6809705 -0.3753576 -0.6288678 -0.6809021 -0.3753635 -0.59684 -0.6542881 -0.4644235 -0.6960942 -0.591147 -0.4074288 -0.6946821 -0.5895167 -0.4121733 -0.7857006 -0.500887 -0.3630245 -0.7422819 -0.4808707 -0.4666701 -0.8349207 -0.3947343 -0.3835261 -0.8009965 -0.3839105 -0.4593665 -0.8863782 -0.2871083 -0.3631838 -0.8515585 -0.2809289 -0.4426367 -0.9165501 -0.1730189 -0.3605557 -0.8928964 -0.1721267 -0.4160631 0.9399612 -0.2424861 -0.2401534 0.9399709 -0.2424424 -0.2401589 0.9399465 -0.2425711 -0.2401248 0.9057748 -0.384389 -0.1783735 -0.9828243 -0.1845124 0.003418266 -0.9804793 -0.1965954 -0.003257632 -0.9513014 -0.3082546 0.002187788 -0.9478359 -0.3187359 -0.003846466 -0.903932 -0.4276697 0.002408206 -0.8993232 -0.4372712 -0.003436148 -0.8429225 -0.5380257 0.003166019 -0.8255863 -0.5640965 -0.01423394 -0.7635656 -0.6453992 0.02067637 -0.6781505 -0.73484 -0.0110448 -0.6850939 -0.7284483 -0.003053009 -0.5786439 -0.8155704 0.004045605 -0.5666169 -0.8239719 -0.003942549 -0.469373 -0.8829972 0.00226134 -0.4591082 -0.8883703 -0.004232287 -0.3496388 -0.9368834 0.001498639 -0.3435428 -0.9391349 -0.002045691 -0.2305482 -0.97305 0.004626452 -0.2185603 -0.9758217 -0.001853644 -0.103032 -0.9946617 0.005706369 -0.08957344 -0.9959787 -0.001761138 0.02239894 -0.9997463 0.002382099 0.03148514 -0.9995005 -0.00273621 0.1532803 -0.9881797 0.002485632 0.1626328 -0.986683 -0.002737045 0.2774791 -0.9607251 0.003587186 0.2894968 -0.9571734 -0.003264188 0.3963314 -0.9181041 0.002512872 0.407699 -0.9131057 -0.004449248 0.5167061 -0.8561615 0.001571714 0.5222986 -0.8527604 -0.001977443 0.6171029 -0.7868742 0.00363636 0.6286877 -0.777645 -0.004476308 0.7126284 -0.7015399 0.001635909 0.7205913 -0.6933451 -0.004573702 0.7969498 -0.6040331 0.003913342 0.8038384 -0.5948433 -0.002316594 0.8695432 -0.4938495 0.002721965 0.8743999 -0.485198 -0.002811133 0.9212616 -0.3889415 0.001288473 0.928358 -0.37157 -0.00933361 0.9676918 -0.2521162 -0.00318849 0.9680281 -0.2508112 -0.003921031 0.9908106 -0.1352342 0.002477407 0.9925297 -0.1219116 -0.004752874 0.9999745 -0.006997823 0.001428961 0.9999802 0.004164874 -0.00474888 0.9929273 0.1187241 3.01023e-4 0.9918385 0.1274184 -0.004595637 0.9692665 0.2460128 3.28379e-4 0.9662204 0.25764 -0.006310939 0.9298637 0.3679041 2.07059e-4 0.9258949 0.3777408 -0.005540609 0.8751523 0.4838467 0.00100857 0.8702424 0.4926045 -0.004354119 0.8051612 0.5930461 0.003465294 0.7979484 0.6027177 -0.003125727 0.724472 0.6892966 0.003253519 0.7166359 0.6974413 -0.002943098 0.6287284 0.7776165 0.003630101 0.6213051 0.7835673 -0.00151509 0.5239353 0.851746 0.004542112 0.5138852 0.857857 -0.001846313 0.411454 0.9114211 0.004145741 0.4024577 0.9154379 -0.001222491 0.2937105 0.9558869 0.003804206 0.2837811 0.9588869 -0.002077817 0.1674507 0.9858739 0.003585994 0.1644617 0.9863816 0.001941263 0.03838741 0.9992343 0.00756663 0.0209155 0.9997789 -0.002221167 -0.08875137 0.9960514 0.002204418 -0.09601813 0.995378 -0.001787126 -0.2155764 0.9764741 0.005018174 -0.2268081 0.9739387 -0.001270949 -0.3369159 0.9415196 0.00535649 -0.3491301 0.9370725 -0.001818239 -0.4547864 0.8905918 0.003961205 -0.4665064 0.884512 -0.003216207 -0.5658279 0.8245165 0.00339204 -0.5752529 0.8179709 -0.002779304 -0.6666021 0.7454071 0.00315988 -0.6774303 0.7355713 -0.004824399 -0.7570214 0.65339 3.5823e-4 -0.7616612 0.6479652 -0.003665208 -0.8338939 0.5519219 0.001842498 -0.8399869 0.5425896 -0.004315078 -0.8979275 0.4401335 0.002961218 -0.9027321 0.4301936 -0.002914369 -0.946696 0.3221086 0.00360018 -0.9501834 0.3116818 -0.002440392 -0.9801672 0.1981514 0.002910375 -0.9823579 0.1869782 -0.003473162 -0.997372 0.07244396 0.001094043 -0.9981532 0.06050026 -0.005495488 -0.9984239 -0.05610215 0.001541793 -0.9978126 -0.06600069 -0.003770112 0.01892733 0.9956308 0.09144026 0.01884537 0.9956328 0.09143465 0.01870906 0.9956393 0.09139209 0.1634886 0.973631 0.1591047 0.1636257 0.9736 0.1591532 0.1636931 0.9735875 0.1591605 0.1550499 0.9614388 0.2271451 0.2738536 0.9209507 0.2772259 0.3915318 0.8924207 0.2242501 0.498812 0.8228568 0.2722008 0.5019279 0.8383742 0.2125962 0.5988731 0.7491366 0.2830996 0.6027924 0.7601978 0.2423651 0.691402 0.6675825 0.2762191 0.6968725 0.678304 0.2329646 0.7680812 0.571012 0.2898221 0.7806096 0.5897818 0.2068962 0.8410239 0.4745694 0.2597358 0.8984368 0.3676732 0.2400578 0.924344 0.2410753 0.2957549 0.9387464 0.250478 0.2366772 0.9522839 0.1214912 0.2799919 0.9559575 0.1207418 0.2675195 0.9466255 -8.4142e-4 0.3223344 0.9646053 0.004543662 0.2636588 0.9396471 -0.1212272 0.3199489 0.9592603 -0.1176187 0.2568766 0.9241191 -0.2442757 0.2938253 0.9391208 -0.2433323 0.2425726 0.8831251 -0.3578705 0.3033459 0.8970264 -0.3588982 0.2579457 0.8323619 -0.470536 0.2928646 0.8550392 -0.4743157 0.2096014 0.7735874 -0.57911 0.2572823 0.7877607 -0.5829938 0.1988752 0.6877128 -0.6675567 0.2853407 0.6987348 -0.6728463 0.2429969 0.5954337 -0.7483814 0.2922057 0.6152947 -0.7607309 0.2066423 0.4997586 -0.8273172 0.2564914 0.5125671 -0.8370335 0.1914422 0.3882768 -0.8809087 0.2706312 0.3975971 -0.8907242 0.2202887 0.2740399 -0.9256861 0.2607825 0.2840685 -0.9387308 0.1951658 0.1530068 -0.9533477 0.2602252 0.1592724 -0.9643011 0.2115557 0.02972996 -0.9667349 0.2540472 0.02865219 -0.9698798 0.2418931 -0.0927878 -0.9556149 0.2796255 -0.08739209 -0.9761286 0.1988359 -0.2148473 -0.9353119 0.2811269 -0.2131128 -0.9498391 0.2288861 -0.331637 -0.8993571 0.2849102 -0.331965 -0.9071851 0.2584846 -0.4396437 -0.8396816 0.3188231 -0.4427745 -0.8560177 0.2668041 -0.4427452 -0.8560329 0.2668044 -0.4428396 -0.8559818 0.2668116 -0.5461176 -0.7818145 0.3008682 -0.5527104 -0.8044559 0.2176285 -0.6469423 -0.7106003 0.2766095 -0.6213228 -0.6620061 0.419173 -0.7563008 -0.6420063 -0.125846 -0.71305 -0.4627601 0.5267 -0.8051981 -0.5496316 0.2226235 -0.8051657 -0.5496824 0.2226153 -0.8052557 -0.5495319 0.2226617 -0.8632007 -0.4137661 0.2892789 -0.8743512 -0.4246719 0.2348696 -0.9091266 -0.3008009 0.2881104 -0.9207649 -0.3095802 0.2373862 -0.9430982 -0.1835197 0.2772839 -0.9575715 -0.1922775 0.2146772 -0.9652903 -0.06079185 0.2540063 -0.9731732 -0.06429469 0.2209078 -0.9541369 0.0628488 0.2926995 -0.9701581 0.05869501 0.2352621 -0.939156 0.1837458 0.2902131 -0.9535071 0.1817646 0.2403869 -0.9128917 0.3046247 0.2717218 -0.9280269 0.3043119 0.2148499 -0.8604907 0.4155116 0.2947984 -0.8765631 0.4175509 0.2393501 -0.7974894 0.5203615 0.3053438 -0.8125014 0.5244755 0.2544936 -0.7310076 0.6227167 0.2790194 -0.7336338 0.6271404 0.2616798 -0.643057 0.7101188 0.2867213 -0.6652605 0.7218674 0.1906203 -0.5469307 0.7839056 0.2938686 -0.5553529 0.7900918 0.2594963 -0.555421 0.7900381 0.2595139 -0.5553979 0.7900557 0.2595098 -0.4464926 0.8585761 0.2519758 -0.4580434 0.8685123 0.1894276 -0.3326838 0.9076752 0.2558268 -0.3418778 0.918096 0.2005477 -0.2130448 0.9406657 0.2641213 -0.2223175 0.9546389 0.1980895 -0.09007537 0.9632872 0.2529117 -0.08817934 0.9711062 0.2217593 0.03072881 0.9649841 0.260502 0.85685 0.4766276 0.1965563 0.8568273 0.4766766 0.1965365 0.8568782 0.4765571 0.1966044 0.8959799 0.3655062 0.2522408 0.2841687 0.9348629 0.2127901 0.3913269 0.8894209 0.2362071</float_array>
          <technique_common>
            <accessor source="#eSeries_UR5e_026-mesh-normals-array" count="325" stride="3">
              <param name="X" type="float"/>
              <param name="Y" type="float"/>
              <param name="Z" type="float"/>
            </accessor>
          </technique_common>
        </source>
        <vertices id="eSeries_UR5e_026-mesh-vertices">
          <input semantic="POSITION" source="#eSeries_UR5e_026-mesh-positions"/>
        </vertices>
        <triangles material="Black_010-material" count="291">
          <input semantic="VERTEX" source="#eSeries_UR5e_026-mesh-vertices" offset="0"/>
          <input semantic="NORMAL" source="#eSeries_UR5e_026-mesh-normals" offset="1"/>
          <p>89 0 47 0 72 0 72 1 47 1 45 1 72 2 45 2 71 2 71 3 45 3 44 3 71 4 44 4 70 4 70 5 44 5 42 5 70 6 42 6 69 6 69 7 42 7 43 7 69 8 43 8 78 8 78 9 43 9 34 9 78 10 34 10 48 10 48 11 34 11 27 11 48 12 27 12 77 12 77 13 27 13 26 13 77 14 26 15 68 16 68 17 26 17 40 17 68 18 40 18 67 18 67 19 40 19 41 19 67 20 41 20 66 20 66 21 41 21 39 21 66 22 39 23 76 24 76 25 39 25 32 25 76 26 32 26 75 26 75 27 32 27 33 27 75 28 33 29 74 30 74 31 33 31 31 31 74 32 31 32 73 32 73 33 31 33 90 33 90 34 31 34 38 34 90 35 38 35 83 35 83 36 38 36 17 36 83 37 17 37 49 37 49 38 17 38 21 38 49 39 21 39 91 39 91 40 21 40 20 40 91 41 20 41 50 41 50 42 20 42 19 42 50 43 19 43 51 43 51 44 19 44 18 44 51 45 18 45 92 45 92 46 18 46 16 46 92 47 16 47 93 47 93 48 16 48 11 48 93 49 11 49 95 49 95 50 11 50 10 50 95 51 10 51 94 51 94 52 10 52 8 52 94 53 8 53 52 53 52 54 8 54 9 54 52 55 9 55 58 55 58 56 9 56 15 56 58 57 15 57 96 57 96 58 15 58 25 58 96 59 25 59 24 59 60 60 24 60 14 60 60 61 14 61 13 61 60 62 13 62 61 62 61 63 13 63 62 63 62 64 13 64 7 64 62 65 7 65 63 65 63 66 7 66 6 66 63 67 6 67 64 67 64 68 6 68 3 68 64 69 3 69 2 69 64 70 2 71 65 72 65 73 2 73 79 73 79 74 2 75 1 76 79 77 1 77 81 77 81 78 1 78 0 78 81 79 0 79 84 79 84 80 0 80 12 80 84 81 12 82 87 83 87 84 12 84 4 84 87 85 4 85 53 85 53 86 4 86 5 86 53 87 5 88 54 89 54 90 5 90 30 90 54 91 30 91 23 91 54 92 23 92 82 92 82 93 23 94 85 95 85 96 23 96 22 96 85 97 22 97 55 97 55 98 22 99 28 100 55 101 28 102 86 103 86 104 28 104 29 104 86 105 29 105 37 105 86 106 37 106 56 106 56 107 37 107 88 107 88 108 37 108 35 108 88 109 35 109 80 109 80 110 35 110 36 110 80 111 36 111 57 111 57 112 36 112 46 112 57 113 46 113 89 113 89 114 46 114 47 114 59 115 96 116 24 117 59 118 24 118 60 118 89 119 104 119 57 119 57 120 104 120 105 120 57 121 105 121 80 121 80 122 105 122 134 122 80 123 134 123 88 123 88 124 134 124 133 124 88 125 133 125 56 125 56 126 133 126 97 126 56 127 97 127 86 127 86 128 97 128 55 128 55 129 97 129 141 129 55 130 141 130 85 130 85 131 141 131 132 131 85 132 132 132 82 132 82 133 132 133 98 133 82 134 98 134 54 134 54 135 98 135 99 135 54 136 99 136 53 136 53 137 99 137 100 137 53 138 100 138 87 138 87 139 100 139 138 139 87 140 138 140 84 140 84 141 138 141 101 141 84 142 101 142 81 142 81 143 101 143 130 143 81 144 130 144 79 144 79 145 130 145 131 145 79 146 131 146 65 146 65 147 131 147 129 147 65 148 129 148 64 148 64 149 129 149 127 149 64 150 127 150 63 150 63 151 127 151 128 151 63 152 128 152 62 152 62 153 128 153 126 153 62 154 126 154 61 154 61 155 126 155 125 155 61 156 125 156 60 156 60 157 125 157 144 157 60 158 144 158 59 158 59 159 144 159 124 159 59 160 124 160 96 160 96 161 124 161 122 161 96 162 122 162 58 162 58 163 122 163 123 163 58 164 123 164 52 164 52 165 123 165 120 165 52 166 120 166 94 166 94 167 120 167 121 167 94 168 121 168 95 168 95 169 121 169 119 169 95 170 119 170 93 170 93 171 119 171 143 171 93 172 143 172 92 172 92 173 143 173 118 173 92 174 118 174 51 174 51 175 118 175 117 175 51 176 117 176 50 176 50 177 117 177 115 177 50 178 115 178 91 178 91 179 115 179 116 179 91 180 116 180 49 180 49 181 116 181 137 181 49 182 137 182 83 182 83 183 137 183 136 183 83 184 136 184 90 184 90 185 136 185 140 185 90 186 140 186 73 186 73 187 140 187 102 187 73 188 102 188 74 188 74 189 102 189 142 189 74 190 142 190 75 190 75 191 142 191 135 191 75 192 135 192 76 192 76 193 135 193 139 193 76 194 139 194 66 194 66 195 139 195 103 195 66 196 103 196 67 196 67 197 103 197 114 197 67 198 114 198 68 198 68 199 114 199 112 199 68 200 112 200 77 200 77 201 112 201 113 201 77 202 113 202 48 202 48 203 113 203 110 203 48 204 110 204 78 204 78 205 110 205 111 205 78 206 111 206 69 206 69 207 111 207 109 207 69 208 109 208 70 208 70 209 109 209 107 209 70 210 107 210 71 210 71 211 107 211 108 211 71 212 108 212 72 212 72 213 108 213 106 213 72 214 106 214 89 214 89 215 106 215 104 215 142 216 102 217 172 218 172 219 102 220 140 221 173 222 172 222 140 222 173 223 140 223 136 223 175 224 136 224 137 224 175 225 137 225 176 225 176 226 137 226 116 226 176 227 116 227 177 227 177 228 116 228 115 228 177 229 115 229 178 229 178 230 115 230 117 230 178 231 117 231 179 231 179 232 117 232 118 232 179 233 118 233 143 233 181 234 143 234 119 234 181 235 119 235 182 235 182 236 119 236 121 236 182 237 121 237 120 237 182 238 120 238 183 238 183 239 120 239 184 239 184 240 120 240 123 240 184 241 123 241 186 241 186 242 123 242 122 242 186 243 122 243 185 243 185 244 122 244 124 244 185 245 124 245 187 245 187 246 124 246 144 246 187 247 144 247 188 247 188 248 144 248 125 248 188 249 125 249 147 249 147 250 125 250 126 250 147 251 126 251 148 251 148 252 126 252 128 252 148 253 128 253 189 253 189 254 128 254 127 254 189 255 127 255 190 255 190 256 127 256 129 256 190 257 129 257 145 257 145 258 129 258 131 258 145 259 131 259 146 259 146 260 131 260 130 260 146 261 130 261 193 261 193 262 130 262 101 262 193 263 101 263 138 263 193 264 138 264 192 264 192 265 138 265 191 265 191 266 138 266 100 266 191 267 100 267 149 267 149 268 100 268 99 268 149 269 99 269 150 269 150 270 99 270 98 270 150 271 98 271 151 271 151 272 98 273 132 274 151 275 132 275 152 275 152 276 132 276 141 276 152 277 141 277 153 277 153 278 141 278 97 278 153 279 97 279 154 279 154 280 97 280 155 280 155 281 97 282 133 283 155 284 133 284 156 284 156 285 133 285 134 285 156 286 134 286 157 286 157 287 134 287 105 287 157 288 105 288 158 288 158 289 105 289 104 289 158 290 104 290 161 290 161 291 104 291 106 291 161 292 106 292 160 292 160 293 106 293 108 293 160 294 108 294 159 294 159 295 108 295 107 295 159 296 107 296 162 296 162 297 107 297 109 297 162 298 109 298 163 298 163 299 109 299 111 299 163 300 111 300 165 300 165 301 111 301 110 301 165 302 110 302 113 302 165 303 113 303 164 303 164 304 113 304 166 304 166 305 113 305 112 305 166 306 112 306 167 306 167 307 112 308 114 309 167 310 114 310 168 310 168 311 114 311 103 311 168 312 103 312 169 312 169 313 103 313 139 313 169 314 139 314 170 314 170 315 139 315 135 315 170 316 135 316 142 316 171 317 170 317 142 317 171 318 142 318 172 318 180 319 179 320 143 321 180 322 143 322 181 322 174 323 173 323 136 323 174 324 136 324 175 324</p>
        </triangles>
      </mesh>
    </geometry>
    <geometry id="eSeries_UR5e_025-mesh" name="eSeries UR5e.025">
      <mesh>
        <source id="eSeries_UR5e_025-mesh-positions">
          <float_array id="eSeries_UR5e_025-mesh-positions-array" count="2313">-0.4653408 366.3653 60.76111 0.391328 366.4138 60.71735 -58.19849 425.0346 36.03124 -58.13882 424.8912 35.96833 -58.1248 423.9725 35.98334 -53.58988 447.4223 25.52342 -54.10421 446.1833 26.05917 -0.3325941 482.4958 11.12728 -0.4507982 482.5913 11.14842 -0.5034366 482.6556 11.15688 0.3994323 482.538 11.15875 0.47438 482.6865 11.11931 53.60792 447.482 25.46755 22.97045 478.0458 14.14567 22.93911 478.082 12.28319 22.98129 478.0691 12.28358 22.96878 478.1042 12.28414 23.00339 478.0295 14.04092 21.67868 478.6221 12.07463 21.64368 478.5835 13.92184 58.22585 424.97 35.77104 57.88574 424.0639 36.27491 -54.14554 402.8255 44.73388 -22.94663 370.8735 58.48808 -53.60354 447.4671 27.21839 -53.59949 447.4673 25.49849 -54.11608 446.1704 26.06094 -54.12096 446.156 26.05992 -58.25593 425.0619 35.96097 -58.20964 424.8736 35.88747 -58.22326 424.1175 35.94589 -58.25613 423.9877 35.96571 -54.14668 402.8315 46.25773 -53.57632 401.5501 45.29174 -22.97496 370.9067 59.84286 -21.66527 370.3697 58.7157 -21.68264 370.3844 58.71815 -0.5036311 366.2421 60.79066 -0.3217837 366.3674 60.81342 0.5051586 366.2691 60.8445 0.6718154 366.5592 62.24222 0.4665243 366.341 60.67196 21.62374 370.397 60.11701 21.5847 370.3645 59.91595 21.63531 370.3504 58.69214 22.98451 370.8984 58.45847 22.9927 370.9541 59.85321 53.59273 401.5072 45.26265 54.17322 402.8276 44.70468 58.33052 424.0034 35.91772 58.30704 424.0311 35.81892 58.29721 425.0197 35.92808 54.15558 446.1727 27.80888 54.14485 446.1183 26.02728 53.54292 447.5122 26.95933 53.62325 401.5319 46.84242 54.1016 402.8884 46.28429 -57.86247 425.016 37.10399 -0.5137823 482.6781 12.01547 -0.4692658 482.4535 12.38104 0.5891183 482.431 12.50481 -58.24167 425.0541 36.49989 -58.18842 423.9102 37.35239 -0.5948162 366.3073 61.88251 0.5695486 366.2626 61.83802 58.29033 425.0604 36.54458 0.5865234 482.6319 12.11153 20.90331 372.1026 57.92291 -52.27918 403.6316 43.7345 -58.01454 423.8836 37.56302 -58.04868 425.2183 36.97631 -58.20419 425.1317 36.70792 -0.5434665 482.3235 12.44104 -0.5937511 482.2837 12.51976 0.5951777 482.2767 12.4471 53.50477 447.5157 27.16575 58.16522 425.2389 36.87963 57.8719 425.0394 37.11194 57.85875 424.0264 37.57767 54.11434 402.9126 46.17856 58.25028 423.8876 37.26556 58.16329 423.8532 37.47849 -0.6620212 366.5586 62.22396 -0.6728914 366.511 62.1518 0.6832935 366.4709 62.22853 -58.24546 423.9395 37.30981 51.83989 402.23 44.94472 52.39084 403.5962 44.34622 51.81997 446.7613 25.70506 -22.26914 476.271 12.72039 -20.89479 372.1008 57.92295 -22.27135 372.6678 57.68563 -57.78047 430.159 34.92496 -55.67461 440.8701 30.34539 -53.87957 446.0899 28.09806 -56.99961 435.6043 32.59734 -51.58459 451.1347 25.9259 -48.77373 455.9188 23.8768 -45.46515 460.418 21.95526 -41.76061 464.6892 20.11505 -38.7456 467.502 18.90655 -34.74952 470.8042 17.48319 -33.04212 471.9741 16.97888 54.04935 446.0755 27.9525 51.77514 451.0942 25.80563 48.59468 455.7845 23.95718 51.47135 451.0249 26.0051 55.87487 440.9921 30.23404 57.90994 430.111 34.8051 57.2106 435.4873 32.60472 5.815341 366.882 62.20243 -57.81748 419.5745 39.46408 -57.10862 414.1798 41.83741 -54.08803 403.5439 46.41522 -51.81653 398.4652 48.58861 57.30529 414.191 41.71876 -33.50396 377.2373 57.74273 -42.09746 384.6796 54.48125 -45.8268 389.0075 52.66452 -49.05896 393.6243 50.63556 -5.980297 366.904 62.15169 -23.2311 371.4472 60.20981 -28.49017 374.0745 59.03462 -37.95754 380.7201 56.22222 -55.82971 408.7854 44.10052 -17.72746 369.3734 61.07892 -11.95377 367.8447 61.75175 17.57538 369.2322 61.10152 23.42334 371.3181 60.21897 28.46966 373.8287 58.94207 33.58867 376.9757 57.73021 37.98577 380.4977 56.08281 42.44337 384.6456 54.43183 45.88462 388.8021 52.51871 49.13206 393.4165 50.53998 51.92577 398.1607 48.61424 54.19446 403.4105 46.25391 55.99723 408.5136 44.16981 11.81722 367.8204 61.71788 22.15118 372.7386 57.01246 52.45184 403.5828 46.13208 52.46281 445.441 28.0244 52.39306 445.3948 26.28923 51.89624 446.7996 27.3421 22.29592 476.3765 14.46388 20.90032 476.8847 12.69112 -20.89035 476.8854 12.6953 -22.27605 476.3928 14.48642 -51.75162 446.73 25.30727 -52.21646 446.4739 27.80919 -52.33481 445.3092 25.65892 -52.50978 445.3377 27.78317 -51.82881 402.2272 44.93248 -20.93328 372.0403 59.88227 -22.27485 372.5572 59.73367 -51.91281 402.2048 46.78959 -52.46041 403.5917 46.16291 -51.87794 446.7825 27.04687 -21.06925 476.9757 14.45723 13.49444 369.6306 60.92417 20.90167 372.0464 59.9015 3.444568 368.1212 61.6582 -15.51924 370.1548 60.70988 -28.25338 375.6175 58.40951 -29.16657 473.7187 16.2438 56.00569 415.7089 41.15618 56.43883 427.6741 35.90641 46.75831 457.3486 23.28299 20.87927 476.9671 14.0269 51.84943 402.1822 46.71533 22.29977 372.5193 59.72632 -10.387 479.9746 12.95699 -10.34007 480.5041 13.2285 -26.71091 475.0368 15.67685 -3.80652 368.1178 61.57237 -34.41955 379.7065 56.60311 -39.42734 384.0578 54.45973 -44.07356 389.1671 52.49277 -48.842 396.1326 49.42827 -54.22361 408.5598 44.19004 -55.86081 416.0099 40.96184 -56.49074 423.3233 37.4962 -55.71821 433.5754 32.86888 -48.44509 454.0549 24.57899 -49.03512 452.4039 24.69129 -45.11572 458.4603 22.03522 -37.83378 466.3937 18.63059 -31.2565 471.5039 16.66348 -26.17002 474.5362 15.36098 -15.98287 478.6512 13.60095 -38.2349 466.6535 19.19801 -43.62652 460.5295 21.64328 -56.29104 432.2639 34.01874 -21.44598 477.4217 14.6154 -16.00837 479.2449 13.81187 41.87344 463.1826 20.78264 48.90889 396.1809 49.44053 -4.473752 480.7463 12.55553 1.112126 480.9387 12.56893 6.926476 480.464 12.53576 12.80062 479.4585 13.16134 31.21354 471.5721 16.48305 39.17675 465.1365 19.20867 44.71809 458.871 21.96128 48.74691 452.9505 24.40764 56.39133 423.3333 37.47564 55.74733 415.5707 40.73115 53.45912 406.1815 45.15716 44.72536 390.0482 51.84773 40.87261 385.4874 54.07585 33.60698 379.0696 56.90005 -4.568698 481.2869 12.9064 37.86096 467.0965 19.06973 33.48086 470.6323 17.54551 28.75063 473.7334 16.20793 23.64199 476.389 15.10058 18.30244 478.4764 14.14855 7.002246 481.0289 13.05242 1.216211 481.4612 12.82123 12.75418 480.0198 13.44315 48.58916 454.4251 24.56147 54.50765 439.5325 30.79877 55.64921 434.4243 32.99106 45.47552 458.9588 22.53507 56.41562 422.9895 35.395 -37.17736 466.8717 16.64258 -29.42698 472.5924 14.23159 -43.04899 460.9884 19.1361 -55.08438 436.6637 29.54634 -48.19143 453.7573 22.2179 -56.23386 428.188 33.15749 -56.35134 421.3808 35.91147 -55.4182 414.1356 39.14368 -53.69281 407.3527 41.95118 -48.99783 396.4902 46.66112 -44.79103 390.2818 49.35661 -38.62054 383.3769 52.21544 -32.19101 378.2873 54.1159 -24.24216 373.5389 56.38962 -16.98995 370.7642 57.66075 -8.416393 368.7208 58.3712 3.16363 368.0936 58.78477 14.75513 370.0984 57.90422 30.75561 377.1957 54.85263 38.72055 383.4617 52.23425 49.15474 396.8621 46.50593 44.26023 389.6188 49.58158 53.36222 406.128 42.44835 55.32417 413.5203 39.31283 53.4495 442.5809 26.95578 44.50449 459.0845 19.97533 31.90522 470.9595 14.88409 38.73852 465.4979 17.26444 7.857739 480.3765 10.87395 -24.97645 374.0903 54.55624 21.83736 372.692 55.19192 46.62019 393.3515 46.22389 14.07892 370.0419 55.64911 28.6696 376.1491 53.64546 35.66043 381.0739 51.56597 40.48933 385.6143 49.62437 7.155395 368.6807 56.95058 -14.72462 370.2362 55.45732 -9.76992 369.1295 56.64955 -17.81473 371.1646 55.83693 -32.69079 378.7671 52.54537 -40.40523 385.5242 49.63883 -45.59108 391.943 46.84612 -52.42754 443.099 24.82048 -55.21178 431.6639 29.74557 -49.70975 398.6337 43.96329 -53.12218 407.2531 40.24243 -54.94596 414.7631 37.01361 -55.71856 423.1253 33.4183 -45.57095 456.3725 19.09724 -33.537 468.8431 13.69373 55.53278 430.1522 30.40092 55.41883 418.3227 35.49343 53.77959 409.3015 39.3641 33.02244 468.9361 13.6644 41.66942 461.2054 17.00174 48.85527 450.9019 21.44756 52.52774 442.6647 24.99848 50.8321 401.1105 42.91077 14.56793 370.1153 56.31444 -0.538671 480.8204 10.43102 45.34225 391.4841 48.30732 39.11195 384.2142 51.45608 31.38644 470.613 14.22062 12.64791 478.6818 10.68431 8.485101 480.0528 10.51292 24.58093 474.4056 12.55101 42.84455 460.0829 18.72549 49.96345 449.0628 23.4905 54.72437 435.0443 29.5257 55.72006 427.5757 32.74593 55.9205 420.8026 35.68288 53.53663 408.6783 40.89993 50.93853 401.3695 44.02812 30.93879 377.7736 54.20565 22.18795 373.0322 56.25513 15.06788 370.4101 57.38168 2.431944 368.4152 58.25522 51.94885 445.1199 25.19044 55.72674 433.3903 30.81586 16.51883 478.4007 11.55642 22.2896 476.2379 12.59902 26.68264 474.1536 13.39802 38.1453 465.7306 16.55455 45.24968 457.7456 19.9524 49.30858 451.8959 22.94018 -12.93338 478.6445 10.72356 -25.27885 473.9647 12.74513 -42.7215 388.1856 49.71672 -32.81676 470.345 14.94051 -9.666328 369.2715 57.87449 -18.31375 371.5007 56.92307 -27.83485 375.866 55.03191 -46.84666 393.9125 47.24755 -50.67037 400.6749 44.33363 -54.47484 412.069 39.41732 -55.78314 422.0489 35.13035 -53.88095 439.218 27.72178 -50.01088 448.8743 23.57619 -42.62619 460.5092 18.54555 -35.62566 467.4073 15.58085 -5.993844 480.5074 10.57212 -12.57596 479.4734 11.14158 -17.63618 478.0336 11.6203 -25.47999 474.5101 12.76198 -49.50083 450.795 22.83988 -55.63048 430.7984 31.37661 -20.57658 476.0209 10.92039 -3.073549 368.4464 57.30838 23.90251 474.5134 11.20739 -7.257781 368.2158 57.22118 -23.58272 372.9222 55.22272 -30.80703 376.858 53.48192 -49.4046 452.295 20.91883 -47.81922 394.0018 46.07994 -54.71759 439.366 26.48666 0.9557382 367.7948 57.40069 25.60419 475.0633 11.10331 16.58851 370.2986 56.3184 25.40569 373.7819 54.82974 33.37656 378.6966 52.66937 39.13935 383.5142 50.6209 49.28627 452.4446 20.83418 56.25888 432.0178 29.67611 56.60068 421.3723 34.2902 13.39425 479.8729 10.46068 -16.25289 478.8786 10.59416 -25.46724 475.1719 11.08858 -3.966568 481.2454 10.28231 44.95289 389.9984 47.81423 53.35021 405.3611 41.2156 49.60386 397.1271 44.74129 8.18204 368.4042 57.15882 32.53877 470.9594 12.93234 39.16621 465.4571 15.31306 44.42583 459.7485 17.73203 50.98755 449.5033 22.21132 54.52929 440.1043 26.24637 55.36983 412.2266 38.22794 -16.60097 370.2219 56.3839 -38.54486 382.8848 50.90025 -43.51686 388.204 48.57389 -52.6568 403.3893 42.02319 -55.16346 411.409 38.585 -56.56108 420.4874 34.65019 -56.42571 429.9421 30.57415 -52.32939 446.188 23.55401 -45.44121 458.4324 18.36056 -40.88296 463.7878 15.99603 -36.62192 467.7589 14.25059 -31.91967 471.3302 12.75752 -25.10642 475.4228 13.76539 -14.43269 479.4911 12.00869 -2.880589 481.222 11.2618 -35.78506 468.7924 16.62957 -45.26091 458.8312 20.93605 -50.10777 451.2337 24.21767 -55.33872 438.199 29.84968 -56.78146 421.1642 37.2126 -54.01879 406.5347 43.53416 -47.2768 392.8446 49.45064 -38.91693 383.0718 53.67196 -30.51082 376.5751 56.47982 -19.30913 370.9282 58.91952 -3.778152 367.7392 60.29417 11.84092 368.7562 59.857 28.13976 374.9214 57.19134 38.90196 383.1309 53.64392 48.09256 393.8677 49.00293 54.85575 409.3415 42.32253 56.68614 420.4808 37.50319 56.44705 430.6025 33.13058 48.39947 454.2059 22.93705 54.02059 442.4764 28.00343 42.4965 462.2868 19.45222 33.85648 470.1038 16.06341 11.59909 480.298 11.65915 26.21153 474.9174 13.98522 -3.873403 482.5476 10.68736 8.373203 481.9753 10.93453 -13.15493 367.97 60.19623 -3.124887 366.5456 60.81063 7.096148 366.8877 60.66473 -24.63309 371.8689 58.51244 -19.88709 479.1578 12.15207 18.22604 479.6482 11.94001 26.25825 372.7333 58.13843 17.01801 369.0023 59.75145 -34.66341 471.2477 15.5703 27.52589 475.6455 13.66969 -36.00067 378.9604 55.44886 -44.43053 461.7796 19.66148 35.38685 378.4632 55.66423 44.43062 387.2162 51.88116 35.94272 470.1196 16.05754 44.43062 461.7796 19.66148 -44.43053 387.2162 51.88116 -53.12221 448.2708 25.49882 -50.22943 395.4979 48.30257 -57.1188 434.5695 31.41928 50.22952 395.4979 48.30257 52.35749 449.9109 24.79009 -54.50212 404.6607 44.34318 -57.1188 414.4263 40.12337 57.11889 434.5695 31.41928 54.50222 404.6607 44.34318 -57.99995 424.498 35.77133 58.02267 424.5852 35.73205 57.11889 414.4263 40.12337 19.83722 369.9958 -63.60177 10.07164 367.3791 -63.60177 1.07449e-4 482.4979 -63.60177 4.49667e-5 366.4979 -63.60177 -10.07155 367.3791 -63.60177 44.43062 387.2162 -63.60177 37.28173 380.0673 -63.60177 29.00005 374.2685 -63.60177 57.11889 414.4263 -63.60177 54.50222 404.6607 -63.60177 50.22952 395.4979 -63.60177 54.50222 444.3351 -63.60177 57.11889 434.5695 -63.60177 58.00004 424.498 -63.60177 37.28173 468.9285 -63.60177 44.43062 461.7796 -63.60177 50.22952 453.4979 -63.60177 10.07164 481.6168 -63.60177 19.83722 479 -63.60177 29.00005 474.7274 -63.60177 -19.83712 479 -63.60177 -10.07155 481.6168 -63.60177 -44.43053 461.7796 -63.60177 -37.28163 468.9285 -63.60177 -28.99995 474.7274 -63.60177 -57.1188 434.5695 -63.60177 -54.50212 444.3351 -63.60177 -50.22943 453.4979 -63.60177 -54.50212 404.6607 -63.60177 -57.1188 414.4263 -63.60177 -57.99995 424.498 -63.60177 -37.28163 380.0673 -63.60177 -44.43053 387.2162 -63.60177 -50.22943 395.4979 -63.60177 -19.83712 369.9958 -63.60177 -28.99995 374.2685 -63.60177 6.117593 366.7749 -59.10606 0.1270106 366.4415 -59.42015 -57.82413 419.4851 -21.95979 -57.99415 423.6771 -15.57291 -57.99279 423.5926 13.75998 -57.99422 423.6818 14.97388 -57.99004 423.4194 -17.53024 -57.99359 423.6404 15.46083 -57.28746 415.2732 24.06912 -57.96078 421.7191 20.00182 -57.59685 417.6717 22.64993 -55.11 406.2317 29.56362 -51.51836 397.8709 35.00476 -48.28713 392.3459 38.7362 -35.15143 378.3587 48.86538 -24.99819 372.1149 53.76161 -7.56263 366.9447 58.56682 -1.159373 366.4716 59.26341 5.617083 366.721 59.08512 19.73789 369.9662 55.96722 51.27317 397.4309 35.30234 57.56335 416.6663 23.21003 54.46141 404.5166 30.70885 57.9891 423.3753 -17.56558 57.99244 423.5587 -16.82163 57.98732 423.227 -18.19933 -56.42223 410.6431 -27.26709 -49.73429 394.5742 -37.6457 -53.97276 403.3011 -31.80961 52.75554 400.2493 -33.85913 56.98391 413.0543 -25.86822 57.69669 418.7502 -22.33592 57.59438 417.6501 -23.0668 12.69928 367.8575 -58.17885 -57.99417 423.6751 -15.29714 -44.66034 387.4814 -42.5471 -40.06763 382.5311 -46.29078 -35.39161 378.5415 -49.07304 -24.96159 372.0843 -54.39692 -19.45965 369.8521 -56.42498 -12.61021 367.8045 -58.19327 -6.627005 366.8212 -59.32421 18.99808 369.6819 -56.57381 24.66053 371.9663 -54.53762 30.11358 374.8797 -52.14031 36.08663 379.036 -48.91769 40.58265 383.0603 -45.9058 44.90767 387.7585 -42.3703 48.46047 392.6281 -38.93364 57.92425 421.4291 -20.50721 57.99249 423.5599 -16.81516 57.59957 417.6945 -23.03775 57.59781 417.6793 -23.04714 -57.9941 423.6739 -15.66718 58.03533 411.7939 -0.08135855 -57.99423 410.2108 -0.244782 12.86382 367.8977 57.72069 6.863812 366.8045 58.49185 44.68507 387.5129 42.12691 48.45098 392.6945 38.48258 40.46792 382.9219 45.56492 36.21389 379.1802 48.47487 25.23522 372.2258 53.88842 -12.16524 367.761 57.8172 -18.75546 369.5487 56.17353 -30.28883 374.9897 51.41801 -40.18904 382.6611 45.7926 -44.56272 387.3447 42.26432 -57.6823 418.4361 22.17078 -57.60079 417.7054 22.62752 -57.99421 423.6812 15.0065 -57.99382 423.6531 13.76189 -57.60147 417.7111 22.62396 -23.71505 370.1282 -53.45961 -20.01176 368.9522 -55.03759 -57.4272 407.395 -9.576168 24.1007 370.43 -53.30847 20.31781 369.3107 -55.10329 18.68123 367.0639 -55.13489 -5.792087 365.6166 -58.0499 -12.60082 367.1768 -57.34825 0.8825523 365.5045 -58.34069 13.0461 364.3884 -56.6096 24.4118 364.323 -52.70445 20.35239 364.3201 -54.55027 30.81844 364.307 -49.2219 37.03769 364.3035 -44.70203 40.92379 364.3034 -41.26762 44.54258 364.3275 -37.33401 51.58734 364.2901 -26.49067 49.66984 364.3301 -29.9504 48.45578 384.9537 -32.03044 54.58178 364.3004 -19.51669 56.22585 399.1171 -14.6531 55.89931 364.2939 -15.30394 57.31569 364.3138 -8.402998 57.91323 364.3268 0.1343979 56.20365 408.4894 -22.15052 -6.35003 366.7199 -58.94382 -30.49729 375.1626 -51.87285 -56.24412 408.3618 -21.55881 -56.90009 364.3348 -10.93489 -57.78816 364.323 -3.753328 -57.89847 364.3392 0.2530781 -56.21112 399.3515 -14.89889 -55.9597 364.3014 -15.05619 -54.7664 364.2975 -18.97901 -53.38908 364.3183 -22.5995 -49.91651 364.3326 -29.53991 -43.47474 364.3457 -38.44608 -40.50881 378.1384 -41.67652 -37.34508 364.335 -44.4504 -28.27286 364.2983 -50.73402 -27.04827 364.3673 -51.42989 -13.67718 364.3238 -56.5574 -19.15791 366.3113 -54.92882 -9.769552 364.3247 -57.27111 9.371231 364.326 -57.33729 5.650739 365.519 -58.0153 1.508242 364.3532 -58.08448 -12.48235 365.5595 -56.82546 9.538022 366.5093 -57.76436 14.08024 367.4028 -56.89463 44.75639 382.2 -37.13365 40.38537 377.809 -41.82745 54.33743 395.1732 -20.88462 40.3148 380.8488 -43.13315 35.22004 376.2711 -46.63442 44.77978 386.4796 -40.13132 30.14614 373.1281 -50.04747 57.42819 408.5299 -10.26347 53.19469 398.6044 -27.9455 48.51473 390.0873 -34.40075 51.73526 390.4963 -26.62896 -53.1935 398.6592 -28.01646 -48.46953 390.2726 -34.71641 -48.55886 385.4926 -31.95706 -51.59956 390.1118 -26.84555 -54.27225 394.601 -20.87783 -44.60359 383.1132 -37.54077 -40.42312 381.4118 -43.53487 -30.13687 372.6594 -49.89527 -35.66862 375.5514 -46.06169 -20.50558 369.3995 54.67575 -24.47935 370.0437 52.55905 42.82729 383.4326 40.91083 30.59453 375.2225 51.42237 49.89578 364.3326 29.1685 52.77376 364.3045 23.86131 20.89145 364.3264 53.79644 24.58744 364.3423 52.20774 10.08785 364.3609 56.81634 56.1798 398.8237 14.39814 57.45792 404.1264 8.285502 0.4011501 365.3657 57.90605 6.690821 365.3983 57.49266 6.747804 366.0944 57.80287 -27.66599 364.3228 50.66622 -30.18132 372.1677 49.3599 -17.94102 368.0818 55.28295 -11.16361 366.2109 56.85456 56.21533 408.3539 21.36776 57.4566 414.2477 15.92889 -52.76789 364.3043 23.87244 -50.10371 364.319 29.01935 -54.58902 364.2999 19.08482 -57.32645 364.3093 7.922855 -56.32762 364.3276 13.58741 -5.245036 365.6417 57.70116 -40.39212 377.405 41.35246 -45.17815 364.3542 36.01568 -34.16352 364.2955 46.54182 -37.28266 364.3319 44.09378 -20.43504 364.3366 53.9713 -13.17351 364.3161 56.17769 -9.340014 364.3254 56.93835 13.81596 367.2767 56.53741 28.74249 364.3471 50.06327 18.80231 366.4382 54.64566 20.32112 369.1942 54.61449 37.34721 364.3294 44.05246 48.42101 385.2377 31.72145 44.81368 381.9226 36.66067 56.85161 364.3312 10.8082 43.51206 364.3364 38.02122 40.54613 364.302 41.24854 17.23968 364.2871 55.06939 54.7746 364.2917 18.55367 -1.012521 366.2583 58.58341 24.13235 370.4936 52.93838 30.36565 373.0328 49.4855 35.71094 376.704 45.96194 40.49264 379.1581 41.53795 48.51886 389.502 33.60915 53.19372 398.6986 27.66178 51.59569 389.8188 26.3148 54.27495 394.2851 20.31149 -44.77722 386.4903 39.75123 -50.33086 393.5832 32.66878 -55.44278 404.0677 22.29842 -57.45061 407.9013 9.048212 -48.60503 386.3743 31.58753 -51.74721 390.4859 26.18129 -54.35829 394.943 20.28129 -56.25725 399.5526 14.2792 -44.79147 382.2015 36.67087 -40.32567 380.8409 42.70063 -35.51264 375.5404 45.79413 -1.344867 364.3445 57.68177 57.74333 364.3123 -4.390313 47.55684 364.3141 -33.21915 -6.042389 364.3111 -57.78044 -19.83715 364.2979 -54.70402 -47.87578 364.3114 -32.75502 -40.47946 364.3116 -41.59268 -40.07527 364.3112 41.58084 -24.1032 364.3143 52.43674 -5.48155 364.3118 57.43286 6.042459 364.3111 57.37691 34.52807 364.3196 46.27011 47.87644 364.3136 32.35061 57.78335 364.3161 3.388497 45.25357 364.2979 -36.30984 42.74076 364.2979 -39.25181 40.03706 364.2979 -42.01938 27.56649 364.2979 -51.11115 56.67477 364.2979 -12.01911 20.53497 364.2979 -54.33116 16.87367 364.2979 -55.58187 -2.226012 364.2979 -58.0526 -53.18517 364.2979 22.66759 -51.5389 364.2979 26.1689 -49.66244 364.2979 29.55243 -42.74067 364.2979 38.84828 -30.90522 364.2979 48.7527 -13.70448 364.2979 -56.44997 -17.43084 364.2979 -55.409 -21.07936 364.2979 -54.12147 -34.57572 364.2979 -46.63657 2.226102 364.2979 57.64906 51.80213 364.2979 25.64815 53.41304 364.2979 22.13042 -45.61507 364.2979 -35.85195 -57.4152 364.2979 -7.629013 -56.67468 364.2979 11.61557 -55.75881 364.2979 15.37463 31.3971 364.2979 48.43873 45.61516 364.2979 35.44839 4.49667e-5 366.4979 -63.60177 -0.2048802 482.5409 -64.16523 -57.41329 431.9632 -64.40065 -53.63079 446.3098 -64.39472 -55.97668 439.2747 -64.39894 -50.39555 452.9932 -64.40143 -46.3453 459.198 -64.40101 -41.51702 464.8473 -64.39793 -36.01035 469.8331 -64.39355 -29.92495 474.0578 -64.40145 -23.34687 477.478 -64.40177 -9.130717 481.6701 -64.39041 -16.37355 480.0285 -64.39766 12.97358 480.9222 -64.39858 4.996358 482.2758 -64.40177 20.08845 478.7948 -64.40206 26.86205 475.7857 -64.39771 33.20695 471.9219 -64.39798 39.01106 467.2782 -64.39817 44.15113 461.9462 -64.40206 48.5808 455.9925 -64.39882 54.98572 442.6251 -64.39568 52.20701 449.5216 -64.39758 56.84605 435.4625 -64.40201 57.76848 420.6832 -64.39742 57.78382 428.1054 -64.40093 56.80464 413.3049 -64.39277 54.91068 406.1536 -64.40213 52.10892 399.2659 -64.4017 44.02589 386.9022 -64.40065 48.45801 392.8185 -64.3963 38.88699 381.6045 -64.39992 26.71936 373.1354 -64.39349 33.04877 376.9633 -64.39948 19.90986 370.1351 -64.39992 12.8313 368.0411 -64.40106 5.471436 366.8628 -64.40009 -9.346308 367.3635 -64.40214 -1.930435 366.6309 -64.39339 -16.59556 369.0308 -64.39909 -30.0894 375.0376 -64.40221 -23.54002 371.6052 -64.39781 -36.14039 379.2659 -64.39616 -46.44596 389.9325 -64.39888 -41.6519 384.2876 -64.39751 -50.49013 396.1706 -64.40194 -53.68944 402.8307 -64.39796 -56.02425 409.9024 -64.39813 -57.43086 417.1697 -64.3964 -57.89378 424.5896 -64.40071 -1.753375 482.3642 -64.40177 1.95773 482.3576 -64.40177 5.66079 482.1133 -64.40177</float_array>
          <technique_common>
            <accessor source="#eSeries_UR5e_025-mesh-positions-array" count="771" stride="3">
              <param name="X" type="float"/>
              <param name="Y" type="float"/>
              <param name="Z" type="float"/>
            </accessor>
          </technique_common>
        </source>
        <source id="eSeries_UR5e_025-mesh-normals">
          <float_array id="eSeries_UR5e_025-mesh-normals-array" count="4350">0.5967236 -0.8020493 -0.02525722 0.5968741 -0.8019555 -0.02467548 0.5985986 -0.8005578 -0.02805304 0.9776859 0.210067 0.001437962 0.9774886 0.2109755 0.002321183 0.9774891 0.2109737 0.002283811 0.3424836 -0.01013141 -0.9394693 0.7576094 -0.06385469 -0.6495772 -0.9876077 -0.1019774 -0.1192963 0.05105417 -0.9934215 -0.1025053 0.7266014 0.6766284 0.1192666 0.726601 0.6766293 0.1192638 0.7266438 0.6765533 0.1194342 -0.5371887 0.8429395 -0.02968657 -0.5351781 0.8441391 -0.0318405 -0.5351759 0.8441391 -0.03187394 -0.2841898 -0.9383311 -0.1969036 -0.2842567 -0.9382959 -0.196975 -0.2840356 -0.9384621 -0.1965013 -0.7344682 -0.09774881 -0.6715667 -0.02176684 0.9995396 -0.0211398 -0.0243358 0.9995242 -0.01895165 -0.02177113 0.9995403 -0.02110278 -0.961333 0.270048 -0.0539726 0.8468902 0.4654546 -0.2571556 0.4436417 0.8876348 -0.1236395 0.4436438 0.887623 -0.1237163 0.4436525 0.8876384 -0.1235749 -0.7729976 -0.6343664 0.007349729 -0.6360331 -0.7657709 -0.09516727 -0.9640015 -0.2622696 -0.04377055 0.9665807 -0.2256593 -0.121654 0.8636119 -0.4781901 -0.1597144 -0.9326574 -0.3603804 0.01662546 -0.8903519 -0.4530356 -0.04508078 -0.3922044 -0.9198085 -0.01131927 -0.3716482 -0.9279982 -0.02640062 -0.1837795 0.9779647 -0.09904706 -0.1837783 0.9779642 -0.09905368 -0.183769 0.9779621 -0.09909099 -0.2094734 -0.9730883 -0.09602123 -0.3581701 -0.9330288 -0.03422629 -0.7687633 0.6321053 -0.09719103 0.4275421 0.9039939 0.001709938 0.4275422 0.9039939 0.001708805 0.427542 0.9039939 0.001713871 -0.107279 -0.9929491 -0.05043208 -0.1072237 -0.9929646 -0.05024623 -0.1073727 -0.9929328 -0.05055379 -0.9569444 0.2738436 -0.09626662 -0.9569352 0.2739434 -0.09607422 -0.9569452 0.2738755 -0.09616756 -0.06304681 0.9882766 -0.1390492 8.90708e-4 0.9954717 -0.09505492 0.8483874 0.4890457 -0.202665 -0.3810372 0.9239573 -0.03337091 -0.3824134 0.9233418 -0.03464221 0.9671505 -0.2459376 -0.06430208 -0.4722115 0.8792062 -0.06334775 -0.9136075 0.4064403 0.01130032 -0.9485374 0.3118543 -0.05499035 -0.09204262 -0.9945229 -0.0495209 0.9834436 -0.1636419 -0.07784599 0.9713087 0.01094007 -0.237571 0.7576023 0.3491132 -0.5515061 -0.01211565 -0.9969076 -0.07764458 0.05874884 -0.9979006 -0.0272634 -0.72233 0.4615443 -0.5149915 -0.7223352 0.461534 -0.5149934 -0.7222983 0.4615982 -0.5149877 -0.9997814 0.003502786 -0.020612 -0.9427067 0.2094324 -0.2596962 -0.5465358 -0.7624316 -0.3464058 0.1761208 0.8091199 -0.5606303 0.9163931 0.1749643 -0.3600155 0.3958706 -0.9133294 -0.09547722 0.3172853 -0.9479557 -0.02664947 0.9215587 -0.3867127 -0.03439497 0.9161171 -0.4006015 -0.01574641 -0.9389705 -0.3408313 -0.04656678 -0.9155096 -0.395278 -0.07481664 -0.3752702 -0.9262164 -0.03599214 -0.3541381 -0.9337993 -0.05103981 -0.9289439 0.3611707 -0.08135652 -0.9561533 0.250311 -0.1520369 -0.4071809 0.9110708 -0.06445026 -0.4349829 0.8959218 -0.09007817 0.1995541 -0.3849673 -0.9010985 0.09349507 -0.459006 -0.8835 0.09244632 -0.4592581 -0.8834793 0.09296971 -0.4590744 -0.8835199 0.01934283 0.3507986 -0.9362512 0.0194239 0.3507924 -0.9362518 0.01925915 0.3508259 -0.9362428 -0.03375434 -0.883282 -0.4676256 -0.03370839 -0.8832817 -0.4676295 -0.03365826 -0.8832795 -0.4676373 -0.4044088 -0.376151 -0.833645 -0.2889398 -0.39457 -0.8722549 -0.1940286 -0.4588216 -0.8670846 -0.3939862 -0.4984299 -0.7722323 -0.3939831 -0.498437 -0.7722291 -0.3939874 -0.498427 -0.7722335 -0.4544585 -0.323808 -0.8298288 0.1193858 -0.3281835 -0.9370394 0.01369732 0.001501441 -0.9999051 0.2129586 -0.3346107 -0.9179784 0.08988183 -0.2511337 -0.9637703 -0.01313245 -0.4040803 -0.9146293 0.1024653 -0.3087149 -0.9456194 -0.238638 -0.2359942 -0.9419972 -0.2052118 -0.261933 -0.943016 -0.4541221 -0.1946184 -0.8694234 -0.3720866 0.03066253 -0.9276915 -0.3039975 0.1311504 -0.9436023 -0.03298127 -0.2838792 -0.9582927 0.4188394 0.9067202 -0.04931622 0.4019576 0.9130383 -0.06921881 0.9286592 0.3672918 -0.05185383 0.9301168 0.3642345 -0.04707539 -0.7576729 0.6483867 -0.07434105 -0.7576609 0.6483939 -0.07439982 -0.7576548 0.648397 -0.07443571 -0.005014479 -0.4101277 -0.9120143 0.001767516 -0.3944258 -0.9189261 0.001550018 -0.3933336 -0.9193946 -0.001391887 -0.4184696 -0.9082298 -0.008871734 -0.4064373 -0.9136356 -0.005669474 -0.3900827 -0.9207624 0.01640093 -0.3755787 -0.9266454 -0.004967033 -0.3424505 -0.9395227 0.01080024 -0.4464302 -0.8947533 -0.005804657 -0.4222444 -0.9064635 -0.00595963 -0.4187396 -0.9080868 -0.00442624 -0.416797 -0.9089888 0.001210749 -0.3951056 -0.918635 -0.00900489 -0.4054698 -0.9140642 -0.0157473 -0.4238138 -0.9056125 0.009461522 -0.3718475 -0.9282456 -0.007398426 -0.385369 -0.922733 -0.02257269 -0.3682948 -0.9294351 -0.00525844 -0.397778 -0.9174667 -0.027233 -0.3682211 -0.9293394 0.01903253 -0.4096648 -0.9120376 -0.002711892 -0.3937681 -0.9192058 -0.03714287 -0.3445353 -0.9380383 0.007496893 -0.4034908 -0.914953 0.01162385 -0.4100713 -0.9119794 -0.04814988 -0.350276 -0.9354081 -0.03605556 -0.368899 -0.92877 -0.02486449 -0.4265113 -0.9041404 -0.02160656 -0.4168542 -0.9087166 -0.04877531 -0.43276 -0.9001888 -0.04913234 -0.4301987 -0.9013962 -0.09839963 -0.445761 -0.8897274 -0.04571503 -0.3774576 -0.9248979 -0.06281018 -0.3615337 -0.9302411 0.009685516 -0.3976721 -0.9174766 0.007158219 -0.3964707 -0.9180195 -0.04757195 -0.3594685 -0.9319438 -0.03305292 -0.3719102 -0.9276801 -0.07916927 -0.3571615 -0.9306815 -0.07462197 -0.3725837 -0.9249936 -0.003619134 -0.4176984 -0.9085786 0.04173946 -0.4027011 -0.9143794 -0.05092293 -0.3851054 -0.9214666 -0.04467356 -0.4061977 -0.9126926 0.01676142 -0.3923946 -0.9196443 -0.2245179 -0.3400902 -0.9131979 -0.06641358 -0.4118437 -0.9088312 -0.0341016 -0.4060528 -0.9132131 -0.04885923 -0.4061399 -0.9125039 -0.04538828 -0.4057862 -0.9128404 -0.04061341 -0.3776193 -0.9250699 0.008933603 -0.398082 -0.9173064 -0.06297826 -0.3789878 -0.9232563 -0.009100615 -0.3899739 -0.920781 0.04997986 -0.3929515 -0.9182 0.03965407 -0.3922649 -0.9189973 0.03577029 -0.3873729 -0.921229 0.03415948 -0.3883047 -0.9208978 0.02212947 -0.3787172 -0.9252478 0.00691533 -0.385829 -0.9225444 -0.02140587 -0.4060381 -0.9136056 -0.02110326 -0.3952429 -0.9183342 -0.005004644 -0.3924432 -0.9197626 -0.9012006 0.3468867 -0.2598216 -0.3411622 -0.7051206 0.6216216 -0.3405992 -0.7057676 0.6211959 -0.3405982 -0.705768 0.621196 -0.9661765 0.2507882 -0.06007033 -0.2902181 0.2663174 -0.9191565 -0.3306983 0.2215027 -0.9173741 -0.3089268 0.1125674 -0.9444008 -0.5235615 0.3465854 -0.7783072 -0.587114 0.3047992 0.7499298 -0.2082483 0.4607925 -0.86273 -0.3031024 0.5713416 0.7626911 -0.2003875 0.1726976 -0.9643757 -0.2513813 0.1279329 -0.959396 -0.1677495 0.323648 -0.9311886 -0.2572016 0.3136734 -0.9140331 -0.7070402 0.3981527 -0.5844387 -0.8160594 0.5729695 -0.07585006 -0.7660292 0.2330057 -0.599089 -0.8900074 0.2943643 -0.3481903 -0.4354054 0.8998386 -0.02669882 -0.4342227 0.900363 -0.02823513 -0.4354017 0.8998404 -0.02669876 -0.581382 0.5016705 -0.6405635 -0.4069284 -0.01845377 0.9132738 -0.8066558 -0.05260229 0.588676 -0.7419101 -0.228593 -0.6303291 -0.1672297 0.320553 0.9323519 -0.9329103 0.1055976 -0.3442782 -0.6841336 0.345963 -0.6420832 0.5133234 0.2872596 -0.808691 0.4970374 0.265108 -0.8262395 0.5298898 0.5178106 -0.6716316 0.5298832 0.5175685 -0.6718235 0.529776 0.5180211 -0.6715591 0.3340713 0.2655685 -0.9043615 -0.1256189 0.5244787 -0.8421058 -0.01666051 0.5423273 -0.8400021 -0.02644515 0.4389587 -0.8981181 0.06768858 0.4227947 -0.903694 0.1393471 0.4534528 -0.8803198 0.2350581 0.4515948 -0.8607031 0.5829213 0.1672386 -0.7951315 0.5989485 0.05423849 -0.7989487 0.8969284 0.4286234 0.1086348 -0.1116912 0.4612613 -0.8802064 0.608808 0.4999229 0.6159788 0.149435 -0.3161016 -0.9368826 0.6601635 0.3980178 -0.6369976 0.591708 0.07457602 0.8026956 0.9455788 0.1014235 0.3091827 0.5085175 -0.008916795 0.8610055 0.8607606 -0.2559372 -0.4399855 0.6626322 0.1474878 -0.7342793 0.8117263 0.1458241 -0.5655403 0.8387449 -0.385626 -0.384447 0.5855942 0.1696547 -0.7926517 0.696394 -6.24947e-4 0.7176594 0.696393 -6.2703e-4 0.7176603 0.6964776 -0.001108348 0.7175777 0.3931022 0.3772569 -0.8385392 0.3514297 0.5551409 -0.7538672 0.4534782 0.8053404 -0.3818174 0.4536488 0.8052535 -0.381798 0.453133 0.8054193 -0.3820607 0.2366831 0.4725128 -0.848948 0.1895387 0.6486977 -0.7370662 0.05050617 0.6703066 -0.7403636 -0.3386576 0.7359952 -0.586193 -0.3158218 0.940819 -0.1229483 -0.3241326 0.9425169 -0.08124148 -0.4410825 0.895218 -0.06349217 -0.4747228 0.8705766 -0.1293634 -0.512236 0.8588443 -9.55299e-4 -0.5944495 0.8041276 -0.002953588 -0.6327543 0.76254 -0.1347407 -0.7211359 0.6889961 -0.07243996 -0.7114139 0.6956953 0.09949058 -0.9598398 0.2680976 -0.08265131 -0.8327521 0.5398362 -0.1228862 -0.8365714 0.5476704 0.0143426 -0.9025354 0.4238702 -0.07592004 -0.9024688 0.4235795 -0.07829803 -0.9938995 0.09785538 0.05087375 -0.9903547 0.08910697 -0.1061018 -0.9482035 0.3016743 0.09951323 -0.9972757 -0.0122202 -0.07274514 -0.9931492 -0.1078898 0.04488497 -0.9857524 -0.1334336 -0.1024104 -0.9755853 -0.2193255 -0.01139467 -0.9579456 -0.2760689 -0.07827067 -0.8322876 -0.4892348 -0.2606658 -0.9373177 -0.3466827 -0.03531026 -0.9197289 -0.3853303 -0.07496309 -0.8833382 -0.4665169 -0.04556232 -0.8959084 -0.4441847 -0.006938636 -0.8220148 -0.5688155 -0.02721524 -0.8221614 -0.5690777 -0.01418656 -0.7277006 -0.6816911 -0.07582384 -0.7282076 -0.6831858 -0.05450719 -0.6544524 -0.7560804 -0.005878686 -0.6023827 -0.7934523 -0.08699798 -0.5494139 -0.8354045 -0.01561093 -0.4924733 -0.8659851 -0.08683228 -0.4569966 -0.8894349 0.007743 -0.3242689 -0.9454056 -0.03252905 -0.3257881 -0.9447727 -0.03559154 -0.3281849 -0.9070982 -0.2635669 -0.3373079 -0.9343355 -0.1150679 -0.3757194 -0.9253513 -0.05059677 -0.2242542 -0.9707429 -0.08583915 -0.1758186 -0.982056 0.06821888 -0.04960465 -0.9920746 -0.1154441 3.58252e-4 -0.9999546 0.009535431 0.1481657 -0.9889498 -0.005014121 0.1636214 -0.9829457 -0.08393907 0.3021232 -0.9246537 -0.2318127 0.309891 -0.950397 -0.02670478 0.3076533 -0.9513103 -0.01892822 0.438672 -0.8934811 -0.0962212 0.5129057 -0.8556805 0.06883788 0.6187474 -0.7696884 -0.1572633 0.6352916 -0.7657775 0.09994679 0.8118865 -0.5800027 -0.06661301 0.8155071 -0.5758053 -0.05827957 0.7380831 -0.6742931 -0.02371263 0.7308483 -0.6729828 -0.1138205 0.892232 -0.4512581 -0.01697862 0.892167 -0.4507148 -0.02990353 0.9347651 -0.1040139 0.3396991 0.8584908 -0.474747 -0.1939302 0.7232331 -0.500251 -0.4761122 0.9857587 -0.1472359 -0.08124852 0.9743806 -0.2227209 0.03127068 0.9300205 -0.3424883 -0.1332804 0.9274282 -0.3724097 -0.03446811 0.997066 -0.07279562 0.02366906 0.9744047 0.193078 -0.1151372 0.9792792 0.1942061 -0.0574153 0.9938889 0.1091507 -0.01646333 0.9916694 0.009114623 -0.1284864 0.9998991 -0.006341278 0.01271963 0.9338542 0.3567201 0.0258314 0.9505211 0.3071757 -0.04639858 0.8987585 0.435344 -0.052046 0.8937973 0.4480183 0.0201497 0.8970113 0.2382664 -0.37229 0.9300137 0.2983652 -0.2145991 0.7527248 0.65661 -0.04763221 0.751175 0.6600298 -0.009838342 0.8369282 0.5464186 -0.0312711 0.8377525 0.5417176 -0.06864893 0.5379049 0.8383496 -0.08847904 0.6294887 0.7766005 -0.02521443 0.6279035 0.778285 0.003138482 0.4377464 0.8965145 -0.0681169 0.4628155 0.8843983 0.06034541 0.382618 0.8672627 -0.3185264 0.2291259 0.9675236 -0.1067689 0.2902798 0.9560008 0.04242861 0.3386757 0.9394327 -0.05258482 0.05776733 0.9933465 -0.0996285 0.08133649 0.9966633 -0.006821155 0.1644164 0.9855699 0.0402413 -0.03433179 0.9989947 -0.02882957 -0.05903452 0.9954631 -0.07462114 -0.1306723 0.9912394 -0.019221 -0.1612462 0.9838888 -0.07721859 -0.2293043 0.9733238 0.007764518 -0.3139382 0.940942 0.1267717 -0.1875001 0.9818255 0.02936905 0.2592478 0.9447988 -0.2003644 -0.08508914 0.3131672 0.9458785 -0.02956527 0.5289255 0.8481532 0.08437246 -0.7960811 -0.5992798 0.08455872 -0.7959839 -0.5993826 0.08424824 -0.7961097 -0.5992593 0.4171947 -0.7490902 -0.5145993 0.4004185 -0.7369859 -0.5445337 0.4006578 -0.7368983 -0.5444761 0.4005675 -0.7369462 -0.5444777 0.4991618 -0.6672265 -0.552853 0.7031867 -0.2469645 -0.6667361 0.758543 -0.5177139 -0.3957081 0.4683274 -0.5607292 -0.6828267 0.7391189 -0.6155515 -0.2734952 0.6011945 -0.7038879 -0.3782951 0.9007092 -0.2506299 -0.354835 0.07313793 0.8029274 -0.5915729 0.07367604 0.8030867 -0.5912899 0.07339316 0.8030666 -0.5913524 0.2338324 0.8898302 -0.3918225 0.5144597 0.5261852 -0.6770971 0.5675993 0.4590027 -0.683482 0.6569288 0.6797618 -0.3261418 0.7486932 0.46449 -0.4729773 0.7486258 0.4646483 -0.4729287 0.7485764 0.464721 -0.4729355 0.7196178 0.4101294 -0.5603072 0.8505182 0.4771707 -0.2211946 0.2689169 -0.7549167 -0.5981509 0.117982 -0.8823364 -0.4555906 0.5643292 -0.02980518 -0.8250116 0.6562213 0.005119681 -0.7545512 0.4622018 -0.4256268 -0.7779533 0.6107915 -0.4410282 -0.6575926 0.4636201 -0.4827883 -0.7429481 0.2198877 0.5685624 -0.7927082 0.2297388 0.2280479 -0.9461577 0.308101 0.4077984 -0.8595198 0.3757182 0.490437 -0.7863252 0.3870677 0.3127058 -0.8674063 0.6357656 -0.1506041 -0.7570474 0.7037554 -0.119744 -0.7002784 0.5735979 -0.25865 -0.7772296 0.9527207 -0.09671974 -0.2880429 0.3712123 -0.8716793 -0.3199636 0.2783751 -0.900003 -0.3354135 0.1625493 -0.2332773 -0.9587281 0.5725881 0.1679506 -0.802456 0.2268013 -0.2593928 -0.9387633 0.8607559 0.1768915 -0.4772934 0.2731891 -0.8892026 -0.3669966 -0.1804565 0.8165884 0.5482873 -0.3791149 0.7449707 0.5488995 -0.02739769 -0.7028874 -0.7107733 -0.02751761 -0.7028997 -0.7107565 -0.02744704 -0.7028886 -0.7107702 -0.4080023 0.7310287 -0.546929 -0.4767381 0.8660922 -0.1503503 -0.4765886 0.8661342 -0.1505818 -0.476855 0.8660362 -0.1503019 -0.516159 0.5804514 -0.6298064 -0.5162054 0.5802335 -0.6299691 -0.5163245 0.5801023 -0.6299924 -0.6059247 0.4340718 -0.6666611 -0.6066735 0.2921448 -0.7393231 -0.9032289 0.345898 -0.254032 -0.8922938 0.2782778 -0.3554905 -0.8643538 0.05001401 -0.500391 -0.8643492 0.05013859 -0.5003865 -0.8644004 0.05033379 -0.5002785 -0.9367559 -0.02178233 -0.349305 -0.7714936 -0.2271274 -0.5943155 -0.2656802 -0.8772507 -0.3998066 -0.265957 -0.8771863 -0.3997637 -0.2663953 -0.8772048 -0.3994315 -0.1515552 -0.8221445 -0.5487344 -0.5121817 -0.6096585 -0.6049681 -0.5121245 -0.6097496 -0.6049248 -0.5121034 -0.6099078 -0.6047831 -0.6650049 -0.7011817 -0.257124 -0.6650232 -0.7010846 -0.2573413 -0.6650789 -0.7010043 -0.2574161 -0.3603236 -0.8179402 -0.4484872 -0.153847 -0.8315037 -0.5337911 -0.1531664 -0.8313093 -0.5342893 -0.1534758 -0.8315021 -0.5339004 -0.1521071 -0.02556467 -0.9880334 -0.3101197 -0.2673851 -0.9123218 -0.2246153 0.5142351 -0.827714 -0.2511546 -0.06277984 -0.965909 -0.3243188 0.1051788 -0.9400824 -0.5493598 -0.1395662 -0.8238479 -0.6345727 -0.2953363 -0.7142087 -0.5544568 -0.3887642 -0.7358263 -0.4680709 -0.4772132 -0.7437589 -0.2026836 0.1370277 -0.9696096 -0.02978724 -0.8721153 -0.488393 -0.2651509 -0.6128923 -0.7443508 -0.6680718 -0.6428087 -0.3748028 -0.4975048 -0.5649653 -0.6582579 -0.8006457 -0.5019423 -0.3271397 -0.7466208 -0.4960689 -0.4432528 -0.7413415 -0.4088655 -0.5322046 -0.6395601 -0.3803911 -0.6680311 -0.7210763 -0.1443167 -0.6776591 -0.6522403 0.1315459 -0.7465108 -0.7046117 0.2125774 -0.6770032 -0.6228959 0.3265808 -0.7108767 -0.1686622 -0.6778561 -0.7155867 -0.1519306 0.4964706 -0.8546543 -0.5238708 -0.851275 0.02983707 -0.4626721 -0.8782265 -0.1210482 -0.6537947 -0.7563216 -0.02303099 -0.7169677 -0.6325687 0.2929407 -0.7519176 -0.6514647 -0.1010633 -0.8281715 -0.5499741 0.1079837 -0.8455535 -0.5330919 -0.02919936 -0.8864188 -0.4420684 0.1372495 -0.9068426 -0.4067284 -0.1104928 -0.9915416 -0.0896852 0.09381824 -0.9468986 -0.2898181 -0.1392427 -0.9525815 -0.2342903 0.1941558 -0.980867 -0.1459951 -0.1287844 -0.9982574 0.059008 -5.5129e-4 -0.9461593 -0.1135441 -0.3031345 -0.9750269 0.1220687 -0.1855311 -0.9224393 0.06032842 -0.3814001 -0.9139634 0.3987097 0.07550859 -0.8738521 0.2800357 -0.397445 -0.5398629 -0.1724853 -0.8238914 -0.8139184 0.5808754 0.01098877 -0.6948154 0.4164183 -0.5863679 -0.7275617 0.5828679 -0.3618274 -0.5196297 0.8513036 0.07257544 -0.5012311 0.7190345 -0.4814114 -0.309754 0.9203355 0.2388203 -0.4469553 -0.8170336 0.3642624 -0.3918717 -0.9142552 0.1028304 -0.2639502 -0.9490098 0.1723681 -0.2636724 -0.9489782 0.1729665 -0.2462666 -0.9601501 0.1321536 -0.112749 -0.9858806 0.1238026 -0.0772162 -0.9046179 0.4191707 0.01790773 -0.9904474 -0.1367239 0.1696893 -0.8846586 0.4342636 0.2080924 -0.974118 0.08827042 0.3273815 -0.9259314 0.1883415 0.3458667 -0.9382817 0.001941561 0.4936839 -0.8622521 0.1131265 0.4848177 -0.7995077 0.3545973 0.5952529 -0.7974672 -0.09859085 0.5944623 -0.6361705 0.4918351 0.6172135 -0.6915147 -0.3753067 0.611232 -0.3455719 0.7120221 0.7517289 -0.648449 -0.1200737 0.8869329 -0.4356243 0.1535635 0.8829517 -0.4688217 0.0245487 0.9394816 -0.3424502 -0.0101124 0.9442503 -0.3288432 0.0159282 0.9837645 -0.1532191 0.09344178 0.9799531 -0.1951876 -0.03992402 0.9822698 -0.08203417 -0.1685722 0.8999134 -0.1507902 -0.4091678 0.9752854 0.1832494 0.1234429 0.9533014 0.107 -0.2824313 0.9691838 0.2344332 -0.07565712 0.9232489 0.3198559 -0.2128469 0.8596968 0.2380402 -0.4519494 0.8407444 0.4715391 -0.2660824 0.8281911 0.5579317 0.05302691 0.688125 0.714055 -0.1288779 0.6711075 0.7409393 0.02497482 0.550906 0.8068115 -0.2134434 0.5071884 0.6732548 -0.5380408 0.349668 0.9313207 -0.1018531 0.07986068 0.6772302 0.7314243 0.05636525 0.5543573 0.830368 0.09829431 0.591102 0.8005853 0.08275836 0.5665112 0.8198878 0.1534308 0.6214423 0.7682893 0.07883554 0.5006744 0.8620384 0.169279 0.5637106 0.8084399 0.09516483 0.4830363 0.8704136 0.1493969 0.5101119 0.8470339 0.0388388 0.3668472 0.9294701 0.04219496 0.3626677 0.9309629 -0.04301023 0.4267047 0.9033678 0.05328863 0.3212339 0.9454995 0.0591396 0.3177406 0.9463317 0.09539371 0.3298838 0.9391895 0.09991794 0.3294821 0.93886 0.09414803 0.460161 0.8828296 0.147307 0.4810501 0.8642289 0.1114467 0.4503123 0.8858885 0.1987804 0.4732695 0.8581972 0.09535014 0.4261128 0.8996313 0.1491907 0.4286448 0.89107 0.1131303 0.4155089 0.9025264 0.1442269 0.4121259 0.8996394 0.08212876 0.400048 0.9128069 0.07266652 0.3904444 0.9177542 0.1074613 0.3922989 0.9135391 0.03894394 0.3872559 0.9211494 0.05776107 0.3771474 0.9243503 0.0444948 0.3777742 0.9248281 0.03393596 0.3808667 0.9240071 0.08343368 0.3837667 0.9196532 -0.02136003 0.00955373 0.9997263 -0.04303944 0.4421831 0.8958916 0.02651357 0.2991213 0.9538468 -0.05317747 0.3284822 0.943012 -0.05043405 0.3342185 0.9411453 -0.07617843 0.3230888 0.9432977 -0.05619561 0.6024602 0.7961682 -0.01900362 0.5553563 0.8313954 -0.03321474 0.4468426 0.8939959 -0.5024175 0.823935 0.262122 -0.07495313 0.5266688 0.8467598 -0.07493919 0.5266723 0.8467589 -0.0749526 0.5266689 0.8467597 -0.1017329 0.5972669 0.7955645 -0.1017383 0.597266 0.7955644 -0.1017305 0.5972673 0.7955645 -0.04787415 0.5093653 0.8592178 -0.1034721 0.4677866 0.8777638 -0.1389708 0.5236826 0.840502 -0.0973463 0.4770488 0.8734691 -0.1406329 0.4968181 0.8563845 -0.2310619 0.5083485 0.8295735 -0.1230306 0.4454553 0.8868107 -0.05818653 0.3572215 0.9322056 -0.03211236 0.377012 0.9256516 -0.07566124 0.3865923 0.9191419 -0.09905445 0.3563515 0.9290866 -0.133085 0.3482052 0.9279233 -0.1028518 0.3696748 0.9234513 -0.06334787 0.3827334 0.9216845 -0.09749758 0.393145 0.9142928 -0.08698147 0.3946233 0.9147167 -0.1859399 0.4570245 0.8698017 -0.1310861 0.4332656 0.8916824 -0.1659143 0.4341202 0.8854446 -0.1018766 0.4078198 0.9073612 -0.1287009 0.4067352 0.904435 -0.02468085 0.1922007 0.9810453 -0.02110332 0.2375052 0.971157 0.04313433 -0.0507974 0.9977771 0.01683759 0.1742967 0.9845492 0.01087874 0.1533626 0.9881102 -0.1934511 0.7699851 0.6080293 0.01686137 0.1742846 0.984551 0.003703832 0.3567294 0.9342005 0.03856688 0.5923545 0.8047539 0.02366989 0.3770878 0.925875 -0.3700074 -0.5607766 -0.7406917 -0.02935081 0.3669372 0.9297826 0.3614348 -0.9315996 0.03856444 0.3688148 -0.9266067 -0.07331919 0.1905424 -0.9662801 0.1731952 0.1349987 -0.9756225 -0.1730206 0.5189784 -0.8537794 -0.04149961 0.5136723 -0.8579136 0.01117908 0.6238839 -0.7728143 0.116306 0.703373 -0.7057486 -0.0847665 0.6947505 -0.7161478 0.06673926 0.844548 -0.5354236 0.007770061 0.844315 -0.5353182 0.02380377 0.7703803 -0.6360232 0.044595 0.9505605 -0.3024032 0.07061934 0.9164208 -0.3951627 -0.06339722 0.9103714 -0.4090522 0.06245291 0.9830727 -0.1170508 0.1409512 0.9965602 0.02036464 0.08033239 0.9809578 -0.1408715 -0.1337053 0.9852473 0.1524844 -0.07769459 0.9848052 0.1689785 0.0400632 0.9308959 0.3438349 0.1233312 0.8858445 0.4636842 0.0166288 0.9054208 0.4203951 -0.05900168 0.7819889 0.6173186 0.08608883 0.7187118 0.6935297 0.04969805 0.7705454 0.6349127 -0.05608659 0.6083459 0.7935347 0.01477116 0.6083687 0.7931544 0.02817219 0.3431891 0.9331957 0.1066172 0.4584686 0.8872216 -0.05142515 0.4712786 0.8812258 0.03657269 0.2075396 0.9746268 -0.08384555 0.2134819 0.9759646 -0.04380255 0.04877775 0.9939 0.09891217 -0.06604695 0.9969947 -0.04048752 -0.08749574 0.988396 -0.1241693 -0.3702095 0.9287426 -0.01954752 -0.3646582 0.9272467 -0.08507621 -0.203154 0.9677072 0.149236 -0.4887669 0.8591973 0.1512849 -0.666433 0.7271459 -0.1646991 -0.5940308 0.8025525 0.05511039 -0.7383435 0.6738658 0.02745831 -0.7686799 0.6379538 -0.04632914 -0.7901285 0.5888494 0.1701568 -0.9116274 0.4109189 -0.009016156 -0.9253287 0.3713264 -0.07670396 -0.9393773 0.3245198 0.1107133 -0.9924334 0.1147179 -0.04376858 -0.9774594 0.1953043 0.08018499 -0.9995246 -0.02337998 0.02009761 -0.9985222 -1.10129e-4 0.05434674 -0.8779554 -0.4667471 -0.1064974 -0.9449528 -0.2997797 0.131135 -0.9789966 -0.2037023 -0.008427739 -0.9736185 -0.2248122 -0.03907334 -0.8598588 -0.4934381 0.1310033 -0.8028854 -0.5957477 -0.02144074 -0.7538074 -0.6477627 0.1103534 -0.6117979 -0.7836163 -0.1079299 -0.6877657 -0.7199959 0.09265267 -0.06492733 -0.9967319 0.04806286 -0.0790801 -0.9709289 0.2259281 -0.3207696 -0.9354084 -0.1487218 -0.3677205 -0.9294381 0.03043979 -0.5211391 -0.8508583 0.06674098 -0.5312606 -0.8471714 -0.007937133 6.73616e-5 0.3976516 0.9175365 1.88978e-4 0.3972118 0.9177271 -2.26698e-4 0.3974832 0.9176095 -1.62483e-4 0.3970497 0.9177971 -1.95335e-4 0.3972275 0.9177201 1.70323e-4 0.3965638 0.9180071 -2.94749e-4 0.39573 0.9183669 1.33288e-4 0.3968185 0.9178972 -2.30057e-5 0.3965585 0.9180095 -1.4746e-4 0.3972346 0.9177172 -1.69584e-4 0.3971726 0.9177441 -2.88543e-4 0.3974228 0.9176356 -1.74623e-4 0.3972569 0.9177075 -1.29928e-5 0.3966396 0.9179744 2.04754e-4 0.3972732 0.9177005 -1.72189e-4 0.3963205 0.9181123 -2.75087e-4 0.3962408 0.9181467 -7.17612e-6 0.3967168 0.9179412 0.001067638 0.3957102 0.9183748 4.0238e-5 0.3967952 0.9179072 4.34194e-4 0.3959791 0.9182595 3.74356e-4 0.3961079 0.9182039 -1.05991e-4 0.3966379 0.9179753 -0.001173377 0.3979521 0.9174056 -0.002034366 0.3984853 0.9171726 -0.001396477 0.3977755 0.9174817 -0.001289546 0.3981699 0.9173108 3.29408e-4 0.3971 0.9177753 -4.23248e-4 0.3957907 0.9183408 1.42951e-4 0.3968312 0.9178918 0.001122117 0.3959385 0.9182764 -4.67041e-4 0.3969096 0.9178577 -2.94222e-4 0.3963224 0.9181114 -0.001304388 0.3958988 0.9182932 -0.003747582 0.3988819 0.9169946 -4.35948e-4 0.3973412 0.9176709 0.006394743 0.4021368 0.9155573 0.005544304 0.3994025 0.9167588 0.002435624 0.3980209 0.9173731 0.001581847 0.3962681 0.9181336 4.68648e-4 0.3964834 0.9180418 -7.65931e-4 0.396389 0.9180823 -5.19297e-4 0.3964616 0.9180513 -6.9869e-4 0.3965064 0.9180317 0.001028239 0.3969513 0.9178392 0.00115621 0.3969724 0.9178298 8.98748e-5 0.3963265 0.9181097 -0.002714514 0.3977365 0.9174957 -4.25879e-4 0.3965909 0.9179953 -6.94769e-4 0.3966037 0.9179897 -4.08889e-4 0.3966997 0.9179485 5.09195e-4 0.3967168 0.9179409 -0.002008795 0.3963888 0.9180806 -0.001013934 0.3962498 0.9181422 -0.001253128 0.3965555 0.91801 -0.00285536 0.3969893 0.9178189 -4.70242e-4 0.3971391 0.9177583 0.002010107 0.3962026 0.9181609 0 0 -1 -2.67743e-7 0 -1 2.67743e-7 0 -1 -5.73377e-7 0 -1 6.56529e-7 0 -1 1.32699e-6 0 -1 -6.63075e-7 0 -1 2.29007e-7 0 -1 -3.84314e-7 0 -1 4.92588e-7 0 -1 -7.25891e-7 0 -1 8.59603e-7 0 -1 7.20112e-7 0 -1 7.25888e-7 0 -1 -4.9258e-7 0 -1 -1.32699e-6 0 -1 3.84312e-7 0 -1 -2.29009e-7 0 -1 6.63073e-7 0 -1 -6.5653e-7 0 -1 5.73376e-7 0 -1 0.05634528 -0.9982959 -0.01518195 -0.2588289 0.9659208 -0.0021829 -0.4226106 0.9063088 -0.00216633 -0.471037 0.882099 0.005075216 -0.5735688 0.819142 -0.005027055 -0.7071041 0.7071045 0.002670645 -0.6960284 0.7180142 0 -0.8191528 0.5735753 0 -0.8400637 0.5424687 0.004550337 -0.9062981 0.4226138 -0.004631459 -0.96592 0.2588168 0.003527045 -0.9599924 0.2800261 0 -0.9961947 0.08715647 0 -0.9961947 0.08715665 0 -0.9991472 -0.04128658 -7.51606e-4 -0.9998742 -0.01586753 2.19175e-7 -1 5.92196e-5 4.64683e-5 -0.9998892 -0.01489001 -1.34255e-4 -0.9999752 -0.007062673 0 -0.9999756 -0.006999075 -1.17732e-6 -0.9999209 -0.012582 2.19606e-4 -0.9998689 -0.01619613 3.70688e-4 -0.9965775 -0.08179813 0.0119394 -0.9965608 -0.08198642 0.01203715 -0.992058 -0.1257247 0.003789305 -0.9718958 -0.2354011 -0.002207219 -0.9672182 -0.2536228 0.01282268 -0.917742 -0.3971519 -0.004468619 -0.9084465 -0.417783 0.01350212 -0.8610399 -0.5084853 -0.007277607 -0.7312299 -0.6821305 9.32883e-4 -0.8110377 -0.5843299 0.02786564 -0.8198819 -0.5725214 0.003619074 -0.7069632 -0.7063359 0.03595346 -0.6446744 -0.7643416 -0.01329475 -0.5700607 -0.8216012 0.001560986 -0.5401501 -0.8393248 0.06141591 -0.373752 -0.9273276 -0.01931488 -0.4742855 -0.8803236 -0.009153068 -0.3326322 -0.938271 0.09488725 -0.2566481 -0.9662569 -0.02189308 -0.1422103 -0.9894472 0.02775985 -0.2075054 -0.9478622 0.2418653 -0.0692569 -0.996784 -0.04031318 0.0385074 -0.9968602 0.06918746 0.034617 -0.9951968 0.09157007 0.2002494 -0.9760947 -0.0844953 0.2772756 -0.9597278 -0.0451768 0.1856786 -0.9713193 0.1485335 0.3797711 -0.9243195 0.03751713 0.3857052 -0.9224597 0.01731669 0.4838078 -0.8750926 -0.0119574 0.5381563 -0.8421033 0.03535497 0.5699952 -0.8214852 -0.01635658 0.6973188 -0.716708 0.008730471 0.683783 -0.7267729 0.06513208 0.7359377 -0.6770479 -0.001399993 0.819953 -0.5724171 0.003977537 0.8147348 -0.579558 0.01788902 0.8566905 -0.5157703 -0.007912933 0.9080055 -0.4188236 0.01062017 0.9677036 -0.2519657 -0.007941603 0.9123231 -0.4094682 0.001595914 0.9659098 -0.2588792 -1.55148e-4 0.9965121 -0.08203035 0.01532268 0.9999313 -0.01172578 -4.95999e-5 0.9998474 -0.01746827 -1.88007e-4 0.9998267 -0.01861351 -2.1147e-4 0.9994151 -0.03419142 -6.77066e-4 0.9961947 0.08715611 -3.03395e-4 0.9959281 0.09015119 0 0.9659262 0.2588178 0 0.9545165 0.2981266 0.004354178 0.9062972 0.4226155 -0.004668593 0.8191477 0.5735716 0.003554761 0.8315839 0.5553993 0 0.7071071 0.7071065 0 0.7006269 0.713527 0.001107633 0.573576 0.8191515 0.001208782 0.5494627 0.8355119 -0.003256797 0.2588292 0.9659223 0.001253783 0.2301857 0.9731407 -0.003441929 0.4226112 0.9063102 0.00123775 0.3958653 0.9183025 -0.003359973 -0.2066556 0.9784011 0.004982888 -0.08714938 0.9961816 -0.005210518 0.08715099 0.9961876 0.00387597 0.04676246 0.9988992 -0.003737509 -0.9961449 -0.08714973 0.01002293 -0.98881 -0.1485495 -0.01370787 -0.9063051 -0.422618 0.002248644 -0.9004593 -0.4349254 -0.003606677 -0.9659142 -0.2588141 0.005014538 -0.9510605 -0.3086918 -0.01390832 -0.8191517 -0.5735744 -0.001718044 -0.8149659 -0.5794869 -0.005076706 -0.7328714 -0.6803671 5.70222e-4 -0.5725818 -0.8197656 -0.0115996 -0.6475967 -0.7619717 0.004224002 -0.7070447 -0.7070465 -0.01315754 -0.484296 -0.8748908 0.004869341 -0.573537 -0.8191087 -0.01077961 -0.2873744 -0.9578098 -0.004066109 -0.4226151 -0.9063003 0.00407803 -0.3903453 -0.9194717 -0.04693007 -0.2579461 -0.9626592 0.08216577 -0.1869119 -0.9717707 -0.1439646 -0.05629664 -0.998345 -0.01174908 -0.08700507 -0.9944219 -0.05962705 0.1610641 -0.9869029 0.009005725 0.08701783 -0.9945671 -0.05713343 0.280404 -0.9598361 -0.009401202 0.258612 -0.9651459 -0.04016476 0.4224546 -0.9059563 -0.02784818 0.3731738 -0.9277563 0.003121554 0.5750035 -0.8180816 -0.01065814 0.5735288 -0.819097 -0.01204121 0.4707784 -0.8822506 0.001303195 0.7354273 -0.6776031 7.83659e-4 0.676274 -0.7361968 -0.0258429 0.7070851 -0.7070845 0.007887661 0.8111096 -0.5848112 -0.009865701 0.819147 -0.5735715 -0.003757119 0.906266 -0.4226021 -0.009457528 0.8697504 -0.4934669 0.004965603 0.9966345 -0.08187276 -0.004077911 0.9959973 -0.08923709 -0.005107998 0.9961836 -0.08715343 -0.004754185 0.9913887 -0.1309468 -0.001215219 0.9659092 -0.2588126 -0.005955398 0.9479505 -0.3183056 0.008459091 -0.9991859 -0.04034519 -2.81097e-4 -0.9991869 -0.04031878 -2.04897e-4 -0.9991864 -0.04033172 -2.35143e-4 0.7692975 -0.403608 0.4952595 0.7693399 -0.4037054 0.4951143 0.7696467 -0.4029054 0.4952891 0.9998981 -0.01427805 -2.95363e-4 0.9998509 -0.01727247 -2.38081e-4 0.2680405 0.5120385 -0.8160705 0.2680438 0.5120385 -0.8160693 0.2680374 0.5120388 -0.8160714 0.8212137 -0.3678268 0.4362471 0.8211984 -0.3678322 0.4362715 0.8212069 -0.3678296 0.4362574 0.7257939 -0.4256888 0.5403817 0.7251952 -0.4267504 0.5403481 0.7253563 -0.4254547 0.5411531 0.9369038 -0.2669836 0.2256792 0.9369099 -0.2669911 0.225645 0.9369078 -0.2669888 0.2256565 -0.9999963 -0.002070665 -0.001826167 0.9999432 0.01065945 1.45735e-4 -0.999122 -0.04188144 0.001139283 -0.9991286 -0.04173034 8.53642e-4 -0.9991285 -0.04173088 8.38951e-4 -0.9988802 -0.04718798 0.003423333 -0.9988515 -0.04770225 0.004489123 -0.9988671 -0.04732745 0.004967093 0.999996 0.002146184 0.001884996 0.9999995 -8.68108e-4 -6.36133e-4 0.9999995 -9.85044e-4 -4.57019e-4 0.9999994 -0.001071572 -2.62892e-4 -0.9907677 0.132619 -0.02813386 -0.9907677 0.132619 -0.02813392 -0.9907678 0.132619 -0.02813386 -0.999848 0.01743817 2.34463e-4 -0.9963294 -0.08271658 0.02204245 -0.9963316 -0.08269101 0.02203649 -0.9963279 -0.08273512 0.02204024 0.9970264 0.07252311 -0.02605539 0.9970268 0.07251816 -0.0260542 0.9970279 0.07250046 -0.02606195 -0.8206148 -0.3667899 -0.4382428 -0.8200625 -0.3659229 -0.4399979 -0.8200592 -0.3659359 -0.4399932 -0.9998929 -0.01463842 1.6672e-4 -0.999893 -0.01462739 2.95627e-5 -0.9998919 -0.01469784 4.9493e-4 -0.9998582 -0.01684552 7.20739e-5 -0.9998779 -0.01563006 -3.17995e-5 0.9998542 0.01708042 -9.85669e-6 -0.5366409 -0.4472194 -0.7155497 -0.5366458 -0.4471728 -0.7155752 -0.5366622 -0.4471865 -0.7155542 -0.9901013 -0.02555096 0.1380096 -0.9901009 -0.02554559 0.1380134 -0.9901005 -0.02553993 0.1380169 -0.9635693 -0.2182785 -0.1545599 -0.9635779 -0.2182409 -0.1545599 -0.9635641 -0.2183014 -0.1545599 -0.7648296 -0.3981797 -0.506447 -0.7640524 -0.3997009 -0.5064219 -0.7640541 -0.3997121 -0.5064105 0.7058615 0.4304447 0.5625629 0.7051178 0.4315786 0.5626268 0.7057173 0.4320449 0.5615162 0.2087032 -0.9282467 0.3078978 -0.9998457 -0.01757204 -2.10776e-4 0.9999411 0.01086026 1.13128e-4 0.9998879 0.01497769 -2.57708e-5 -0.4798593 -0.6085991 -0.6319354 -0.9966253 -0.07238095 -0.03872013 0.2707266 -0.04005002 -0.9618229 0.4131899 0.05802047 -0.9087948 0.8746578 0.002599954 -0.4847339 0.821349 -0.009173095 -0.5703522 0.9544056 -0.003370523 -0.2984942 0.9795692 -0.005428433 -0.2010346 0.9993747 -0.03535872 2.35346e-4 0.9620543 -0.2512012 -0.1065348 -0.1847655 -0.9746534 -0.1261448 -0.1830803 -0.975007 -0.1258696 -0.1844504 -0.9746671 -0.1265 -0.9997476 -0.01674407 -0.01498299 -0.9924052 -0.008275568 -0.1227332 -0.998156 1.58745e-4 -0.0607019 -0.9996187 -0.002385675 -0.02751314 -0.9768077 -0.006046354 -0.2140334 -0.9749382 -0.004916191 -0.2224216 -0.9567017 -0.005556821 -0.2910174 -0.9520729 -0.003639578 -0.3058497 -0.9136347 -0.003533482 -0.4065208 -0.9346153 -0.007041156 -0.3555908 -0.8185663 -0.01307922 -0.5742633 -0.8605993 -0.002958118 -0.5092741 -0.8942362 -0.0116164 -0.4474447 -0.6996827 -0.01683193 -0.7142555 -0.5689417 -0.04446166 -0.8211751 -0.4929583 -0.02264827 -0.8697583 -0.2677288 0.05014806 -0.9621884 -0.1795196 -0.03964364 -0.9829553 -0.04657489 -0.406618 -0.9124104 0.1932777 0.04580104 -0.9800745 0.06523573 -0.3314692 -0.9412081 0.09268176 -0.1680306 -0.9814153 -0.06897491 -0.252264 -0.9651972 -0.5799792 -0.03025811 -0.8140692 -0.673056 -0.005643308 -0.73957 -0.7162285 -0.009419918 -0.6978023 -0.8100836 -0.02046048 -0.5859574 -0.4918216 -0.02210408 -0.8704154 -0.168301 -0.3143131 -0.9342815 0.7314044 8.91125e-4 -0.6819435 0.6817573 -0.003145694 -0.7315716 0.6620783 -0.02040785 -0.7491568 0.576314 -0.04423248 -0.8160305 0.5876039 -0.03088855 -0.808559 0.9982766 -0.002833843 -0.05861628 0.9975453 -0.00547558 -0.06981104 0.970921 -0.01252979 -0.2390718 0.9579059 -0.005136847 -0.2870363 0.9140983 -0.01072561 -0.4053509 0.918858 -0.007268249 -0.3945215 0.8581822 -0.007552206 -0.5132898 0.1354141 -0.2915952 -0.9469084 0.8104403 -0.003127574 -0.5858131 0.7359467 -0.001214325 -0.6770385 0.5689606 -0.6301096 -0.5284371 0.4754062 -0.648692 -0.5942959 0.4734587 -0.6540817 -0.5899271 0.3570664 -0.7780916 -0.516795 0.3867905 -0.6559642 -0.6481544 0.8002305 -0.5392752 -0.2623233 0.8185632 -0.4850087 -0.3077675 0.7485252 -0.5517722 -0.3677736 0.7451427 -0.5477373 -0.3804556 0.6608281 -0.5901045 -0.4637704 0.6722294 -0.5625581 -0.4812858 0.567632 -0.6269671 -0.5335788 0.2193481 -0.6849623 -0.6947756 0.4833948 -0.3407655 -0.8063549 0.7875193 -0.3564528 -0.5027474 0.3593052 -0.0737093 -0.9303047 0.3328893 -0.2296119 -0.9145836 0.8553652 -0.4693486 -0.2192312 0.9916424 -0.07915401 -0.1018831 0.9624819 -0.1681079 -0.2129985 0.9686706 -0.1222519 -0.2161753 0.9434749 -0.2112887 -0.2553671 0.9048736 -0.2218648 -0.3632902 0.9119614 -0.1805726 -0.368402 0.8427911 -0.233575 -0.4849185 0.8073073 -0.2169827 -0.5487929 0.6978467 -0.2689332 -0.663841 -0.9660204 -0.2401875 -0.09547144 -0.9592474 -0.2714312 -0.07854646 -0.9272181 -0.3177103 -0.19831 -0.8614732 -0.4334462 -0.2645529 -0.463362 -0.6478645 -0.6046216 -0.3673592 -0.7067444 -0.6046152 -0.206063 -0.7866175 -0.5820404 0.2618346 -0.7861142 -0.5598815 0.2113243 -0.7039989 -0.6780322 -0.05787223 -0.974394 -0.2172722 -0.9099315 -0.3802809 -0.1655632 -0.941456 -0.2115274 -0.2625197 -0.9616553 -0.1491898 -0.2301335 -0.9836412 -0.1436413 -0.108707 -0.8835155 -0.3578564 -0.3022238 -0.6653349 -0.519414 -0.5362263 -0.5838048 -0.6220301 -0.5217764 -0.5596151 -0.5618774 -0.6092001 -0.07919603 -0.7795677 -0.6212909 -0.3534703 -0.7528202 -0.5552662 0.07623308 -0.7259722 -0.6834859 0.05280327 -0.6659375 -0.7441365 -0.227648 -0.6799262 -0.6970486 -0.9692309 -0.1485987 -0.1962397 -0.9912502 -0.08078676 -0.1043868 -0.179557 -0.03973013 -0.982945 -0.3678448 -0.1566826 -0.916592 -0.4123937 -0.08109152 -0.9073895 -0.04409939 -0.6420267 -0.7654131 -0.04403752 -0.6420357 -0.765409 -0.04424166 -0.64204 -0.7653936 -0.2920259 -0.3134672 -0.9035813 -0.3258005 -0.1438242 -0.9344349 -0.9896062 -0.1414947 -0.02567076 -0.9051792 -0.2187235 -0.3644319 -0.9101545 -0.1942211 -0.3659194 -0.8366541 -0.2620266 -0.4809907 -0.8248117 -0.2626576 -0.5006964 -0.7244818 -0.3258719 -0.607399 0.2167452 -0.1653335 -0.962126 0.3367839 -0.2024908 -0.9195511 0.4765328 -0.06245881 -0.8769353 0.4894965 -0.04419934 -0.8708845 0.9999733 0.006987333 -0.002142012 0.9955324 -0.08319264 -0.04465764 0.9977691 -0.05092495 -0.04317075 0.9644814 -0.24509 -0.09852153 0.9671987 -0.2169312 -0.1321656 0.9030799 -0.3917379 -0.1760351 0.915054 -0.347061 -0.205487 0.8490489 -0.456454 -0.266018 0.8753046 -0.2806312 -0.3938121 -0.6541607 -0.5057741 -0.5623755 -0.7699295 -0.4160014 -0.4838921 -0.7785761 -0.4772056 -0.4075465 -0.8024104 -0.50964 -0.3104912 -0.7191849 -0.6064583 -0.3390893 -0.4642081 -0.5288143 0.7105394 0.7264165 -0.3065081 0.6151193 0.8790425 -0.005253791 0.4767147 -0.4930012 -0.01321434 0.8699283 -0.4030703 -0.07719808 0.9119073 0.03493654 -0.9971466 -0.06691861 0.9771968 -0.1825184 0.1085055 0.9899293 -0.1332035 0.04792541 -0.9998641 -0.01649397 2.11422e-4 -0.9998626 -0.01657265 3.81068e-4 -0.9998604 -0.01670509 5.31099e-4 -0.9999843 -0.004002332 0.003926932 -0.8880546 -0.005918681 0.4597 -0.9983134 -0.001454412 0.05803787 -0.9972205 -0.004759848 0.07435542 -0.9757547 -0.00234884 0.2188546 -0.9847774 -0.007288336 0.1736679 -0.7333218 -0.009068012 0.6798213 -0.7149781 -0.02353686 0.6987506 -0.6171624 0.01815533 0.7866265 -0.2641041 -0.157385 0.9515666 -0.4152791 -0.04171293 0.9087373 -0.2906492 -0.03329527 0.9562502 -0.1922974 -0.1428381 0.9708857 -0.5355569 -0.03118938 0.843923 -0.8054256 -0.01426613 0.5925251 -0.8176727 -0.003417491 0.5756734 -0.05946195 -0.6615073 0.7475777 0.07413649 -0.5256968 0.8474354 0.0619229 -0.4104868 0.9097616 -0.1504511 -0.1018115 0.983361 0.05594909 -0.4102208 0.9102684 0.2003281 -0.1637321 0.9659506 0.3247573 -0.1684463 0.9306765 0.4575279 -0.07142615 0.8863219 0.9950879 -0.002109766 0.09897255 0.9982304 -0.01151037 0.0583406 0.2960661 -0.29153 0.9095908 0.2374256 0.0188384 0.9712231 0.3292081 -0.05343854 0.9427441 0.9357048 -0.005086302 0.3527476 0.91241 0.002772569 0.4092683 0.8626669 -9.07862e-4 0.5057718 0.9791847 -0.002052426 0.2029612 0.9522851 -0.002023637 0.3052033 0.9658536 -0.008140563 0.2589604 0.06931126 -0.9473937 0.3124758 0.06929153 -0.9473956 0.3124746 0.06925064 -0.9474006 0.3124684 0.7633182 -0.5299616 0.3694401 0.6598243 -0.59704 0.4562622 0.2149507 -0.6979059 0.6831718 0.3852302 -0.6526316 0.6524338 0.8110255 -0.01420676 0.5848385 0.8122327 -0.01500213 0.5831407 0.7363028 -0.002148747 0.6766489 0.7513104 -0.01014941 0.659871 0.6590467 -0.01227641 0.7520019 0.6849613 -0.02180236 0.7282532 0.5718538 -0.05072784 0.8187858 0.5747575 -0.05308806 0.8166 0.4950681 -0.03476762 0.8681584 0.3947501 0.02113318 0.9185456 0.3611041 -0.08360081 0.9287706 0.4587706 -0.243156 0.8546372 0.8056634 -0.4730709 0.3565258 0.738431 -0.5995963 0.3085514 0.8572058 -0.4595514 0.2324025 0.8485711 -0.437078 0.2981442 0.8508403 -0.2288905 0.4729481 0.4876046 -0.6375747 0.5964397 0.5862091 -0.643065 0.492774 0.5863726 -0.6429768 0.4926946 0.5860658 -0.6431886 0.4927834 0.7902546 -0.3587352 0.4967966 0.8520483 -0.2182862 0.4757782 0.935509 -0.3008494 0.185237 0.9414141 -0.2095082 0.2642838 0.6894892 -0.5189882 0.5052286 0.5627221 -0.580132 0.5888895 0.5627157 -0.5801371 0.5888904 0.5627437 -0.580113 0.5888875 0.4797715 -0.6568139 0.5817343 0.3667562 -0.7310523 0.5753716 0.9648171 -0.2510797 0.07801973 0.9612254 -0.1499492 0.2314324 0.9688639 -0.1485004 0.1981175 0.9847463 -0.1689307 0.04167735 0.9878725 -0.09403806 0.1235508 0.9876987 -0.09415245 0.1248462 0.9591501 -0.2723823 0.07641363 0.998696 -0.03068202 0.04080271 0.9080461 -0.1867985 0.3749117 0.9024447 -0.2187083 0.3711608 0.9196403 -0.3225502 0.2241051 0.8907147 -0.4280875 0.152868 -0.8514568 -0.470074 0.2324903 -0.8183158 -0.4787796 0.3180083 -0.795047 -0.5503563 0.2549669 -0.9074828 -0.2660179 0.3251304 -0.9423064 -0.1713899 0.2875487 -0.9417622 -0.1753613 0.2869363 -0.9698791 -0.1565295 0.1866363 -0.9893979 -0.05800205 0.1331453 -0.8645045 2.16678e-4 0.5026253 -0.7871469 -0.3580688 0.502182 -0.9961171 -0.07582128 0.04474294 -0.997035 -0.06424134 0.04235905 -0.9794356 -0.17671 0.09736281 -0.9794951 -0.1763614 0.09739708 -0.9393435 -0.3145503 0.1367185 -0.935524 -0.3290817 0.1284528 -0.8996925 -0.3728569 0.2270053 -0.8562197 -0.4802128 0.1904828 -0.8702754 -0.2701257 0.4118894 -0.8645617 -0.2912531 0.4095178 -0.7710006 -0.4214583 0.4774212 -0.7235735 -0.5803773 0.3736358 -0.4904959 -0.5986636 0.6332581 -0.4905687 -0.5985884 0.6332727 -0.4904293 -0.5987853 0.6331945 -0.4709457 -0.6339161 0.6134823 -0.344026 -0.6194392 0.7056496 -0.2319093 -0.6169207 0.7520818 -0.5571783 -0.5169053 0.6498932 -0.5632423 -0.5007849 0.6572463 -0.9534524 -0.004016578 0.3015172 -0.9543927 -0.004469692 0.2985212 -0.8083195 -0.2014369 0.5532113 -0.7022446 -0.2482377 0.6672561 -0.6754956 -0.4511168 0.5832661 -0.650708 -0.519798 0.5535244 -0.1649417 -0.7323383 0.6606625 -0.5612782 -0.01231652 0.8275356 -0.679619 -0.03281086 0.7328312 -0.455713 -0.5730915 0.681096 -0.9346407 -0.006844043 0.3555279 -0.9144614 -3.64163e-5 0.4046733 -0.1008023 -0.9552997 0.2779235 -0.09227883 -0.0605244 0.9938921 0.0717386 -0.3294011 0.9414609 0.06231796 -0.3938293 0.9170688 -0.05191105 -0.3748703 0.9256228 0.2350082 -0.7700367 0.5931397 -0.3370391 -0.6441913 0.686602 -0.06833887 -0.6335842 0.7706497 0.05681622 -0.7000057 0.7118736 0.05175238 0.9986469 -0.005106508 0.09400665 0.9934253 -0.06533831 -0.00939089 0.9954107 -0.0952332 -0.2880648 -0.009731352 -0.9575615 -0.4128446 0.03766685 -0.9100224 -0.0902425 0.9938397 -0.0643354 -0.0902372 0.9938406 -0.06432956 -0.09024071 0.99384 -0.06433349 -0.1288686 0.9826619 -0.1332985 -0.08159124 0.993251 0.08243399 -0.05062192 0.9930539 0.1062137 -0.01773613 0.9860533 0.1654825 0.01148951 0.9853057 0.1704134 0.04598683 0.9969615 0.06287336 0.07348102 0.9959149 0.05247825 0.06212192 0.998052 0.005772829 0.513978 -0.769288 -0.3795034 0.5145345 -0.7693004 -0.3787232 0.514539 -0.7692959 -0.3787262 0.1756722 -0.9728984 -0.1503592 0.4002526 -0.8417246 -0.3623501 0.4005926 -0.8415526 -0.362374 0.4007093 -0.8417189 -0.3618583 0.03621715 -0.9987107 -0.03557139 0.1497621 -0.9741487 -0.1691322 0.1497607 -0.9741489 -0.1691321 0.1500227 -0.9742045 -0.1685792 0.07907885 0.9869873 -0.1400097 0.07907682 0.9869871 -0.1400126 0.07907634 0.986987 -0.1400132 0.05481714 0.9983956 -0.01419138 0.05481636 0.9983956 -0.01419425 0.05481624 0.9983956 -0.0141946 0.07435572 -0.9839336 -0.162314 0.07444596 -0.9839319 -0.1622836 0.07440263 -0.9839324 -0.1623007 0.04805308 -0.9888662 -0.140835 0.04809677 -0.9888666 -0.1408172 0.04800033 -0.988867 -0.1408477 0.2077596 0.6670687 -0.7154407 -0.01659232 0.9600641 -0.2792876 -0.1277034 -0.9905892 0.04924571 -0.1276564 -0.9906249 0.04864573 -0.1276586 -0.9906246 0.0486446 -0.04289507 -0.998878 0.02006852 -0.3024344 -0.9397723 0.1592535 -0.3024352 -0.9397722 0.1592519 -0.3028679 -0.9396584 0.159102 -0.1427795 -0.9865763 0.07925373 -0.142775 -0.9865764 0.07926124 -0.142777 -0.9865764 0.0792579 -0.3293229 -0.9142073 0.2361602 -0.3293239 -0.9142072 0.2361587 -0.3300985 -0.9139764 0.235971 -0.2068064 0.958448 0.196491 -0.2068064 0.9584478 0.1964915 -0.2068069 0.9584461 0.1964996 -0.05419105 0.9954915 0.07784718 -0.05419009 0.9954915 0.07784676 -0.05419272 0.9954913 0.07784807 -0.04445004 -0.9686781 -0.2443093 -0.04486626 -0.9685927 -0.2445717 -0.04490774 -0.9685561 -0.2447089 -0.06993168 -0.9654645 -0.2509742 -0.1362043 -0.8744044 -0.4656883 0 -1 0 -0.2460252 -0.8139989 -0.5261915 -0.2298189 -0.8422002 -0.4877316 -0.06239318 0.9934387 -0.09584683 0.01502418 0.966167 0.2574794 0.015033 0.966167 0.2574787 0.01504039 0.9661671 0.257478 0.870422 -0.1440035 0.4707746 0.04313182 -0.9988714 0.01988923 0.1805992 -0.9810007 0.07086426 -0.2289508 0.9581922 -0.1716083 -0.2289507 0.9581922 -0.1716083 -0.2289511 0.9581918 -0.1716101 -0.2837076 0.9583248 -0.03351986 -0.9845117 -0.02694034 0.1732367 -0.2170178 -0.9747383 0.05280721 -0.9411044 -0.1634097 0.2960064 0.1982432 0.9346059 0.2953162 0.198245 0.9346061 0.2953141 0.1982465 0.9346063 0.2953124 -0.09115767 -0.9913643 -0.09427213 0.2212065 0.9610243 0.1658314 0.2212069 0.9610256 0.1658235 0.2212068 0.9610257 0.1658229 1.06092e-6 0 1 1.64132e-7 0 1 0 0 1 3.44025e-7 0 1 -1.64132e-7 0 1 8.48774e-7 0 1 -5.68137e-7 0 1 0.05608826 0.0098899 0.9983769 -0.0547474 0 0.9985002 -5.49985e-7 0 1 5.30458e-7 0 1 -2.8232e-7 0 1 6.87015e-7 0 1 -1.53727e-6 0 1 8.29371e-7 0 1 -5.86898e-7 0 1 -4.92583e-7 0 1 -2.31595e-6 0 1 1.17583e-6 0 1 -0.9927896 0.08685892 0.08260941 -0.9193517 0.3067021 -0.2464272 -0.9560967 0.2561883 0.1422908 -0.9479061 0.1863126 -0.2583829 -0.9048637 0.4219405 0.05646181 -0.896665 0.4339618 -0.08757263 -0.8142543 0.5701449 0.1092009 -0.8253977 0.5388026 -0.1685542 -0.732362 0.6260721 -0.2677307 -0.7005651 0.7005656 0.1357076 -0.6539309 0.7224546 -0.2245746 -0.5700684 0.8211097 -0.02829927 -0.5735092 0.8190615 0.01501893 -0.4515414 0.8684238 -0.2048183 -0.4190977 0.8987707 0.1287183 -0.2163412 0.956898 -0.1937595 -0.2163983 0.9568405 -0.1939797 -0.2166428 0.956759 -0.1941088 -0.2569276 0.9588353 0.1209257 -0.3306024 0.9043309 -0.2699775 -0.09580826 0.9942832 -0.04713517 0.1624036 0.9564845 -0.2424097 0.06383991 0.930251 0.3613275 0.2575134 0.9611218 0.0996589 0.257513 0.9611218 0.0996589 0.2575253 0.9611187 0.09965819 0.2829915 0.9466917 -0.153918 0.421586 0.9041126 0.06961172 0.4037389 0.9086778 -0.1062998 0.5031946 0.8263446 -0.252883 0.5676944 0.8107551 0.142826 0.6043901 0.7554228 -0.2530792 0.7158285 0.690137 -0.1063035 0.7053787 0.705374 0.06991755 0.7927551 0.5897421 -0.1540904 0.8150207 0.5706918 0.100261 0.9019658 0.3633596 -0.2332969 0.8975048 0.418513 0.1390398 0.8412415 0.4713698 -0.264808 0.9654676 0.2586964 0.03079789 0.9666978 0.251119 -0.0493409 0.962841 -0.002117276 -0.2700607 0.9886358 0.08649659 0.1229534 0.9732477 0.1240254 -0.1934083 0.9881372 -0.08645033 0.1269303 0.9703716 -0.1268916 -0.2056151 0.9665486 -0.2559996 0.01575183 0.9657897 -0.258781 -0.01681512 0.9026992 -0.3672154 -0.2242478 0.8977268 -0.4186172 0.1372814 0.789084 -0.5910107 -0.1674898 0.8144258 -0.570266 0.1072736 0.8383578 -0.4749494 -0.267543 0.7148881 -0.6934683 -0.08964836 0.7058216 -0.7058305 0.06015986 0.4999872 -0.8271322 -0.2566422 0.5677254 -0.8108053 0.1424173 0.6028307 -0.7583338 -0.2480426 0.4212899 -0.9034476 0.07935667 0.4002761 -0.9082175 -0.1221483 0.2576992 -0.9616884 0.09352415 0.2577318 -0.9616799 0.09352111 0.2576972 -0.9616888 0.09352421 0.2808883 -0.9494404 -0.1402313 0.1525027 -0.9527772 -0.2625995 0.08629566 -0.98631 0.1405199 0.03021317 -0.9710738 -0.236861 -0.09799236 -0.9927626 -0.06942695 -0.08707106 -0.9951807 0.04510134 -0.2205092 -0.9584167 -0.1811437 -0.2570751 -0.9594117 0.1159385 -0.4532863 -0.8651978 -0.214393 -0.4189072 -0.8983389 0.1323032 -0.3349004 -0.9032435 -0.268315 -0.5727788 -0.819671 -0.008004546 -0.5735694 -0.8191534 0.002431869 -0.7341541 -0.623568 -0.2686649 -0.7009143 -0.7009139 0.1320564 -0.6574972 -0.7216801 -0.2165073 -0.8136326 -0.56972 0.1158506 -0.8252026 -0.5350678 -0.1809506 -0.9053378 -0.4221651 0.04626399 -0.8991912 -0.4319013 -0.07011711 -0.921526 -0.3042622 -0.2412771 -0.956243 -0.2562242 0.1412398 -0.9477875 -0.183385 -0.2609001 -0.9901594 0.06452351 -0.1241819 -0.9884465 -0.06174957 -0.1384215 -0.9921554 -0.08680206 0.08996206 0.001421511 0.7968713 -0.6041476 0.02379238 0.8838622 -0.467142 -0.09308594 0.987325 -0.1285477 0.001306831 0.00535041 -0.9999849</float_array>
          <technique_common>
            <accessor source="#eSeries_UR5e_025-mesh-normals-array" count="1450" stride="3">
              <param name="X" type="float"/>
              <param name="Y" type="float"/>
              <param name="Z" type="float"/>
            </accessor>
          </technique_common>
        </source>
        <vertices id="eSeries_UR5e_025-mesh-vertices">
          <input semantic="POSITION" source="#eSeries_UR5e_025-mesh-positions"/>
        </vertices>
        <lines count="9">
          <input semantic="VERTEX" source="#eSeries_UR5e_025-mesh-vertices" offset="0"/>
          <p>34 23 36 35 17 15 33 22 32 22 16 15 6 5 85 62 26 27</p>
        </lines>
        <triangles material="JointGrey_010-material" count="1311">
          <input semantic="VERTEX" source="#eSeries_UR5e_025-mesh-vertices" offset="0"/>
          <input semantic="NORMAL" source="#eSeries_UR5e_025-mesh-normals" offset="1"/>
          <p>14 0 16 1 13 2 24 3 5 4 25 5 3 6 4 6 30 6 3 7 30 7 29 7 82 8 0 8 63 8 1 9 38 9 0 9 1 10 39 11 41 12 44 13 43 14 42 15 50 16 49 17 21 18 20 19 50 19 21 19 54 20 12 21 75 22 48 23 56 23 79 23 57 24 3 24 2 24 71 25 57 26 2 27 58 28 9 28 8 28 7 29 59 29 8 29 8 30 59 30 58 30 11 31 66 31 60 31 60 32 10 32 11 32 53 33 52 33 12 33 12 34 52 34 75 34 14 35 13 35 18 35 18 36 13 36 19 36 77 37 65 38 20 39 21 40 49 40 80 40 21 41 80 41 78 41 71 42 2 42 61 42 61 43 2 44 28 45 4 46 62 47 31 48 63 49 0 50 37 51 0 52 82 52 1 52 1 53 82 53 40 53 40 54 39 54 1 54 44 55 42 55 45 55 45 56 42 56 46 56 39 57 40 57 64 57 20 58 65 58 51 58 47 59 55 59 48 59 48 60 55 60 56 60 69 61 62 61 4 61 57 62 69 62 4 62 57 63 4 63 3 63 70 64 57 64 71 64 60 65 59 65 10 65 10 66 59 66 7 66 76 67 65 68 77 69 78 70 77 70 21 70 21 71 77 71 20 71 80 72 81 72 78 72 82 73 63 73 83 73 40 74 84 74 64 74 139 75 170 75 67 75 67 76 170 76 160 76 87 77 140 77 86 77 86 78 140 78 169 78 152 79 155 79 68 79 68 80 155 80 156 80 90 81 153 81 91 81 91 82 153 82 154 82 150 83 151 83 148 83 148 84 151 84 149 84 89 85 147 85 146 85 146 86 147 86 158 86 70 87 92 87 57 87 60 88 72 89 59 90 74 91 72 92 60 93 74 94 73 95 72 96 108 97 76 97 77 97 109 98 108 98 77 98 107 99 104 99 103 99 106 100 104 101 107 102 78 103 81 103 115 103 114 104 118 104 119 104 82 105 120 105 40 105 113 106 124 106 112 106 116 107 121 107 122 107 112 108 111 108 69 108 117 109 118 109 123 109 133 110 132 110 134 110 134 111 132 111 135 111 136 112 135 112 137 112 130 113 132 113 131 113 128 114 130 114 129 114 110 115 127 115 138 115 145 116 168 116 306 116 306 117 168 117 144 117 88 118 143 118 142 118 142 119 143 119 141 119 149 120 157 121 148 122 159 123 110 123 161 123 160 124 128 124 159 124 159 125 128 125 127 125 159 126 127 126 110 126 162 127 125 127 121 127 162 128 121 128 154 128 161 129 110 129 40 129 161 130 40 130 120 130 161 131 120 131 174 131 174 132 120 132 126 132 174 133 126 133 162 133 162 134 126 134 125 134 154 135 121 135 163 135 163 136 121 136 116 136 163 137 116 137 175 137 128 138 160 138 170 138 128 139 170 139 210 139 128 140 210 140 130 140 209 141 132 141 210 141 210 142 132 142 130 142 196 143 135 143 209 143 209 144 135 144 132 144 190 145 100 145 164 145 164 146 100 146 101 146 164 147 101 147 102 147 190 148 99 148 100 148 190 149 98 149 99 149 175 150 116 150 123 150 175 151 123 151 177 151 177 152 123 152 118 152 177 153 118 153 178 153 178 154 118 154 114 154 94 155 96 155 183 155 183 156 96 156 97 156 135 157 196 157 137 157 137 158 196 158 207 158 183 159 97 159 190 159 190 160 97 160 98 160 183 161 149 161 94 161 94 162 149 162 93 162 166 163 77 163 78 163 166 164 78 164 165 164 165 165 78 165 115 165 180 166 112 166 69 166 180 167 69 167 192 167 192 168 69 168 57 168 178 169 114 169 179 169 179 170 114 170 113 170 179 171 113 171 180 171 180 172 113 172 112 172 165 173 115 173 207 173 207 174 115 174 137 174 93 175 149 175 95 175 192 176 57 176 92 176 77 177 166 177 109 177 109 178 166 178 222 178 109 179 222 179 221 179 109 180 221 180 107 180 107 181 221 181 220 181 107 182 220 182 106 182 106 183 220 183 105 183 149 184 192 184 95 184 95 185 192 185 92 185 184 186 157 186 149 186 162 187 154 188 153 189 149 190 151 190 192 190 173 191 158 191 188 191 173 192 188 192 164 192 164 193 188 193 187 193 164 194 187 194 190 194 180 195 192 195 181 195 189 196 172 196 171 196 191 197 183 197 190 197 193 198 194 198 158 198 173 199 193 199 158 199 194 200 172 200 189 200 194 201 189 201 158 201 185 202 191 202 186 202 183 203 191 203 185 203 183 204 185 204 184 204 183 205 184 205 149 205 147 206 188 207 158 208 190 209 187 209 186 209 176 210 175 210 177 210 156 211 155 211 179 211 192 212 182 212 181 212 155 213 178 213 179 213 192 214 151 214 182 214 190 215 186 215 191 215 212 216 202 216 213 216 213 217 202 217 201 217 213 218 201 219 214 220 214 221 201 221 215 221 197 222 171 222 211 222 197 223 211 223 198 223 198 224 211 224 218 224 198 225 218 225 217 225 200 226 217 226 219 226 200 227 219 227 216 227 203 228 195 228 223 228 203 229 223 229 220 229 141 230 143 230 220 230 171 231 172 231 211 231 221 232 141 232 220 232 223 233 167 233 220 233 212 234 195 234 202 234 169 235 207 235 196 235 205 236 166 236 165 236 208 237 196 237 209 237 206 238 205 238 165 238 204 239 203 239 220 239 204 240 220 240 143 240 165 241 207 241 206 241 202 242 195 242 203 242 169 243 140 244 207 245 215 246 201 246 144 246 215 247 144 247 216 247 216 248 144 249 168 250 216 251 168 251 200 251 217 252 200 252 199 252 217 253 199 253 198 253 89 254 146 254 327 254 189 255 327 255 146 255 146 256 158 256 189 256 147 257 89 257 188 257 188 258 89 258 226 258 188 259 226 259 187 259 225 260 186 260 226 260 226 261 186 261 187 261 186 262 225 262 227 262 186 263 227 263 185 263 228 264 151 264 150 264 185 265 227 265 229 265 185 266 229 266 184 266 184 267 229 267 148 267 184 268 148 268 157 268 181 269 182 269 230 269 230 270 182 270 228 270 228 271 182 271 151 271 230 272 231 272 181 272 181 273 231 273 232 273 181 274 232 274 180 274 180 275 232 275 179 275 179 276 232 276 233 276 234 277 152 277 68 277 179 278 233 278 156 278 156 279 233 279 68 279 155 280 152 280 178 280 178 281 152 281 234 281 178 282 234 282 235 282 178 283 235 283 177 283 177 284 235 284 236 284 177 285 236 285 176 285 176 286 236 286 175 286 175 287 236 287 237 287 175 288 237 288 163 288 163 289 237 289 238 289 163 290 238 290 154 290 239 291 162 291 153 291 153 292 90 292 239 292 239 293 90 293 91 293 239 294 91 294 238 294 91 295 154 295 238 295 162 296 239 296 240 296 162 297 240 297 174 297 174 298 240 298 241 298 174 299 241 299 161 299 161 300 241 300 159 300 159 301 241 301 242 301 139 302 67 302 242 302 242 303 67 303 160 303 242 304 160 304 159 304 170 305 139 305 243 305 243 306 210 306 170 306 209 307 210 307 243 307 244 308 209 308 243 308 245 309 196 309 208 309 245 310 208 310 246 310 246 311 208 311 244 311 244 312 208 312 209 312 86 313 169 313 245 313 245 314 169 314 196 314 248 315 87 315 247 315 247 316 87 316 245 316 245 317 87 317 86 317 224 318 206 318 248 318 248 319 206 319 207 319 248 320 207 320 87 320 87 321 207 321 140 321 224 322 205 322 206 322 249 323 221 323 304 323 304 324 221 324 222 324 304 325 222 325 166 325 304 326 166 326 224 326 224 327 166 327 205 327 249 328 142 328 221 328 221 329 142 329 141 329 143 330 88 330 204 330 204 331 88 331 310 331 88 332 249 332 310 332 249 333 88 333 142 333 252 334 202 334 250 334 250 335 202 335 203 335 250 336 203 336 310 336 310 337 203 337 204 337 307 338 201 338 251 338 251 339 201 339 252 339 252 340 201 340 202 340 306 341 144 341 307 341 307 342 144 342 201 342 305 343 145 343 306 343 253 344 200 344 305 344 305 345 200 345 168 345 305 346 168 346 145 346 285 347 198 347 253 347 253 348 198 348 199 348 253 349 199 349 200 349 198 350 285 350 197 350 197 351 285 351 326 351 197 352 326 352 171 352 171 353 326 353 327 353 171 354 327 354 189 354 257 355 284 355 255 355 261 356 284 356 257 356 262 357 264 357 263 357 360 358 279 358 280 358 357 359 284 359 261 359 241 360 302 361 301 362 287 363 244 363 299 363 299 364 244 365 243 366 286 367 246 367 287 367 296 368 304 368 224 368 298 369 247 369 245 369 298 370 245 370 286 370 286 371 245 371 246 371 287 372 246 372 244 372 296 373 224 373 248 373 290 374 285 375 253 376 290 377 253 377 305 377 288 378 307 378 251 378 288 379 251 379 308 379 308 380 251 380 252 380 308 381 252 382 309 383 309 384 252 384 250 384 309 385 250 385 310 385 243 386 300 386 299 386 301 387 242 387 241 387 293 388 309 388 310 388 293 389 310 389 303 389 296 390 248 390 297 390 297 391 248 391 247 391 297 392 247 392 298 392 289 393 290 393 305 393 289 394 305 394 291 394 291 395 305 395 306 395 291 396 306 396 307 396 291 397 307 397 288 397 303 398 249 398 294 398 294 399 249 399 304 399 294 400 304 400 295 400 295 401 304 401 296 401 300 402 243 402 139 402 300 403 139 403 301 403 288 404 308 404 292 404 292 405 308 405 309 405 292 406 309 406 293 406 303 407 310 407 249 407 301 408 139 408 242 408 327 409 328 409 89 409 225 410 226 410 314 410 302 411 240 412 315 413 89 414 328 414 329 414 89 415 329 416 226 417 226 418 329 419 314 420 314 421 325 421 225 421 225 422 325 422 227 422 229 423 330 423 148 423 148 424 330 424 150 424 150 425 322 426 228 427 228 428 331 428 230 428 230 429 331 429 231 429 238 430 316 431 239 432 239 433 316 433 315 433 234 434 313 435 235 436 235 437 313 438 236 439 237 440 317 440 238 440 239 441 315 442 240 443 329 444 311 444 312 444 330 445 323 445 322 445 327 446 311 446 328 446 329 447 312 447 314 447 314 448 312 448 325 448 150 449 330 449 322 449 231 450 331 450 321 450 231 451 321 451 320 451 233 452 320 452 319 452 311 453 329 453 328 453 302 454 241 454 240 454 237 455 236 455 313 455 318 456 313 456 234 456 318 457 234 457 319 457 319 458 234 458 68 458 319 459 68 459 233 459 320 460 233 460 232 460 320 461 232 461 231 461 331 462 228 462 322 462 330 463 229 463 324 463 324 464 229 464 227 464 324 465 227 465 325 465 316 466 238 466 317 466 311 467 327 467 326 467 254 468 317 468 265 468 265 469 317 469 237 469 265 470 237 470 266 470 313 471 266 471 237 471 313 472 267 472 266 472 267 473 313 473 318 473 267 474 318 474 270 474 318 475 319 475 270 475 270 476 319 476 271 476 321 477 272 477 320 477 320 478 272 478 271 478 320 479 271 479 319 479 272 480 321 480 273 480 273 481 321 481 269 481 321 482 331 482 269 482 269 483 331 483 322 483 269 484 322 484 268 484 268 485 322 485 323 485 268 486 323 486 274 486 274 487 323 487 330 487 274 488 330 488 324 488 274 489 324 489 275 489 275 490 324 490 325 490 325 491 312 491 275 491 275 492 312 492 332 492 332 493 312 493 311 493 317 494 254 494 316 494 316 495 254 495 264 495 316 496 264 496 262 496 316 497 262 497 315 497 315 498 262 498 263 498 315 499 263 499 333 499 315 500 333 500 302 500 302 501 333 501 261 501 302 502 261 502 301 502 301 503 261 503 257 503 257 504 255 504 300 504 257 505 300 505 301 505 300 506 255 506 299 506 299 507 255 507 258 507 299 508 258 508 287 508 287 509 258 509 259 509 287 510 259 510 286 510 286 511 259 511 260 511 286 512 260 512 256 512 286 513 256 513 298 513 298 514 256 514 283 514 298 515 283 515 278 515 298 516 278 516 297 516 297 517 278 517 296 517 296 518 278 518 277 518 276 519 295 519 277 519 277 520 295 520 296 520 276 521 294 521 295 521 294 522 276 522 282 522 294 523 282 523 303 523 293 524 282 524 281 524 303 525 282 525 293 525 281 526 280 526 292 526 281 527 292 527 293 527 279 528 288 528 280 528 280 529 288 529 292 529 334 530 291 530 279 530 279 531 291 531 288 531 289 532 291 532 334 532 335 533 263 533 364 533 364 534 263 534 264 534 364 535 264 535 254 535 364 536 254 536 336 536 336 537 254 537 337 537 337 538 254 538 265 538 337 539 265 539 365 539 365 540 265 540 266 540 365 541 266 541 366 541 374 542 373 542 275 542 275 543 373 543 274 543 332 544 352 544 275 544 275 545 352 545 375 545 275 546 375 546 374 546 274 547 372 547 338 547 274 548 373 548 372 548 366 549 266 549 267 549 366 550 267 550 339 550 339 551 267 551 270 551 339 552 270 552 367 552 367 553 270 553 271 553 367 554 271 554 368 554 368 555 271 555 272 555 368 556 272 556 369 556 369 557 272 557 273 557 269 558 370 558 273 558 273 559 370 559 369 559 269 560 268 560 340 560 340 561 268 561 371 561 371 562 268 562 338 562 338 563 268 563 274 563 269 564 340 564 370 564 341 565 333 565 335 565 333 566 263 566 335 566 333 567 341 567 261 567 279 568 358 568 334 568 334 569 358 569 342 569 358 570 279 570 360 570 343 571 284 571 357 571 357 572 261 572 341 572 344 573 345 573 259 573 259 574 258 574 344 574 344 575 258 576 255 577 344 578 255 579 343 580 343 581 255 581 284 581 354 582 256 582 260 582 259 583 345 583 346 583 259 584 346 584 260 584 260 585 346 585 354 585 256 586 354 586 356 586 256 587 356 587 283 587 360 588 280 588 347 588 347 589 280 589 281 589 347 590 281 590 361 590 361 591 281 591 282 591 361 592 282 592 362 592 362 593 282 593 348 593 348 594 282 594 276 594 348 595 276 595 349 595 349 596 276 596 277 596 283 597 356 597 355 597 283 598 355 598 278 598 278 599 355 599 363 599 278 600 363 600 277 600 277 601 363 601 349 601 351 602 352 602 311 602 311 603 353 603 351 603 332 604 311 604 352 604 350 605 289 605 342 605 342 606 289 606 334 606 326 607 353 607 311 607 350 608 290 608 289 608 353 609 326 609 285 609 353 610 285 610 350 610 350 611 285 611 290 611 347 612 361 612 360 612 360 613 359 613 358 613 376 614 352 614 377 614 377 615 352 615 351 615 377 616 351 616 353 616 377 617 353 617 378 617 379 618 375 618 376 618 376 619 375 619 352 619 379 620 374 620 375 620 380 621 373 621 379 621 379 622 373 622 374 622 380 623 381 623 338 623 338 624 372 624 380 624 380 625 372 625 373 625 382 626 340 626 371 626 382 627 371 627 381 627 381 628 371 628 338 628 382 629 370 629 340 629 383 630 369 630 370 630 383 631 370 631 382 631 383 632 384 632 368 632 368 633 369 633 383 633 384 634 367 634 368 634 385 635 339 635 367 635 385 636 367 636 384 636 385 637 366 637 339 637 386 638 365 638 366 638 386 639 366 639 385 639 387 640 337 640 386 640 386 641 337 641 365 641 388 642 364 642 336 642 388 643 336 643 387 643 387 644 336 644 337 644 389 645 335 645 388 645 388 646 335 646 364 646 389 647 341 647 335 647 390 648 357 648 389 648 389 649 357 649 341 649 391 650 344 650 343 650 391 651 343 651 390 651 390 652 343 652 357 652 391 653 345 653 344 653 345 654 391 654 346 654 346 655 391 655 392 655 346 656 392 656 354 656 354 657 392 657 393 657 354 658 393 658 356 658 356 659 393 659 355 659 355 660 393 660 394 660 394 661 363 661 355 661 363 662 394 662 349 662 349 663 394 663 395 663 349 664 395 664 348 664 348 665 395 665 396 665 397 666 361 666 398 666 398 667 361 667 362 667 398 668 362 668 396 668 396 669 362 669 348 669 361 670 397 670 360 670 360 671 397 671 399 671 360 672 399 672 359 672 358 673 359 673 399 673 399 674 400 674 358 674 378 675 353 675 401 675 401 676 353 676 350 676 401 677 350 677 402 677 402 678 350 678 342 678 402 679 342 679 358 679 402 680 358 680 400 680 403 681 378 681 404 681 389 682 405 682 406 682 403 683 377 683 378 683 389 684 406 684 390 684 390 685 406 685 407 685 405 686 389 686 388 686 405 687 388 687 408 687 378 688 401 688 404 688 404 689 401 689 410 689 409 690 377 690 403 690 412 691 390 691 407 691 411 692 391 692 412 692 412 693 391 693 390 693 410 694 401 694 414 694 414 695 401 695 402 695 408 696 388 696 387 696 408 697 387 697 415 697 415 698 387 698 386 698 379 699 413 699 416 699 379 700 416 700 380 700 379 701 376 701 413 701 413 702 376 702 409 702 409 703 376 703 377 703 391 704 417 704 392 704 392 705 417 705 418 705 392 706 418 706 393 706 417 707 391 707 411 707 414 708 402 708 419 708 419 709 402 709 400 709 415 710 386 710 421 710 381 711 380 711 422 711 422 712 380 712 416 712 386 713 385 713 421 713 421 714 385 714 423 714 425 715 393 715 418 715 419 716 400 716 399 716 419 717 399 717 420 717 399 718 397 718 420 718 420 719 397 719 426 719 424 720 382 720 422 720 422 721 382 721 381 721 423 722 385 722 384 722 423 723 384 723 427 723 427 724 384 724 428 724 426 725 397 725 398 725 426 726 398 726 429 726 430 727 394 727 393 727 430 728 393 728 425 728 384 729 383 729 428 729 428 730 383 730 431 730 431 731 383 731 424 731 424 732 383 732 382 732 396 733 432 733 429 733 396 734 429 734 398 734 396 735 395 735 432 735 432 736 395 736 433 736 395 737 394 737 433 737 433 738 394 738 430 738 434 739 435 739 436 739 436 740 435 740 437 740 436 741 437 741 438 741 439 739 440 739 436 739 436 742 440 742 441 742 436 743 441 743 434 743 442 744 443 744 436 744 436 739 443 739 444 739 436 745 444 745 439 745 445 739 446 739 436 739 436 746 446 746 447 746 436 747 447 747 442 747 448 739 449 739 436 739 436 748 449 748 450 748 436 749 450 749 445 749 451 739 452 739 436 739 436 739 452 739 453 739 436 739 453 739 448 739 454 750 455 750 436 750 456 751 457 751 436 751 436 739 457 739 458 739 436 739 458 739 454 739 459 739 460 739 436 739 436 752 460 752 461 752 436 753 461 753 456 753 462 754 463 754 436 754 436 755 463 755 464 755 436 756 464 756 459 756 465 739 466 739 436 739 436 757 466 757 467 757 436 739 467 739 462 739 438 739 468 739 436 739 436 758 468 758 469 758 436 759 469 759 465 759 470 760 471 760 437 760 454 761 409 761 455 761 409 762 454 762 458 762 409 763 458 763 413 763 413 764 458 764 457 764 413 765 457 765 456 765 413 766 456 766 416 766 416 767 456 767 461 767 416 768 461 768 422 768 422 769 461 769 460 769 422 770 460 770 459 770 422 771 459 771 424 771 424 772 459 772 464 772 424 773 464 773 431 773 472 774 476 774 464 774 473 775 474 775 475 775 474 776 473 776 525 776 464 777 476 777 473 777 464 778 473 778 431 778 431 779 473 779 475 779 431 780 475 780 477 780 477 781 479 781 431 781 431 782 479 782 480 782 431 783 480 783 428 783 428 784 480 784 478 784 478 785 481 785 428 785 428 786 481 786 427 786 481 787 482 787 427 787 427 788 482 788 423 788 423 789 482 789 483 789 537 790 536 790 421 790 423 791 483 791 537 791 423 792 537 792 421 792 421 793 536 793 415 793 536 794 484 794 415 794 415 795 484 795 535 795 415 796 535 796 408 796 534 797 408 797 485 797 485 798 408 798 535 798 408 799 534 799 405 799 405 800 534 800 533 800 405 801 533 801 406 801 406 802 533 802 486 802 487 803 406 803 486 803 488 804 407 804 487 804 487 805 407 805 406 805 407 806 488 806 412 806 489 807 412 807 526 807 526 808 412 808 488 808 412 809 489 809 411 809 411 810 489 810 532 810 411 811 532 811 616 811 411 812 616 812 417 812 531 813 417 813 616 813 417 814 531 814 418 814 418 815 531 815 530 815 418 816 530 816 528 816 418 817 528 817 425 817 425 818 528 818 529 818 425 819 529 819 490 819 425 820 490 820 430 820 492 821 491 821 433 821 490 822 492 822 430 822 430 823 492 823 433 823 433 824 491 824 432 824 493 825 495 825 447 825 493 826 447 826 494 826 447 827 432 827 494 827 495 828 519 828 447 828 432 829 447 829 446 829 432 830 446 830 429 830 429 831 446 831 445 831 429 832 445 832 426 832 426 833 445 833 450 833 426 834 450 834 449 834 426 835 449 835 420 835 420 836 449 836 448 836 420 837 448 837 419 837 453 838 414 838 448 838 448 839 414 839 419 839 452 840 451 840 404 840 404 841 410 841 452 841 452 842 410 842 453 842 453 843 410 843 414 843 409 844 403 844 455 844 455 845 403 845 436 845 436 846 403 846 451 846 451 847 403 847 404 847 463 848 496 848 464 848 464 849 496 849 472 849 467 850 497 850 462 850 497 851 498 851 462 851 462 852 498 852 463 852 463 853 498 853 496 853 505 854 467 854 466 854 505 855 497 855 467 855 466 856 506 856 505 856 569 857 507 857 465 857 507 858 506 858 465 858 465 859 506 859 466 859 469 860 508 860 569 860 469 861 569 861 465 861 510 862 509 862 468 862 468 863 509 863 469 863 469 864 509 864 508 864 438 865 511 865 468 865 468 866 511 866 510 866 437 867 471 867 511 867 437 868 511 868 438 868 503 869 470 869 435 869 435 870 470 870 437 870 434 871 512 871 503 871 434 872 503 872 435 872 441 873 513 873 434 873 434 874 513 874 512 874 515 875 514 875 440 875 440 876 514 876 441 876 441 877 514 877 513 877 517 878 516 878 439 878 439 879 516 879 515 879 439 880 515 880 440 880 444 881 518 881 517 881 444 882 517 882 439 882 443 883 499 883 444 883 444 884 499 884 518 884 519 885 501 885 447 885 447 886 501 886 502 886 447 887 502 887 442 887 442 888 502 888 500 888 442 889 500 889 443 889 443 890 500 890 499 890 473 891 472 892 504 893 501 894 519 895 500 896 495 897 520 897 432 897 493 898 494 898 432 898 522 899 502 900 501 901 521 902 501 903 522 904 522 905 501 906 500 907 522 908 500 909 502 910 525 911 473 911 476 911 473 912 504 912 523 912 472 913 473 914 523 915 472 916 523 917 476 918 476 919 523 919 525 919 525 920 523 921 504 922 493 923 494 924 495 925 493 926 432 926 520 926 493 927 520 928 494 929 494 930 520 931 495 932 538 933 478 934 539 935 540 936 475 937 479 938 479 939 475 939 541 939 475 940 474 940 477 940 477 941 474 941 541 941 542 942 538 943 539 944 538 945 539 946 480 947 480 948 539 949 478 950 478 951 538 952 479 953 479 954 538 955 480 956 488 957 527 957 526 957 477 958 540 958 479 958 540 959 477 959 475 959 475 960 477 960 541 960 543 961 508 961 509 961 545 962 525 962 472 962 552 963 548 963 554 963 553 964 554 964 548 964 559 965 560 965 561 965 561 966 560 966 558 966 562 967 563 967 564 967 564 968 563 968 565 968 519 969 495 969 432 969 567 970 499 970 500 970 568 971 510 972 511 973 525 974 504 974 472 974 545 975 571 975 572 975 545 976 572 976 525 976 525 977 572 977 573 977 574 978 575 978 545 978 545 979 575 979 571 979 575 980 574 980 576 980 576 981 574 981 608 981 607 982 577 982 608 982 608 983 577 983 576 983 609 984 578 984 606 984 606 985 578 985 607 985 607 986 578 986 577 986 579 987 580 987 581 987 611 988 582 988 581 988 611 989 583 989 582 989 590 990 584 990 585 990 590 991 586 991 584 991 586 992 549 992 551 992 552 993 587 993 588 993 588 994 587 994 551 994 551 995 587 995 589 995 551 996 589 996 586 996 612 997 611 997 581 997 612 998 581 998 580 998 609 999 580 999 579 999 609 1000 579 1000 578 1000 611 1001 543 1001 583 1001 590 1002 550 1002 549 1002 594 1003 593 1003 557 1003 594 1004 557 1004 597 1004 597 1005 557 1005 556 1005 597 1006 556 1006 599 1006 599 1007 556 1007 555 1007 524 1008 566 1008 600 1008 600 1009 566 1009 565 1009 600 1010 565 1010 563 1010 595 1011 563 1011 562 1011 595 1012 562 1012 603 1012 603 1013 562 1013 559 1013 603 1014 559 1014 561 1014 591 1015 552 1015 588 1015 593 1016 561 1016 558 1016 593 1017 558 1017 557 1017 513 1018 514 1018 546 1018 513 1019 546 1019 512 1019 512 1020 546 1020 547 1020 512 1021 547 1021 503 1021 503 1022 547 1022 592 1022 516 1023 517 1023 598 1023 516 1024 598 1024 596 1024 516 1025 596 1025 597 1025 515 1026 516 1026 597 1026 515 1027 597 1027 514 1027 514 1028 597 1028 599 1028 514 1029 599 1029 546 1029 591 1030 588 1030 470 1030 548 1031 547 1031 546 1031 598 1032 593 1032 596 1032 548 1033 546 1033 553 1033 548 1034 592 1034 547 1034 517 1035 518 1035 598 1035 567 1036 600 1036 563 1036 567 1037 563 1037 601 1037 601 1038 563 1038 595 1038 601 1039 595 1039 603 1039 601 1040 603 1040 602 1040 602 1041 603 1041 561 1041 602 1042 561 1042 593 1042 596 1043 593 1043 594 1043 596 1044 594 1044 597 1044 604 1045 570 1045 498 1045 498 1046 570 1046 496 1046 604 1047 498 1047 497 1047 497 1048 505 1048 605 1048 544 1049 543 1049 509 1049 544 1050 509 1050 510 1050 550 1051 510 1051 568 1051 592 1052 591 1052 503 1052 503 1053 591 1053 470 1053 471 1054 568 1054 511 1054 605 1055 604 1055 497 1055 607 1056 608 1056 604 1056 604 1057 608 1057 570 1057 570 1058 545 1058 472 1058 605 1059 505 1059 609 1059 507 1060 569 1060 611 1060 569 1061 508 1061 543 1061 569 1062 543 1062 611 1062 568 1063 471 1063 551 1063 544 1064 510 1064 550 1064 471 1065 470 1065 551 1065 551 1066 470 1066 588 1066 549 1067 550 1067 568 1067 608 1068 574 1068 570 1068 570 1069 574 1069 545 1069 549 1070 586 1070 590 1070 585 1071 583 1071 544 1071 544 1072 583 1072 543 1072 568 1073 551 1074 549 1075 590 1076 585 1076 550 1076 550 1077 585 1077 544 1077 472 1078 496 1078 570 1078 607 1079 604 1079 605 1079 607 1080 605 1080 606 1080 606 1081 605 1081 609 1081 609 1082 610 1082 580 1082 580 1083 610 1083 612 1083 591 1084 592 1084 552 1084 552 1085 592 1085 548 1085 555 1086 553 1086 546 1086 555 1087 546 1087 599 1087 519 1088 432 1088 524 1088 519 1089 524 1089 500 1089 500 1090 524 1090 600 1090 500 1091 600 1091 567 1091 499 1092 567 1092 601 1092 499 1093 601 1093 518 1093 518 1094 601 1094 602 1094 518 1095 602 1095 598 1095 598 1096 602 1096 593 1096 611 1097 612 1097 507 1097 507 1098 612 1098 610 1098 610 1099 609 1099 505 1099 610 1100 505 1100 506 1100 610 1101 506 1101 507 1101 613 1102 485 1102 614 1102 662 1103 615 1103 661 1103 617 1104 618 1104 665 1104 627 1105 614 1105 628 1105 614 1106 627 1106 629 1106 488 1107 487 1107 527 1107 631 1108 491 1108 492 1108 524 1109 432 1109 491 1109 479 1110 541 1111 474 1112 479 1113 474 1113 525 1113 672 1114 633 1114 634 1114 525 1115 573 1115 670 1115 670 1116 573 1116 636 1116 637 1117 674 1117 670 1117 637 1118 670 1118 636 1118 639 1119 675 1119 640 1119 640 1120 642 1120 639 1120 639 1121 642 1121 641 1121 629 1122 643 1122 630 1122 629 1123 627 1123 643 1123 643 1124 644 1124 630 1124 630 1125 644 1125 645 1125 641 1126 627 1126 628 1126 671 1127 634 1127 675 1127 675 1128 634 1128 640 1128 638 1129 624 1129 658 1129 658 1130 624 1130 626 1130 624 1131 625 1131 626 1131 630 1132 645 1132 638 1132 626 1133 625 1133 621 1133 626 1134 621 1134 646 1134 646 1135 648 1135 649 1135 659 1136 620 1136 647 1136 566 1137 524 1137 653 1137 653 1138 524 1138 623 1138 621 1139 648 1139 646 1139 621 1140 656 1140 648 1140 648 1141 656 1141 619 1141 618 1142 657 1142 666 1142 665 1143 618 1143 666 1143 651 1144 617 1144 665 1144 623 1145 622 1145 653 1145 666 1146 657 1146 622 1146 622 1147 657 1147 653 1147 527 1148 487 1149 658 1150 661 1151 615 1151 531 1151 531 1152 616 1152 661 1152 526 1153 527 1153 626 1153 526 1154 646 1154 649 1154 654 1155 617 1155 651 1155 654 1156 651 1156 652 1156 654 1157 652 1157 655 1157 655 1158 652 1158 662 1158 655 1159 662 1159 650 1159 650 1160 662 1160 661 1160 650 1161 661 1161 647 1161 647 1162 661 1162 660 1162 647 1163 660 1163 659 1163 619 1164 620 1164 648 1164 648 1165 620 1165 659 1165 648 1166 659 1166 649 1166 615 1167 528 1167 530 1167 615 1168 530 1168 531 1168 529 1169 528 1169 615 1169 529 1170 615 1170 663 1170 663 1171 615 1171 651 1171 532 1172 489 1172 659 1172 532 1173 659 1174 616 1175 615 1176 662 1176 652 1176 615 1177 652 1177 651 1177 492 1178 490 1178 664 1178 664 1179 665 1179 666 1179 660 1180 661 1180 616 1180 660 1181 616 1182 659 1183 649 1184 659 1184 489 1184 649 1185 489 1185 526 1185 631 1186 492 1186 664 1186 631 1187 664 1187 666 1187 631 1188 666 1188 622 1188 491 1189 631 1189 632 1189 632 1190 631 1190 622 1190 632 1191 622 1191 623 1191 491 1192 632 1192 524 1192 524 1193 632 1193 623 1193 651 1194 665 1194 663 1194 663 1195 665 1195 664 1195 663 1196 664 1196 529 1196 529 1197 664 1197 490 1197 537 1198 483 1198 667 1198 676 1199 536 1199 667 1199 667 1200 536 1200 537 1200 671 1201 668 1201 672 1201 672 1202 668 1202 673 1202 673 1203 668 1203 669 1203 673 1204 669 1204 674 1204 674 1205 669 1205 670 1205 671 1206 672 1206 634 1206 675 1207 676 1207 667 1207 479 1208 525 1208 478 1208 478 1209 525 1209 670 1209 478 1210 670 1210 481 1210 481 1211 670 1211 669 1211 481 1212 669 1212 482 1212 482 1213 669 1213 668 1213 482 1214 668 1214 483 1214 483 1215 668 1215 667 1215 667 1216 668 1216 671 1216 667 1217 671 1217 675 1217 676 1218 677 1218 484 1218 676 1219 484 1219 536 1219 534 1220 485 1221 613 1222 613 1223 629 1223 534 1223 534 1224 629 1224 533 1224 486 1225 533 1225 630 1225 628 1226 614 1226 485 1226 628 1227 485 1227 535 1227 637 1228 635 1228 674 1228 674 1229 635 1229 673 1229 675 1230 639 1230 676 1230 676 1231 639 1231 677 1231 677 1232 628 1232 535 1232 677 1233 535 1233 484 1233 630 1234 638 1234 486 1234 641 1235 628 1235 677 1235 641 1236 677 1236 639 1236 614 1237 629 1237 613 1237 635 1238 633 1238 673 1238 673 1239 633 1239 672 1239 486 1240 658 1240 487 1240 645 1241 678 1241 624 1241 624 1242 678 1242 621 1242 624 1243 621 1243 625 1243 638 1244 645 1244 624 1244 646 1245 526 1245 626 1245 629 1246 630 1246 533 1246 486 1247 638 1247 658 1247 658 1248 626 1248 527 1248 679 1249 565 1249 566 1249 680 1250 558 1250 560 1250 589 1251 681 1251 586 1251 585 1252 584 1252 682 1252 585 1253 682 1253 583 1253 683 1254 578 1255 579 1256 684 1257 579 1257 581 1257 640 1258 685 1258 642 1258 686 1259 643 1259 627 1259 645 1260 687 1260 678 1260 678 1261 688 1261 621 1261 689 1262 650 1262 647 1262 690 1263 617 1263 654 1263 691 1264 566 1264 653 1264 680 1265 692 1266 558 1267 558 1268 692 1268 693 1268 558 1269 693 1270 557 1271 557 1272 693 1272 694 1272 557 1273 694 1274 556 1275 555 1276 695 1277 553 1278 565 1279 696 1280 564 1281 553 1282 697 1283 554 1284 554 1285 697 1286 698 1287 554 1288 698 1288 552 1288 589 1289 699 1289 681 1289 635 1290 700 1291 633 1292 633 1293 700 1293 701 1293 633 1294 701 1295 634 1296 634 1297 701 1298 702 1299 634 1300 702 1301 640 1302 640 1303 703 1304 685 1305 641 1306 704 1307 627 1308 586 1309 705 1310 584 1311 584 1312 705 1312 706 1312 584 1313 706 1313 682 1313 682 1314 706 1314 707 1314 682 1315 707 1315 583 1315 583 1316 707 1316 582 1316 582 1317 708 1317 581 1317 678 1318 709 1319 688 1320 617 1321 710 1321 618 1321 618 1322 710 1322 711 1322 618 1323 711 1323 657 1323 579 1324 712 1325 683 1326 571 1327 713 1327 572 1327 636 1328 714 1328 637 1328 637 1329 714 1329 715 1329 637 1330 715 1330 635 1330 647 1331 716 1332 689 1333 655 1334 650 1334 654 1334 654 1335 717 1336 690 1337 448 1338 453 1338 434 1338 438 1339 455 1339 454 1339 434 1340 453 1340 435 1340 435 1341 453 1341 452 1341 435 1342 452 1342 451 1342 438 1343 718 1343 455 1343 455 1344 718 1344 435 1344 455 1345 435 1345 719 1345 719 1346 435 1346 451 1346 454 1340 458 1340 438 1340 438 1347 458 1347 457 1347 438 1348 457 1348 456 1348 463 1340 460 1340 464 1340 464 1340 460 1340 459 1340 469 1340 460 1340 465 1340 465 1340 460 1340 466 1340 456 1340 461 1340 438 1340 438 1340 461 1340 460 1340 438 1340 460 1340 468 1340 468 1340 460 1340 469 1340 442 1340 434 1340 443 1340 443 1340 434 1340 444 1340 442 1340 447 1340 434 1340 434 1349 447 1349 446 1349 434 1350 446 1350 445 1350 445 1351 450 1351 434 1351 434 1352 450 1352 449 1352 434 1353 449 1353 448 1353 463 1340 462 1340 460 1340 460 1340 462 1340 467 1340 460 1354 467 1354 466 1354 441 1340 440 1340 434 1340 434 1355 440 1355 439 1355 434 1356 439 1356 444 1356 720 1357 464 1357 459 1357 460 1358 721 1358 722 1358 460 1359 722 1359 459 1359 459 1360 722 1360 720 1360 721 1361 460 1361 461 1361 721 1362 461 1362 723 1362 456 1363 724 1363 461 1363 461 1364 724 1364 723 1364 724 1365 456 1365 725 1365 725 1366 456 1366 457 1366 725 1367 457 1367 726 1367 458 1368 727 1368 726 1368 458 1369 726 1369 457 1369 727 1370 458 1370 728 1370 728 1371 458 1371 454 1371 455 1372 729 1373 730 1374 455 1375 730 1375 454 1375 454 1376 730 1376 728 1376 729 1377 455 1377 719 1377 451 1378 731 1378 732 1378 451 1379 732 1379 719 1379 731 1380 451 1381 452 1382 731 1383 452 1383 733 1383 453 1384 734 1384 452 1384 452 1385 734 1385 733 1385 734 1386 453 1386 735 1386 735 1387 453 1387 448 1387 735 1388 448 1388 736 1388 449 1389 737 1389 736 1389 449 1390 736 1390 448 1390 737 1391 449 1391 738 1391 738 1392 449 1392 450 1392 445 1393 739 1393 740 1393 445 1394 740 1394 450 1394 450 1395 740 1395 738 1395 739 1396 445 1396 446 1396 739 1397 446 1397 741 1397 742 1398 743 1398 447 1398 447 1399 743 1399 446 1399 446 1400 743 1400 741 1400 742 1401 447 1401 442 1401 742 1402 442 1402 744 1402 443 1403 745 1403 744 1403 443 1404 744 1404 442 1404 745 1405 443 1405 746 1405 746 1406 443 1406 444 1406 439 1407 747 1407 748 1407 439 1408 748 1408 444 1408 444 1409 748 1409 746 1409 747 1410 439 1410 749 1410 749 1411 439 1411 440 1411 441 1412 750 1412 751 1412 441 1413 751 1413 440 1413 440 1414 751 1414 749 1414 750 1415 441 1415 434 1415 750 1416 434 1416 752 1416 435 1417 753 1418 434 1419 434 1420 753 1420 752 1420 753 1421 435 1421 754 1421 754 1422 435 1422 718 1422 754 1423 718 1423 756 1423 438 1424 755 1424 756 1424 438 1425 756 1425 718 1425 755 1426 438 1426 757 1426 757 1427 438 1427 468 1427 469 1428 758 1428 759 1428 469 1429 759 1429 468 1429 468 1430 759 1430 757 1430 758 1431 469 1431 760 1431 760 1432 469 1432 465 1432 466 1433 761 1433 762 1433 466 1434 762 1434 465 1434 465 1435 762 1435 760 1435 761 1436 466 1436 467 1436 761 1437 467 1437 763 1437 462 1438 764 1438 467 1438 467 1439 764 1439 763 1439 764 1440 462 1440 765 1440 765 1441 462 1441 463 1441 765 1442 463 1442 766 1442 720 1443 767 1443 464 1443 464 1444 767 1444 766 1444 464 1445 766 1445 463 1445 768 1446 719 1446 769 1446 769 1447 719 1447 732 1447 769 739 732 739 770 739 768 1448 729 1448 719 1448 732 1449 731 1449 770 1449</p>
        </triangles>
      </mesh>
    </geometry>
    <geometry id="eSeries_UR5e_024-mesh" name="eSeries UR5e.024">
      <mesh>
        <source id="eSeries_UR5e_024-mesh-positions">
          <float_array id="eSeries_UR5e_024-mesh-positions-array" count="561">56.04622 364.3123 15.16824 -24.8658 364.3035 52.12797 57.82664 364.2738 2.474448 42.6341 364.3327 -39.65834 37.11883 364.2944 -44.64083 30.35019 364.2727 -49.49856 57.66893 364.3016 -5.869862 56.44478 364.324 -13.55974 53.42981 364.2701 -23.16931 48.46194 364.3273 -32.08734 22.69364 364.3016 -53.51778 15.40944 364.324 -56.12104 5.536341 364.2672 -58.09522 -4.672717 364.3274 -58.024 -53.21743 364.3327 23.08718 -47.78496 364.2671 32.9478 -41.13984 364.3273 40.69751 -34.08776 364.2909 46.66633 -12.28826 364.2973 -56.8077 -20.06117 364.2712 -54.49349 -28.03788 364.3 -50.89463 -35.37683 364.2692 -46.01388 -12.45234 364.2729 56.33247 -3.94763 364.3016 57.60852 3.655875 364.3263 57.69454 13.76057 364.2697 56.30409 23.38024 364.3273 52.88875 52.14387 364.3327 25.40063 -41.37421 364.301 -40.77361 -47.46229 364.3036 -33.42919 -53.67206 364.273 -21.89248 -56.34704 364.3015 -13.71372 -57.70336 364.3239 -6.094472 -58.00782 364.2671 3.968432 -56.23975 364.3273 14.02224 31.81607 364.3327 48.40089 40.63621 364.2671 41.40359 47.17205 364.3273 33.56265 31.12835 363.8168 48.39348 16.8494 363.7991 -55.38861 -13.84485 363.8119 -56.22675 24.00934 363.7925 -52.70246 -53.09703 363.817 22.4074 -27.69707 363.8108 50.42503 -5.682108 363.7984 57.23231 51.56814 363.7961 25.71933 57.54465 363.847 -4.370558 56.53937 363.8367 -11.69888 -55.68953 363.7983 -15.35597 -57.20815 363.8114 -7.801409 42.74547 363.7991 -38.9795 -45.3718 363.7959 -35.87493 57.69319 363.738 3.068583 56.57192 363.778 11.31883 54.51866 363.7561 18.83802 47.58523 363.7786 32.48804 42.80224 363.7825 38.53918 37.25752 363.783 43.89767 24.28323 363.7828 52.17367 17.08744 363.7831 54.94239 9.580577 363.7833 56.72864 2.000214 363.7926 57.48625 -13.28542 363.7554 55.99312 -20.79344 363.758 53.65578 -34.25922 363.7828 46.26504 -40.14813 363.7834 41.28298 -45.31834 363.7832 35.5628 -49.68211 363.7831 29.20154 -55.68505 363.7834 15.03111 -57.21805 363.7825 7.476259 -57.73096 363.7828 -0.2245852 -53.14272 363.7729 -22.76382 -49.63256 363.7561 -29.72075 -40.11618 363.7725 -41.72212 -34.22292 363.7616 -46.70845 -27.71861 363.7732 -50.84685 -20.92107 363.7682 -54.00108 -5.974394 363.7784 -57.63775 1.946936 363.7833 -57.89986 9.631318 363.7778 -57.12556 31.08118 363.7775 -48.85373 37.29404 363.7775 -44.27281 47.60893 363.7778 -32.85803 51.53375 363.7832 -26.223 54.51067 363.784 -19.19543 57.74509 351.3674 3.5759 56.71645 351.4352 10.63186 54.71908 351.4358 18.18924 51.73844 351.4142 25.3341 47.86844 351.4268 32.02671 43.21316 351.4263 38.07183 37.68728 351.4971 43.58675 31.47602 351.4432 48.19424 24.65539 351.3876 52.16413 17.45522 351.3908 54.98321 10.2378 351.447 56.633 2.637257 351.4486 57.48133 -5.127264 351.4267 57.30203 -12.76275 351.4208 56.08567 -20.23228 351.4266 53.84599 -27.28151 351.4396 50.68448 -33.61627 351.4437 46.7359 -39.80234 351.5023 41.67643 -44.99946 351.443 35.96389 -49.37678 351.445 29.74877 -52.86351 351.4395 23.03078 -55.4781 351.4284 15.69274 -57.12334 351.4287 7.992053 -57.73584 351.4397 0.3247179 -57.31105 351.448 -7.259728 -55.86413 351.458 -14.85619 -53.37113 351.5061 -22.35303 -49.94571 351.4212 -29.11733 -45.64363 351.4241 -35.51251 -40.53138 351.4214 -41.2851 -34.6923 351.4242 -46.31724 -28.23602 351.4217 -50.53503 -21.12414 351.4307 -53.91784 -13.53113 351.4258 -56.29513 -6.127024 351.4217 -57.56265 1.427812 351.4341 -57.90768 9.005473 351.4437 -57.24136 16.68389 351.4673 -55.50395 24.01419 351.4867 -52.72254 30.66154 351.4215 -49.09231 36.80627 351.443 -44.6835 42.34894 351.4296 -39.44059 47.19927 351.4263 -33.40604 51.25056 351.4296 -26.72112 54.32173 351.4404 -19.72216 56.42517 351.4309 -12.30718 57.65997 351.446 -3.875689 24.09928 350.9703 -52.84689 39.85605 350.8629 41.79119 -40.03159 350.9696 41.62824 -53.43105 350.9634 -22.50322 53.41522 350.8521 -22.53 51.53532 350.9593 -26.59317 47.55794 350.9596 -33.22653 44.82666 350.8569 -36.83993 34.57783 350.8533 -46.63563 30.89953 350.9453 -49.16723 6.087963 350.8539 -57.77488 1.622381 350.9591 -58.07886 -6.106147 350.96 -57.77869 -10.59245 350.9292 -57.11839 -21.1599 350.8957 -54.13082 -30.8694 350.9275 -49.17872 -34.59601 350.9598 -46.62915 -40.47509 350.9592 -41.60409 -51.53903 350.8523 -26.57325 -55.92167 350.9679 -15.20681 -56.92088 350.8569 -10.77486 -57.78363 350.8533 3.372345 -55.75931 350.9594 15.39578 -54.36314 350.8575 19.70869 -47.89544 350.8539 32.32124 -45.24523 350.9581 35.92655 -34.09329 350.9567 46.59608 -30.32387 350.8558 49.11602 -17.43169 350.8523 55.00571 -13.11827 350.9595 56.19238 -5.484569 350.9586 57.4377 13.13421 350.8521 56.18285 28.6744 350.8569 50.09296 43.1502 350.9584 38.40465 47.91083 350.9598 32.30891 54.82433 350.8954 18.53277 57.3311 350.9274 7.849083 -57.3408 350.9591 7.824353 -56.67468 350.8979 11.61557 -42.74067 350.8979 38.84828 -37.15445 350.8979 44.19664 -9.341582 350.8979 56.93324 -0.9556183 350.8557 57.68494 21.07945 350.8979 53.71792 45.61516 350.8979 35.44839 50.27265 350.9279 28.50911 57.86193 350.8982 -2.908467 57.24017 350.8557 -8.88221 49.66253 350.8979 -29.95597 27.56649 350.8979 -51.11115 19.89433 350.8579 -54.571 -2.226012 350.8979 -58.0526 -37.60001 350.8979 -44.22347 -43.58378 350.8558 -38.3099 -54.78529 350.8979 -18.9165</float_array>
          <technique_common>
            <accessor source="#eSeries_UR5e_024-mesh-positions-array" count="187" stride="3">
              <param name="X" type="float"/>
              <param name="Y" type="float"/>
              <param name="Z" type="float"/>
            </accessor>
          </technique_common>
        </source>
        <source id="eSeries_UR5e_024-mesh-normals">
          <float_array id="eSeries_UR5e_024-mesh-normals-array" count="1050">0.4743127 -0.6405225 0.6039524 0.4741113 -0.6406132 0.6040143 0.474233 -0.6405451 0.6039909 0.1553578 -0.6325691 -0.7587624 -0.2768239 -0.22856 -0.9333429 -0.2768816 -0.2282689 -0.9333969 -0.2768137 -0.2284482 -0.9333733 0.3960207 -0.5385425 0.7437336 0.3319349 -0.3250941 -0.8855129 0.2816591 -0.5416321 -0.7920246 0.2814915 -0.541706 -0.7920335 0.2817912 -0.5414536 -0.7920995 -0.1279236 -0.5652303 -0.8149542 -0.799378 -0.5382946 0.2668967 -0.5090044 -0.04597002 0.8595356 -0.1438373 -0.2247352 0.9637454 0.7299986 -0.5193107 0.4443181 0.7724222 -0.6227344 -0.124764 0.9422665 -0.3090924 -0.1288245 0.6964884 -0.6846923 -0.2147101 -0.7986468 -0.5851807 -0.1404528 -0.9410164 -0.2808521 -0.1887068 -0.6739861 -0.6410881 0.3670815 -0.007297933 -0.5825548 0.8127588 0.7329517 -0.6196382 0.2807676 0.9467543 -0.321398 -0.01896166 0.6759805 -0.5213772 -0.5207843 0.5258576 -0.6246809 -0.5772759 0.4533612 -0.2139629 -0.8652651 -0.7664136 -0.0954557 -0.6352154 -0.9263911 -0.2245284 -0.3023021 -0.926366 -0.2244738 -0.3024195 -0.9263675 -0.224287 -0.3025534 -0.7618582 -0.6471937 -0.02669185 0.9637787 -0.2656979 -0.02313661 0.9861352 -0.09693104 0.1346916 0.9861229 -0.09679865 0.134877 0.9861468 -0.09695994 0.1345862 0.9899373 -0.02690362 0.1389262 0.7069814 -0.6809387 0.1910495 0.9167742 0.07291907 0.3926932 0.815671 -0.3241614 0.4791662 0.6652972 -0.5296134 0.5262027 0.729237 -0.3192694 0.6052111 0.7291241 -0.3193025 0.6053298 0.7294048 -0.319058 0.6051205 0.4571619 -0.7531079 0.4731083 0.5913477 0.02527195 0.8060207 0.4582214 -0.3259354 0.8269215 0.3037979 -0.5331912 0.7895657 0.3188579 -0.3182071 0.89279 0.1526308 -0.7517681 0.6415206 0.09945797 0.01374334 0.9949469 0.1032216 -0.6228882 0.7754713 -0.03214579 -0.2762176 0.9605574 -0.0324043 -0.2759751 0.9606185 -0.0319525 -0.2762526 0.9605538 -0.1477483 -0.364901 0.9192485 -0.2938648 -0.145835 0.9446564 -0.2939572 -0.1456995 0.9446485 -0.2940596 -0.1456354 0.9446266 -0.3097045 0.2540851 0.9162554 -0.3565624 -0.5532974 0.7528116 -0.4798971 -0.4382264 0.7600372 -0.6027676 -0.3592377 0.7124742 -0.6093383 -0.3382338 0.7171505 -0.6093829 -0.3378385 0.7172989 -0.6093857 -0.3381053 0.7171707 -0.6278227 -0.5332694 0.5669766 -0.6277107 -0.5331275 0.5672342 -0.627569 -0.5331265 0.5673918 -0.7181128 -0.3195548 0.6182224 -0.5420504 -0.7535817 0.3718819 -0.8931604 0.02518743 0.4490325 -0.8914875 -0.3262876 0.3143035 -0.8289852 -0.5333507 0.1682872 -0.9329939 -0.3191894 0.1662545 -0.9329838 -0.3192589 0.1661782 -0.933036 -0.319029 0.1663261 -0.656265 -0.7532657 0.0436713 -0.9973265 0.02483582 -0.06872427 -0.8668684 -0.4006702 -0.2966523 -0.8816259 -0.1587749 -0.4444392 -0.8470548 0.2743662 -0.4552155 -0.6964243 -0.5284262 -0.4855504 -0.6455327 -0.4988831 -0.578276 -0.6371061 -0.1658398 -0.7527238 -0.5967505 -0.4255534 -0.680289 -0.5355457 -0.06542611 -0.8419681 -0.5111607 -0.3797044 -0.7710637 -0.3990663 -0.3193316 -0.8595194 -0.3989928 -0.3193458 -0.8595481 -0.3989601 -0.3193563 -0.8595594 -0.404676 -0.1847993 -0.8955929 -0.273866 -0.3917407 -0.8783717 -0.1713776 -0.2618115 -0.9497813 -0.02770555 -0.5303842 -0.8473046 -0.008496701 -0.3195344 -0.9475366 0.06559717 -0.7515801 -0.6563722 0.2338079 0.03051018 -0.971804 0.4366302 -0.4023941 -0.8046323 0.4368937 -0.4021645 -0.8046041 0.4367878 -0.4022246 -0.8046316 0.5844571 -0.1695131 -0.7935208 0.5845296 -0.1693164 -0.7935094 0.5846641 -0.1691637 -0.7934429 0.5457789 -0.3553473 -0.7588503 0.6723593 -0.2643502 -0.6914131 0.7405281 -0.3227484 -0.5894504 0.7307689 -0.528664 -0.4318463 0.8274047 -0.318427 -0.4626073 0.8273741 -0.3181096 -0.4628808 0.8274254 -0.3181931 -0.4627314 0.6071904 -0.7518151 -0.2570877 0.9652237 0.01021176 -0.2612259 0.9895038 0.01006323 0.1441564 0.990885 0.004109144 0.1346486 0.9668 -0.002901732 0.2555178 0.9646767 0.001821875 0.2634304 0.9229037 -0.005260527 0.3849949 0.9190788 3.79292e-4 0.3940739 0.8656793 -0.003667712 0.5005854 0.861861 8.19123e-4 0.507144 0.7922873 -0.004622757 0.6101307 0.7845168 0.002635955 0.6201019 0.7063785 -0.00328052 0.7078268 0.6949135 0.006110787 0.7190675 0.5957727 5.14713e-4 0.803153 0.5914633 0.003635466 0.8063239 0.5030347 2.17619e-4 0.8642663 0.4833313 0.01383805 0.8753281 0.3645661 0.01022922 0.9311214 0.359072 0.0137307 0.9332089 0.2228975 0.009826302 0.9747924 0.2314843 0.004790365 0.9728269 0.1109247 -0.001795113 0.9938272 0.09945315 0.004736125 0.9950311 -0.02308237 -0.001589417 0.9997324 -0.03303337 0.004150867 0.9994457 -0.1573194 -0.001489996 0.9875467 -0.1608607 5.89142e-4 0.9869771 -0.2872087 -0.004983246 0.9578551 -0.2972422 0.001201272 0.9548014 -0.4092223 -0.004548192 0.9124234 -0.4238243 0.004758358 0.9057319 -0.5289705 2.89164e-5 0.8486403 -0.5354253 0.004330337 0.8445716 -0.6331143 -0.003451645 0.7740508 -0.6458646 0.006272733 0.7634263 -0.7396907 7.32087e-4 0.6729466 -0.7418666 0.002624511 0.6705424 -0.8175739 -0.00241059 0.5758187 -0.8246138 0.004681885 0.5656767 -0.8875727 -0.001533865 0.4606653 -0.89346 0.005762398 0.4491059 -0.9419907 -8.6843e-4 0.3356379 -0.9436072 0.001922547 0.3310617 -0.977917 -0.005192518 0.2089293 -0.9800269 7.89589e-4 0.1988636 -0.9968157 -0.004317283 0.07962352 -0.9977838 0.003352105 0.06645625 -0.9984329 -0.002094209 -0.05592328 -0.9976154 0.005288004 -0.06881684 -0.9823392 -2.17069e-5 -0.1871091 -0.9803693 0.005889177 -0.1970825 -0.9489105 6.4561e-4 -0.315545 -0.9456438 0.006721079 -0.325135 -0.8921249 0.001483082 -0.4517865 -0.8927937 6.2922e-4 -0.4504653 -0.8297119 -0.006240129 -0.558157 -0.8221862 0.001390933 -0.5692171 -0.7486237 -0.002972424 -0.6629886 -0.7437248 0.001348972 -0.6684845 -0.6528167 -0.004856884 -0.7575004 -0.6459218 3.67822e-4 -0.7634035 -0.5469151 -0.005738317 -0.8371685 -0.5368095 0.001187801 -0.8437027 -0.4295302 -0.004804193 -0.9030399 -0.4209172 8.07542e-4 -0.9070987 -0.3000283 -0.001498162 -0.9539292 -0.2987874 -0.002298951 -0.954317 -0.1764618 9.65008e-4 -0.9843071 -0.1687374 -0.00390625 -0.9856533 -0.04561245 -0.005507826 -0.9989441 -0.03307092 0.002023398 -0.999451 0.08759772 -0.003051221 -0.9961513 0.1002573 0.004254221 -0.9949526 0.2206985 -0.002041101 -0.97534 0.2339377 0.005953669 -0.9722334 0.3512591 0.004042744 -0.9362695 0.3547562 0.001666128 -0.9349574 0.4793109 0.001621544 -0.8776437 0.4780247 7.2544e-4 -0.8783462 0.5829685 -0.004110395 -0.8124845 0.5934494 0.003330171 -0.8048645 0.6871793 -0.002986371 -0.7264817 0.6966118 0.00441116 -0.7174347 0.7794362 -0.001634061 -0.6264796 0.7829685 0.001630425 -0.6220594 0.8551981 -0.005369722 -0.5182735 0.8606904 7.9923e-4 -0.5091281 0.9157108 -0.004790186 -0.4018096 0.9207891 0.002550005 -0.3900526 0.9620349 -0.003079771 -0.2729094 0.9652642 0.003922581 -0.2612465 0.9894439 -0.00200355 -0.1449025 0.9907141 0.003788411 -0.1359091 0.9997671 0.008505284 -0.01983815 0.9999284 0.003728032 -0.01138299 0.4624423 0.2788795 -0.8416493 -0.717491 0.2499654 0.6501723 -0.6194127 0.1978489 0.7597262 0.5819438 -0.223635 0.7818754 0.6517366 0.3941677 0.6479747 0.3406799 0.2727762 -0.8997392 -0.8694546 0.2185819 -0.4430245 -0.9322736 0.188405 -0.3088196 0.9423165 0.3346452 -0.007232546 0.9836348 0.1079632 -0.1442446 0.791321 0.6052277 -0.08666336 0.93011 -0.2551473 -0.2641879 0.9449424 -0.1923235 -0.2647559 0.8153588 0.454634 -0.3584663 0.834549 0.4031504 -0.3754969 0.8002088 0.3525148 -0.4851797 0.7788792 0.4186434 -0.4669955 0.7787879 0.4186722 -0.4671221 0.7788349 0.4186496 -0.467064 0.7338387 0.3372223 -0.5897135 0.6696198 0.5297051 -0.5205978 0.6694617 0.5294367 -0.5210738 0.6695783 0.5294719 -0.5208883 0.6522745 -0.3129914 -0.6903437 0.6750869 -0.2131968 -0.7062612 0.5219891 0.4425932 -0.7291356 0.5219699 0.4425519 -0.7291744 0.5219427 0.4428653 -0.7290036 0.5300089 0.3835146 -0.7563115 0.5299199 0.3835312 -0.7563654 0.5299606 0.38352 -0.7563428 0.4462808 0.3524392 -0.8225692 0.3270875 0.456347 -0.8275029 0.2107684 -0.3092321 -0.9273362 0.2195444 -0.2310174 -0.9478561 0.2199572 -0.2314163 -0.9476632 0.2197485 -0.2313507 -0.9477276 0.07872414 0.42601 -0.9012869 0.07178378 0.364072 -0.9286004 -0.04370546 0.3228688 -0.9454342 -0.03513312 0.422293 -0.9057784 -0.1534471 0.4131444 -0.8976446 -0.1206399 0.5985926 -0.7919173 -0.2941402 -0.1832153 -0.9380372 -0.294287 -0.1835128 -0.937933 -0.2940009 -0.1831334 -0.9380969 -0.2535389 0.372641 -0.8926684 -0.2535362 0.3726411 -0.8926692 -0.2535466 0.3726408 -0.8926663 -0.4008768 0.3621708 -0.8415047 -0.4008719 0.3621723 -0.8415063 -0.4008741 0.3621717 -0.8415057 -0.4542927 -0.02340692 -0.890545 -0.4656293 0.5241425 -0.7130667 -0.5146502 0.4019903 -0.7573236 -0.6116595 0.349757 -0.7096075 -0.5934461 0.4066775 -0.6945756 -0.5935517 0.4066352 -0.6945101 -0.593515 0.4066448 -0.6945358 -0.7028249 0.3441101 -0.6225958 -0.617756 0.5461301 -0.5657911 -0.8030946 -0.2510527 -0.5403811 -0.8130583 -0.1875677 -0.5511394 -0.7793269 0.5013151 -0.3759428 -0.8952924 0.3239367 -0.3058052 -0.9532804 0.2416566 -0.1812697 -0.8466215 0.5014426 -0.1782903 -0.9497064 -0.3085314 -0.05353695 -0.9716069 -0.2290471 -0.05930888 -0.8919752 0.4463303 0.07189959 -0.9151918 0.3946602 0.08165383 -0.9146755 0.3537898 0.195452 -0.890138 0.4160289 0.1859422 -0.8884989 0.3326365 0.3161057 -0.809163 0.5196659 0.274231 -0.8391999 -0.3253412 0.4357714 -0.8642628 -0.2372184 0.4435961 -0.864171 -0.2377222 0.443505 -0.864202 -0.2373831 0.4436262 -0.7433765 0.4161611 0.5236424 -0.7614116 0.3431481 0.5500016 -0.7613057 0.3432252 0.5501002 -0.7613656 0.3431757 0.5500481 -0.7027519 0.3067733 0.6418956 -0.5937143 0.3774917 0.7106359 -0.5100118 0.2645488 0.8184754 -0.4699748 0.5060631 0.7232038 -0.3907724 -0.3014398 0.8697304 -0.3906192 -0.3014519 0.8697951 -0.390541 -0.3014239 0.8698399 -0.4085404 -0.1862874 0.8935278 -0.4084752 -0.1862219 0.8935713 -0.4085975 -0.1864598 0.8934656 -0.2528252 0.4722349 0.8444369 -0.252483 0.3984919 0.881735 -0.1487125 0.3301327 0.9321466 -0.149001 0.3785281 0.9135181 -0.02289605 0.2943674 0.9554181 -0.03567939 0.5093837 0.8597995 -0.03535872 0.5091891 0.8599281 -0.0355072 0.5092157 0.8599062 0.1052573 -0.3137511 0.9436531 0.103102 -0.2302277 0.9676597 0.2121261 0.3393088 0.9164453 0.462831 0.3808794 0.8004488 0.5785083 -0.2415595 0.7790875 0.6592202 0.3749539 0.6517963 0.7529497 0.3111824 0.5798555 0.7204291 0.4054224 0.5626851 0.8092992 0.3558637 0.4673286 0.6515114 0.6449311 0.3994957 0.909316 -0.03148037 0.414914 0.8489116 0.3912518 0.3553466 0.9123111 0.3309797 0.241124 0.9710859 -0.07204049 0.2276015 0.909569 0.3950912 0.128791 -0.4368901 0.8948826 0.09117072 -0.4368899 0.8948826 0.09117156 -0.4368904 0.8948827 0.09116977 -0.3492618 0.8814794 0.3178213 -0.3492599 0.8814796 0.3178227 -0.3492588 0.8814798 0.3178236 -0.2984039 0.8843644 0.3589636 -0.2984027 0.8843645 0.3589643 -0.2984054 0.8843643 0.3589626 -0.07149779 0.8957208 0.4388307 0.3500601 0.278796 0.8942767 0.3501415 0.278782 0.8942491 0.3500072 0.278809 0.8942934 0.3507595 0.8954357 0.2741587 0.3838509 0.8942859 -0.2300246 0.3838502 0.894286 -0.2300257 0.3838517 0.8942859 -0.2300234 0.2103517 0.899571 -0.3827852 0.2103489 0.8995712 -0.382786 0.2103471 0.8995714 -0.3827865 -0.01728224 0.8939293 -0.4478749 -0.2909939 0.8942129 -0.3401557 -0.4569792 0.8756089 -0.1564581 -0.4569797 0.8756089 -0.1564562 -0.4569787 0.8756089 -0.1564601</float_array>
          <technique_common>
            <accessor source="#eSeries_UR5e_024-mesh-normals-array" count="350" stride="3">
              <param name="X" type="float"/>
              <param name="Y" type="float"/>
              <param name="Z" type="float"/>
            </accessor>
          </technique_common>
        </source>
        <vertices id="eSeries_UR5e_024-mesh-vertices">
          <input semantic="POSITION" source="#eSeries_UR5e_024-mesh-positions"/>
        </vertices>
        <triangles material="Black_010-material" count="278">
          <input semantic="VERTEX" source="#eSeries_UR5e_024-mesh-vertices" offset="0"/>
          <input semantic="NORMAL" source="#eSeries_UR5e_024-mesh-normals" offset="1"/>
          <p>38 0 36 1 35 2 39 3 12 3 11 3 40 4 19 5 18 6 26 7 38 7 35 7 41 8 39 8 11 8 41 9 11 10 10 11 13 12 40 12 18 12 14 13 34 13 42 13 1 14 17 14 43 14 23 15 22 15 44 15 27 16 37 16 45 16 7 17 6 17 46 17 7 18 46 18 47 18 8 19 7 19 47 19 32 20 31 20 48 20 32 21 48 21 49 21 15 22 14 22 42 22 24 23 23 23 44 23 0 24 27 24 45 24 2 25 46 25 6 25 3 26 9 26 50 26 50 27 4 27 3 27 10 28 5 28 41 28 29 29 28 29 51 29 30 30 48 31 31 32 33 33 32 33 49 33 52 34 46 34 2 34 52 35 2 36 53 37 53 38 2 38 0 38 53 39 0 39 54 39 54 40 0 40 45 40 55 41 45 41 37 41 55 42 37 42 56 42 56 43 37 44 36 45 56 46 36 46 57 46 57 47 36 47 38 47 58 48 38 48 26 48 58 49 26 49 59 49 59 50 26 50 25 50 59 51 25 51 60 51 60 52 25 52 61 52 61 53 25 53 24 53 61 54 24 55 44 56 44 57 22 57 62 57 62 58 22 59 63 60 63 61 22 61 1 61 63 62 1 62 43 62 64 63 43 63 17 63 64 64 17 64 65 64 65 65 17 66 16 67 65 68 16 69 66 70 66 71 16 71 15 71 66 72 15 72 67 72 67 73 15 73 42 73 68 74 42 74 34 74 68 75 34 75 69 75 69 76 34 77 33 78 69 79 33 79 70 79 70 80 33 80 49 80 71 81 48 81 30 81 71 82 30 82 72 82 72 83 30 83 29 83 72 84 29 84 51 84 73 85 51 85 28 85 73 86 28 86 74 86 74 87 28 87 21 87 74 88 21 88 75 88 75 89 21 89 20 89 75 90 20 91 76 92 76 93 20 93 19 93 76 94 19 94 40 94 77 95 40 95 13 95 77 96 13 96 78 96 78 97 13 97 12 97 78 98 12 98 79 98 79 99 12 99 39 99 80 100 41 101 5 102 80 103 5 104 81 105 81 106 5 106 4 106 81 107 4 107 50 107 82 108 50 108 9 108 82 109 9 109 83 109 83 110 9 111 8 112 83 113 8 113 84 113 84 114 8 114 47 114 85 115 52 115 86 115 86 116 52 116 53 116 86 117 53 117 87 117 87 118 53 118 54 118 87 119 54 119 88 119 88 120 54 120 45 120 88 121 45 121 89 121 89 122 45 122 55 122 89 123 55 123 90 123 90 124 55 124 56 124 90 125 56 125 91 125 91 126 56 126 57 126 91 127 57 127 92 127 92 128 57 128 38 128 92 129 38 129 93 129 93 130 38 130 58 130 93 131 58 131 94 131 94 132 58 132 59 132 94 133 59 133 95 133 95 134 59 134 60 134 95 135 60 135 96 135 96 136 60 136 61 136 96 137 61 137 97 137 97 138 61 138 44 138 97 139 44 139 98 139 98 140 44 140 62 140 98 141 62 141 99 141 99 142 62 142 63 142 99 143 63 143 100 143 100 144 63 144 43 144 100 145 43 145 101 145 101 146 43 146 64 146 101 147 64 147 102 147 102 148 64 148 65 148 102 149 65 149 103 149 103 150 65 150 66 150 103 151 66 151 104 151 104 152 66 152 67 152 104 153 67 153 105 153 105 154 67 154 42 154 105 155 42 155 106 155 106 156 42 156 68 156 106 157 68 157 107 157 107 158 68 158 69 158 107 159 69 159 108 159 108 160 69 160 70 160 108 161 70 161 109 161 109 162 70 162 49 162 109 163 49 163 110 163 110 164 49 164 48 164 110 165 48 165 111 165 111 166 48 166 71 166 111 167 71 167 112 167 112 168 71 168 72 168 112 169 72 169 113 169 113 170 72 170 51 170 113 171 51 171 114 171 114 172 51 172 73 172 114 173 73 173 115 173 115 174 73 174 74 174 115 175 74 175 116 175 116 176 74 176 75 176 116 177 75 177 117 177 117 178 75 178 76 178 117 179 76 179 40 179 117 180 40 180 118 180 118 181 40 181 77 181 118 182 77 182 119 182 119 183 77 183 120 183 120 184 77 184 78 184 120 185 78 185 121 185 121 186 78 186 79 186 121 187 79 187 122 187 122 188 79 188 39 188 122 189 39 189 41 189 122 190 41 190 123 190 123 191 41 191 124 191 124 192 41 192 80 192 124 193 80 193 125 193 125 194 80 194 81 194 125 195 81 195 126 195 126 196 81 196 50 196 126 197 50 197 127 197 127 198 50 198 82 198 127 199 82 199 128 199 128 200 82 200 83 200 128 201 83 201 129 201 129 202 83 202 84 202 129 203 84 203 130 203 130 204 84 204 47 204 130 205 47 205 131 205 131 206 47 206 46 206 131 207 46 207 52 207 131 208 52 208 85 208 132 209 123 209 124 209 102 210 103 210 134 210 102 211 134 211 101 211 91 212 92 212 133 212 91 213 133 213 90 213 132 214 122 214 123 214 111 215 112 215 135 215 111 216 135 216 110 216 131 217 85 217 178 217 131 218 178 218 130 218 130 219 178 219 179 219 130 220 179 220 129 220 129 221 179 221 136 221 129 222 136 222 128 222 128 223 136 223 137 223 128 224 137 224 127 224 127 225 137 226 138 227 127 228 138 228 126 228 126 229 138 230 139 231 126 232 139 232 125 232 125 233 139 233 140 233 125 234 140 235 124 236 124 237 140 238 141 239 124 240 141 240 132 240 132 241 182 241 122 241 122 242 182 242 121 242 121 243 182 244 142 245 121 246 142 246 120 246 120 247 142 247 143 247 120 248 143 248 119 248 119 249 143 249 144 249 119 250 144 250 118 250 118 251 144 251 145 251 118 252 145 253 117 254 117 255 145 256 146 257 117 258 146 259 116 260 116 261 146 261 147 261 116 262 147 262 115 262 115 263 147 263 148 263 115 264 148 264 114 264 114 265 148 266 149 267 114 268 149 268 113 268 113 269 149 269 185 269 113 270 185 270 112 270 112 271 185 271 150 271 112 272 150 272 135 272 135 273 151 273 110 273 110 274 151 274 109 274 109 275 151 275 152 275 109 276 152 276 108 276 108 277 152 277 153 277 108 278 153 278 107 278 107 279 153 279 169 279 107 280 169 280 106 280 106 281 169 281 154 281 106 282 154 282 105 282 105 283 154 283 155 283 105 284 155 284 104 284 104 285 155 286 156 287 104 288 156 288 103 288 103 289 156 290 157 291 103 292 157 292 134 292 101 293 134 293 158 293 101 294 158 294 100 294 100 295 158 295 159 295 100 296 159 297 99 298 99 299 159 300 160 301 99 302 160 302 98 302 98 303 160 303 161 303 98 304 161 304 97 304 97 305 161 305 162 305 97 306 162 306 96 306 96 307 162 308 174 309 96 310 174 310 95 310 95 311 174 311 163 311 95 312 163 312 94 312 92 313 93 313 164 313 92 314 164 314 133 314 90 315 133 315 165 315 90 316 165 316 89 316 89 317 165 317 166 317 89 318 166 318 88 318 88 319 166 319 177 319 88 320 177 320 167 320 88 321 167 321 87 321 87 322 167 322 86 322 86 323 167 323 168 323 86 324 168 324 85 324 170 325 154 326 169 327 157 328 171 329 134 330 172 331 158 332 134 333 161 334 173 334 162 334 175 335 93 336 94 337 165 338 176 338 166 338 180 339 138 340 137 341 141 342 181 343 132 344 183 345 144 345 143 345 148 346 184 346 149 346 186 347 151 348 135 349</p>
        </triangles>
      </mesh>
    </geometry>
    <geometry id="eSeries_UR5e_023-mesh" name="eSeries UR5e.023">
      <mesh>
        <source id="eSeries_UR5e_023-mesh-positions">
          <float_array id="eSeries_UR5e_023-mesh-positions-array" count="231">-49.75887 73.14598 29.4665 -34.82241 73.10543 46.41445 -16.82045 73.06967 55.22961 12.37209 73.04502 56.47773 32.37701 73.06947 47.83016 41.79708 73.27912 40.17617 53.86719 73.13359 21.6428 58.67693 73.12064 -4.352042 51.55265 73.00224 -26.93803 34.74958 73.06281 -46.6451 12.41236 73.09069 -56.73892 -1.098584 73.03735 -58.09061 -18.46925 73.19856 -55.86279 -32.37354 73.06235 -48.22728 -51.27539 73.04656 -27.34078 -58.00216 73.08963 -4.971632 -57.17419 73.15247 9.589745 -52.51987 350.8988 25.58652 -32.97692 350.87 48.28106 -9.914792 350.8605 57.64575 21.48284 350.8613 54.1165 46.06489 350.8872 35.93964 58.65829 350.8728 3.314196 52.46049 350.9035 -24.79078 41.86924 350.8901 -41.15387 27.99513 350.9549 -50.88487 2.906605 350.8872 -59.10375 -33.3464 350.8824 -48.46314 -53.13434 350.8725 -24.49892 -58.12477 350.8954 0.03881269 -50.06407 347.9071 -30.10462 -17.18692 347.9785 -55.70812 23.09047 347.8217 -53.78559 54.92781 347.941 -19.77655 56.77431 348.0397 15.30914 37.33646 347.8587 44.65659 -50.46997 347.953 29.04512 -58.32843 347.8581 -0.4523711 54.90266 76.29151 19.11577 22.39789 76.13217 53.35312 -9.212553 75.94686 57.95904 -40.60539 76.05525 41.77523 -55.60121 76.93274 15.49004 -56.68512 76.20584 -14.32113 -41.30836 76.27791 -41.34221 31.01053 76.14398 -49.65759 49.73622 76.23664 -29.99561 4.480578 76.45534 -57.78963 12.94309 347.6551 56.25695 36.15405 91.98843 -24.32595 18.89396 92.13443 -39.60496 -2.791141 91.95505 -43.60357 -18.55986 92.18578 -39.2491 -30.88366 92.08491 -30.63732 -38.48053 92.25793 -19.80749 -43.46307 92.54832 -2.714101 -39.20763 91.94997 19.47882 -20.08494 92.54213 38.60429 15.8663 91.83956 40.35983 2.97458 92.31288 43.00907 31.9412 92.09238 29.26791 40.17374 92.09703 15.64306 43.52811 92.15508 -3.692673 -42.59392 332.0609 9.859999 -41.44068 331.5675 -12.97825 -34.65483 331.6953 -26.22265 -22.33046 331.5829 -37.15244 22.77209 331.7021 -37.18423 -8.448461 331.7603 -42.73488 6.620079 331.9705 -42.98763 38.34402 331.8378 -21.09629 43.53401 331.8498 3.409613 36.08172 331.9921 24.01574 18.95893 331.8265 39.14661 -2.830932 331.9999 43.16838 -18.55751 331.7865 38.83961 -31.93872 331.8963 29.26259</float_array>
          <technique_common>
            <accessor source="#eSeries_UR5e_023-mesh-positions-array" count="77" stride="3">
              <param name="X" type="float"/>
              <param name="Y" type="float"/>
              <param name="Z" type="float"/>
            </accessor>
          </technique_common>
        </source>
        <source id="eSeries_UR5e_023-mesh-normals">
          <float_array id="eSeries_UR5e_023-mesh-normals-array" count="372">-0.8712961 -0.4154651 -0.2612128 -0.62932 -0.5283436 -0.5699204 -0.1196041 0.2791265 -0.9527767 0.09955811 -0.07513999 -0.9921907 0.3830194 -0.3648978 -0.8486142 0.7312364 0.2786176 -0.622628 0.7039957 -0.2373993 -0.6693518 0.9682844 -0.1740593 0.1792451 0.3735725 -0.3394902 0.863244 -0.03336042 -0.6400069 0.7676447 -0.4196643 0.2955346 0.8582199 -0.4080616 0.4496238 0.7945592 -0.6889649 -0.3972349 0.6062442 -0.8619608 0.5048073 0.04683375 -0.7147851 0.3753682 -0.5900686 -0.2172028 0.636883 -0.7397318 0.2887251 0.3667885 -0.8843665 0.819925 -0.2150959 -0.530525 0.5682489 -0.1385978 -0.8111004 0.8907167 0.4101412 -0.1959789 0.751164 -0.6590395 -0.03767961 0.6431843 -0.638888 0.4220618 0.6926045 0.6700628 0.2670482 0.3792533 -0.4833992 0.7889818 0.5088281 0.5162761 0.6888781 0.1048887 0.3436326 0.9332283 -0.73684 0.2325707 0.6348053 -0.9763064 0.03082919 0.2141854 -0.9063679 -0.3459081 0.2425798 -0.8654505 -0.4387053 -0.2419366 -0.9752538 0.09748387 -0.1984365 0.2758376 0.3737069 -0.8855828 -0.4298908 0.463954 -0.7745584 -0.9257971 -0.1537721 0.3453317 0.5298293 0.5245231 0.6664506 0.924869 0.2424213 -0.2930007 -0.7638806 0.4781539 -0.4334229 -0.9364638 0.349835 0.02551901 -0.7532548 0.4835302 0.4458764 0.1239203 0.477801 0.8696839 0.827872 0.1589941 0.5379116 0.5443304 0.6570655 -0.5215069 0.4781495 0.6976914 -0.533479 0.2325494 0.6378082 -0.7342489 0.1237236 0.7009301 -0.702417 -0.1531168 0.6271441 -0.7637053 -0.1945354 0.6453954 -0.7386615 -0.3636825 0.6124262 -0.7019041 -0.4223908 0.6825069 -0.5964649 -0.6443539 0.6720609 -0.3648865 -0.6588944 0.5860767 -0.4715636 -0.6814774 0.7008976 -0.2105494 -0.7819284 0.6232278 0.01323366 -0.687455 0.7103617 0.1509703 -0.6696056 0.6239753 0.402844 -0.50292 0.7183952 0.4806036 -0.3668962 0.5943046 0.7156739 -0.1237203 0.7179098 0.685054 0.1838291 0.584815 0.7900623 0.1046159 0.6593652 0.7445086 0.4825959 0.6686365 0.5657089 0.4426428 0.6119303 0.6554455 0.6313635 0.6090751 0.480008 0.6325612 0.6735022 0.3824412 0.7118819 0.6909819 0.1255719 0.7824651 0.6212837 0.04189658 0.764662 0.6152132 -0.1918458 0.686618 0.6823529 -0.2508992 -0.7017936 -0.7120981 -0.02005439 -0.7552842 -0.6203238 -0.2115285 -0.6414583 -0.6899964 -0.335315 -0.5195326 -0.6316111 -0.5754594 -0.5169503 -0.6328737 -0.576397 -0.4103069 -0.6239675 -0.6650661 -0.2641722 -0.6852503 -0.6787084 -0.03800839 -0.6366142 -0.7702454 -0.00371176 -0.648929 -0.76084 0.1060236 -0.6327136 -0.7670936 0.2310678 -0.7002371 -0.6754819 0.5035538 -0.6246497 -0.5968638 0.5470311 -0.6528414 -0.5239803 0.6333507 -0.6136083 -0.4715421 0.6950716 -0.7037804 -0.1468624 0.7875955 -0.614911 -0.03972125 0.6561706 -0.7146731 0.242245 0.6590926 -0.6150826 0.4327474 0.4671557 -0.7144918 0.5208331 0.3383124 -0.6285059 0.700375 0.1230009 -0.7065616 0.6968798 -0.0388779 -0.6175843 0.7855433 -0.1952955 -0.6422744 0.7411769 -0.3022324 -0.5963032 0.7436922 -0.4482789 -0.6449385 0.618951 -0.5368677 -0.6117376 0.5809907 -0.6194404 -0.7103793 0.3341479 -0.7569169 -0.6209706 0.2036476 -0.9821203 -0.006313621 0.1881492 -0.9987011 0.006278753 -0.05056607 -0.9600563 -0.003891289 -0.2797799 -0.8899912 0.002003431 -0.4559735 -0.818679 -0.002304792 -0.5742469 -0.6634876 0.00334227 -0.7481799 -0.5727868 -0.001842558 -0.8197025 -0.3731217 0.002248704 -0.9277797 -0.2662205 -0.002788722 -0.9639082 -0.01681566 0.003225207 -0.9998535 0.181372 -0.004588067 -0.9834039 0.3381924 0.004034399 -0.9410684 0.6628103 -0.003163456 -0.7487807 0.7185217 0.002804577 -0.695499 0.9416719 -0.004066824 -0.336508 0.9782819 0.006115019 -0.207189 0.9852735 -0.005088388 0.1709099 0.9403916 0.004171907 0.340068 0.8558871 -0.003449976 0.5171513 0.6621404 0.004977822 0.7493633 0.5679643 -0.00315833 0.8230472 0.201376 0.002356708 0.9795112 0.1815327 0.00374329 0.9833779 -0.187673 -0.005198478 0.9822178 -0.2653912 7.4603e-4 0.9641406 -0.5819853 0.00291574 0.8131941 -0.707024 -0.007415413 0.7071507 -0.8764793 0.006923377 0.4813897</float_array>
          <technique_common>
            <accessor source="#eSeries_UR5e_023-mesh-normals-array" count="124" stride="3">
              <param name="X" type="float"/>
              <param name="Y" type="float"/>
              <param name="Z" type="float"/>
            </accessor>
          </technique_common>
        </source>
        <vertices id="eSeries_UR5e_023-mesh-vertices">
          <input semantic="POSITION" source="#eSeries_UR5e_023-mesh-positions"/>
        </vertices>
        <triangles material="LinkGrey_006-material" count="124">
          <input semantic="VERTEX" source="#eSeries_UR5e_023-mesh-vertices" offset="0"/>
          <input semantic="NORMAL" source="#eSeries_UR5e_023-mesh-normals" offset="1"/>
          <p>15 0 43 0 14 0 14 1 44 1 13 1 11 2 12 2 47 2 11 3 47 3 10 3 10 4 45 4 9 4 9 5 45 5 8 5 45 6 46 6 8 6 7 7 38 7 6 7 4 8 39 8 3 8 3 9 40 9 2 9 2 10 40 10 1 10 41 11 1 11 40 11 1 12 41 12 0 12 15 13 16 13 43 13 27 14 30 14 28 14 26 15 31 15 27 15 25 16 32 16 26 16 23 17 33 17 24 17 25 18 24 18 32 18 33 19 23 19 22 19 33 20 22 20 34 20 21 21 35 21 34 21 21 22 34 22 22 22 20 23 48 23 35 23 20 24 35 24 21 24 19 25 48 25 20 25 17 26 36 26 18 26 29 27 37 27 17 27 17 28 37 28 36 28 28 29 30 29 37 29 28 30 37 30 29 30 47 31 45 31 10 31 44 32 12 32 13 32 42 33 16 33 0 33 5 34 39 34 4 34 46 35 7 35 8 35 43 36 44 36 14 36 42 37 43 37 16 37 41 38 42 38 0 38 39 39 40 39 3 39 5 40 6 40 38 40 49 41 46 41 45 41 49 42 45 42 50 42 50 43 45 43 47 43 50 44 47 44 51 44 51 45 47 45 12 45 51 46 12 46 52 46 12 47 44 47 52 47 52 48 44 48 53 48 53 49 44 49 43 49 53 50 43 50 54 50 54 51 43 51 55 51 55 52 43 52 42 52 55 53 42 53 56 53 56 54 42 54 41 54 56 55 41 55 57 55 57 56 41 56 40 56 57 57 40 57 59 57 59 58 40 58 58 58 58 59 40 59 39 59 58 60 39 60 5 60 58 61 5 61 60 61 60 62 5 62 38 62 60 63 38 63 61 63 61 64 38 64 62 64 62 65 38 65 7 65 62 66 7 66 46 66 62 67 46 67 49 67 63 68 37 68 64 68 64 69 37 69 30 69 64 70 30 70 65 70 65 71 30 71 27 71 65 72 27 72 66 72 27 73 31 73 66 73 66 74 31 74 68 74 68 75 31 75 26 75 68 76 26 76 69 76 69 77 26 77 32 77 69 78 32 78 67 78 67 79 32 79 24 79 67 80 24 80 70 80 70 81 24 81 33 81 70 82 33 82 71 82 71 83 33 83 34 83 71 84 34 84 72 84 72 85 34 85 35 85 72 86 35 86 73 86 73 87 35 87 48 87 73 88 48 88 74 88 74 89 48 89 19 89 74 90 19 90 75 90 75 91 19 91 18 91 75 92 18 92 76 92 76 93 18 93 36 93 76 94 36 94 63 94 63 95 36 95 37 95 56 96 63 96 55 96 55 97 63 97 64 97 55 98 64 98 54 98 54 99 64 99 65 99 54 100 65 100 53 100 53 101 65 101 66 101 53 102 66 102 52 102 52 103 66 103 68 103 52 104 68 104 51 104 51 105 68 105 69 105 51 106 69 106 50 106 50 107 69 107 67 107 50 108 67 108 49 108 49 109 67 109 70 109 49 110 70 110 62 110 62 111 70 111 71 111 62 112 71 112 61 112 61 113 71 113 72 113 61 114 72 114 60 114 60 115 72 115 73 115 60 116 73 116 58 116 58 117 73 117 59 117 59 118 73 118 74 118 59 119 74 119 57 119 57 120 74 120 75 120 57 121 75 121 76 121 57 122 76 122 56 122 56 123 76 123 63 123</p>
        </triangles>
      </mesh>
    </geometry>
    <geometry id="eSeries_UR5e_022-mesh" name="eSeries UR5e.022">
      <mesh>
        <source id="eSeries_UR5e_022-mesh-positions">
          <float_array id="eSeries_UR5e_022-mesh-positions-array" count="3528">-36.0624 460.5603 48.49014 -35.60834 461.4353 49.05297 -34.98833 460.3364 49.11455 -35.15809 459.7662 49.16205 -36.07049 459.0999 49.32471 -36.58573 459.7384 49.04682 -37.34698 459.8771 49.31564 -37.25917 461.2552 49.25872 -36.55285 461.41 49.05043 -36.0471 462.0243 49.32682 -34.79776 461.2872 49.31675 36.06249 460.5603 48.49014 36.53787 461.4221 49.05313 35.57297 461.4096 49.04808 37.32784 459.8468 49.31353 36.56669 459.7199 49.04953 36.05548 459.0998 49.32468 35.53709 459.7392 49.04701 34.7792 459.8745 49.31539 34.86679 461.2565 49.25854 36.06805 462.0209 49.3248 37.27302 461.2655 49.26773 -36.06635 462.0456 50.59759 -35.49426 461.3742 50.32985 -34.80717 461.3034 50.56805 -35.09026 460.5252 50.31368 -34.82141 459.8415 50.56402 -36.46173 459.6393 50.33507 -36.01403 459.0886 50.59688 -37.04843 460.559 50.31545 -37.23386 459.7391 50.57161 -37.34738 461.2545 50.57154 -36.65563 461.3677 50.33396 36.46069 461.484 50.33624 37.33228 461.3043 50.57293 37.05702 460.5956 50.33238 37.32432 459.8676 50.56454 35.65901 459.6446 50.33309 36.11088 459.0886 50.59688 35.07454 460.5589 50.31648 34.74796 459.8223 50.57257 34.82728 461.2868 50.57478 36.04682 462.0316 50.59896 35.57562 461.394 50.30957 -36.0624 388.4355 60.49014 -34.79878 387.7284 61.31104 -35.61642 387.569 61.04647 -36.10699 386.9845 61.31962 -36.58755 387.614 61.04711 -37.34504 387.7619 61.31289 -37.25764 389.1293 61.25735 -36.50896 389.3015 61.0466 -36.02301 389.8829 61.31802 -35.5718 389.2849 61.0505 -34.85259 389.1409 61.26768 36.06249 388.4355 60.49014 36.53799 389.2971 61.0531 37.32609 387.7283 61.31111 36.50848 387.569 61.04648 36.01793 386.9845 61.31961 35.53733 387.614 61.04712 34.77986 387.762 61.31289 34.86724 389.1293 61.25736 35.61592 389.3015 61.0466 36.10301 389.8828 61.31805 37.27321 389.139 61.26736 -35.65952 389.3524 62.33365 -34.79544 389.1802 62.57275 -35.06787 388.4704 62.33238 -34.77075 387.7694 62.57301 -35.56208 387.6074 62.31002 -36.46608 387.52 62.33315 -36.04018 386.9651 62.59324 -37.0494 388.4332 62.31615 -37.37789 387.6999 62.57318 -37.30852 389.1649 62.58953 -36.15539 389.9082 62.58109 -36.56377 389.2626 62.30972 -38.72758 459.7128 49.97004 -37.62725 458.2185 49.90656 -33.52384 461.7943 49.89645 -34.8663 463.1148 49.9139 -38.18299 462.4226 49.92108 -38.76836 461.1383 49.95355 -36.62544 463.305 49.92063 -33.29465 460.5864 49.95693 -33.58716 459.2739 49.9427 -34.83261 458.0476 49.9365 -36.11778 457.7489 49.88945 33.61005 459.2723 49.93676 34.49765 458.2185 49.90656 38.48632 461.9501 49.91446 37.25288 463.1159 49.9154 34.10229 462.5606 49.97037 33.25933 460.815 49.92958 35.64302 463.3343 49.88679 38.84771 460.4552 49.96445 38.48037 459.1445 49.89812 37.29228 458.0476 49.9365 36.00712 457.7489 49.88945 36.46102 389.3587 62.33609 37.33122 389.1773 62.57286 37.05702 388.4706 62.3324 37.35432 387.7695 62.57312 36.56277 387.6075 62.30994 35.6588 387.52 62.33315 36.08475 386.9651 62.59324 35.07552 388.4333 62.31614 34.89216 387.6146 62.57217 34.70449 389.0598 62.60953 35.96951 389.9082 62.58109 35.5611 389.2626 62.30971 26.98815 445.9009 61.60946 19.21163 438.8646 62.53656 22.06053 434.3396 63.13227 -3.791557 432.869 63.32345 -13.55586 448.5052 61.26885 6.78158 441.8635 62.14178 24.59301 448.4213 61.27636 20.3413 425.3082 64.32156 27.15797 402.9045 67.27114 -4.080926 407.9199 66.61247 -8.544572 405.7639 66.89434 -2.08561 437.4878 62.71617 21.87923 428.8179 64.04109 -13.61985 408.4952 66.53602 14.85698 441.2335 62.22536 1.40618 440.2593 62.35174 14.98999 417.583 65.33639 -5.774251 406.3205 66.81945 15.27886 414.8884 65.6928 -12.18994 406.4722 66.80252 3.660124 407.4921 66.66841 7.546754 413.7355 65.84491 24.2749 395.0231 68.30889 -27.08973 398.0625 67.90827 -21.01814 406.5263 66.79436 9.253809 410.3171 66.29425 -0.3701437 401.1814 67.49687 -21.30944 448.5695 61.25886 -24.81459 448.3796 61.2798 7.380073 416.5142 65.66593 2.127526 403.6921 67.165 -18.4567 402.3331 67.34539 -24.78288 395.1641 68.28906 -5.57569 399.3864 67.73397 -10.02086 399.2385 68.01842 -14.86086 400.0887 67.64227 -27.00474 445.7178 61.63692 13.20863 426.9822 64.10086 14.5214 430.6029 63.62497 4.103555 432.8143 63.33202 8.717017 420.8409 64.90951 12.35556 434.6732 63.09066 9.123866 435.1775 63.02286 6.043799 434.6363 63.094 13.93416 433.1691 63.28598 -37.33359 385.9447 61.93278 -34.12386 390.4732 61.90828 -36.03557 391.2717 61.95964 -37.87876 390.5617 61.91108 -38.73297 389.2421 61.94687 -33.27569 388.7611 61.96707 -33.68111 386.8995 61.88734 -35.40363 385.6793 61.95008 -38.71252 387.3829 61.89068 -35.00925 463.203 48.56834 -33.33931 461.5855 48.56893 -33.31517 459.6756 48.51851 -34.56573 458.0976 48.53084 -36.58464 457.6495 48.52949 -38.80018 459.5884 48.56898 -38.59178 461.8683 48.56874 -37.09624 463.2366 48.56839 -32.87505 461.7694 48.65872 -32.65972 459.885 48.88029 -33.35028 458.5057 48.73265 -34.38665 457.5271 48.84435 -35.77416 457.1322 48.84612 -37.41608 457.4242 48.70086 -35.0213 464.6169 48.6684 37.09846 463.208 48.568 38.77897 461.6122 48.56875 38.3361 458.6899 48.56787 36.12981 457.7305 48.56792 34.33156 458.2664 48.56896 33.26647 460.0427 48.56844 33.61603 462.0879 48.56793 35.31908 463.2978 48.56869 32.91923 461.8237 48.63016 37.59642 457.5556 48.64799 36.39867 457.1423 48.81227 34.72941 457.4161 48.70706 33.6014 458.2456 48.67713 32.93965 459.2413 48.69948 32.56155 460.8957 48.92409 40.82283 460.0814 48.68551 34.79127 385.9447 61.93278 38.00097 390.4732 61.90831 36.08432 391.2728 61.95879 33.88195 390.2589 61.92539 33.25597 388.4358 61.88772 38.84927 388.7583 61.96776 38.4336 386.8967 61.88785 36.72123 385.6792 61.95008 33.55725 387.175 61.92302 -5.97824 406.2474 67.29113 -8.602817 405.7856 67.3268 -4.789902 407.0249 67.16782 -13.6438 408.5433 66.96894 26.14852 447.3281 61.87731 27.11423 445.6593 62.09716 24.17751 448.6193 61.70535 20.58902 425.8005 64.71813 20.87583 436.8484 63.2131 22.04692 433.9261 63.60763 13.83293 441.486 62.61235 3.180527 441.0422 62.67987 8.040368 441.9398 62.54634 -2.80384 436.1841 63.2798 -3.782895 432.9482 63.76805 -0.5732902 439.0574 62.92337 -27.19963 398.8669 68.24566 -26.87294 397.5211 68.41839 -24.83292 395.3307 68.73117 -23.59989 448.7629 61.68436 -25.13618 448.1661 61.77831 -21.24185 448.6239 61.70697 -21.14753 408.0975 67.00463 -16.60776 400.9442 67.89947 -18.92231 402.9274 67.69818 -20.4056 405.26 67.39011 3.346994 406.585 67.24294 9.310534 435.2471 63.42477 11.84501 434.9225 63.5016 14.52983 430.5752 64.08507 13.36271 434.0818 63.60581 9.025856 421.4783 65.20574 9.134525 410.5787 66.68717 24.09069 394.949 68.73512 -42.40734 387.8586 63.57579 -37.75059 456.9371 56.52152 -32.89171 462.7269 54.19884 -32.38439 461.7413 55.28152 -32.52641 458.611 57.91787 -33.83737 457.2397 58.10979 -41.94545 460.4495 48.61481 -40.75805 460.0615 48.68669 -43.68063 460.0633 48.64922 -34.84554 468.0693 48.62214 -35.44654 466.7602 48.62313 -35.36549 465.5632 48.67338 32.2 459.7987 57.12124 38.14292 457.2563 55.78897 36.61185 456.6308 57.34041 34.7899 456.7048 58.39035 32.39855 458.6962 58.22008 32.19903 461.6841 55.96394 32.7077 462.3882 54.27312 35.50138 466.3573 48.60787 35.22116 464.9636 48.67969 35.54405 468.113 47.58229 35.20609 467.541 48.58296 43.4225 460.0766 48.83634 42.13375 460.4251 48.62336 44.14639 459.9967 48.13494 37.7546 391.3514 60.80728 41.25088 388.814 65.30384 33.22995 386.6254 60.80768 32.726 386.5474 68.55795 32.8844 389.7508 60.83136 32.51992 389.949 68.0839 34.64505 391.4562 60.68115 37.7038 391.8478 67.50623 32.41267 384.2993 70.11662 33.17785 385.0113 69.63851 -3.958704 408.5079 66.9683 -11.90566 406.3731 67.26982 -13.03642 407.3396 67.15633 -13.70807 448.3059 61.7405 -13.31283 448.7278 61.69927 27.18956 402.8489 67.74377 15.35723 414.7537 66.15773 14.8754 416.3033 65.98309 15.06853 417.8009 65.73972 22.16344 430.6973 64.05574 19.18561 438.8161 62.99322 17.26578 440.2559 62.74508 -23.21347 394.8171 68.79714 -25.93908 396.1859 68.62908 -27.14046 445.2545 62.13727 -26.48638 446.8803 61.93094 -13.92412 399.9521 68.11654 -7.293263 399.2603 68.18101 -3.266795 399.9971 68.0646 1.759457 403.185 67.64149 -0.28464 401.4165 67.88492 3.734928 414.1702 66.25695 3.778825 431.4282 63.96458 4.176794 432.9181 63.77016 5.163322 434.2205 63.61077 7.012671 435.0185 63.48447 14.27928 432.5528 63.83311 13.33443 427.1969 64.50897 7.690557 418.1268 65.70396 7.690622 413.38 66.36088 24.2616 395.4349 68.70317 -33.31656 391.146 67.9037 -31.53819 390.5618 69.27339 -35.60223 393.1284 68.66004 -33.95727 393.2403 68.94688 -32.66819 391.8032 68.93857 -34.72044 392.3898 68.19215 -31.08013 388.2147 69.58509 -39.655 393.1286 68.97693 -36.49572 393.5861 68.88992 -32.77625 384.8155 69.95794 -32.43452 387.0397 68.51583 -32.27323 389.4535 68.27579 -31.90812 387.0805 69.33491 -37.36021 392.0933 67.75632 -35.44862 392.1854 67.34272 31.07745 391.0828 69.32184 32.15406 388.1039 68.55944 33.51157 391.3197 67.83449 36.4656 393.8258 68.94113 34.21085 393.746 68.95447 30.38412 388.1116 69.7221 37.35338 392.4859 68.34594 35.37922 392.9815 68.56441 36.15267 392.2714 67.64959 34.71274 392.0353 67.71995 33.542 392.2995 68.70731 31.54719 389.3003 69.1929 32.11186 390.9207 68.98501 31.5414 387.2205 69.57017 39.41111 392.6914 68.9474 -32.90674 387.0974 60.83943 -35.20244 391.7439 60.81995 -32.73302 389.0791 60.8581 -36.18755 391.2798 60.5707 -38.35866 390.2392 60.56807 -38.84102 387.8008 60.56882 -37.77612 386.1582 60.55795 -35.9258 385.5888 60.56836 -34.13045 386.3428 60.57009 -33.2993 387.8349 60.56802 -33.43121 389.5252 60.5683 -35.08547 391.2562 60.546 -32.96387 387.8381 60.56964 -37.36309 391.5444 60.7054 -33.50804 390.5777 60.67967 -37.11678 382.0335 60.61569 -42.32815 387.4793 60.62907 -44.79005 388.3544 62.54893 -43.20249 387.3537 60.60557 -43.65618 389.228 65.70556 -42.25996 389.3285 66.69625 -44.22099 387.9678 63.06277 -43.43241 388.1437 64.31152 -42.05041 390.5212 67.70746 -40.02864 392.0696 68.7624 -39.92721 391.0155 68.15312 -40.89586 389.4164 66.61021 -32.04837 460.7342 56.85797 -34.38323 465.7415 51.53636 -38.76748 455.5095 58.5424 -41.40858 457.0281 55.92874 -41.49577 458.3105 54.26337 -37.31034 456.0962 58.46957 -30.87965 460.7257 58.60881 -31.38236 464.8735 55.84702 -32.80983 466.0255 53.78612 -32.17634 457.9283 59.17135 -31.62167 456.3483 60.33505 -33.40202 455.9562 60.03972 -35.43234 456.5486 58.33336 -41.11643 459.3592 52.14522 -43.23766 457.9972 53.17245 -43.30456 459.1216 51.43812 -42.78248 460.908 48.13775 -43.40987 461.1197 46.96062 -38.93709 465.378 47.34469 -35.57501 467.98 47.75736 -33.57247 467.5191 51.36548 33.2684 457.5319 58.59833 30.06728 461.6625 58.4799 32.29021 456.58 60.05668 41.21977 456.7577 56.33547 40.49656 458.2492 54.58253 38.58916 455.4824 58.62665 42.15297 458.2865 53.94127 36.32428 456.0179 58.8332 33.13479 465.8597 53.4988 31.49075 464.9474 55.68239 31.49593 460.8655 57.85321 33.01582 467.6067 51.877 34.60881 465.9514 51.04644 36.08705 466.9699 48.17736 38.98934 465.4806 47.1721 42.50317 460.8842 48.28493 42.15406 462.4836 46.89933 41.39337 459.6018 51.43256 43.63838 458.3788 52.2206 43.02357 389.612 66.57543 40.29999 390.088 67.28284 44.39405 388.0184 62.72622 41.91556 389.1397 66.43447 40.45111 390.8794 68.15779 42.30175 387.5149 60.64079 45.64802 389.2925 61.23147 43.00336 387.6604 63.14409 41.31606 391.0931 68.22306 43.09531 388.1297 64.44423 44.00529 388.7167 64.737 35.91849 391.2807 60.56832 33.92356 390.3723 60.53461 33.12916 388.3497 60.54822 34.34132 386.1634 60.56809 36.19909 385.5888 60.56837 37.98368 386.335 60.56093 38.94273 388.2908 60.56875 38.00275 390.5599 60.56911 36.69135 391.6993 60.65426 32.83425 387.7274 60.6761 34.89884 383.5946 68.53288 36.57437 382.0574 65.67331 34.26733 382.6856 69.29064 35.64979 381.0288 67.52539 36.40803 379.901 64.8421 36.8786 380.7916 64.458 36.4159 381.6705 66.31056 -30.71613 452.5945 61.22827 32.65628 452.3542 61.21828 17.85991 463.1286 59.73352 -14.39995 463.6286 59.72486 41.48244 440.4244 62.76368 -46.99034 423.0541 65.025 24.76759 378.0437 70.95323 -5.073738 371.6363 71.85044 -43.58948 437.4598 63.09745 -16.02441 374.2772 71.50984 -44.75238 404.9559 67.44942 46.49176 428.1373 64.30867 45.56295 407.4192 67.11699 -35.49119 383.2326 67.56575 -36.27509 381.3554 66.64847 -36.04202 380.4487 66.46278 -35.1464 381.9654 68.46337 -33.93304 383.0917 69.51206 -34.31053 384.1294 68.99276 -36.87265 380.7733 64.41379 -36.39101 379.8203 64.46032 -36.72244 381.8822 64.95446 -44.10255 387.4103 59.89538 -43.07449 386.8341 60.05304 -23.90257 463.2194 59.06138 54.49451 406.5813 58.32259 55.83835 411.4191 57.06019 49.56636 452.3849 48.84175 32.93906 470.7809 44.42104 -13.56465 479.3891 43.85632 -48.56904 454.1502 48.43057 -46.98905 393.4677 64.53852 -45.34826 394.994 66.79442 -37.87212 467.0461 44.4021 -46.45459 456.2002 50.27585 -40.65199 452.0202 59.50351 -38.27901 448.3399 61.48914 25.81904 465.9935 57.20985 22.53444 463.9893 58.96479 40.05344 448.5359 61.04355 41.52516 451.1652 59.46023 47.30718 456.001 48.14677 -1.571742 468.2053 58.76562 -49.35021 394.9083 60.88693 -52.82496 402.0457 59.37271 -55.14319 408.3756 57.26793 -56.39828 414.5421 56.60459 -57.09018 420.724 55.43134 -57.07544 428.525 53.36192 -55.97241 435.6125 52.16657 -54.41427 441.6037 50.86186 -51.66636 448.338 49.74172 -31.465 471.6068 45.23566 -27.28395 474.0978 44.83222 -22.82065 476.2722 44.452 -18.31391 478.095 43.41361 -8.974173 480.3159 43.65081 -1.708812 481.2409 41.44071 4.910342 480.8126 43.60849 9.619327 480.203 43.73624 17.67058 478.4627 42.31208 25.2432 475.3262 43.34801 53.14462 445.2054 49.56459 51.30675 449.0606 49.59244 54.69223 440.602 51.14862 55.80762 436.1184 52.26266 56.98453 428.9864 53.50689 57.17811 422.6566 54.84228 56.73531 416.743 56.24105 51.98947 400.3333 60.36451 49.75661 395.5624 60.32386 47.69835 393.0007 62.71713 46.58036 393.9896 65.36219 44.27016 395.3995 67.54853 30.23419 471.7106 47.35321 24.41248 475.2026 45.93024 15.79965 478.4635 45.34267 -2.142821 480.5307 45.48986 9.591103 468.7434 58.25513 53.06753 442.4397 53.96523 49.27089 450.1961 53.22286 50.55544 443.9425 56.81875 47.73943 449.7154 55.82779 46.16105 447.2082 58.88359 44.25024 442.8978 61.56317 52.58002 438.1151 57.72053 50.13907 437.7245 60.29051 48.46326 433.3996 62.63347 54.72118 434.1176 56.69136 55.98589 429.7855 56.28193 54.05522 426.6219 60.34349 52.1693 430.7731 61.08356 56.02796 421.2388 58.42417 54.72664 421.5682 60.4878 52.04146 420.8696 63.23564 49.45214 420.776 64.64086 55.04574 412.7478 60.02059 53.89004 413.2185 61.91806 52.35139 413.7287 63.55293 49.47645 412.6904 65.5282 52.99476 406.7632 62.16118 49.82248 406.5494 65.41257 51.05632 400.7717 62.7931 50.07098 401.4703 64.39241 48.78612 402.2861 65.72015 45.55052 401.5429 67.39378 -47.38254 447.3305 57.92173 -46.49522 445.1935 59.58316 -50.0896 437.8965 60.26302 -52.22246 427.8451 61.81188 -53.86342 429.8815 59.64208 -53.53224 416.9502 62.39147 -50.34739 410.331 65.11843 -49.8611 401.6529 64.721 -50.91438 418.3518 64.2233 -47.65929 404.3202 66.58154 28.97699 469.4684 52.71222 21.99973 470.5888 54.87773 14.31956 473.4052 54.45827 6.230634 475.013 54.21719 -1.957671 475.3448 54.16757 -10.16764 474.3934 54.30965 -17.1126 470.3615 56.44157 -18.03191 472.8504 54.04083 -26.66797 469.5905 53.96633 -44.62962 442.399 61.59547 -48.25527 433.8036 62.5642 -50.06278 424.9624 63.70572 -44.81454 398.3186 67.58685 17.32895 469.5809 56.86319 9.861495 471.6493 56.5737 -1.404517 472.8263 56.35186 -11.21291 469.0011 58.05512 -24.96008 466.6903 57.00326 -48.12784 413.7365 65.91684 -54.66437 408.3707 59.38334 -52.03923 444.3393 54.29645 -55.42575 431.9373 56.51076 -49.23661 450.2616 53.2116 -54.06969 438.2602 55.32543 -56.02826 425.5432 57.63 -55.70532 417.0347 59.21231 -51.37936 400.9456 62.30456 -19.11184 476.1247 48.99743 -11.51736 478.3331 48.43412 -27.94779 472.0844 49.44866 -53.0624 409.1831 62.65198 -47.6914 449.8052 55.81262 -52.55936 438.1942 57.70719 -54.72845 421.6437 60.47526 24.02903 474.1166 49.15081 15.65865 477.2946 48.61887 6.799311 479.1133 48.3118 -2.499613 479.1383 49.00233 23.12382 472.6063 52.18327 15.05845 475.6203 51.7092 6.543673 477.3431 51.43545 -2.655947 477.5103 51.60025 -10.73861 476.6695 51.54181 -23.01756 472.6555 52.17562 44.28792 387.5061 59.62257 43.53097 387.3471 60.53729 42.95689 386.802 60.1049 37.01014 380.1094 60.23536 37.26235 381.3594 60.61496 4.021817 366.8599 66.41116 6.009084 367.0491 67.60373 10.70655 367.9554 68.27178 13.93323 368.3879 65.61954 16.47288 369.2397 67.62355 26.4086 373.3175 66.7078 31.05772 376.049 66.10546 -26.84169 379.3883 70.6938 -10.718 367.9188 68.20295 -5.442387 367.1583 68.38993 -16.09949 369.0921 67.25171 -25.98546 372.9598 65.9883 -20.99038 370.8237 67.28179 -30.53411 375.5606 65.45392 -32.52645 376.5317 61.22827 -0.2937217 366.8858 68.37629 -0.0269972 368.0579 70.30849 -8.291271 368.8634 70.44217 -16.08145 369.9562 69.21955 -19.0237 372.2258 70.35646 -26.30181 374.6098 68.88121 -30.65364 376.8915 67.89582 -29.91857 378.7841 69.69337 17.6097 373.1785 71.11912 7.860188 371.1844 71.72495 5.687068 368.1677 70.13671 0.01306295 369.7207 71.47257 -7.799561 370.4452 71.43791 -22.39309 375.0971 70.73378 21.50714 371.0295 67.21575 28.45938 375.8829 68.62711 27.84354 377.1582 69.85478 13.68274 369.9759 70.21286 21.20366 372.6372 69.73334 -37.20493 381.3954 60.78973 -2.997043 483.9095 14.38777 4.856072 482.9582 14.92259 20.75178 478.4876 17.6323 12.92692 480.9722 16.31989 -14.547 481.4961 15.52939 -7.626099 482.0167 15.59159 7.186407 483.55 14.53248 18.21821 479.9002 16.33192 2.620531 482.4225 15.55709 -18.19836 479.4989 16.87308 -20.82112 480.2348 15.93139 -37.61257 381.1309 60.06858 -37.93139 380.7413 59.25037 51.89755 450.2096 29.51405 57.68907 420.4635 42.9051 40.92971 383.4779 58.44338 45.47329 388.5798 56.24433 48.20973 392.4675 54.754 50.69571 396.3585 52.72599 53.1336 401.4891 50.91001 55.39268 407.7699 48.37952 56.66267 436.1104 36.03532 57.84848 428.3208 39.18492 55.44414 441.1853 33.60847 53.65107 446.1056 31.73452 47.55457 457.4634 26.85033 40.9611 465.5369 23.01834 28.40424 474.9405 19.19492 34.8694 470.632 20.93717 -25.1062 476.6379 18.22695 -42.25522 464.0303 24.06116 -32.049 472.7095 20.19119 -38.04997 468.0755 22.26137 -47.8209 457.1229 27.01752 -56.27117 438.2673 35.01203 -57.45461 431.125 38.34245 -57.85044 425.7057 40.45101 -57.5487 418.3001 43.9013 -56.03406 410.1124 47.27548 -54.42924 404.9462 49.78109 -45.07245 388.1048 56.41616 -52.49438 399.8876 51.22541 -49.63177 394.6098 53.7696 40.52473 383.7265 59.82709 37.72695 381.1239 59.87773 37.06685 382.0937 60.63236 30.80268 375.5111 62.35743 23.73722 371.6963 63.51035 -7.467587 366.992 65.48373 -14.849 368.4802 64.79571 -26.29881 372.841 63.13431 -57.09035 413.0013 45.28464 -58.27294 428.3251 38.55697 -56.74679 438.38 34.21554 -52.81646 448.2126 30.80373 -27.56737 477.4337 17.02267 -28.57171 475.2812 18.34551 -41.10672 465.8538 22.42163 -34.15389 471.6153 19.95001 -48.02052 457.6099 25.9819 -43.99405 464.8085 22.38802 -53.36214 448.251 29.98524 -58.07313 420.2975 42.12173 -56.48494 443.0989 31.78396 -59.30457 422.8753 40.32058 -58.90645 432.5928 36.17892 53.56605 448.2019 29.91926 27.87488 475.6535 18.19151 57.76702 433.0513 36.53258 55.25173 446.1019 30.56153 56.0326 408.4416 47.16917 57.2257 414.9885 44.55077 58.32917 422.3508 41.13964 48.41011 457.1528 26.13756 40.23247 466.9695 21.89831 49.48912 457.5613 25.57624 33.03242 473.9575 18.59914 -42.12446 383.4262 57.41701 -40.48435 383.0306 58.58803 -36.57708 378.3946 59.51891 -49.90256 394.0137 53.17388 -54.7256 404.6146 48.88512 -45.52846 387.5157 55.75981 50.8809 394.636 52.53749 47.41863 389.8476 54.74335 44.1433 385.3685 56.4433 40.94196 382.6406 57.94466 56.66336 407.1863 47.02465 53.49011 401.1599 50.22659 37.4865 380.0849 59.37048 -4.734521 366.1901 65.02257 -0.1626846 366.4691 65.40079 30.74796 374.9007 61.46313 -9.661609 366.4252 64.56802 -32.61232 375.4296 60.72869 -36.93243 379.9284 60.00296 -23.50069 370.7281 62.88702 -28.07743 372.8856 61.92053 -14.46003 367.213 64.0603 -19.49362 369.9084 64.13383 -19.22504 368.8633 63.55146 14.71254 368.1425 64.42456 9.74433 367.311 65.07483 5.045547 366.4999 65.17872 7.627592 365.5031 64.40293 19.51195 369.8937 64.04166 14.91275 482.1646 15.12284 7.298489 484.1854 13.00122 21.01141 480.5064 15.49226 33.62117 474.2687 17.41534 -57.74139 409.3539 45.6477 -58.88895 415.6588 43.17807 -52.21792 454.1763 25.89924 -54.835 449.0754 27.78672 -48.82001 459.4981 23.80501 -34.07244 473.2133 18.96581 59.44005 428.9497 37.53034 27.13506 477.66 16.93326 41.02316 467.7748 21.15784 -54.81498 448.2039 29.26506 -50.0348 456.3774 26.18623 -0.05623322 484.5539 13.17095 -6.370613 484.236 13.26985 -10.4745 483.6613 13.12246 -14.40506 482.7921 14.11967 -20.29058 481.1097 14.28681 -27.35491 477.988 15.73324 -33.40661 474.4862 17.21707 -39.03617 469.9284 19.83228 -45.24586 464.0721 21.59673 -57.31941 442.6338 30.52506 -59.15438 435.0034 33.88671 -59.90979 429.3132 36.21527 -60.0867 423.0339 38.82446 -57.40543 406.5819 45.74364 -59.56303 416.2497 41.44473 57.8922 408.5767 45.31446 58.96669 412.8638 42.57254 59.18784 415.6012 42.76117 59.78403 418.378 40.34283 60.06075 422.9461 38.77254 59.91757 429.5215 35.82958 58.91978 436.3414 33.07551 57.37355 442.3813 30.50518 58.62122 435.6018 34.71219 55.05663 448.5097 28.20175 48.495 459.9854 23.29928 52.00778 454.3902 26.07262 44.30019 465.088 21.23348 40.91064 468.4929 19.5822 38.42553 470.7334 18.74272 28.04078 477.6325 15.95065 20.0774 481.1541 14.29924 13.92609 482.9348 13.72688 59.52982 422.2463 40.38537 57.14984 442.0886 31.69528 -55.4049 403.0776 48.65085 55.59024 402.3299 48.35129 -54.85487 400.0194 48.75029 -51.46593 393.3903 51.22255 55.80141 402.134 47.39967 48.33762 388.6965 53.09 52.59931 395.4958 50.6808 42.29872 381.7289 55.92904 34.80172 375.4578 58.85651 26.57833 370.5558 60.88974 19.83902 367.8157 62.26577 12.60582 365.7029 62.94868 2.689224 364.4325 63.56953 -5.544595 364.6824 63.57603 -17.48617 366.914 62.22177 -26.7702 370.6052 60.68056 -35.98079 376.3247 58.27614 -42.31773 381.7642 55.95 -47.26725 387.3633 53.5772 48.76908 389.7383 53.56134 44.39157 384.287 55.74828 38.86799 379.3458 58.4628 31.2112 373.7513 60.81872 22.44486 369.3831 62.7488 15.01557 366.8178 63.6402 0.05679249 365.0108 64.54244 -10.73042 365.4407 63.38296 -19.87934 368.064 62.69982 -26.93935 371.1239 61.64048 -35.31589 376.0523 59.18907 -42.88435 382.8001 56.68335 -47.37538 388.2505 54.54987 -51.60954 394.617 51.957 -40.58726 468.8773 18.16876 -23.44356 479.7404 11.18022 24.70053 479.2075 11.38177 52.16576 454.4177 24.30499 -18.78546 367.5665 58.72107 -40.77428 380.5148 53.44923 -34.06299 375.1456 55.73598 -25.67927 370.2852 57.81158 -11.93299 365.8262 59.67977 6.059296 364.8732 60.05639 17.9084 367.3391 59.02763 23.90813 369.5094 57.98262 31.71764 373.5356 56.40066 38.53356 378.5559 54.35643 45.25102 385.1349 51.46112 -51.88299 394.3575 47.5349 -57.4534 407.5012 41.89702 -58.70664 412.1963 39.91956 -59.94871 421.3147 36.01679 -59.72679 430.0745 32.25758 -58.32324 438.7418 28.57663 -54.66449 449.3657 24.09107 -50.84567 456.3226 21.18918 -44.41565 464.8511 17.4336 -30.34895 476.247 12.60694 -13.72198 482.9247 9.722911 0.2038475 484.4846 9.040314 8.158902 483.9388 9.362788 16.1158 482.3212 10.02505 32.46352 474.9793 13.19855 40.09188 469.1107 15.68971 47.04617 461.7018 18.82477 51.79437 454.8554 21.68793 55.87152 446.3242 25.43068 58.48101 438.0377 28.88257 59.724 418.9313 37.05645 58.25665 410.0489 40.875 55.02258 400.618 44.89059 0.3998284 364.5603 60.00841 2.998738 483.9996 8.5366 50.57438 392.2768 48.39213 40.48549 380.4662 53.10612 12.93177 365.9844 59.59006 31.46981 373.6427 56.03536 59.95486 427.526 33.41785 36.30884 471.8276 13.80119 26.28771 478.028 11.12812 43.30139 465.9686 16.7909 45.88555 462.5005 17.77955 52.23819 453.2497 21.75892 56.29875 444.4335 25.57818 59.46257 430.3817 31.59968 59.15287 416.4276 37.61171 56.57227 405.2939 42.41283 53.14351 397.2668 45.86722 11.91582 482.8338 9.063088 17.77167 481.3099 9.702342 15.1668 367.0061 58.79689 48.19491 389.1345 49.36251 -9.404903 483.2245 8.830475 -7.462106 365.002 59.88584 -47.20548 387.5137 50.33082 -40.68162 380.5968 53.05491 -31.78945 373.8146 55.96924 -47.16373 461.5211 18.72158 -34.29946 473.6849 13.57272 -17.94986 481.7403 10.16969 -6.516362 484.0859 9.039741 -38.90774 470.0933 14.8652 -50.56031 456.194 20.55352 -55.09679 447.4435 24.28303 -55.72443 402.3383 43.99777 -58.54275 412.2902 39.38759 -59.58288 426.6978 33.17398 -52.6124 396.5021 46.12521 -22.21401 479.7319 10.35816 -31.64793 474.9293 12.40961 -45.24068 463.1637 17.45755 -58.08207 437.8203 28.38259 -21.62678 478.6684 11.993 -22.98886 478.0898 12.25394 -53.5898 447.4222 25.5287 -54.10911 446.1691 26.06457 -53.59841 447.4747 25.49437 -0.3342399 482.5435 11.17972 0.3679901 482.5272 11.17728 22.97942 478.0384 14.14225 22.99873 478.0438 14.05511 23.00601 478.0481 13.95789 22.97973 478.0837 12.28531 22.97854 478.0975 12.28398 21.64865 478.5922 13.92106 22.95099 478.0822 12.28259 -54.1028 402.8121 44.75818 -53.60254 401.5575 45.29103 -54.14463 402.8375 44.72843 -22.9558 370.8805 58.4882 -0.4738911 482.5924 11.12865 -0.4742943 482.6664 11.15911 -53.58655 447.4784 27.21724 -54.12837 446.1582 26.0614 -54.10968 446.1675 26.0575 -58.20171 425.0496 36.03324 -58.13261 424.8748 35.97581 -58.21241 424.8735 35.89014 -58.21595 424.1243 35.88243 -58.27881 424.121 36.03783 -58.24301 423.9729 35.96294 -58.3052 423.9479 35.80342 -54.11784 402.8718 46.24675 -53.55226 401.4802 46.82649 -22.94324 370.9675 59.96385 -22.99806 370.9359 59.76723 -21.65055 370.3471 58.70362 -21.6617 370.3802 58.71676 -21.67833 370.3908 58.71575 -0.4732821 366.2565 60.79865 -0.3239183 366.4122 60.74656 -0.4466233 366.4126 60.71574 22.98594 370.9064 58.45379 21.62859 370.3548 58.68852 -0.5745649 366.2338 60.77399 0.3485558 366.3677 60.76844 0.509335 366.2683 60.84485 0.4166672 366.253 60.79067 0.6214388 366.13 60.3474 53.59302 401.5108 45.26741 54.14685 402.8424 44.6925 58.28872 423.9499 35.91533 58.38638 423.6702 35.43445 58.21773 424.0138 35.77959 58.28888 425.052 35.92688 58.3104 424.9511 35.83666 58.31436 425.1318 35.75634 54.15909 446.1458 26.03579 53.59306 447.4672 25.47015 53.55039 447.5031 27.237 23.01283 478.0994 12.22609 21.6745 478.6105 12.07293 0.4764492 482.6939 11.12099 6.647395 482.5091 9.214293 -31.54611 473.8635 12.86463 -23.2994 478.0236 11.15972 24.00752 370.6961 57.33699 -29.88874 373.8049 56.03675 -39.90001 381.055 52.84794 19.80607 479.6746 10.34553 36.64076 470.0231 14.60351 -40.44411 466.988 15.8065 44.5478 386.0322 50.74876 31.696 374.7429 55.59791 51.21535 395.4073 46.66953 -57.20619 437.7188 28.43412 -54.40156 445.6193 25.24836 -50.33663 454.2632 21.37075 56.8375 408.8424 40.87392 -47.575 389.8475 49.10404 50.7035 454.0176 21.40829 58.69275 421.5242 35.42123 -58.73637 425.8703 33.56015 -56.14617 407.3074 41.56763 58.27679 430.542 31.56683 54.10931 402.9136 46.23923 -0.5510296 482.4676 12.29377 -12.20163 481.5508 9.718279 -18.30427 479.9181 10.36702 0.3681028 365.7975 59.58295 -5.429767 366.334 59.65391 -10.62538 366.5776 59.12524 -3.758475 482.9909 8.909996 -20.05863 369.1184 58.06915 -41.80482 383.7104 52.19308 -53.33197 400.0942 44.7809 -58.04209 415.5298 38.04009 -58.33317 423.2508 35.27707 -57.70556 415.7044 38.56317 -55.89354 407.6833 42.05312 -52.61566 399.1852 45.75978 -47.14763 389.9981 49.61067 -37.72187 379.9635 53.92951 -32.86531 376.2798 55.53126 -28.50624 373.5933 56.89715 -23.70344 371.206 57.98893 -11.23058 367.257 59.64324 -16.51337 368.5664 59.12351 -4.205367 482.7559 9.315037 -30.77091 474.1306 13.09842 -37.47994 469.2407 15.24332 -41.80744 465.2286 16.96177 -46.54567 459.7586 19.06502 -52.02791 450.9092 23.08988 -56.75432 438.324 28.69063 -58.20315 429.0623 32.76386 -0.4676561 482.6892 12.09731 -21.62737 478.5581 14.09628 -23.03356 478.0479 14.06518 -53.89002 446.2203 28.10376 -58.25271 425.1134 36.73297 -58.23228 425.0665 36.49958 -58.21714 423.9405 37.14723 -21.60582 370.3635 60.1139 0.5629818 366.2672 61.78159 22.99031 370.9692 59.85027 58.208 423.8771 37.25595 58.29397 425.0647 36.5636 54.10176 446.0819 27.7874 23.21183 478.0684 13.88067 0.5405376 482.6368 12.11862 7.221783 366.6185 59.96477 23.70511 371.186 57.80273 11.21839 481.7541 9.779351 18.45075 479.8947 10.61957 54.34238 446.3747 24.73116 57.09432 438.2445 28.20927 6.455309 366.03 59.38646 38.27839 379.8391 53.41855 50.89694 395.7469 47.02657 56.09604 408.4509 41.58544 57.29803 413.5608 39.45484 58.31894 427.3454 33.45787 57.38674 435.2053 30.09151 55.14655 443.6257 26.39446 51.96217 451.0751 23.14177 48.68749 456.6488 20.71011 43.71613 463.3733 17.4477 33.31687 472.385 13.87099 28.11693 475.6343 12.29127 23.48201 477.9107 11.44913 12.4351 367.4508 59.29191 17.9184 368.9442 58.65357 28.67289 373.6845 56.80774 33.47148 376.701 55.40121 38.39051 380.5419 53.86277 42.76308 384.8101 52.00392 46.27965 388.9719 50.16836 54.37005 403.2657 43.72431 58.09406 419.0829 37.06787 -58.04313 425.2217 36.98262 -58.21804 425.0414 36.70848 -0.5354595 482.3391 12.45397 -0.4606193 482.424 12.37194 -0.6092876 482.2703 12.52105 0.5999328 482.3702 12.53908 0.5674912 482.2938 12.51929 0.5258128 482.6726 12.24538 54.06554 446.1382 27.80309 58.17587 425.2421 36.89141 58.1695 423.8586 37.4734 -0.5910222 366.3155 61.87905 -0.6791019 366.5322 62.14126 -0.6766531 366.571 62.2027 0.6887602 366.4769 62.21493 0.6888923 366.5697 62.22311 21.61827 370.3779 60.11494 -5.752008 482.4845 12.2716 -17.40574 480.1593 13.09425 -11.73418 481.5871 12.71087 -41.3999 465.5603 19.32439 -30.61009 474.2047 15.68059 -50.26334 454.0999 24.25933 -45.6256 460.8761 21.31836 -57.03885 435.5974 32.63003 -57.75072 416.1395 40.37075 -56.14377 408.7883 43.67901 -50.2199 394.7575 49.57614 -43.93824 386.031 53.18419 -33.58802 376.8389 57.33553 -28.24966 373.4405 58.61766 -17.90798 369.0122 60.65625 -11.92037 367.419 61.235 -5.948961 366.5277 61.81325 9.10996 366.857 61.38599 17.48484 368.8507 60.62028 28.67662 373.8837 58.93714 33.10678 376.4778 57.31918 37.77714 380.0678 55.82573 41.84868 383.8628 54.1803 45.91402 388.4927 52.1831 50.63571 395.4309 49.2658 55.97778 408.5551 44.07123 57.30687 414.1524 41.68133 57.92499 430.3739 34.72335 57.17958 435.4919 32.52188 47.76225 457.9958 22.73534 29.27108 474.9552 15.31333 17.53569 480.0786 13.34797 9.195928 482.0901 12.5163 53.59497 401.5078 46.86441 54.22339 403.4587 46.23833 -58.20968 423.9246 37.36623 -57.9843 423.8487 37.52757 -55.7353 440.9163 30.40609 -30.6064 474.0001 16.06869 -51.59041 451.1394 25.92383 -57.89919 429.7188 35.18013 -45.5368 460.3853 22.03087 -41.79726 464.6792 20.15747 -38.74562 467.502 18.90656 -37.30655 469.3305 17.87228 -34.74952 470.8042 17.48319 -33.04212 471.9741 16.97888 -48.77643 455.9108 23.87369 51.79209 451.1079 25.81402 54.04822 446.0674 27.95176 26.4151 476.3434 15.07407 33.25442 472.3648 16.63669 37.95172 468.672 18.27359 42.4347 464.3569 20.20732 48.59468 455.7887 23.96398 51.47188 451.0279 26.01179 55.89073 440.8332 30.2278 5.910418 366.8767 62.16824 -57.82669 419.5739 39.47397 57.99214 419.1907 39.52265 51.91548 398.2843 48.45882 -51.80147 398.4275 48.57079 -6.042838 366.9161 62.11169 -23.22538 371.4464 60.16429 -28.33653 373.9464 59.12885 -38.01813 380.7077 56.25776 -42.10534 384.6732 54.48855 -45.88282 389.0519 52.62095 -49.05503 393.6178 50.62889 -54.06215 403.5135 46.37236 -55.83188 408.7821 44.10596 -33.43626 377.2033 57.68097 -57.09749 414.1593 41.80943 -17.72047 369.3703 61.05704 -11.99337 367.8354 61.74215 11.99196 367.824 61.75534 17.58938 369.2431 61.05675 23.1416 371.2607 60.10998 49.1351 393.4196 50.53887 45.88562 388.8031 52.51791 42.1729 384.49 54.36717 37.98577 380.5027 56.07643 33.41141 376.9436 57.60208 -4.563961 481.293 12.93373 1.212124 481.4634 12.85084 7.012415 481.0392 13.03341 -10.34311 480.5063 13.25343 -26.67443 475.0499 15.64774 -29.1906 473.7017 16.23425 48.58887 454.4482 24.53319 46.75826 457.3487 23.28296 45.47454 458.9447 22.50164 41.89771 463.1632 20.68332 28.75839 473.7332 16.19644 23.66744 476.3872 15.05672 18.30978 478.4566 14.03517 12.75593 480.0203 13.45722 -21.44956 477.4209 14.61937 -16.02069 479.2423 13.82567 33.47495 470.6423 17.53243 37.86586 467.097 19.0579</float_array>
          <technique_common>
            <accessor source="#eSeries_UR5e_022-mesh-positions-array" count="1176" stride="3">
              <param name="X" type="float"/>
              <param name="Y" type="float"/>
              <param name="Z" type="float"/>
            </accessor>
          </technique_common>
        </source>
        <source id="eSeries_UR5e_022-mesh-normals">
          <float_array id="eSeries_UR5e_022-mesh-normals-array" count="7185">-0.4586741 0.208503 0.8637966 -0.2038716 0.4866096 0.8494984 0.1440647 0.490399 0.859508 0.3680075 0.3493699 0.8616909 0.540206 2.33139e-4 0.8415328 0.5402202 1.81037e-4 0.8415237 0.5402041 2.44049e-4 0.841534 0.3368694 -0.3750709 0.8636208 0.1292057 -0.4931339 0.8603052 0.1292132 -0.4930829 0.8603333 0.129213 -0.4930859 0.8603316 -0.1216916 -0.4915491 0.8623055 -0.3480153 -0.3727703 0.8601905 -0.5132692 -0.07886219 0.8545968 -0.3587183 0.3584987 0.8618584 -0.1339573 0.4921376 0.8601489 0.1445073 0.4904006 0.8594329 0.3675644 0.3493013 0.8619078 0.5407807 3.2961e-4 0.8411636 0.3383104 -0.3726808 0.8640922 0.1268533 -0.4925127 0.8610107 -0.128661 -0.4916697 0.8612242 -0.3328995 -0.3801689 0.8629308 -0.5429674 0.006130814 0.8397314 -0.7537592 -0.656169 0.03591114 -0.7537477 -0.6561877 0.03581029 -0.7537431 -0.6561939 0.03579199 -0.1694666 -0.9850186 -0.03193205 -0.1065901 -0.9942294 0.01210838 -0.9383683 0.3454475 -0.0114513 -0.9383625 0.3454603 -0.0115357 -0.9383628 0.3454596 -0.01152163 -0.9687111 0.2189837 -0.1168119 -0.9278957 -0.3722882 -0.02027946 -0.5855216 0.8099762 0.03321415 -0.5306916 0.8435848 0.08204418 -0.5306916 0.8435843 0.0820499 -0.5306847 0.8435816 0.08212131 -0.9325614 0.2949776 0.2081288 0.783746 0.620463 -0.02771151 0.1466142 0.9872623 0.06178569 0.2086948 0.9739882 0.08828073 0.7823498 0.6221579 -0.0291258 0.9250538 0.3746846 0.06234568 0.9680715 -0.07161068 -0.2402282 0.9606893 -0.2529914 -0.1143307 0.164968 -0.9862414 0.01065248 -0.8024389 -0.5967306 -0.002143263 0.2096918 -0.9776457 -0.01543694 0.7668699 -0.6414112 0.02241313 0.7468447 -0.6639169 0.03791278 -0.7905832 -0.612089 -0.01804202 -0.2190258 -0.9749407 0.03896617 -0.2107277 -0.9769389 0.03441441 -0.9353044 0.352396 0.03198069 -0.9731645 -0.04488039 -0.2256914 -0.9390253 -0.3438344 0.00310254 -0.7624554 0.6458698 0.03891116 -0.5276825 0.8295037 0.1829615 -0.1587065 0.9871816 -0.01687854 0.7824575 0.6220543 -0.02843809 0.2045236 0.9774521 0.05251103 0.1911963 0.9804998 0.04543441 0.7823053 0.6222397 -0.02857208 0.9489122 0.3148242 0.02124935 0.9688574 -0.07116729 -0.2371723 0.9149373 -0.4035523 0.00596559 0.1512557 -0.9881179 0.02729231 -0.7994613 -0.6006605 -0.008295834 -0.7994769 -0.6006379 -0.008420825 -0.7994712 -0.6006458 -0.008395433 0.2082619 -0.9779922 -0.01258933 0.7791311 -0.6267914 -0.009356617 0.8000523 -0.5996508 0.01831376 -0.3506144 0.3714854 0.8596908 -0.1110474 0.4958084 0.8613028 0.1502883 0.4871861 0.8602693 0.3701689 0.3475088 0.8615176 0.5400329 -3.37161e-4 0.8416439 0.3308886 -0.3834108 0.8622696 0.1119987 -0.4956898 0.8612478 -0.1373403 -0.4889763 0.8614173 -0.3359921 -0.375743 0.8636704 -0.5427504 0.005111277 0.8398785 -0.3204283 -0.5736725 0.7538076 -0.6752367 0.004550874 0.7375871 0.3043182 0.5993954 0.7403484 0.7189898 0.0538938 0.692928 0.3472707 -0.5864166 0.7317916 -0.3225536 -0.5964459 0.7349908 -0.6568837 -7.63612e-4 0.7539916 0.3108137 0.6016933 0.7357718 0.6669809 -0.03744179 0.7441335 0.6670202 -0.03702449 0.7441192 0.6669672 -0.03720748 0.7441576 0.343864 -0.5868406 0.7330592 -0.3509199 0.3712812 0.8596544 -0.3509056 0.3712586 0.8596699 -0.3508538 0.3712049 0.8597143 -0.1111398 0.4957929 0.8612998 0.150329 0.4871714 0.8602704 0.3701846 0.3475105 0.8615103 0.5400524 -3.33391e-4 0.8416314 0.3309105 -0.3834271 0.862254 0.1117765 -0.4957719 0.8612295 -0.1338791 -0.4892346 0.8618155 -0.3331524 -0.3799281 0.8629392 -0.5428303 0.005822181 0.8398222 -0.5428321 0.005599141 0.8398226 -0.5428473 0.005707442 0.8398122 -0.8032841 -0.5951292 -0.02358043 -0.8032795 -0.5951403 -0.0234583 -0.8032834 -0.5951337 -0.0234912 -0.2072368 -0.9775297 0.03858584 -0.2052795 -0.9779882 0.03740906 -0.936572 0.3491454 0.03050309 -0.9734788 -0.0439766 -0.224511 -0.9242258 -0.3804257 0.03291141 -0.1844691 0.9825918 -0.0220167 -0.7986763 0.6015465 0.01606166 -0.191636 0.9810777 -0.02760618 0.8010551 0.597735 -0.03199726 0.2064786 0.9770735 0.05190497 0.2094784 0.9763424 0.05361211 0.8001931 0.5988418 -0.03285658 -0.7534741 0.6556115 0.04950296 0.9454635 0.3245716 0.02742445 0.9687264 -0.07157039 -0.2375855 0.9131005 -0.4077178 0.003727674 0.1416737 -0.9893984 0.03192603 -0.7590354 -0.6476311 -0.06662774 0.7427544 -0.6633288 0.09116375 0.2185793 -0.9756019 -0.02058994 0.8411606 -0.5404217 0.01982688 -0.2179821 0.3852246 0.8967084 0.05651915 0.4920416 0.8687351 0.3066564 -0.3159725 0.8978437 0.07709151 -0.4702074 0.8791825 -0.1315556 -0.45489 0.8807772 -0.3521881 -0.2970523 0.8875379 -0.3730055 -0.0278998 0.9274096 0.22901 -0.3226925 0.9183812 -0.2042576 -0.3474593 0.9151781 0.422073 0.125056 0.897895 0.3720716 -0.00617671 0.9281836 0.4098607 -0.1011722 0.90652 -0.4043616 0.2068285 0.8909061 -0.3987777 -7.97762e-4 0.9170474 0.335701 0.3296076 0.8824192 0.2204868 0.3376604 0.9150799 -0.2301073 0.3426259 0.9108558 0.05121409 0.4912049 0.8695372 -0.1688677 0.4319613 0.885942 0.3189442 -0.3141769 0.8941854 0.07709157 -0.4702054 0.8791837 -0.1315556 -0.4548898 0.8807772 -0.3428052 -0.3141412 0.8853248 -0.4489275 -0.09792363 0.8881865 -0.6066151 0.03165304 0.7943654 -0.2123259 0.3176572 0.9241275 0.2305802 -0.3210264 0.9185722 -0.2037641 -0.3481593 0.915022 0.4332031 0.1345304 0.8911995 0.3689897 -0.00746721 0.9294036 0.4150463 -0.161624 0.8953291 -0.3178573 0.1315492 0.9389684 0.3180097 0.3357642 0.8866411 0.2118322 0.3416402 0.9156469 -0.8069974 -0.5902153 -0.02003252 -0.2207314 -0.9745824 0.03829985 -0.2129456 -0.9764656 0.03419339 -0.9353668 0.3522987 0.03122079 -0.97342 -0.0434665 -0.2248646 -0.9241648 -0.3805583 0.0330891 -0.1847276 0.982544 -0.02198529 -0.1847287 0.9825425 -0.02203595 -0.1847288 0.9825432 -0.0220021 -0.7987314 0.6014751 0.01600396 -0.1916337 0.981075 -0.02772009 0.8010399 0.5977569 -0.03196519 0.1403509 0.9883449 0.05895864 0.2224699 0.9704188 0.09377914 0.8001807 0.5988566 -0.03288841 -0.753493 0.6555874 0.04953229 0.878597 0.4597061 0.1293744 0.9687211 -0.07155621 -0.2376116 0.9610578 -0.2512403 -0.1150928 0.2225154 -0.9746502 -0.02332371 -0.7583047 -0.6484312 -0.06716406 0.7417869 -0.6643351 0.09171289 0.2185775 -0.9756024 -0.02058994 0.8411315 -0.5404663 0.01985746 -0.3218836 -0.6096733 0.7243546 -0.6451078 -0.01114755 0.7640103 -0.3609134 0.5878721 0.7239807 0.3124076 0.589105 0.7452227 0.6695635 -0.03998816 0.7416777 0.3565924 -0.544655 0.7590737 -0.3239418 -0.6116511 0.7217649 -0.6439855 -0.01042264 0.7649668 -0.3610427 0.5879487 0.723854 0.3061619 0.5865255 0.7498351 0.6896574 0.07092207 0.7206544 0.3887587 -0.5550521 0.7353802 6.68293e-5 0.1305616 0.9914403 7.92535e-5 0.1303283 0.991471 8.82929e-5 0.130551 0.9914416 0.1644836 0.1549331 0.974136 6.69168e-4 0.1306908 0.991423 -7.35628e-5 0.1305205 0.9914457 2.05921e-4 0.13062 0.9914325 -1.93386e-4 0.130841 0.9914034 -0.0691089 0.109521 0.9915791 -4.57276e-5 0.130953 0.9913886 5.34006e-5 0.130303 0.9914742 9.15488e-5 0.1303701 0.9914654 -0.001682102 0.1353547 0.9907959 -7.02095e-5 0.1305084 0.9914473 -0.001111924 0.1310029 0.9913815 1.51015e-4 0.1293225 0.9916027 0.00129956 0.1270051 0.9919012 -7.12375e-5 0.1305475 0.9914421 2.4207e-4 0.1308305 0.9914047 3.96784e-4 0.130521 0.9914456 0.0981521 0.06983453 0.9927182 -4.26046e-4 0.1297496 0.9915467 6.53987e-5 0.1309804 0.9913851 1.47629e-4 0.1303787 0.9914643 1.50101e-4 0.1303786 0.9914644 3.25167e-5 0.1308537 0.9914017 -2.59537e-5 0.130461 0.9914535 0.06887131 -0.1844079 0.9804339 -0.03944611 0.2078437 0.9773665 -2.57321e-4 0.1307277 0.9914184 4.51303e-4 0.1305384 0.9914432 1.67729e-5 0.1304729 0.9914519 -2.03337e-4 0.1303853 0.9914634 -0.5012395 0.2969821 0.812749 2.08094e-5 0.1306273 0.9914316 -6.48514e-5 0.1305956 0.9914358 -0.001340091 0.1340624 0.9909721 -5.36847e-4 0.1298732 0.9915305 -2.09001e-5 0.1304724 0.991452 -3.15952e-4 0.1298621 0.9915321 0.002702653 0.1315672 0.9913036 -0.185544 0.4209655 0.8878972 0.2814197 -0.351335 0.892954 -0.07315838 -0.4748709 0.8770095 -0.3675583 -0.3269231 0.8706448 -0.4490579 -0.03192543 0.8929321 0.2139739 0.3894937 0.8958292 0.230848 -0.3414443 0.911112 -0.2006666 -0.3402487 0.9186751 0.4151905 0.2358536 0.8786296 0.3717895 0.006677269 0.9282931 0.4480078 -0.1354123 0.8837152 -0.3834196 0.2721227 0.882575 -0.4108203 0.009278774 0.9116692 0.1805631 0.3737724 0.9097754 -0.2202072 0.3519884 0.9097324 0.1075345 0.9927565 0.05358177 0.7010926 0.7129192 -0.01467627 0.6954848 0.7180395 -0.02683848 0.9759822 0.1904897 0.1056996 0.9682769 -0.2171272 0.1236757 0.9996561 0.01323741 -0.02263736 0.6973024 -0.7087255 0.1071344 0.7833886 -0.6210072 -0.02554327 0.2166655 -0.976225 0.006381869 0.226592 -0.9739674 -0.006613492 -0.2910956 -0.9416958 0.1687379 -0.6488918 -0.7376817 -0.1864544 -0.7997431 -0.5929206 0.09410876 -0.9981395 -0.02792561 0.05420196 -0.9927566 0.09073323 -0.07875221 -0.9040867 0.4146773 0.1032963 -0.6717933 0.7342452 -0.09786683 -0.4889211 0.8630967 0.1265717 0.01609981 0.9982977 -0.05605936 -0.4942854 0.04562819 0.8681015 -0.4942811 0.04572194 0.868099 -0.4942647 0.04580116 0.8681041 -0.5167433 0.169341 0.839226 -0.5168788 0.1694955 0.8391112 -0.5166987 0.1690617 0.8393096 -0.1014606 0.4545015 0.8849487 -0.1094273 0.3885921 0.914889 0.0236147 0.5485762 0.835767 -0.2777875 0.3941938 0.8760396 -0.2202371 0.1820092 0.9583153 0.1333772 0.9896767 0.0524466 0.686491 0.7263859 -0.03307259 0.6883155 0.7248192 -0.02930831 0.9599642 0.2370589 0.1492373 0.9629904 -0.2692481 -0.01245152 0.9742693 -0.1475957 -0.1703377 0.6710705 -0.720792 0.1735606 0.3956238 -0.9098233 -0.1253137 0.2250409 -0.9737424 0.03438675 -0.2855922 -0.9582604 -0.01319229 -0.2970691 -0.9548522 0.002709448 -0.7618477 -0.643796 0.07151758 -0.8552687 -0.5128718 -0.0740146 -0.9682516 -0.2195686 0.1194928 -0.980746 0.1676027 -0.1002326 -0.8896703 0.4257606 0.1649694 -0.5775519 0.8130106 -0.07380825 -0.4435287 0.8922905 0.08426171 0.05030298 0.9979289 -0.0400933 0.5930686 0.02629226 0.8047226 0.00138092 0.36589 0.9306571 -0.4923143 0.1513285 0.8571618 -0.2068825 0.4202838 0.8834937 0.2824016 -0.3515697 0.8925515 -0.0731669 -0.4748728 0.8770078 -0.3267407 -0.3206511 0.8890576 -0.4187917 -0.07473182 0.905002 0.2148483 0.3902052 0.8953101 0.2307813 -0.3414707 0.9111191 -0.2011886 -0.3396335 0.9187885 0.4153005 0.2358942 0.8785668 0.3717631 0.006273508 0.9283065 0.4488487 -0.1381201 0.882869 -0.4152973 -0.07735842 0.9063907 0.1798646 0.3736667 0.9099572 -0.223134 0.3630633 0.9046526 -0.1947956 0.9785298 0.06733673 -0.173824 0.9821073 -0.07246136 -0.5521399 0.8263698 -0.1107012 -0.6238617 0.7043275 0.3387026 -0.823777 0.4088713 -0.3927034 0.1876547 0.9778017 0.09321808 0.1754967 0.9841495 -0.02550923 0.7361231 0.5686705 0.3670651 0.8928217 0.4504099 -6.36052e-4 0.6447737 0.7263351 -0.2381266 0.9984881 0.0087502 0.05426806 0.9456834 0.0409438 0.3225007 0.7260891 -0.6853438 -0.05566346 0.7260456 -0.6853871 -0.05569958 0.7261236 -0.6853108 -0.05562067 -0.002718508 -0.9091479 0.4164649 -0.002748608 -0.9091463 0.4164679 -0.002693176 -0.9091481 0.4164642 -0.002042949 -0.8878061 0.4602133 -0.8637487 -0.5032453 -0.02612429 -0.5849532 -0.4683728 0.6621608 -0.5349649 -0.8343312 -0.1330574 -0.9638684 0.0310288 0.2645658 -0.997691 0.007153511 0.06753897 0.7064101 0.7068933 0.03587239 0.701837 0.707072 0.08645272 0.9829337 -0.1451284 -0.1130449 0.8738932 0.1546338 0.4608678 0.9544779 0.2880524 -0.07744485 0.8233926 -0.5506953 0.1369649 0.8206963 -0.5466874 0.1661044 0.7475383 0.6546685 0.1122309 0.6780001 0.3411405 -0.6511061 0.8473126 0.3884461 0.3621758 0.99665 0.04540443 0.06802356 0.8184317 -0.1193805 -0.5620658 0.9118888 -0.404942 -0.06693828 0.3185452 0.9155203 0.2456657 0.4045597 0.6605979 -0.6324096 0.5858911 0.8016538 0.1186713 -0.162611 0.9295949 0.3307734 0.07592743 0.9098885 -0.4078457 0.07546418 0.914665 -0.3971059 -0.8310394 0.2411227 -0.5012319 -0.8310727 0.2410438 -0.5012146 -0.8310115 0.2411713 -0.5012549 -0.9579902 0.2849994 -0.03209716 -0.6613802 0.5734077 0.4835079 -0.5343813 0.5942229 -0.6011122 -0.4304867 0.8517851 0.298569 -0.4308238 0.8515076 0.2988741 -0.430666 0.8516034 0.2988284 -0.2630615 0.8136304 -0.5184636 -0.9997596 0.01383799 0.01701092 -0.9639684 0.04134374 0.2627847 -0.002524435 0.9854066 0.170198 0.002154946 0.8288894 0.5594084 0.9600254 0.2091822 -0.1859946 0.711269 0.6112104 0.3471573 0.711043 0.6113955 0.3472946 0.7109274 0.6115361 0.3472837 0.6352067 0.5325444 0.5593827 0.6094434 0.7622177 -0.2181816 0.299047 0.9036396 -0.3066048 0.9696398 0.03070914 0.2426018 0.9553076 0.03689533 0.2933024 -0.05956286 -0.9898021 0.1293997 0.04641956 -0.790931 0.6101422 0.04644095 -0.7909269 0.6101458 0.0464673 -0.7909233 0.6101486 0.3477108 -0.9219542 -0.1705805 0.6909838 -0.7086817 0.1425188 0.6419012 -0.4443345 0.6249238 0.9178638 -0.3826518 -0.1053748 -0.9564048 -0.04004162 -0.2892864 -0.9889611 0.01258695 0.1476405 -0.3427119 -0.8313267 0.4375439 -0.4450852 -0.7729011 -0.4522423 -0.6275762 -0.6972722 0.3463521 -0.8250663 -0.5298097 -0.1963859 -0.7702132 -0.5355017 -0.3464242 -0.8246524 -0.1412066 0.5477309 0.2868687 -0.881483 -0.3750923 0.1750106 -0.8898147 0.4214274 0.01976752 -0.97951 -0.2004232 -0.1777574 -0.9816991 0.06833237 0.9173016 -0.3838216 -0.1060134 0.8824799 -0.3794772 0.2778962 0.6756962 -0.7019596 -0.2251384 0.6461844 -0.7074721 0.2862324 0.4129762 -0.8165307 0.4033961 0.8632648 0.0214008 0.5042976 0.8302025 0.05850589 0.5543834 0.9925202 -0.01855194 -0.120663 0.9583986 -0.2685986 -0.09657651 0.1645722 -0.8774762 0.4505015 0.1013947 -0.9871059 0.1238601 0.3905722 -0.9177335 -0.07224088 0.3909482 -0.9176172 -0.07168203 0.3906437 -0.9177301 -0.07189649 0.5995743 -0.5643395 0.5674784 0.7976486 -0.6030458 0.009618163 -0.1546057 -0.9589061 0.2378996 -0.128506 -0.9106241 0.3927469 -0.9921823 -0.1243398 0.01068067 -0.9048885 -0.1546896 0.3965451 -0.8538096 -0.5185908 -0.04552853 -0.6142331 -0.5743911 0.541103 -0.6141964 -0.5744212 0.5411129 -0.6142565 -0.5743694 0.5410997 -0.4800516 -0.8747821 -0.0656265 -0.8007861 0.5952624 -0.06636476 -0.9405611 0.3375425 0.03755098 -0.9308128 0.3509179 0.102197 -0.9145982 0.3834543 0.1283475 -0.8490415 0.1752353 -0.4984188 -0.7834841 0.529887 -0.3246116 -0.7832391 0.5301529 -0.3247683 -0.7833225 0.5300425 -0.3247476 -0.8956326 -0.4441574 0.02380269 -0.8829773 -0.4636496 -0.07335042 -0.9695959 -0.04264169 0.2409681 -0.6309154 -0.5471805 0.5500357 -0.7033166 -0.6714439 0.2334713 -0.8951928 0.2927969 -0.3360059 0.6281595 -0.7694022 0.1159138 0.5895034 -0.8053477 0.06245678 0.620661 -0.7788203 0.09065806 -0.9148725 -0.3982962 0.06609493 -0.9792656 -0.1793807 0.09413492 -0.9918133 -0.1047492 0.07303416 -0.9689753 0.2423605 0.04845905 -0.8948661 0.4399517 0.07521486 -0.7168676 0.6942628 0.06403213 -0.6825538 0.7289214 0.05285733 -0.3909416 0.9189634 0.05168145 -0.2730067 0.959544 0.06886839 0.1218749 0.9909321 0.05656987 0.1688044 0.9832691 0.06846255 0.6175405 0.782939 0.07516938 0.2261133 0.7961411 0.5612774 -0.1347929 -0.1387991 0.9811043 -0.08981758 -0.07106876 0.9934194 0.02533119 -0.02742475 0.9993029 0.1574662 0.1600857 0.9744624 0.08757948 0.1162976 0.9893457 0.3025735 -0.5130343 0.8032715 -0.003756821 -0.006621956 0.999971 -0.001109123 -0.07060277 0.9975039 0.01423937 -0.001196205 0.9998979 -0.1790283 -0.02822864 0.9834389 -0.7943063 -0.599038 0.101148 -0.3205388 0.9450235 0.06469398 -0.3176704 0.9460428 0.06394201 0.1582835 0.9858517 0.05516254 0.08217269 0.9939774 0.07250297 0.4831287 0.8734121 0.06114012 0.5892578 0.8042075 0.07762449 0.7880257 0.6115984 0.07044702 0.8310902 0.5505333 0.07875484 0.967592 0.2429358 0.06890583 0.9744347 0.2129952 0.0714851 0.998394 0.03000926 0.04805117 0.9003579 -0.4248872 0.09394997 0.938013 -0.3396351 0.06913506 0.8026037 -0.5898258 0.08906829 -0.02403134 -0.02483272 0.9994028 0.04487341 -0.06379312 0.9969539 0.1300137 -0.1108617 0.9852949 -0.002967298 -0.06666022 0.9977714 0.09022778 0.03315645 0.9953691 0.02019405 0.1028065 0.9944965 -0.05143857 0.007493734 0.9986481 -0.1337851 0.1563696 0.978596 -0.02538877 -0.02577692 0.9993454 -0.04258894 0.09799635 0.9942752 -0.001070141 0.4087851 0.9126301 0.05583339 0.1854496 0.9810663 0.1367565 0.2208241 0.9656783 0.1441044 0.07361215 0.9868208 0.1591966 0.09575092 0.9825927 0.3121958 0.02796256 0.9496062 0.09494972 -0.01598113 0.9953538 -0.6150333 0.7844381 0.07994401 -0.6300022 -0.7748087 0.05262196 -0.6419007 -0.7637565 0.06811523 0.9367327 0.3440732 0.06438606 0.936711 0.3441345 0.06437575 0.9956784 -0.03138136 0.08740669 0.98203 -0.1807473 0.05428999 0.8137771 -0.5784053 0.05669546 0.5153275 -0.8544984 0.06534594 0.6967164 -0.7107812 0.0968315 0.1650387 -0.983094 0.07929986 0.1186597 -0.9888471 0.09000819 -0.3190202 -0.9453323 0.06762343 -0.2579149 -0.9643642 0.0590052 0.6398063 -0.1026808 0.7616459 -0.05117475 -0.4054149 0.9126992 -0.6401609 0.1053066 0.7609893 -0.06669872 -0.5895047 0.8050065 -0.5823945 0.2549102 0.771905 -0.8386874 0.1091059 0.5335723 -0.4183246 -0.62505 0.6590273 -0.082901 -0.5717712 0.8162139 -0.4763948 -0.66984 0.5695283 0.08308345 -0.9827619 0.1651551 -0.7438344 -0.6673975 0.03593087 -0.09882652 -0.5939459 0.798412 -0.7410593 0.4266277 0.5184786 -0.6403368 -0.2338756 0.7316222 -0.7674637 -0.06508004 0.6377807 -0.09539949 -0.6114422 0.7855173 -0.4093396 -0.3719998 0.833101 -0.6378112 -0.4036673 0.6559342 0.1505991 -0.7151753 0.6825278 0.7083829 0.2596613 0.6563305 0.7034984 0.5355772 0.4671692 0.7918258 -0.2019833 0.5763808 0.7444664 0.0243479 0.6672159 0.324386 0.2665256 0.9076001 0.31676 0.05365431 0.946987 0.4489645 -0.04194766 0.8925645 0.2571472 0.171797 0.950979 0.3207727 0.2657341 0.9091151 -0.1528661 -0.8390723 0.5221013 0.4880281 -0.7468681 0.4516819 0.2931239 -0.6409927 0.7093708 0.2918552 -0.1114072 0.9499522 0.3757356 -0.3222249 0.8689039 0.8081889 0.1029374 0.5798574 0.6523873 -0.3496147 0.6724288 0.6232988 -0.5308359 0.5742055 0.1631812 -0.2390224 0.9572044 0.02055358 -0.4293207 0.9029183 -9.38805e-4 -0.406457 0.9136695 -0.1725106 -0.8175868 0.5493561 0.08799958 -0.9936172 0.07057619 0.06467187 -0.9948974 0.07743859 -0.4470168 -0.8934619 0.04361039 -0.560647 -0.8242102 0.07970339 -0.8557015 -0.5136107 0.06308048 -0.8893134 -0.450618 0.07787877 -0.9945912 0.08664929 0.05727535 -0.9954414 0.07266008 0.06178033 -0.4316746 0.9004983 0.05253517 -0.3555639 0.9296849 -0.09623014 -0.8258246 0.539053 0.1656374 -0.9732996 0.1924984 -0.1250292 -0.9956231 -0.01374298 0.09244477 -0.8359667 -0.5413653 -0.0899083 -0.7180014 -0.6847651 0.1247826 -0.2934326 -0.9544661 -0.05377632 -0.1363261 -0.9838581 0.1159248 0.3858422 -0.9185768 -0.08568871 0.5755301 -0.8050085 0.1439667 0.8698655 -0.4846592 -0.09186601 0.9680624 -0.216258 0.1268383 0.9946473 0.07764095 -0.06818068 0.8847919 0.4432678 0.1437255 0.7190242 0.685666 -0.11343 0.3792514 0.8922224 0.2451686 0.02147841 0.9997632 0.003499448 -0.4436672 -0.123772 0.8876036 -6.37161e-4 -0.4896829 0.8719005 -6.36139e-4 -0.4896837 0.8718999 -7.22716e-4 -0.4896231 0.8719339 -0.9123024 0.07618486 0.4023684 -0.2919985 -0.5207917 0.8021927 -0.3926384 0.2878605 0.8734824 -0.1897574 -0.9681518 0.1633225 -0.1141089 -0.9739205 0.1961069 -0.6258205 -0.7718188 0.1124481 -0.1181851 -0.9702396 0.2113465 -0.5593 -0.6954556 0.4511375 -0.009973764 -0.6456652 0.7635556 -0.4682099 -0.5221341 0.7128503 -0.06349515 -0.5039467 0.8613978 0.3968057 -0.7504082 0.528614 0.0897572 -0.7191535 0.6890296 0.1375671 -0.9819111 0.130099 -0.3316423 -0.7697318 0.5454598 0.08432585 -0.9082624 0.4098154 0.05987215 -0.8998357 0.4321009 0.05839306 -0.2179544 0.9742106 0.1750185 -0.4799946 0.8596358 0.3843082 -0.6890931 0.6143761 -0.6616816 0.3583452 0.6586093 -0.2495749 0.5159328 0.8194667 -0.5059486 0.389315 0.7697077 -0.2462753 0.69546 0.6750437 -0.2507922 0.7051939 0.6631778 -0.199312 0.7713473 0.604399 -0.394878 0.9184677 0.02210301 0.2050301 0.9146001 0.3485247 -0.1828994 0.8869237 0.4241631 -0.9233088 -0.1414652 0.3570553 -0.4232881 0.5723348 0.7023248 -0.1689697 0.8514567 0.4964583 -0.1689583 0.8514567 0.4964621 -0.1689635 0.8514568 0.4964604 -0.8147137 0.1989217 0.5446759 -0.8018173 0.4014832 0.4426064 -0.7737887 0.364139 0.5183184 -0.700926 -0.6593828 -0.2718771 -0.5861842 0.6314185 0.5076403 -0.7438067 0.4450574 0.4986739 0.02387267 0.8942164 0.446998 -0.198686 0.9222987 0.3314951 0.2909833 0.9312676 0.2192479 0.3633349 0.9049649 0.2214189 -0.4703981 0.6871023 0.5537291 -0.4461323 0.7429939 0.498925 -0.2255931 0.8885381 0.3995097 -0.2088853 0.9176698 0.3380076 -0.118704 0.6036208 0.7883852 -0.4954417 0.7700074 0.4020275 -0.49545 0.7699953 0.4020406 -0.4954082 0.7700508 0.4019859 -0.6353365 0.6266247 0.4513193 -0.5105733 0.5556481 0.6561785 -0.4396287 0.4885888 0.7536628 -0.3233354 0.3318074 0.8862044 -0.03939437 0.03925174 0.9984525 -0.7361954 0.338437 0.5860689 -0.8199262 0.3767655 0.4310092 -0.7951692 0.405993 0.4504172 -0.7739471 0.4001893 0.4907694 -0.9124642 -0.3331305 0.2375566 -0.9437201 -0.05017912 0.3269166 -0.9290257 -0.1688513 0.3292427 0.2078957 0.7856407 0.5827077 0.2452308 0.88147 0.4035748 0.2292336 0.7145777 0.6609317 0.1834658 0.7847614 0.5920218 0.4631988 0.5672556 0.6809318 0.8496651 0.113593 0.5149426 0.5589277 0.4587641 0.6907498 0.8591895 0.2679875 0.4358624 0.9160667 -0.3839657 0.1157253 0.5446569 0.3943244 0.7401737 -0.2874825 0.9348139 0.2085105 0.4208939 0.6041439 0.6766525 0.2549763 0.857578 0.4467068 0.2715505 0.8708015 0.4098355 0.008561968 0.9244444 0.3812208 0.487986 0.6114684 0.6228773 0.7608975 0.4026578 0.5088238 0.9379749 -0.005543768 0.3466588 0.6734368 0.3477672 0.652335 0.8780947 0.4077224 0.2504239 0.7394688 0.4696325 0.4823186 0.9002563 0.2323421 0.3681787 0.9340138 -0.1716336 0.3133053 0.9248058 -0.2008314 0.3231118 0.7595337 0.4200596 0.4966474 0.7429457 0.4818822 0.4645658 0.4873964 0.1397278 0.8619287 0.6188724 0.5734518 0.5367962 0.5152589 0.5753921 0.6351632 0.3312145 0.3725768 0.8668814 0.3037944 0.3360452 0.8915058 0.6064634 0.5921094 0.5306681 0.5111309 0.5505433 0.6600358 0.02278578 0.5813097 0.8133633 0.4649729 0.79511 0.3893591 0.408241 0.6470078 0.6439878 0.1969078 0.9256248 0.3231813 0.4537851 0.807763 0.3762953 0.1443547 0.8936893 0.4248309 -0.2168538 0.9178628 0.332419 -0.2381621 0.947172 0.2148118 -0.3467848 0.9091228 0.2307296 0.4006565 0.8289369 0.3903051 0.2779554 0.8828016 0.3786846 -0.1957052 -0.5034831 0.8415487 -0.2002083 -0.4857038 0.8508868 -0.1270143 -0.9875329 0.09298467 0.02599275 -0.3868141 0.9217914 0.2938499 -0.9401553 0.1725116 0.2648512 -0.7874351 0.5565966 0.3218166 -0.7721688 0.5478957 0.3216022 -0.8976736 0.3012545 0.4170482 -0.8305866 0.3690488 -0.3943117 -0.9043871 0.1631022 -0.4138097 -0.7996634 0.4350863 -0.5582109 -0.7934592 0.2425346 -0.3108665 -0.6775053 0.6665947 -0.07522195 -0.7329952 0.6760619 0.1750201 -0.6351351 0.7523107 0.1049789 -0.6538747 0.7492845 -0.1615734 -0.9189646 0.3597197 -0.2024227 -0.9164809 0.345091 -0.2870595 -0.8623014 0.4171729 0.3622022 -0.921586 0.1396026 0.3621744 -0.9215794 0.1397183 0.3623679 -0.9215478 0.1394245 -0.4145671 0.9083796 0.05459564 -0.4181647 0.906297 0.06135332 -0.9307738 0.3655906 0.001939833 -0.9440062 0.3227155 0.06860846 -0.967775 -0.2282781 0.1063057 -0.8652147 -0.4810005 -0.1415699 -0.7015315 -0.7026885 0.1186702 -0.2950423 -0.953864 -0.05562055 -0.1363406 -0.9838547 0.1159363 0.3840918 -0.9193761 -0.08497756 0.5768446 -0.8039379 0.1446865 0.8918288 -0.4368501 -0.1174881 0.9652812 -0.2214747 0.1384963 0.921843 0.3818951 -0.06604403 0.8955188 0.4440152 0.02994531 0.3856822 0.9206681 0.0601626 0.3266494 0.9445475 -0.03361982 0.4720265 -0.4190407 0.7756261 0.342473 -0.1282529 0.9307328 0.5304511 -0.0779221 0.8441267 -0.2368523 -0.3205224 0.9171513 0.3009652 0.2189242 0.9281661 0.7623087 0.6423617 0.07910043 0.8043019 0.5913588 0.05825191 0.7540412 0.6503189 0.09223532 0.8789005 -0.3069255 0.3651447 0.8686084 -0.3187002 0.3794072 0.6344044 0.1849271 0.7505551 0.4679175 0.08765572 0.8794144 0.721943 0.5274485 0.4478798 0.9703049 9.74004e-4 0.2418833 0.7787667 -0.01829838 0.6270468 0.8378972 0.03126662 0.5449317 0.8874986 0.2614708 0.3794463 -3.23474e-4 0.1304224 0.9914585 -0.002367556 0.1203216 0.9927322 -3.64603e-4 0.1360225 0.9907057 2.11856e-4 0.1288462 0.9916646 -7.22924e-4 0.1309254 0.991392 0.001771688 0.1314814 0.9913171 -0.01006466 0.1289803 0.9915962 0.001093864 0.13047 0.9914517 -0.01182812 0.1293619 0.9915269 0.003428995 0.1245466 0.9922078 -0.01442575 0.1459902 0.9891809 -0.002565443 0.1266953 0.9919384 0.008586049 0.1339024 0.9909573 -0.002869069 0.1129519 0.9935964 0.004025459 0.129156 0.9916161 0.002133846 0.1190794 0.9928824 -0.03413271 0.1288304 0.9910791 0.005115091 0.1182976 0.9929651 -0.006450057 0.1308339 0.9913833 -0.01043075 0.1409227 0.9899657 -0.0396862 0.07944172 0.9960493 0.002518236 0.1337474 0.9910123 -0.001420438 0.1307629 0.9914127 -0.006253063 0.133422 0.9910396 0.005931258 0.1138139 0.9934844 -0.00369203 0.1370826 0.9905528 0.002288043 0.1601204 0.9870949 0.001672387 0.146385 0.9892263 0.006309747 0.1271605 0.9918621 0.004773914 0.1356708 0.9907425 0.01350587 0.1224955 0.9923772 -0.002076804 0.1209465 0.992657 -8.40458e-4 0.130841 0.9914031 -0.005958378 0.1191657 0.9928566 -0.003304183 0.1290702 0.99163 0.001108944 0.1232839 0.9923709 0.01305687 0.13713 0.9904671 0.004951179 0.1307389 0.9914045 0.00488615 0.1306405 0.9914178 -0.002560377 0.1295595 0.9915683 -0.009667813 0.1281163 0.991712 0.004432141 0.1315926 0.991294 -0.008348107 0.1295589 0.9915366 0.01590842 0.1305177 0.9913184 -0.003837704 0.1175898 0.9930549 -0.002081394 0.1158629 0.9932631 8.73468e-4 0.1515818 0.9884444 0.001206994 0.1312888 0.9913435 0.003418385 0.1309512 0.9913829 -0.003896892 0.12986 0.9915247 7.04354e-4 0.1316702 0.9912933 2.25602e-4 0.1293393 0.9916004 -0.0165615 0.1483185 0.988801 0.006286323 0.1341741 0.9909379 0.008836209 0.1316273 0.9912599 -0.01236569 0.1379244 0.9903656 -0.001118481 0.1299259 0.9915232 0.00707817 0.1091525 0.9939999 -0.02849704 0.1394835 0.9898143 0.003873586 0.1295381 0.9915669 0.006198525 0.1310232 0.99136 -0.004662215 0.1280184 0.9917609 0.001608133 0.1375242 0.9904971 -0.003722906 0.1292002 0.9916116 0.01550215 0.13464 0.9907733 0.001813352 0.1303802 0.9914625 0.009517967 0.1079369 0.9941122 3.33525e-5 0.1280481 0.991768 -0.001983165 0.1346979 0.9908848 -0.002009987 0.120862 0.9926673 -3.8918e-4 0.1335994 0.9910354 -0.01785993 0.1178197 0.9928745 0.01313388 0.1300168 0.9914248 -0.008880436 0.129881 0.9914899 3.01925e-4 0.1491095 0.9888207 0.008276581 0.1375655 0.9904581 0.002486765 0.1339519 0.9909847 0.01257151 0.1324699 0.9911074 -0.003235042 0.1337819 0.9910056 -0.01056838 0.1486049 0.9888402 -0.002608418 0.1348744 0.9908593 0.008057534 0.1328601 0.9911022 -0.004654049 0.1291706 0.9916115 -0.004676103 0.1292081 0.9916065 -0.002152979 0.1344152 0.9909229 -0.009046554 0.1280088 0.9917318 0.005762517 0.12527 0.992106 0.001830458 0.1238619 0.9922978 -0.002645254 0.1293603 0.9915941 0.01250898 0.08129245 0.9966118 0.001090884 0.130371 0.9914647 -0.002984762 0.129611 0.9915605 -0.900482 -0.2966017 0.3180561 -0.861629 -0.4216642 0.2824801 -0.7561301 -0.3121681 0.5751683 -0.8605099 0.1170783 0.4957978 -0.9664105 0.005620181 0.2569423 -0.9206933 0.2306302 0.314855 -0.7216653 0.536805 0.4370808 -0.610295 0.4188615 0.6723802 -0.5812609 0.185115 0.7923815 -0.7013576 0.09819042 0.7060143 -0.7792322 0.5511771 0.2983306 -0.8099173 0.1759744 0.5595239 -0.7676945 0.6341941 0.09188693 -0.7859618 0.6160842 0.05200672 -0.7850915 0.6171145 0.05292552 -0.00138241 0.01377433 0.9999042 0.01756584 -0.003165125 0.9998408 0.04213726 0.02072143 0.998897 0.01608413 0.01293212 0.9997871 0.1799266 -0.2376854 0.9545325 0.07633274 -0.1617543 0.9838744 0.01158815 -0.4123672 0.910944 -0.1323936 -0.1138439 0.9846379 -0.4594249 -0.1265569 0.8791542 -0.004814088 -5.41601e-4 0.9999883 -0.00484234 0.004101991 0.9999799 -0.1167398 0.09131544 0.9889557 -0.00762248 0.01586288 0.9998452 0.08424985 -0.7161129 0.6928812 -0.4722981 -0.6941146 0.5432675 -0.6882785 0.7091523 0.1528912 -0.2774361 0.3915045 0.8773561 0.266251 0.3663356 0.8915765 0.2912917 0.3685572 0.8827881 0.4496125 0.4542654 0.7690849 0.6353578 0.5143064 0.576029 0.7412996 0.5873701 0.3247635 0.03913509 0.1071228 0.9934754 0.1019484 0.2718693 0.9569189 -0.05760532 0.2179237 0.9742643 -0.1972095 0.3884038 0.9001395 -0.2229262 0.3181141 0.9214703 -0.08519852 0.2111509 0.9737334 -0.0658729 0.1773022 0.9819495 -0.384098 -0.1220045 0.9151961 -0.6366278 -0.305564 0.7080507 -0.7705954 -0.4954169 0.4009302 0.8126381 -0.5385391 0.2226998 0.7861423 -0.5207659 0.3328411 0.7628059 -0.4298068 0.4831079 0.7046909 -0.4125816 0.5772237 0.5496284 -0.2522934 0.7964023 0.5780802 -0.2548515 0.7751606 0.3082655 -0.06278103 0.9492266 0.611448 0.7766313 0.1515759 0.5374912 0.8085566 0.2394567 0.002799749 0.1976129 0.9802762 0.0294615 0.2948617 0.9550858 0.08447706 0.3681997 0.925901 0.1699803 0.359053 0.9177079 0.1054762 0.279518 0.9543294 0.1641454 0.2746473 0.9474309 0.8688265 0.4122075 0.2742729 0.8348426 0.4402707 0.3304536 0.7785864 0.4252735 0.4614604 0.7332775 0.4458191 0.5133706 0.6215199 0.4170184 0.6631808 0.1409981 0.2290827 0.9631411 0.4768149 0.4484477 0.7560042 0.5629516 0.4722734 0.678265 0.6206884 0.5331782 0.5748625 0.6835492 0.5317655 0.4999859 0.7575389 0.5621056 0.3319219 0.7566133 0.5427745 0.3645988 0.885307 0.3865653 0.2584552 0.7866945 0.3518155 0.5072845 0.657875 0.3330848 0.6754665 0.6016882 0.3582857 0.7138647 0.4564919 0.3149275 0.8321273 0.4389703 0.2905192 0.8502374 0.897643 0.3028582 0.3201782 0.8901781 0.2915668 0.3501027 0.8215219 0.3182214 0.473114 0.2381997 0.2124465 0.9476958 0.8216091 0.1890324 0.5377969 0.7534648 0.2326771 0.614941 0.938439 0.2035548 0.2791019 0.9138986 0.2355554 0.3306104 0.7479056 0.2413988 0.6183558 0.6757982 0.275374 0.6837148 0.5164654 0.2444629 0.8206713 0.2241141 0.2110053 0.9514461 0.2005898 0.2369192 0.9505961 0.3430308 0.3361757 0.8771066 0.4023746 0.3480101 0.846749 0.81479 0.4947986 0.3021451 0.9519889 0.001128852 0.3061305 0.6961771 0.1127387 0.7089622 0.9460394 -0.1126382 0.3038457 0.2476056 0.106427 0.9629978 0.9261534 -0.0365597 0.3753712 0.8460347 0.002368271 0.5331227 0.8544218 0.003389477 0.5195691 0.7079846 0.04973667 0.7044743 0.7363796 0.0618962 0.6737315 0.5502101 0.0608834 0.8328039 0.4719761 0.09757632 0.876195 0.1967746 0.1230272 0.9726994 0.9292659 -0.172952 0.3264241 0.9128859 -0.1821933 0.3653013 0.8393027 -0.09624868 0.535077 0.7148097 -0.0729416 0.6955046 0.7162568 -0.07252097 0.6940583 0.5622469 0.01611334 0.8268126 0.8997765 -0.2421092 0.3630229 0.8888258 -0.2468448 0.3860782 0.7942125 -0.1962995 0.5750592 0.7152943 -0.1038067 0.6910704 0.6785815 -0.1125881 0.7258451 0.4146985 0.006234228 0.9099376 0.3245719 0.0438168 0.9448456 0.8611378 -0.4056374 0.3064312 0.8436249 -0.3683651 0.3906461 0.806999 -0.3533458 0.4731802 0.7589372 -0.277786 0.588939 0.6389044 -0.2018936 0.7423208 0.6087577 -0.1950277 0.7690113 0.4718427 -0.07621347 0.8783827 0.4679005 -0.05008327 0.8823611 0.8363093 -0.5252985 0.1569983 0.2957559 -0.03759384 0.9545236 0.1824018 0.04587495 0.9821534 0.3267738 0.1733359 0.9290714 0.4647858 0.1744473 0.8680681 0.4852302 0.1796917 0.8557235 0.6383056 0.1555871 0.7538958 0.8480185 0.1273555 0.5144369 0.8517798 0.1313169 0.5071759 0.9375706 0.08889329 0.3362432 0.9450753 0.09488689 0.3127768 -0.474839 0.4626649 0.7486449 -0.4917551 0.4554476 0.7421216 -0.5643618 0.347754 0.7487076 -0.6461347 0.2483176 0.7216982 -0.6687268 -0.01552098 0.7433462 -0.6540606 -0.07113981 0.7530897 -0.4702791 0.4116334 0.7806379 -0.5452649 0.1350147 0.8273193 -0.6101264 0.1150524 0.7839062 -0.5898678 0.04826027 0.8060566 -0.5930449 -0.06996607 0.8021239 -0.553376 -0.1183063 0.8244869 0.3078697 0.6360459 0.7075746 0.3209853 0.6270064 0.7098109 -0.153944 0.6559094 0.7389751 -0.3028234 0.5983986 0.7417662 -0.3952514 0.3482283 0.850008 -0.4532933 0.3014406 0.8388437 -0.4404458 0.2818535 0.8523885 -0.5109176 0.2357975 0.8266576 -0.47376 0.2073628 0.8558927 -0.5353409 -0.1135519 0.8369684 -0.4376178 -0.1413967 0.8879739 -0.08676958 0.5823939 0.8082627 -0.2894167 0.5059572 0.8125548 0.3103024 0.5348374 0.7859144 0.211259 0.5762577 0.7894915 0.1875719 0.6244285 0.7582255 0.1362428 0.6019925 0.7867929 0.1055293 0.644471 0.7573115 0.04781919 0.6072319 0.7930845 0.02209109 0.6577946 0.7528733 -0.0617212 0.6461651 0.760698 -0.08596563 0.5774042 0.8119203 -0.2425509 0.6256 0.7414808 -0.2419701 0.630117 0.7378368 -0.3639684 0.1192116 0.9237508 -0.4309366 0.06994086 0.8996677 -0.3983606 0.04484671 0.9161319 -0.1528072 0.1126289 0.981817 -0.3287953 -0.07470947 0.9414416 -0.2390682 0.0223385 0.9707458 -0.290526 0.02252787 0.9566019 -0.2962229 0.05257934 0.9536705 -0.3224542 0.1291218 0.9377372 -0.2910885 0.1808089 0.939455 -0.2550708 0.1871489 0.9486382 -0.2822873 0.2241982 0.9327643 -0.2766573 0.3120022 0.908909 -0.2117185 0.2432612 0.9465724 -0.2473937 0.3316694 0.9103801 -0.07854568 0.266321 0.9606788 -0.08004337 0.3388317 0.937436 -0.04334598 0.3198693 0.9464697 0.1941651 0.4465786 0.873423 0.1675073 0.4796578 0.8613187 0.1126823 0.4397824 0.8910074 0.1024742 0.4910339 0.8650923 0.0349726 0.4980874 0.8664214 0.01824724 0.4623897 0.886489 -0.02699875 0.4635898 0.8856386 -0.1365153 0.4529563 0.8810188 -0.1566845 0.4679868 0.8697346 -0.2164888 0.4483145 0.867264 -0.7487047 0.6093062 0.2611269 -0.9383475 -0.2732468 0.2117548 -0.9608432 -0.1722093 0.2170812 -0.7613195 0.6227139 0.1806105 -0.7054634 0.6372174 0.3102832 -0.8710236 0.4023081 0.2818973 -0.9395711 0.1938197 0.2822059 -0.6971034 0.5890188 0.4087834 -0.7882894 0.5266162 0.318238 -0.8147181 0.5002944 0.2931554 -0.8286857 0.452503 0.3294255 -0.8775452 0.3488007 0.3290176 -0.9071794 0.3001417 0.294857 -0.9078093 0.2568458 0.3315305 -0.9324566 0.1457314 0.3305859 -0.9541404 0.07844126 0.2889001 -0.9272227 0.03416484 0.3729488 -0.9524929 -0.04957568 0.300499 -0.9315986 -0.1050599 0.3479751 -0.9008729 -0.2625725 0.3456644 -0.8817539 -0.3661824 0.2973558 -0.8389666 -0.3746553 0.3946752 -0.8110581 -0.4792852 0.3353664 -0.743022 -0.4948632 0.4505873 -0.585847 0.7898986 0.1812279 -0.6144452 0.7608042 0.2088881 -0.3044578 0.9110623 0.2779767 -0.276625 0.9179355 0.2843819 -0.242614 0.9159065 0.3197714 -0.1246306 0.9266483 0.3546693 -0.1763327 0.9389415 0.2954586 -0.1046521 0.9371638 0.3328241 -0.497878 0.798874 0.3375174 -0.5040833 0.7979714 0.3303663 -0.4676488 0.8328825 0.2959923 -0.3928557 0.8622901 0.319563 -0.3774316 0.8629441 0.3359658 0.4828366 0.8584051 0.1732332 0.4697799 0.8615722 0.1923545 0.3590534 0.9195825 0.1595267 0.3341547 0.9197262 0.2060205 0.2333201 0.961715 0.1437569 0.00691086 0.9848187 0.1734489 -0.07520306 0.9835161 0.1644403 -0.7070896 0.5505952 0.4436995 -0.8839491 -0.09717404 0.4573742 -0.8605091 -0.1956507 0.4703668 -0.6833849 0.5324938 0.4994352 -0.7349814 0.4420093 0.5142276 -0.7870144 0.3489826 0.5087432 -0.8094388 0.2712318 0.5208091 -0.8323064 0.1707401 0.5273653 -0.811852 0.1425176 0.5662025 -0.8773482 0.05534261 0.4766522 -0.8251477 0.02019 0.5645563 -0.82555 -0.03104043 0.5634748 -0.8058139 -0.1883167 0.5614274 -0.7723589 -0.2836772 0.5683212 -0.6132384 0.5239146 0.5911449 -0.7092518 0.4039068 0.5777727 -0.7082797 0.3874688 0.5900914 -0.7884356 0.2540766 0.5601914 0.4509326 0.8160014 0.3616654 0.493117 0.7553016 0.4316885 0.4321268 0.7913439 0.4324826 0.0300439 0.9281397 0.3710177 -0.4980981 0.7760723 0.3867947 0.02491295 0.8464169 0.5319378 -0.2230989 0.7950901 0.5639669 -0.2419599 0.7893407 0.5642666 -0.4254074 0.7041678 0.5684859 0.3734842 0.7810387 0.5004878 0.2788456 0.8238038 0.4935507 0.2797614 0.8203431 0.4987694 0.1571539 0.8552207 0.4938626 0.1579909 0.853468 0.4966199 0.0390982 0.8679596 0.4950936 -0.09182572 0.8462609 0.5247957 -0.1081116 0.8649209 0.4901263 -0.2070553 0.8399874 0.501547 -0.3494556 0.8157224 0.4609532 -0.3796704 0.7601955 0.5272127 -0.420127 0.7388296 0.5269004 0.4233482 0.8420215 0.3343295 0.3154424 0.8871959 0.3367191 0.3142861 0.8897616 0.330981 0.1780589 0.9243455 0.3374618 0.1755837 0.9278056 0.3291614 0.1146933 0.9481221 0.2964962 0.04816865 0.9454313 0.3222413 -0.5738232 0.4885716 0.6572859 -0.6517564 0.3535436 0.6709849 -0.6775653 0.2659019 0.6857124 -0.7193944 0.1442635 0.6794555 -0.6824695 0.1204002 0.7209295 -0.6903426 -0.2573035 0.676182 -0.641714 -0.3320124 0.6913545 0.4293797 0.6503993 0.6265892 0.3128632 0.6930695 0.6494392 0.232405 0.7295503 0.6432296 0.233128 0.7256585 0.6473571 0.130804 0.7545025 0.6431301 0.1315263 0.7526022 0.645206 0.02708995 0.7648324 0.6436594 0.02542513 0.7675613 0.6404713 -0.075814 0.7519533 0.6548423 -0.08382296 0.7611033 0.6431916 -0.1680876 0.7441007 0.6465762 -0.2721753 0.7060843 0.6537322 -0.3988159 0.654637 0.6421809 0.7563551 -0.649092 0.08128136 -0.01629102 -0.6107212 0.7916781 -0.01643759 -0.6108356 0.7915869 -0.01630491 -0.6107373 0.7916654 0.5284562 -0.7943964 0.2994471 0.5284793 -0.7943651 0.2994892 0.5284403 -0.7944253 0.2993986 0.005973041 0.01978987 0.9997863 0.2719314 0.1969759 0.9419416 -0.003156483 0.01752233 0.9998415 0.1864088 0.1122321 0.9760409 0.06298404 -0.174779 0.9825912 0.04607814 -0.2818064 0.9583642 -0.04318344 -0.1237902 0.9913684 -0.3184397 -0.4296322 0.8449926 -0.02374529 -0.00999999 0.9996681 -0.01782697 0.01565766 0.9997186 -0.07575398 0.03315788 0.9965752 0.8967233 -0.4316819 0.09766346 0.9741244 -0.216374 0.06529861 0.9624428 0.2540024 0.09584695 0.9852991 0.1246591 0.1168156 -0.02338498 0.1091673 0.9937484 -0.04367727 -0.8514903 0.5225481 -0.06986892 -0.8128124 0.5783203 -0.2614476 -0.882896 0.3900511 -0.2004884 -0.8058145 0.5571963 -0.2059531 -0.6384673 0.7415814 -0.1404127 -0.8485641 0.5101208 -0.4462076 -0.7975099 0.4060501 -0.3579252 -0.7417418 0.5671937 -0.5961681 -0.7968561 0.09800034 -0.5908676 -0.7346341 0.3334491 -0.5784333 -0.7278129 0.3683794 -0.5315094 -0.5433211 0.6498461 -0.4753652 -0.5017585 0.7226799 -0.4911115 -0.7787081 0.3904145 -0.4951098 -0.7728507 0.3969483 -0.4395418 -0.5229106 0.7303201 -0.3058817 -0.8706859 0.3851523 -0.3549824 -0.7438498 0.5662817 0.06581324 -0.5015685 0.862611 0.03563183 -0.5736941 0.8182943 -0.04253399 -0.5722746 0.8189584 -0.05203646 -0.5203871 0.8523435 -0.1602635 -0.4896897 0.8570413 -0.3238639 -0.4866752 0.811332 -0.3355346 -0.4515592 0.8267472 -0.409036 -0.3456576 0.8445178 -0.1410855 -0.3203974 0.9367179 -0.1536943 -0.3039107 0.9402214 -0.2535667 -0.254168 0.9333287 -0.2653567 -0.2076699 0.9415196 0.003044366 -0.1857421 0.9825938 -0.02904325 -0.2671389 0.9632203 -0.07253265 -0.1741189 0.9820497 -0.136687 -0.1325557 0.9817056 -0.2168347 -0.105521 0.9704886 0.07840305 -0.08147412 0.9935869 0.4933838 -0.7383743 0.4597564 0.5894962 -0.6715881 0.4488471 0.5479617 -0.6540125 0.5215416 0.4629085 -0.4884798 0.7396643 0.4517536 -0.4461672 0.7725629 0.3174763 -0.7654264 0.5597602 0.3115006 -0.7833995 0.5378222 0.2713746 -0.219745 0.9370528 0.2579611 -0.1885288 0.9475828 0.115435 -0.9031492 0.4135172 0.1765722 -0.8046597 0.566873 0.2367268 -0.3169673 0.9184183 0.1808675 -0.9816793 0.05994004 0.2287869 -0.9659014 0.1212071 0.2286924 -0.9659227 0.121215 0.2286717 -0.9659278 0.1212141 0.2414999 -0.8333687 0.4971665 0.2371075 -0.5225055 0.8190044 0.2705544 -0.4206165 0.8659573 0.4038017 -0.7481803 0.5264698 0.4106836 -0.7334908 0.5415996 0.360991 -0.5504094 0.7528181 0.03746217 -0.994736 0.09537851 0.07388997 -0.9087625 0.4107204 0.03195589 -0.8565239 0.5151171 0.1104973 -0.5241716 0.8444138 0.1429641 -0.4278507 0.8924713 -0.9822825 0.1615898 0.09492003 -0.9909915 0.08299404 0.1051091 -0.9762366 -0.2100109 0.05345648 -0.8901599 -0.4451324 0.09732687 0.006734967 0.5317081 0.8469009 -0.05493295 0.6265054 0.7774789 -0.05327701 0.6268768 0.7772948 -0.05425941 0.6274465 0.776767 0.02134275 0.4903137 0.8712848 -0.03027313 0.8137701 0.580398 0.005864322 0.5263958 0.8502194 -0.05389904 0.6233249 0.7801032 0.1630238 0.8099163 0.563435 0.1633551 0.8100189 0.5631915 0.1627895 0.8099386 0.5634707 0.0218113 0.4955022 0.8683328 0.192117 0.9510245 0.2421638 0.04248315 0.6846351 0.7276469 -0.6408118 -0.6508287 0.4071638 -0.6408683 -0.6506826 0.4073083 -0.6407283 -0.6509349 0.4071256 -0.2986322 -0.2835075 0.9112861 -0.6413689 -0.5650613 0.5189911 -0.3656292 -0.3478128 0.8633317 -0.3502348 -0.337303 0.8738206 0.8797308 0.4725173 0.05292606 0.7902359 -0.6126814 0.01220321 0.8329467 -0.5400412 0.1206458 0.7580801 -0.6494302 0.05962532 0.8534703 -0.518626 0.05114316 0.8389572 -0.5400468 0.06708484 0.9103666 -0.407876 0.06978404 0.904021 -0.423588 0.05761313 0.9476573 -0.3099166 0.07679527 0.9319629 -0.3602138 0.04112362 0.9656876 -0.2533879 0.05693984 0.9961805 -0.06774961 0.05508702 0.9967296 -0.06252574 0.05119484 0.9736278 -0.2238371 0.04411339 0.9856171 -0.1560881 0.06477171 0.998635 0.03808218 0.03574961 0.966142 0.2529639 0.050785 0.9981755 0.008079469 0.05983722 0.9838736 0.1713243 0.05138862 0.9839593 0.170718 0.05176281 0.9025227 0.4300951 0.02170675 0.9299036 0.3625251 0.06208819 0.9082407 0.4153906 0.05049484 0.965475 0.2556738 0.04989039 0.9411299 0.3341063 0.05145478 0.8437488 0.5351286 0.041538 0.7630504 0.6447392 0.04544812 0.8495448 0.5255109 0.04595667 0.7831571 0.6196752 0.0516498 0.6438826 0.7631922 0.05434095 0.689071 0.7223744 0.05793482 0.7691648 0.637596 0.04309487 0.3783668 0.9250035 0.03474736 0.6313701 0.7740569 0.04698824 0.5467035 0.8363878 0.03963392 0.5024731 0.8630289 0.05198073 0.4111645 0.9100624 0.05225223 0.296622 0.9542389 0.0379939 0.2200717 0.9739948 0.05387657 -0.03941035 0.9984623 0.0389865 0.04704982 0.997464 0.05340385 0.1358839 0.98967 0.04570674 0.1271106 0.9909502 0.04313546 -0.1954971 0.9794301 0.04997509 -0.1096649 0.9924519 0.05489063 -0.2265446 0.9730574 0.04286068 -0.2668816 0.9624447 0.04974436 -0.3650992 0.9297518 0.0475859 -0.3746135 0.926061 0.04556071 -0.4339351 0.8995355 0.05036312 -0.4825077 0.8747847 0.04402369 -0.5076477 0.8601295 0.04970896 -0.59978 0.798654 0.0491513 -0.5830451 0.8113323 0.04240655 -0.6839218 0.7284926 0.03936386 -0.876673 0.4784743 0.05006939 -0.8643541 0.5013378 0.03939944 -0.7968456 0.601612 0.05567926 -0.7690579 0.6377787 0.04228818 -0.7183858 0.6937025 0.05194973 -0.921425 0.3848685 0.0534076 -0.9388616 0.3421961 0.03795927 -0.963086 0.2629879 0.05747175 -0.9818812 0.1839379 0.04556673 -0.9952616 0.08842843 0.04043316 -0.9853227 0.1622778 0.05296552 -0.9992362 0.01177293 0.03726255 -0.997982 -0.01157516 0.0624336 -0.9796092 -0.1936075 0.05368518 -0.9853543 -0.1657099 0.04021483 -0.9931808 -0.09968662 0.06045383 -0.9592581 -0.2801196 0.03683495 -0.9435598 -0.3258537 0.05928081 -0.7563467 -0.6491035 0.0812689 -0.9376499 -0.3435248 0.05294698 -0.8920494 -0.444519 0.08155244 -0.9022499 -0.4278647 0.0536378 -0.8281866 -0.5576332 0.0561437 -0.8264975 -0.5596441 0.06083059 -0.7170152 -0.6943596 0.06127113 0.6495935 -0.6921909 0.314484 0.6804703 -0.6603052 0.3177379 0.5092658 -0.4679715 0.7222543 0.3803911 -0.3926284 0.8373444 0.3383983 -0.3466274 0.874835 0.3685454 -0.3572113 0.8582392 0.8556492 0.2167012 0.4700055 0.7492344 -0.3261964 0.576406 0.6041368 -0.7957215 0.04296606 0.594185 -0.8008696 0.07451409 0.5130379 -0.8538792 0.08765059 0.4800942 -0.8761556 0.0431413 0.4292096 -0.8980107 0.096726 0.3993377 -0.9136537 0.07593601 0.3411636 -0.9324126 0.1192231 0.2755569 -0.9594954 0.05862832 0.08309835 -0.9963486 0.01960331 0.2158911 -0.9512121 0.2204243 0.05826818 -0.988292 0.1410104 -0.06920677 -0.9883746 0.1353744 -0.05236709 -0.9942522 0.09338265 -0.303577 -0.9492771 0.08193993 -0.2320141 -0.9649905 0.1223227 -0.2047196 -0.9748935 0.0875948 -0.1463795 -0.9765452 0.1579006 -0.4099113 -0.9083571 0.08282685 -0.3308933 -0.9366353 0.1149958 -0.4037407 -0.9119397 0.07320821 -0.5023395 -0.8598716 0.09097141 -0.5203583 -0.8525157 0.04944008 -0.6193616 -0.7830889 0.05623984 -0.7084798 -0.4312037 0.5586768 -0.8806487 0.2340158 0.4119401 -0.09586042 0.5532667 0.8274701 -0.3575989 0.9248307 0.1296586 -0.04303067 0.4913008 0.8699263 -0.1363881 0.5641241 0.8143478 -0.1996059 0.5247802 0.8275042 -0.2492561 0.5405697 0.8035271 -0.7260409 0.465759 0.5058984 -0.2574037 0.4538574 0.8530867 -0.5309047 0.2758432 0.8012809 -0.4589731 0.3510074 0.8161725 -0.5618588 0.2763716 0.7797008 -0.3506642 0.4155908 0.8392371 -0.9630062 -0.013031 0.2691644 -0.8726091 0.1766031 0.4553732 -0.787624 0.2725413 0.5526029 -0.9105573 0.288794 0.2957762 -0.6031471 0.6707508 0.431633 -0.6645706 0.6856333 0.2970741 -0.5070205 0.7305808 0.4573641 -0.5578984 0.7866564 0.2644259 -0.4676098 0.8367309 0.2849954 -0.2880533 0.7844331 0.5492631 -0.2877952 0.7843972 0.5494497 -0.2882551 0.7843845 0.5492267 -0.4549106 0.7806026 0.4286209 -0.8852905 0.170155 0.4327909 -0.2610972 0.8199811 0.5093716 -0.2094022 0.4831604 0.8501216 -0.4398599 0.5218085 0.7309166 -0.835601 0.0699703 0.5448625 -0.7846009 0.3422937 0.5169492 -0.7293284 0.4654981 0.5013898 -0.667925 0.5751557 0.4723052 -0.7067779 0.5779138 0.4080205 0.9524656 0.1613084 0.2584355 0.8759083 0.03288298 0.4813559 0.3277124 0.5069146 0.7972719 0.661006 0.413798 0.6259731 0.3913367 0.4441682 0.8059592 0.5369471 0.5714802 0.6205629 0.2465458 0.4942248 0.8336408 0.09875535 0.506231 0.8567249 0.5419543 0.8293194 0.1360693 0.4548352 0.8215246 0.3438346 0.7979938 0.2445942 0.5507992 0.9276689 0.03328144 0.3719177 0.0957936 0.5735584 0.8135443 0.09519171 0.5746099 0.8128727 0.09572023 0.5735766 0.8135401 0.3016062 0.8451361 0.4413374 0.3273156 0.8869397 0.3258875 0.3496806 0.680916 0.6434882 0.5214701 0.6741456 0.5230648 0.5986703 0.6808845 0.421889 0.6377488 0.5714763 0.5164217 0.5296739 0.5674354 0.6304465 0.7395139 0.4575305 0.4937459 0.8684723 0.3675889 0.3326175 0.7076518 0.3547855 0.6110288 -0.5865228 -0.4614884 0.6655971 -0.4912418 -0.1861329 0.8509031 -0.7068464 -0.2065815 0.6765297 -0.6187093 0.1560987 0.7699559 -0.7434362 -0.2726085 0.610727 -0.9430772 -0.1355335 0.303704 -0.9288641 -0.1182901 0.3510256 -0.8942844 -0.232979 0.3820682 -0.600163 -0.1841366 0.7783946 -0.6486728 -0.2843784 0.705941 -0.573177 0.1300072 0.8090528 -0.7079938 -0.0796222 0.701716 -0.8164493 -0.178043 0.5492826 0.8153464 -0.2483317 0.5230121 0.6788491 -0.2078534 0.7042449 0.5244482 0.1674045 0.8348233 0.9071 -0.171364 0.3844528 0.8635559 -0.09346765 0.495515 0.6744881 -0.00826621 0.7382395 0.7004933 -0.3576295 0.6175843 0.5331069 -0.1694316 0.828909 0.6866342 -0.2418987 0.6855791 0.8240169 -0.204526 0.528361 0.5656611 -0.02936601 0.8241147 0.6206086 -0.4553561 0.638354 0.5890974 -0.4071079 0.6980168 0.7963656 -0.404052 0.450049 -0.4912291 -0.3275768 0.8070858 -0.4992066 -0.3638318 0.7863964 -0.416159 -0.3483353 0.8399251 -0.2801373 -0.5447069 0.7904542 -0.09751284 -0.7246935 0.6821368 -0.1888819 -0.5657367 0.8026617 -0.2668778 -0.5205206 0.8110702 -0.1751725 -0.5338495 0.827236 -0.3489573 -0.5230041 0.7776218 0.03884166 -0.5491275 0.8348356 0.09631794 -0.4438754 0.8908971 0.2956774 -0.4437137 0.8459865 0.4441117 -0.4941732 0.7473671 0.2600774 -0.5373922 0.8022279 0.01819688 -0.955567 0.2942121 0.1969107 -0.9271577 0.3187552 0.164479 -0.9016317 0.4000088 0.4767876 -0.7393875 0.4753733 0.3423048 -0.8511509 0.3979569 -0.4381853 -0.6526465 0.618099 -0.5033947 -0.4775366 0.720106 -0.3486513 -0.5505096 0.758539 0.4455396 -0.2298486 0.8652538 0.635975 -0.6775367 0.3694318 0.6291527 -0.6593989 0.4115338 -0.0321415 -0.5783361 0.8151654 -0.7411486 -0.4468307 0.5010401 -0.7411689 -0.4468107 0.5010281 -0.7412341 -0.4467345 0.5009993 -0.7292051 -0.3538025 0.5857335 0.1187956 0.5585623 0.8209117 -0.1359261 0.5245816 0.8404394 -0.4375815 0.4310005 0.7891521 -0.4375823 0.430998 0.789153 -0.4375852 0.4309875 0.7891572 -0.5328344 0.3501679 0.77037 0.1791014 0.5648326 0.8055352 0.2194235 0.5348758 0.8159419 0.2209604 0.5359463 0.8148239 -0.08799207 0.7377458 0.6693196 -0.5339356 0.6343929 0.55898 -0.3041967 0.6446583 0.7013417 -0.1054806 0.7373208 0.667257 -0.6185821 0.186392 0.7632918 -0.2183682 0.577942 0.7863196 -0.3562402 0.5045759 0.7864452 -0.1430487 0.9530466 0.2669068 -0.2423047 0.8867721 0.3936036 -0.3049141 0.8780664 0.3688181 -0.4545426 0.793563 0.4045354 -0.393288 0.8082849 0.4381782 -0.3931875 0.8083072 0.4382271 -0.393366 0.8082552 0.438163 -0.8071404 0.4656007 0.3629608 -0.8749483 0.4118592 0.2546324 -0.7899854 0.5234444 0.3192636 -0.9646979 -0.1086157 0.2399179 -0.8294864 0.3798661 0.4094559 -0.8719899 0.1359844 0.4702574 -0.8548696 0.2194377 0.4701543 -0.8150397 0.2551131 0.5202189 -0.8818984 0.274057 0.3835991 -0.7822654 0.3851254 0.4896318 -0.9351628 -0.0320338 0.3527671 -0.9200194 0.07736438 0.3841603 -0.6413281 0.568966 0.5147582 -0.6634485 0.5996748 0.4474666 -0.08827829 0.5256371 0.8461162 0.9860398 -0.08934164 0.140512 0.8747638 0.3613226 0.3228533 0.4822587 0.7212298 0.4972466 -0.6344218 0.6763834 0.374185 -0.6135 0.7364351 0.2850983 -0.422164 0.8560094 0.2983713 -0.3249083 0.8871318 0.3277682 0.2369819 0.9194814 0.3136774 0.3742444 0.905784 0.1987374 0.3373541 0.8969264 0.2858589 0.4120085 0.8386392 0.3562772 0.96812 -0.09420293 0.2320981 0.5883116 0.2055791 0.7820657 0.6273351 0.1939254 0.7542173 0.7753948 0.08445423 0.6258038 0.9344883 0.1621834 0.3169043 0.9112102 0.1716868 0.3744589 0.5212754 0.3403025 0.7826023 0.5269724 0.2909845 0.7985162 0.6129449 0.237843 0.7534782 0.9373806 0.07348561 0.3404664 0.9591125 0.03830116 0.2804217 0.8637793 0.427067 0.2673932 0.9122352 0.3236995 0.2510894 0.5310539 0.4533879 0.7158361 0.6898545 0.5344723 0.4883034 0.5761728 0.5519737 0.6027852 0.7636784 0.4823885 0.4290649 0.9050668 0.2554463 0.340002 0.9265534 0.2493151 0.2816752 0.3976529 0.8192609 0.4131391 0.5891795 0.6682535 0.4542079 0.5354227 0.6676009 0.5173312 0.433615 0.7669118 0.4731008 0.4608561 0.7747648 0.4328411 0.6079675 0.7489389 0.2635644 0.05503028 0.9206242 0.3865527 0.05498772 0.9206274 0.3865511 0.0549913 0.9206271 0.3865513 0.133843 0.9118253 0.3881503 0.7071778 0.6159971 0.3470551 0.3395063 0.5135521 0.7880353 0.4926619 0.3901799 0.7778458 0.4320777 0.3756837 0.8198602 0.2271327 0.9116601 0.3424715 0.1256318 0.9034866 0.4097911 -0.09490722 0.841268 0.5322228 -0.04019707 0.9199269 0.390024 0.02307564 0.859359 0.510852 0.136349 0.6650482 0.7342479 0.07980388 0.5505132 0.8310034 0.4782401 -0.1653954 0.8625143 0.772991 -0.6245459 0.1114782 0.7924874 -0.4915401 0.361043 -0.8183513 -0.3627033 0.4458113 0.2004556 -0.791423 0.5774663 0.1406159 -0.9244844 0.3543385 0.06230634 -0.7752051 0.6286294 0.06210595 -0.7750898 0.6287915 0.06199079 -0.7750828 0.6288114 -0.02663403 -0.8892778 0.4565914 -0.2673664 -0.7792665 0.5667973 -0.2642089 -0.7835677 0.5623303 -0.4154683 -0.8288593 0.3746711 -0.8882179 -0.1455829 0.4357461 -0.6840532 -0.6320047 0.3641996 0.4141291 -0.8140001 0.4073096 0.4574106 -0.6496658 0.6072149 0.5422209 -0.779129 0.3145706 0.5863367 -0.5533001 0.5916658 0.6778522 -0.6808287 0.2774686 0.7087008 -0.5484693 0.4437619 0.2919002 -0.8731007 0.3904989 -0.8312851 -0.453578 0.3212975 -0.7829411 -0.5004951 0.3694697 0.8593913 -0.4583833 0.2265643 0.9130899 -0.3088694 0.2662081 0.9409738 -0.2229325 0.2546947 -0.3907085 -0.8977034 0.2036556 -0.7754687 -0.5876474 0.2309087 -0.6823636 -0.6676026 0.2978034 -0.5502573 -0.8203643 0.1556255 -0.5501947 -0.8204094 0.1556088 -0.5501525 -0.8204381 0.1556078 -0.5482712 -0.7723199 0.3208125 -0.5575597 0.1801815 0.8103468 -0.5626886 0.06948155 0.8237439 -0.5953325 -0.0699473 0.8004291 -0.5608039 -0.0485754 0.8265225 -0.5857472 -0.1661118 0.7932888 -0.5449426 -0.2690872 0.794122 -0.3541259 -0.3656096 0.8607696 -0.3445529 -0.5088934 0.7888668 -0.03981852 -0.5113016 0.8584784 0.04850894 -0.5012263 0.8639555 0.1787397 -0.5197691 0.8353993 0.1911911 -0.4673127 0.8631713 0.2574307 -0.4480292 0.8561538 0.3610501 -0.3410707 0.8679364 0.4648671 -0.2829501 0.8389505 0.5693405 -0.2344664 0.7879575 -0.7938382 -0.1234109 0.5954753 -0.5978806 -0.1875802 0.7793282 -0.59924 -0.4187442 0.6823231 -0.5219554 -0.3880105 0.759612 -0.5090625 -0.5265143 0.6809098 -0.4404894 -0.4114071 0.7979432 0.6293603 -0.3127131 0.7114185 0.6830151 -0.277413 0.6756719 0.6389683 -0.1837252 0.7469702 0.648053 -0.1222921 0.7517127 0.7635892 -0.2009679 0.6136314 0.7542439 -0.10942 0.647413 0.6669254 -0.002790033 0.7451193 0.6439149 0.0659393 0.7622504 0.8217514 -0.02607536 0.5692493 -0.08910894 -0.6642237 0.7422038 -0.100176 -0.6603153 0.7442772 -0.1287819 -0.702577 0.6998577 -0.1858293 -0.6668522 0.721648 -0.2828297 -0.5813988 0.7628781 -0.3475961 -0.5355378 0.7696599 0.323284 -0.7248982 0.6082846 -0.8670241 -0.08810693 0.4904146 -0.8790495 -0.3164043 0.3565956 -0.6085498 0.7906039 0.06791657 -0.6567833 0.7400417 0.144824 -0.4031847 0.9150999 0.005866289 0.4003183 0.9160844 0.02312785 0.8251332 0.5588917 0.08243477 0.8715546 0.4828013 0.08541458 -0.712417 -0.6956813 -0.09213948 -0.647244 -0.7620525 -0.01874113 -0.6038007 -0.7922492 -0.08812659 -0.483507 -0.8710343 -0.08671957 -0.5269119 -0.8499135 -0.003304243 -0.3621112 -0.9313107 -0.03919053 -0.3642493 -0.9306544 -0.03471094 -0.2072893 -0.9776721 -0.03447747 -0.2326709 -0.9679974 -0.09404927 -0.1442771 -0.9894794 -0.01070994 -0.179158 -0.9828281 -0.04417532 -0.03035002 -0.9994056 -0.01635146 -0.05510127 -0.9968132 -0.05768406 0.05566078 -0.9958855 -0.07151246 0.1268992 -0.9919121 -0.002677083 0.1547869 -0.9856322 -0.06760364 0.2563331 -0.9649637 -0.05602389 0.3305682 -0.9419702 -0.05845451 0.2781614 -0.9602214 -0.02452254 0.374772 -0.9270569 -0.0105645 0.4428207 -0.8925241 -0.0855022 0.5744587 -0.8141993 -0.08412349 0.5159682 -0.8563181 0.02227592 0.6683166 -0.73442 -0.1182382 0.6429604 -0.7658765 0.005934298 0.7556878 -0.6549322 8.5967e-5 -0.73888 -0.6723194 -0.04519891 -0.8119345 -0.5822048 -0.04242736 -0.8124659 -0.5798914 -0.06021004 -0.887065 -0.4611833 -0.02063107 -0.8890464 -0.4540162 -0.05887109 -0.9308058 -0.3654271 -0.007995188 -0.9369683 -0.3423061 -0.07012295 -0.9587429 -0.2789602 -0.05471187 -0.9772126 -0.2117898 0.01416462 -0.9807018 -0.1727629 -0.09152615 -0.9969879 -0.0775429 -0.001519203 -0.9985831 0.006171762 -0.05285483 -0.9989674 0.005979001 -0.04503995 -0.9880757 0.1531109 -0.01623499 -0.9915292 0.0956912 -0.08782482 -0.9702937 0.2412613 0.01797813 -0.9527267 0.2904196 -0.08926653 -0.9350714 0.3541286 -0.01530802 -0.8770883 0.4803217 -0.002721011 -0.8971611 0.4373151 -0.06210941 -0.8429238 0.5380331 -4.10155e-4 -0.8117631 0.5792112 -0.07453262 -0.7979124 0.6009647 -0.04666012 -0.7232369 0.6904365 -0.01503461 -0.7109529 0.6952773 -0.1055252 -0.6174014 0.7862666 -0.02450323 -0.5971373 0.7968819 -0.09168684 -0.5011925 0.8653338 -0.001899003 -0.459567 0.8865254 -0.05358195 -0.3220219 0.942573 -0.08864665 -0.2751765 0.9612954 -0.0137555 -0.2169601 0.9761712 -0.004263818 -0.1640803 0.9848192 -0.056647 -0.1375516 0.9900279 -0.03040421 -0.05918127 0.997689 -0.03338265 -0.05057382 0.9985212 -0.01994639 0.04971444 0.9986708 -0.01361519 0.07041478 0.9962192 -0.0508843 0.1877281 0.9819704 -0.02219223 0.2024256 0.978378 -0.04243135 0.2776302 0.9606751 0.004998385 0.349785 0.9342769 -0.06911754 0.4876766 0.8712128 -0.05621373 0.597624 0.8012511 -0.02902555 0.6231059 0.7786509 -0.07376945 0.5157193 0.8567531 0.002782702 0.6739703 0.7383497 -0.02457392 0.7179244 0.6949293 -0.04071795 0.7439994 0.6629117 -0.08374381 0.7739822 0.6331603 -0.007730603 0.8314172 0.5526966 -0.05720174 0.8368299 0.5467822 -0.02729672 0.9107162 0.4085177 -0.06090444 0.9107226 0.4093363 -0.05503004 0.9357491 0.3526542 -0.002967655 0.9904685 0.1132537 -0.0783953 0.9917859 0.1142187 -0.057576 0.9688874 0.2474987 -0.001258015 0.9595804 0.2718527 -0.07281225 0.9997792 0.02093404 -0.001864194 0.9962504 -0.0550242 -0.06676459 0.997039 -0.0707519 -0.0301246 0.9818707 -0.1831697 -0.0487737 0.9774124 -0.1856846 -0.1009274 0.9698067 -0.2438722 -0.001255214 0.9482089 -0.316489 -0.02710527 0.9326981 -0.3524382 -0.07656174 0.8980607 -0.4396763 -0.0131064 0.8668682 -0.4931032 -0.07341009 0.8470293 -0.5315432 -0.001809239 0.7749199 -0.6231195 -0.1059309 0.3984922 -0.6386893 -0.6582401 0.3923388 -0.7496758 -0.5329695 0.7832695 -0.6168999 -0.07696491 0.5924543 -0.2009173 -0.7801476 0.6936998 -0.2979238 -0.6557606 0.6743974 -0.3031524 -0.6732658 0.9211627 -0.2718848 -0.2784563 0.5964806 -0.4303936 -0.677475 0.926764 -0.3614144 -0.1024111 0.6164065 -0.5183761 -0.5927305 0.8350932 -0.5203083 -0.1786025 0.6388431 0.7376629 -0.218479 0.6233514 0.4015684 -0.6709516 0.7498105 0.4108452 -0.518643 0.7369737 0.248206 -0.6287 0.8806488 0.2249816 -0.4169424 0.8118481 0.1392109 -0.5670301 0.948634 0.1949283 -0.2491921 0.9853991 0.07149994 -0.1545196 0.3335591 0.6044127 -0.7234802 0.3838387 0.784108 -0.4876911 0.2452521 0.6352421 -0.732338 0.128668 0.6423361 -0.7555456 0.1289034 0.6420932 -0.7557117 0.1287919 0.6422727 -0.7555782 0.212893 0.853333 -0.4759196 0.2130266 0.853281 -0.4759529 0.2127548 0.8534672 -0.4757407 0.5092411 0.7685262 -0.3873515 0.4812689 0.683797 0.5484542 0.4691056 0.4242379 -0.7745724 0.1447018 -0.7245039 -0.6739106 0.1460075 -0.785865 -0.6009145 0.05320888 -0.6824107 -0.7290298 0.03941136 -0.5822964 -0.8120208 0.0391252 -0.5825873 -0.8118261 0.03929579 -0.5825198 -0.8118662 0.447441 0.07946407 -0.8907762 0.6768547 0.1552765 -0.7195533 0.07907092 0.9001971 -0.4282441 0.07879078 0.9003264 -0.4280241 0.07893091 0.9002299 -0.428201 0.7002413 -0.7139023 0.00237888 0.5126999 -0.5829046 -0.6303658 0.4121018 -0.7601467 -0.5023435 0.329654 -0.821963 -0.4644409 -0.851885 0.2841274 -0.4399586 -0.03623604 0.6119791 -0.7900434 -0.4297656 0.5328218 -0.7289737 -0.4415526 0.6005471 -0.6666142 -0.5167071 0.3889592 -0.7627087 -0.5167967 0.3887974 -0.7627305 -0.5167188 0.3891725 -0.7625919 0.06349873 0.2647395 0.9622272 -0.5405017 0.6182799 -0.5706033 -0.3720738 0.7370463 -0.5642021 -0.113135 0.677863 0.7264311 -0.8175438 0.3693547 -0.4418135 -0.4676494 0.6268153 0.6232229 -0.4676583 0.6268078 0.6232237 -0.4676539 0.6268115 0.6232233 -0.923431 0.1734887 -0.3423112 -0.7012705 -0.5425406 -0.4624603 -0.6533686 -0.4626369 -0.59923 -0.8668161 -0.3714624 -0.3326348 -0.3685354 -0.7302966 -0.5751945 -0.6333549 -0.7144442 -0.2973738 -0.5075122 -0.8609765 0.03392541 -0.5354231 -0.7930624 -0.2904725 -0.1828958 -0.5047564 -0.8436648 -0.219083 -0.1598634 -0.9625208 -0.3238312 -0.4716467 -0.8201725 -0.04549098 0.3772675 -0.9249865 -0.1197326 -0.7973305 -0.5915473 -0.1685901 -0.6694869 -0.7234395 -0.4735072 -0.5905979 -0.653441 -0.9079029 -0.2632758 -0.3261876 -0.5285283 -0.3680654 -0.7649744 -0.9087268 -0.144951 -0.3914142 -0.650989 -0.2245325 -0.7251197 -0.8277636 -0.1003974 -0.5520216 -0.7428027 -0.05386757 -0.6673398 -0.7397838 0.0999211 -0.6653839 -0.618812 0.1280144 -0.7750381 -0.6998519 0.3332367 -0.6317916 -0.6181712 0.2919022 -0.729834 -0.2036922 0.3465579 -0.9156457 -0.2115455 0.4226848 -0.8812413 -0.1816708 0.7606238 -0.6232552 0.9324322 -0.3613357 0.002596914 0.9331792 -0.3593977 0.003143906 0.9327892 -0.3604124 0.002701997 0.08452463 -0.9956851 -0.0383014 0.08483594 -0.9956714 -0.0379672 0.08495223 -0.9956835 -0.03738516 0.006100296 -0.999543 -0.02960854 0.3188614 0.4380949 -0.8404763 0.3206177 0.4337993 -0.8420348 0.318462 0.4383559 -0.8404915 0.4270759 0.3458291 -0.835469 0.4268488 0.3458821 -0.8355633 0.4264774 0.3461716 -0.8356328 0.005369961 -0.3976582 -0.917518 0.4937315 -0.8690545 -0.03120404 0.4937359 -0.8690544 -0.03113341 0.493734 -0.8690546 -0.03115886 0.6477335 0.4565857 -0.6098942 0.6473513 0.4569164 -0.6100522 0.6476888 0.4566589 -0.6098868 0.6576495 0.004652321 -0.7533097 0.8324915 0.3965135 -0.3869563 0.7868174 -0.5352781 0.3072391 0.7867573 -0.5353595 0.307251 0.7867138 -0.5354307 0.3072385 0.9425139 0.3312597 -0.04398381 0.9396654 0.3399658 -0.03810858 0.9394938 0.340677 -0.03592503 0.5387181 0.842411 -0.01125633 0.5387183 0.8424111 -0.01124399 0.5387188 0.8424109 -0.01122057 0.2116513 -0.4864536 -0.8476831 0.2116207 -0.4863402 -0.8477558 0.211636 -0.4865495 -0.8476319 -0.3128539 0.557653 0.7688599 -0.3128837 0.5576176 0.7688735 -0.312875 0.5576285 0.7688692 0.0201649 -0.1792024 -0.9836056 0.02019518 -0.1792039 -0.9836047 0.0202226 -0.1792028 -0.9836044 -0.001246631 0.9633798 -0.268138 -0.001262664 0.9633889 -0.2681049 -0.001173496 0.9633091 -0.2683918 -0.8122954 -0.5605577 0.161094 -0.9834006 -0.05525344 -0.1728304 0.4608772 -0.8528116 0.2455701 -0.2510227 -0.8143257 -0.5233176 -0.2510254 -0.8143248 -0.5233176 -0.2510247 -0.8143252 -0.5233175 -0.02944606 -0.3026275 -0.952654 -0.007442414 -0.1735153 -0.984803 -0.01807969 -0.3255365 -0.9453566 0.01632273 -0.3247695 -0.9456524 -0.03632253 -0.2587909 -0.9652503 -0.01158022 -0.4534629 -0.8912 -5.38438e-4 -0.4149952 -0.9098235 -9.0666e-4 -0.3417938 -0.9397745 0.008479356 -0.3966172 -0.9179449 0.00757879 -0.3920331 -0.91992 0.02841269 -0.4393478 -0.8978676 0.02282762 -0.4365129 -0.8994084 -0.0176509 -0.3662627 -0.9303441 0.0366432 -0.4799801 -0.8765139 0.05617696 -0.4807983 -0.8750298 0.03118079 -0.3660283 -0.9300813 -0.01057004 -0.4518275 -0.8920428 -0.001404345 -0.388279 -0.9215409 0.03153401 -0.3471834 -0.937267 -0.00211656 -0.3937564 -0.9192124 0.001583278 -0.3643298 -0.9312686 0.02866464 -0.3348003 -0.9418531 -0.003019809 -0.4388983 -0.8985317 0.02310651 -0.4425122 -0.8964649 0.03978139 -0.5192919 -0.8536705 -0.006530165 -0.4600622 -0.8878628 -0.08501452 -0.4873075 -0.8690823 -0.00861448 -0.4075725 -0.9131322 0.04157114 -0.4395248 -0.8972679 -0.04876571 -0.3591365 -0.9320101 -0.02514958 -0.3694805 -0.9288981 -6.17359e-4 -0.3926952 -0.9196685 -0.006673574 -0.4021642 -0.9155432 -0.02882468 -0.4170593 -0.9084222 -0.02481585 -0.3744574 -0.9269121 -0.02922689 -0.361478 -0.9319226 -0.02574366 -0.3647757 -0.9307395 0.008660674 -0.3983941 -0.9171735 -1.15171e-4 -0.3960669 -0.9182218 -0.003534793 -0.3930739 -0.9195002 -0.02330428 -0.3848925 -0.9226672 0.01078361 -0.3772431 -0.9260515 0.1337255 -0.4232276 -0.8961004 0.08458274 -0.4406862 -0.8936675 -0.004299879 -0.3901854 -0.9207262 0.004206955 -0.3893547 -0.9210784 0.06545662 -0.4463826 -0.892445 0.01428854 -0.3987269 -0.9169584 -0.009197115 -0.3985418 -0.9171041 0.7956165 0.3976162 -0.4570513 -0.02530646 -0.4096481 -0.9118926 0.0246489 -0.3740479 -0.9270818 -0.008598744 -0.3955073 -0.9184226 -6.67433e-4 -0.3949148 -0.9187175 0.01400262 -0.3920201 -0.9198501 0.002710103 -0.3976337 -0.9175403 0.01173889 -0.3899345 -0.9207679 0.02709275 -0.3998624 -0.9161748 0.008075296 -0.396545 -0.9179798 0.3382745 -0.2696463 -0.9015882 0.03238052 -0.3875025 -0.9212998 -0.02916669 -0.4031804 -0.9146557 -0.02780884 -0.3939625 -0.9187058 0.0947957 -0.3604016 -0.927968 0.03126168 -0.3879759 -0.9211392 0.07152879 -0.39247 -0.9169793 0.03422737 -0.3936939 -0.9186042 0.3826514 -0.9226326 -0.04824012 0.3413307 -0.9398481 -0.01337105 0.9253836 -0.3788776 0.01081722 0.9504842 -0.295996 -0.09468984 0.9296517 0.3684006 -0.005362212 0.9280292 0.3723252 -0.0116564 0.366305 0.928691 -0.05791014 0.4119253 0.9112106 -0.003589987 0.6895072 -0.6862731 -0.2315364 0.5674436 0.4476481 -0.6910998 0.4977888 0.1462573 -0.8548774 0.7058992 0.3552358 -0.612792 0.611931 0.6414805 -0.4626483 0.8650885 -0.2005984 0.4597634 0.08108687 0.9252845 -0.3705044 0.009856283 -0.3804066 -0.9247668 0.123567 -0.3260111 -0.9372556 0.2991191 0.9214102 0.2480549 0.07854712 0.9042531 -0.4197101 0.07843756 0.9042698 -0.4196949 0.07850271 0.904258 -0.419708 0.1169723 -0.9095756 -0.3987352 0.3865774 -0.8797856 -0.2766505 0.4111897 -0.7752345 -0.479515 0.4114338 -0.7749249 -0.479806 0.4112985 -0.7750365 -0.4797418 0.5947153 -0.8006686 -0.07241326 0.4268912 -0.703712 -0.5679379 0.8429471 0.09449189 -0.5296335 0.8429306 0.09425902 -0.5297013 0.8429598 0.09413635 -0.5296766 0.1065209 0.6615692 -0.74228 0.1066434 0.6615581 -0.7422723 0.1062659 0.6615243 -0.7423565 0.2417604 0.7155561 -0.6553864 0.2416242 0.7155485 -0.655445 0.2418435 0.7155398 -0.6553736 0.2768697 0.8192939 -0.5020963 0.316475 0.522753 -0.7915636 0.3165382 0.5225731 -0.7916573 0.3166316 0.522482 -0.7916799 0.4785403 0.8238474 -0.3037676 0.4494768 0.7047843 -0.5488622 0.5161776 0.4752977 -0.7124977 0.7313802 0.1571178 -0.6636242 0.8796176 0.3660394 -0.3037898 0.8488684 0.09994387 -0.5190701 0.8871951 -3.27651e-4 -0.4613947 0.8455666 -0.03360241 -0.5328114 0.853447 -0.1467863 -0.5000821 0.9272994 -0.09463983 -0.3621591 0.7542463 -0.2747611 -0.596338 0.9825359 -0.1778135 -0.05482333 0.8104788 -0.4424887 -0.383833 0.6811004 0.3054741 -0.6654231 0.7637398 -0.3368701 -0.5506542 0.9894241 0.1320073 0.06011795 -0.9930121 0.1046441 -0.05456036 0.9658084 0.2589092 -0.01342511 0.9656794 0.2593556 -0.01407158 0.9657222 0.259184 -0.01429867 0.4623079 -0.8857528 -0.04139339 -0.01405239 0.9617906 -0.2734252 0.02003657 -0.1794029 -0.9835717 0.7023992 0.7106965 -0.03931838 -0.9731822 -0.218984 -0.07044547 -0.9731806 -0.2189843 -0.07046651 -0.9731816 -0.2189843 -0.07045316 -0.9847552 0.08822059 0.1499152 -0.869539 0.06497359 -0.4895718 -0.9516747 0.3071041 0.001542508 0.08864217 -0.9956181 -0.02978825 0.08833432 -0.9956317 -0.0302453 0.08876621 -0.9956216 -0.02929925 0.8831793 0.4680818 -0.02989834 -0.7285467 0.03609609 -0.6840444 -0.6665913 -0.08363062 -0.7407172 -0.1534142 0.1455444 -0.9773848 -0.2931465 0.3504241 -0.8895326 -0.5767806 0.4548391 -0.6785615 -0.9229793 0.2664785 -0.277666 -0.1047456 0.379674 -0.9191713 -0.9723622 -0.1282415 -0.195105 -0.6363204 -0.164561 -0.7536684 -0.9356659 -0.01472097 -0.35258 -0.01754176 -0.4089257 -0.9123991 -0.2382301 -0.8210484 -0.5187737 -0.2085989 -0.9373729 -0.2789599 -0.547053 -0.5838211 0.599905 -0.9004674 0.4331541 0.03919178 -0.892876 0.2004657 0.4032194 -0.08994024 0.9238406 -0.3720609 -0.04990142 0.7324624 -0.6789762 -0.2005429 0.8070736 -0.5553511 -0.6672281 -0.5186423 -0.5346185 -0.4621875 0.7045239 -0.5385432 -0.4466422 0.3210957 -0.8351098 -0.5878063 0.4971725 -0.6382033 -0.6920933 0.4613019 -0.5551644 -0.7005081 0.4927979 -0.516177 -0.6668585 0.2545955 -0.7003434 -0.8477544 0.4413449 -0.2941551 -0.9223519 -0.0334084 -0.3849037 -0.7103602 -0.265469 -0.6518548 -0.9199717 -0.2665206 -0.2874351 -0.6523659 -0.443417 -0.6146546 -0.5606102 -0.5850476 -0.5860338 -0.7778174 -0.6212359 -0.09521603 -0.7973631 -0.3150376 -0.5147461 -0.02423775 -0.8528296 -0.5216266 -0.1941846 -0.5881928 0.7850615 -0.4516113 -0.8881732 0.08482789 -0.3233014 0.5394771 -0.777458 -0.42366 0.4729073 -0.7725741 -0.6618811 0.1512916 -0.7341828 -0.8876398 -0.3989068 -0.2301505 -0.8238942 -0.5043748 -0.2584657 -0.823812 -0.5045046 -0.2584741 -0.824037 -0.5042244 -0.2583039 0.9000611 0.4356815 -0.00846821 0.899968 0.4358764 -0.008331835 0.9001148 0.4355669 -0.008660256 -0.4270178 0.684535 0.5908195 0.174799 -0.7586793 -0.6275755 0.1752945 -0.7586145 -0.6275157 0.1754046 -0.7586151 -0.6274842 0.07952725 -0.9959205 -0.04263693 0.07969659 -0.9959038 -0.04271018 0.07943993 -0.9959287 -0.04260861 -0.03611534 -0.9990445 0.02461272 0.03621327 -0.9967092 -0.07252275 0.3440013 -0.9376873 -0.04904741 0.1473494 -0.9889895 -0.01371431 0.1484612 -0.988855 -0.01118481 0.2423925 -0.9698282 -0.02606308 0.258481 -0.9660164 2.84088e-4 0.3395671 -0.9401431 -0.02872842 0.381872 -0.9227227 -0.05250364 0.3558409 -0.9345053 0.008792161 0.2618217 -0.9649856 -0.01588314 0.4464609 -0.894181 -0.03336447 0.7484449 -0.6622123 -0.03612786 0.6749532 -0.7377488 -0.0128467 0.6756018 -0.7370122 -0.01937311 0.5860996 -0.8101645 -0.01099789 0.586179 -0.8100729 -0.0132752 0.4614081 -0.8871819 -0.003292381 0.8928122 -0.4503992 -0.005192101 0.7473785 -0.6639603 0.02412962 0.8134847 -0.5798752 -0.04458057 0.8131008 -0.5796707 -0.05337709 0.8815309 -0.4695861 -0.04891091 0.8843699 -0.4599826 -0.07941108 0.916076 -0.4001049 0.02684879 0.9189594 -0.3912414 -0.04943698 0.9353778 -0.3427556 -0.08710396 0.9261994 -0.3643384 -0.09701645 0.9957418 -0.05041658 0.07717901 0.9410684 -0.3337737 -0.05463922 0.9490613 -0.2869879 -0.1300802 0.9830388 -0.1761816 -0.05093944 0.9814162 -0.1763973 -0.07554012 0.9913057 -0.08289682 -0.1021823 0.9930375 -0.07419317 -0.09149891 0.9994727 -0.02882862 -0.01494449 0.9981245 0.005944848 -0.06092798 0.9959181 0.05015021 -0.07504737 0.9979875 0.06263971 0.00985831 0.9774633 0.2094988 -0.02599841 0.9765474 0.2152657 0.003994464 0.9489306 0.3145831 -0.0238409 0.9493564 0.3078035 -0.06308364 0.8855086 0.4242231 0.1894978 0.924923 0.379067 -0.02873784 0.9240095 0.3822109 -0.01100945 0.9065497 0.4122059 -0.09085112 0.7478282 0.6609758 0.06216061 0.8309013 0.5352538 -0.1520078 0.8354383 0.5400254 0.1020566 0.7003665 0.7010994 -0.1339641 0.7003336 0.7009502 -0.1349138 0.6706717 0.7270342 -0.1470407 0.6052148 0.7960509 -0.004270851 0.5253022 0.8509112 -0.0028131 0.5437008 0.8382295 -0.04196232 0.4425901 0.8966209 0.01360052 0.4134807 0.9101489 -0.02574747 0.4367213 0.8988462 -0.03674536 0.370804 0.9273975 0.04937994 0.3290093 0.9440834 -0.0214346 0.3385558 0.9403129 0.03451979 0.2455437 0.9676447 -0.05806964 0.2559849 0.9665991 0.01257157 0.1571216 0.9870497 -0.03233605 0.04036182 0.9965086 -0.07308614 0.04628205 0.9926643 -0.1116951 0.03899866 0.9960325 -0.07999128 0.1523499 0.9869648 -0.05186414 -0.1528475 0.9875434 0.03736042 -0.07735699 0.9949378 -0.06414622 -0.07302266 0.9925066 -0.09797251 -0.3551728 0.9346336 -0.01767629 -0.3498914 0.9362215 -0.03264135 -0.264104 0.964415 -0.01236945 -0.2394842 0.9650306 -0.1065996 -0.355403 0.9337178 0.04312771 -0.3795148 0.9249325 -0.02164715 -0.379563 0.9249129 -0.02163571 -0.3795445 0.9249204 -0.0216394 -0.4672275 0.8728038 -0.1411104 -0.4565374 0.88591 -0.08208096 -0.4606804 0.8867315 -0.03848117 -0.5467131 0.8337634 -0.07709461 -0.504013 0.8636834 0.004693567 -0.6203992 0.7838302 -0.0267418 -0.6092035 0.7930132 0.001149654 -0.6900947 0.7225482 -0.0411514 -0.6935331 0.7200869 0.02206331 -0.758489 0.650722 -0.03543204 -0.7601105 0.6495822 0.01658809 -0.9103167 0.4110978 -0.0481891 -0.8301007 0.5573217 -0.01804238 -0.8301091 0.557304 -0.01819932 -0.8987654 0.4384259 0.001924455 -0.9302022 0.3627684 -0.05588567 -0.9556806 0.2772307 -0.09908562 -0.9527968 0.3013448 -0.03701055 -0.9767124 0.2082906 -0.05145937 -0.9765053 0.2083075 -0.05518674 -0.9525028 0.2989841 -0.05785286 -0.9910866 0.1296759 -0.03052127 -0.9922716 0.1151444 -0.0462476 -0.9978939 0.04808413 -0.04354143 -0.9952517 -0.001234412 -0.09732711 -0.9983602 -0.04022485 -0.04073137 -0.9992749 -0.02641022 -0.02743047 -0.9922495 -0.09621524 -0.07863557 -0.9922595 -0.1234506 -0.01346331 -0.983279 -0.170605 -0.06368917 -0.9654352 -0.2553665 -0.05218148 -0.9664357 -0.2569084 4.70184e-4 -0.9280415 -0.3698831 -0.04388195 -0.9323863 -0.3533047 -0.07636499 -0.9300935 -0.3475154 0.118993 -0.9303714 -0.3498939 0.1094685 -0.8967332 -0.4423905 -0.01266682 -0.8970623 -0.438868 -0.05171149 -0.8519648 -0.5214115 -0.04781174 -0.8534613 -0.5192471 -0.04456835 -0.8088461 -0.5876345 0.02130055 -0.7407329 -0.6631273 -0.1075971 -0.673325 -0.7376734 -0.04971504 -0.6886503 -0.7247945 -0.02082556 -0.5611935 -0.8213855 -0.1019204 -0.6136925 -0.7893017 -0.01960396 -0.540789 -0.8409585 -0.01833111 -0.5327855 -0.846145 0.01335418 -0.4515907 -0.8917892 -0.02789181 -0.4421547 -0.8968935 0.009022474 -0.3396681 -0.9402586 0.02322572 -0.3674121 -0.9300496 0.00401473 -0.3517899 -0.9349441 -0.04608118 -0.2470439 -0.9688449 -0.01757425 -0.3485074 -0.9357589 -0.05383354 -0.3381071 -0.9410033 -0.0140174 -0.2294421 -0.9720258 -0.05022186 -0.163029 -0.9866212 6.17473e-4 -0.06638216 -0.9976626 -0.01621073 -0.06648528 -0.9976552 -0.01624405 -0.06657165 -0.9976494 -0.01624584 0.02485018 -0.9948359 -0.0984081 -0.02242118 -0.9994522 0.02434659 -0.02233099 -0.9994551 0.02430766 -0.02250635 -0.99945 0.02435791 -0.05555713 -0.994969 -0.0833683 -0.924932 0.1930251 -0.3274785 -0.9249135 0.1931139 -0.3274781 -0.9249194 0.1930829 -0.3274798 0.6359359 -0.541134 -0.5502359 0.7922185 -0.2487012 -0.5572591 0.2966223 -0.6362186 -0.7122086 0.239286 -0.6138099 -0.7523162 0.280416 -0.6684811 -0.6888396 0.06222379 -0.4703198 -0.8802998 -0.01775729 -0.3414933 -0.9397165 0.6910644 -0.6392619 -0.3373044 0.555657 -0.5825572 -0.5931886 0.1583433 -0.7895608 -0.5928923 0.1587153 -0.7896509 -0.5926728 0.1585453 -0.7896634 -0.5927016 0.5941216 -0.6259102 -0.5052286 0.5037246 -0.6807795 -0.5317903 0.5594967 -0.6885541 -0.461364 0.4662696 -0.7096516 -0.5281925 0.4390481 -0.7930434 -0.4222784 0.3287218 -0.8341944 -0.4427886 0.3070076 -0.8163644 -0.4891786 0.306845 -0.8164657 -0.4891113 0.306778 -0.8166292 -0.4888803 0.7628639 -0.5410338 -0.3540071 0.03552991 -0.7165796 -0.6965998 0.03552132 -0.7166165 -0.6965624 0.03551453 -0.7166372 -0.6965414 -0.1424922 -0.6739711 -0.7248855 -0.1425002 -0.673969 -0.724886 -0.1425051 -0.6739675 -0.7248862 -0.2303519 -0.7836223 -0.5769526 -0.2301779 -0.7836804 -0.5769429 -0.2302694 -0.7836465 -0.5769525 -0.02469313 -0.6998602 -0.7138529 -0.02468723 -0.6998604 -0.713853 -0.02467936 -0.6998605 -0.7138532 -0.9531974 -0.1560174 -0.2589852 -0.5047279 -0.518618 -0.6901342 -0.839886 -0.4455795 -0.3099204 -0.2742223 -0.5446478 -0.7925661 -0.404289 -0.5565271 -0.7258292 -0.3418107 -0.8498447 -0.4011602 -0.4345118 -0.8999811 -0.03512167 -0.338108 -0.7850492 -0.5190192 -0.8493044 -0.4312971 -0.304409 -0.8317388 -0.4406626 -0.3376789 -0.3393272 -0.5421451 -0.7687235 -0.983274 -0.04059863 -0.1775501 -0.6575484 -0.02981382 -0.7528223 0.6792998 -0.02942854 -0.7332706 0.03848069 0.7766405 -0.6287677 0.06325411 0.8424917 -0.5349829 -0.08050966 0.9318885 -0.3536976 -0.08065187 0.9318622 -0.3537347 -0.08034825 0.9319819 -0.3534883 0.1947526 -0.7401742 -0.6435943 0.4631227 -0.3530783 -0.8129288 0.506536 0.4726091 -0.7211533 0.5551189 0.438798 -0.7066112 -0.01561778 0.08766025 -0.9960281 -0.158648 0.7277129 -0.6672816 -0.2468101 0.8858513 -0.3928769 -0.2464925 0.8858352 -0.3931125 -0.2466623 0.8858733 -0.3929201 -0.8976812 0.3156831 -0.3074293 -0.9344812 0.1951189 -0.2977812 -0.752573 0.1566336 -0.6396092 -0.8387962 0.5160961 -0.1733951 -0.8216928 0.381265 -0.4236251 -0.821676 0.3813086 -0.4236183 -0.821681 0.3812947 -0.4236211 -0.7565381 0.4462788 -0.4780014 -0.7699462 0.5115907 -0.3813895 -0.6934857 0.5100896 -0.5088086 -0.7045801 0.5764981 -0.4137836 -0.6287453 0.5920904 -0.5040915 -0.6353893 0.6594585 -0.4017398 -0.566955 0.6655127 -0.4854431 -0.3627535 0.734696 -0.5732641 -0.3628041 0.7346849 -0.5732463 -0.3626853 0.7347017 -0.5732998 -0.2655251 0.7476778 -0.6086661 -0.07310026 0.9059307 -0.4170683 -0.451539 0.7127168 -0.5367935 -0.3622395 0.7177738 -0.5946287 0.4972024 0.8241941 -0.2710976 0.4493474 0.6720114 -0.588632 0.5396597 0.6424655 -0.5440638 0.8303735 0.4825997 -0.2785273 0.8705375 0.2608423 -0.417284 0.9271223 0.03474724 -0.3731448 0.2624737 0.3585828 -0.8958382 0.2624724 0.3585837 -0.8958382 0.2624712 0.3585845 -0.8958382 0.1744511 0.7731947 -0.6097023 0.260401 0.7643064 -0.5899383 0.7155288 0.5393975 -0.4439246 0.6973206 0.330273 -0.6361319 0.8276212 -0.1246034 -0.5472815 0.9577792 -0.05262309 -0.2826478 0.04841238 0.6158354 -0.7863861 0.1441486 0.6245614 -0.7675574 0.2605666 0.6561421 -0.7082251 0.3462161 0.6130579 -0.710137 0.3462325 0.613045 -0.71014 0.3462463 0.6130352 -0.7101418 0.310419 0.5168598 -0.797807 0.4153233 0.5485041 -0.7257065 0.7875542 0.3164089 -0.5288137 0.7330826 0.1332178 -0.6669656 0.7620609 0.06005758 -0.6447142 0.8281254 0.03759425 -0.5592808 0.8074591 0.02061545 -0.5895633 0.8054822 -0.06210643 -0.5893567 -0.001987695 -0.3821814 -0.9240852 0.005932927 -0.3668319 -0.9302684 0.0022403 -0.3693097 -0.9293038 0.01368403 -0.4627427 -0.8863871 0.007012069 -0.4169787 -0.9088892 0.1081153 -0.7249004 -0.6803165 0.004946172 -0.524541 -0.8513708 0.009955167 -0.438344 -0.8987522 0.008798062 -0.4395304 -0.8981846 0.116971 0.2022999 -0.972313 -0.01592278 -0.4146487 -0.9098423 0.01010793 -0.4165686 -0.9090482 0.01619553 -0.4237842 -0.9056184 0.01640343 -0.4244417 -0.9053067 0.01605868 -0.4257245 -0.9047105 0.009299039 -0.3908594 -0.9204035 -0.003769397 -0.4038151 -0.9148329 0.2524634 -0.2539824 -0.9336783 0.02300363 -0.3792252 -0.9250184 0.009075105 -0.3739143 -0.927419 -0.04081237 -0.4436104 -0.8952901 -0.0369358 -0.443846 -0.8953416 -0.0712043 -0.4673458 -0.8812025 -0.0704866 -0.4673082 -0.8812802 0.003290891 -0.39253 -0.9197334 -4.95609e-4 -0.3953777 -0.9185186 -0.001443207 -0.4456455 -0.8952085 0.01868432 -0.382466 -0.9237807 -0.01614743 -0.3965794 -0.9178584 -0.01526927 -0.4354442 -0.9000863 -0.008921205 -0.4265012 -0.9044431</float_array>
          <technique_common>
            <accessor source="#eSeries_UR5e_022-mesh-normals-array" count="2395" stride="3">
              <param name="X" type="float"/>
              <param name="Y" type="float"/>
              <param name="Z" type="float"/>
            </accessor>
          </technique_common>
        </source>
        <vertices id="eSeries_UR5e_022-mesh-vertices">
          <input semantic="POSITION" source="#eSeries_UR5e_022-mesh-positions"/>
        </vertices>
        <lines count="2">
          <input semantic="VERTEX" source="#eSeries_UR5e_022-mesh-vertices" offset="0"/>
          <p>911 910 908 910</p>
        </lines>
        <triangles material="URBlue_007-material" count="2217">
          <input semantic="VERTEX" source="#eSeries_UR5e_022-mesh-vertices" offset="0"/>
          <input semantic="NORMAL" source="#eSeries_UR5e_022-mesh-normals" offset="1"/>
          <p>3 0 2 0 0 0 4 1 3 1 0 1 5 2 4 2 0 2 6 3 5 3 0 3 7 4 6 5 0 6 8 7 7 7 0 7 9 8 8 9 0 10 9 11 0 11 1 11 1 12 0 12 10 12 2 13 10 13 0 13 15 14 14 14 11 14 16 15 15 15 11 15 11 16 17 16 16 16 18 17 17 17 11 17 19 18 18 18 11 18 13 19 19 19 11 19 20 20 13 20 11 20 12 21 20 21 11 21 12 22 11 22 21 22 14 23 21 23 11 23 23 24 22 25 1 26 10 27 23 27 1 27 10 28 24 28 23 28 10 29 25 30 24 31 25 32 10 32 2 32 25 33 2 33 26 33 4 34 28 34 3 34 3 35 28 36 26 37 3 38 26 38 2 38 5 39 27 39 4 39 5 40 30 40 27 40 6 41 30 41 5 41 28 42 4 42 27 42 29 43 7 43 31 43 7 44 29 44 6 44 30 45 6 45 29 45 31 46 7 46 32 46 22 47 9 47 1 47 8 48 32 48 7 48 9 49 22 49 8 49 8 50 22 50 32 50 12 51 33 51 20 51 21 52 34 52 12 52 12 53 34 53 33 53 21 54 35 54 34 54 21 55 14 55 35 55 35 56 14 56 36 56 16 57 38 57 15 57 15 58 38 58 36 58 14 59 15 59 36 59 17 60 37 60 16 60 17 61 40 61 37 61 18 62 40 62 17 62 38 63 16 63 37 63 39 64 19 64 41 64 19 65 39 65 18 65 40 66 18 66 39 66 41 67 19 67 43 67 42 68 20 69 33 70 13 71 43 71 19 71 20 72 43 72 13 72 20 73 42 73 43 73 44 74 46 74 45 74 46 75 44 75 47 75 44 76 48 76 47 76 49 77 48 77 44 77 50 78 49 78 44 78 51 79 50 79 44 79 51 80 44 80 52 80 44 81 53 81 52 81 54 82 53 82 44 82 45 83 54 83 44 83 24 84 22 84 23 84 24 85 25 85 26 85 28 86 27 86 30 86 30 87 29 87 31 87 31 88 32 88 22 88 42 89 33 89 34 89 36 90 34 90 35 90 38 91 37 91 40 91 40 92 39 93 41 94 41 95 43 95 42 95 55 96 58 97 57 98 58 99 55 99 59 99 60 100 59 100 55 100 61 101 60 101 55 101 62 102 61 102 55 102 63 103 62 103 55 103 63 104 55 104 64 104 56 105 64 105 55 105 56 106 55 106 65 106 57 107 65 108 55 109 53 110 66 111 52 112 54 113 67 113 53 113 53 114 67 114 66 114 54 115 68 115 67 115 54 116 45 116 68 116 68 117 45 117 69 117 46 118 70 118 45 118 46 119 72 119 70 119 69 120 45 120 70 120 48 121 71 121 47 121 48 122 74 122 71 122 49 123 74 123 48 123 72 124 47 124 71 124 47 125 72 125 46 125 73 126 50 126 75 126 50 127 73 127 49 127 74 128 49 128 73 128 75 129 50 129 77 129 76 130 52 130 66 130 52 131 76 131 51 131 51 132 77 132 50 132 51 133 76 133 77 133 84 134 82 134 22 134 81 135 84 135 22 135 87 136 86 136 26 136 28 137 88 137 87 137 28 138 79 138 88 138 30 139 78 139 79 139 78 140 30 140 31 140 87 141 26 141 28 141 30 142 79 142 28 142 80 143 24 143 85 143 85 144 24 144 26 144 85 145 26 145 86 145 31 146 82 146 83 146 31 147 83 147 78 147 24 148 80 148 81 148 24 149 81 149 22 149 31 150 22 150 82 150 92 151 95 151 42 151 42 152 95 152 93 152 98 153 97 153 36 153 38 154 99 154 98 154 38 155 90 155 99 155 40 156 89 156 90 156 40 157 94 157 89 157 40 158 41 158 93 158 93 159 41 159 42 159 98 160 36 160 38 160 40 161 90 161 38 161 91 162 34 162 96 162 96 163 34 163 36 163 96 164 36 164 97 164 93 165 94 165 40 165 34 166 91 166 92 166 34 167 92 167 42 167 56 168 100 168 64 168 65 169 101 169 56 169 56 170 101 170 100 170 65 171 102 171 101 171 65 172 57 172 102 172 102 173 57 173 103 173 58 174 104 175 57 176 58 177 106 177 104 177 103 178 57 178 104 178 60 179 105 179 59 179 60 180 108 180 105 180 61 181 108 181 60 181 106 182 59 182 105 182 59 183 106 183 58 183 107 184 62 184 109 184 62 185 107 185 61 185 108 186 61 186 107 186 109 187 62 187 111 187 110 188 64 188 100 188 64 189 110 189 63 189 63 190 111 190 62 190 63 191 110 191 111 191 76 192 66 192 67 192 69 193 67 193 68 193 69 194 70 194 72 194 72 195 71 195 74 195 74 196 73 196 75 196 76 197 75 197 77 197 110 198 100 198 101 198 103 199 101 199 102 199 103 200 104 200 106 200 106 201 105 201 108 201 108 202 107 202 109 202 110 203 109 203 111 203 112 204 113 204 114 204 115 205 123 205 116 205 112 206 114 206 120 206 120 207 114 207 124 207 115 208 116 208 121 208 121 209 116 209 125 209 113 210 118 210 126 210 113 211 112 211 118 211 120 212 124 212 119 212 118 213 117 213 126 213 123 214 127 214 116 214 116 215 127 215 118 215 118 216 127 216 117 216 120 217 119 217 130 217 130 218 119 218 128 218 131 219 122 219 121 219 121 220 122 220 129 220 125 221 131 221 121 221 132 222 134 222 137 222 132 223 137 223 133 223 133 224 141 224 132 224 132 225 142 225 134 225 134 226 142 226 138 226 136 227 135 227 143 227 143 228 135 228 144 228 138 229 145 229 134 229 134 230 145 230 144 230 144 231 145 231 146 231 144 232 146 232 147 232 144 233 147 233 143 233 139 234 148 234 136 234 136 235 148 235 135 235 149 236 150 236 151 236 141 237 152 237 132 237 132 238 152 238 151 238 151 239 152 239 149 239 139 240 140 240 148 240 153 241 154 241 150 241 150 242 154 242 155 242 155 243 151 243 150 243 150 244 156 244 153 244 160 245 76 245 159 245 164 246 163 246 69 246 72 247 157 247 164 247 74 248 165 248 157 248 161 249 165 249 74 249 159 250 76 250 67 250 164 251 69 251 72 251 74 252 157 252 72 252 158 253 67 253 162 253 162 254 67 254 69 254 162 255 69 255 163 255 160 256 161 256 75 256 75 257 161 257 74 257 67 258 158 258 159 258 75 259 76 259 160 259 84 260 81 260 166 260 80 261 167 261 81 261 81 262 167 262 166 262 85 263 167 263 80 263 86 264 168 264 85 264 85 265 168 265 167 265 87 266 169 266 86 266 86 267 169 267 168 267 169 268 87 268 170 268 170 269 87 269 88 269 170 270 88 270 79 270 170 271 79 271 171 271 171 272 79 272 78 272 171 273 78 273 83 273 171 274 83 274 172 274 172 275 83 275 82 275 172 276 82 276 173 276 84 277 173 277 82 277 166 278 173 278 84 278 174 279 168 280 175 281 175 282 168 283 176 284 177 285 169 285 170 285 177 286 170 286 178 286 178 287 170 287 179 287 176 288 169 288 177 288 176 289 168 289 169 289 95 290 92 290 181 290 91 291 182 291 92 291 92 292 182 292 181 292 96 293 182 293 91 293 97 294 183 294 96 294 96 295 183 295 182 295 98 296 183 296 97 296 183 297 98 297 184 297 184 298 98 298 99 298 184 299 99 299 185 299 185 300 99 300 90 300 185 301 90 301 89 301 185 302 89 302 186 302 186 303 89 303 94 303 186 304 94 304 187 304 187 305 94 305 93 305 187 306 93 306 188 306 95 307 188 307 93 307 181 308 188 308 95 308 194 309 189 309 195 309 191 310 190 310 192 310 109 311 200 311 201 311 200 312 110 312 199 312 204 313 203 313 103 313 106 314 197 314 204 314 108 315 205 315 197 315 201 316 205 316 109 316 199 317 110 317 101 317 204 318 103 318 106 318 108 319 197 319 106 319 198 320 101 320 202 320 202 321 101 321 103 321 202 322 103 322 203 322 109 323 205 323 108 323 101 324 198 324 199 324 109 325 110 325 200 325 206 326 129 326 122 326 206 327 122 327 207 327 206 328 208 328 129 328 129 329 208 329 121 329 121 330 208 330 276 330 131 331 277 331 122 331 122 332 277 332 207 332 278 333 131 333 125 333 278 334 125 334 209 334 277 335 131 335 278 335 209 336 125 336 279 336 279 337 125 337 116 337 116 338 280 339 279 340 118 341 212 342 280 343 118 344 280 344 116 344 112 345 211 345 210 345 112 346 210 346 118 346 118 347 210 347 212 347 211 348 112 348 120 348 211 349 120 349 281 349 281 350 120 350 282 350 130 351 282 351 120 351 128 352 284 352 283 352 128 353 283 353 130 353 130 354 283 354 282 354 284 355 128 355 213 355 213 356 128 356 119 356 113 357 286 357 214 357 113 358 214 358 114 358 114 359 214 359 215 359 114 360 215 360 285 360 114 361 285 361 124 361 213 362 119 362 124 362 287 363 126 363 216 363 126 364 287 364 113 364 286 365 113 365 287 365 217 366 218 366 117 366 117 367 218 367 216 367 117 368 216 368 126 368 219 369 123 370 115 371 219 372 115 372 220 372 123 373 219 373 221 373 123 374 221 374 127 374 127 375 221 376 217 377 217 378 117 378 127 378 220 379 115 379 121 379 220 380 121 380 276 380 239 381 134 381 288 381 288 382 134 382 144 382 222 383 223 383 135 383 135 384 223 385 144 386 144 387 223 387 289 387 289 388 224 388 144 388 288 389 144 389 224 389 222 390 135 390 290 390 290 391 135 391 148 391 227 392 225 392 139 392 139 393 225 394 140 395 140 396 225 396 226 396 226 397 291 397 140 397 140 398 291 398 148 398 291 399 290 399 148 399 136 400 228 400 227 400 136 401 227 401 139 401 292 402 229 402 147 402 147 403 229 403 143 403 143 404 229 404 230 404 143 405 230 405 136 405 230 406 231 406 136 406 136 407 231 407 228 407 294 408 145 408 138 408 145 409 294 409 293 409 145 410 293 410 146 410 292 411 147 411 146 411 132 412 232 412 142 412 142 413 232 413 295 413 295 414 138 414 142 414 138 415 295 415 296 415 294 416 138 416 296 416 132 417 297 417 232 417 151 418 298 418 132 418 132 419 298 419 297 419 298 420 151 420 299 420 155 421 154 421 301 421 301 422 154 422 233 422 155 423 301 424 300 425 300 426 151 426 155 426 299 427 151 427 300 427 233 428 154 428 153 428 233 429 153 429 234 429 235 430 302 430 150 430 150 431 302 431 156 431 236 432 156 432 302 432 156 433 236 434 153 435 153 436 236 436 234 436 149 437 237 437 303 437 235 438 150 438 303 438 303 439 150 439 149 439 237 440 152 440 304 440 304 441 152 441 141 441 237 442 149 443 152 444 137 445 238 445 133 445 238 446 305 446 133 446 133 447 305 447 141 447 134 448 306 448 137 448 137 449 306 449 238 449 134 450 239 450 306 450 350 451 240 451 353 451 350 452 320 452 363 452 350 453 363 453 240 453 174 454 243 454 242 454 364 455 243 455 175 455 175 456 243 456 174 456 175 457 244 457 364 457 176 458 244 458 175 458 177 459 245 459 244 459 177 460 244 460 176 460 245 461 177 461 376 461 178 462 376 462 177 462 241 463 376 463 178 463 179 464 241 464 178 464 247 465 241 465 179 465 247 466 171 466 246 466 167 467 174 467 166 467 180 468 166 468 174 468 172 469 173 469 246 469 179 470 170 470 171 470 179 471 171 471 247 471 173 472 180 472 246 472 246 473 180 473 251 473 173 474 166 474 180 474 171 475 172 475 246 475 174 476 167 476 168 476 174 477 242 477 180 477 191 478 254 478 253 478 191 479 253 479 190 479 254 480 191 480 192 480 254 481 192 481 255 481 385 482 255 482 192 482 193 483 385 483 192 483 385 484 193 484 256 484 256 485 193 485 194 485 194 486 252 486 256 486 195 487 252 487 194 487 195 488 257 488 252 488 195 489 258 489 257 489 189 490 258 490 195 490 189 491 260 491 258 491 259 492 181 492 182 492 188 493 260 493 187 493 187 494 260 494 189 494 188 495 181 495 260 495 260 496 181 496 259 496 182 497 196 497 264 497 182 498 183 498 196 498 196 499 183 499 190 499 259 500 182 500 264 500 183 501 184 501 190 501 190 502 184 502 192 502 192 503 184 503 185 503 192 504 185 504 193 504 193 505 185 505 194 505 194 506 185 506 186 506 194 507 186 507 189 507 189 508 186 508 187 508 190 509 253 509 196 509 273 510 266 510 267 510 266 511 409 511 267 511 323 512 268 512 424 512 323 513 269 513 268 513 270 514 323 514 424 514 270 515 271 515 323 515 270 516 324 516 271 516 331 517 324 517 272 517 272 518 324 518 270 518 330 519 331 519 272 519 330 520 272 520 423 520 266 521 273 521 423 521 423 522 273 522 330 522 285 523 213 523 124 523 293 524 292 524 146 524 305 525 304 525 141 525 312 526 309 526 320 526 313 527 318 527 319 527 319 528 318 528 317 528 311 529 312 529 307 529 320 530 309 530 315 530 307 531 312 531 321 531 312 532 320 532 321 532 310 533 311 533 308 533 310 534 315 534 309 534 319 535 316 535 313 535 318 536 308 536 307 536 313 537 308 537 318 537 312 538 310 538 309 538 311 539 310 539 312 539 308 540 311 540 307 540 329 541 331 541 330 541 269 542 323 542 335 542 275 543 269 543 335 543 333 544 271 544 334 544 323 545 271 545 333 545 335 546 327 546 274 546 334 547 322 547 327 547 334 548 327 548 333 548 333 549 327 549 335 549 274 550 275 550 335 550 328 551 329 551 330 551 329 552 324 552 331 552 329 553 332 553 324 553 334 554 332 554 322 554 322 555 332 555 326 555 333 556 335 556 323 556 271 557 324 557 334 557 334 558 324 558 332 558 332 559 329 559 326 559 326 560 329 560 325 560 328 561 325 561 329 561 328 562 330 562 273 562 338 563 321 563 350 563 350 564 321 564 320 564 321 565 338 565 307 565 307 566 338 566 351 566 307 567 351 567 318 567 339 568 318 568 351 568 318 569 339 569 337 569 318 570 337 570 317 570 159 571 340 571 341 571 159 572 341 572 160 572 160 573 341 573 161 573 161 574 341 574 342 574 161 575 342 575 165 575 165 576 342 576 343 576 165 577 343 577 157 577 157 578 343 578 344 578 157 579 344 579 164 579 164 580 344 580 345 580 164 581 345 581 163 581 163 582 345 582 346 582 163 583 346 583 162 583 162 584 346 584 347 584 162 585 347 585 158 585 158 586 347 586 348 586 158 587 348 587 159 587 159 588 348 588 340 588 349 589 339 589 351 589 348 590 338 591 350 592 337 593 339 593 349 593 351 594 338 594 348 594 349 595 352 595 337 595 358 596 454 596 355 596 358 597 355 597 240 597 354 598 454 598 358 598 240 599 359 599 358 599 359 600 356 600 358 600 357 601 362 601 360 601 357 602 360 602 356 602 362 603 361 603 360 603 363 604 320 604 362 604 357 605 363 605 362 605 240 606 355 606 353 606 359 607 357 607 356 607 357 608 359 608 363 608 363 609 359 609 240 609 315 610 314 610 361 610 361 611 362 611 315 611 315 612 362 612 320 612 370 613 371 613 372 613 375 614 374 614 373 614 373 615 374 615 370 615 375 616 369 616 366 616 366 617 369 617 367 617 367 618 369 618 368 618 376 619 373 619 245 619 369 620 241 620 377 620 376 621 241 621 369 621 365 622 242 622 370 622 375 623 373 623 376 623 375 624 376 625 369 626 370 627 372 627 365 627 244 628 373 628 364 628 364 629 370 629 242 629 364 630 242 630 243 630 245 631 373 631 244 631 370 632 364 632 373 632 369 633 377 633 368 633 377 634 246 634 248 634 246 635 377 635 247 635 247 636 377 636 241 636 378 637 367 637 368 637 379 638 378 638 368 638 379 639 368 639 377 639 248 640 379 640 377 640 380 641 248 641 246 641 380 642 381 643 248 644 382 645 381 645 380 645 383 646 382 646 380 646 383 647 380 647 250 647 250 648 380 648 246 648 250 649 246 649 251 649 249 650 383 650 250 650 249 651 250 651 365 651 249 652 365 652 384 652 365 653 372 653 384 653 251 654 180 654 242 654 251 655 365 655 250 655 251 656 242 656 365 656 389 657 388 657 391 657 392 658 387 658 390 658 392 659 390 659 388 659 392 660 388 660 389 660 256 661 387 661 385 661 397 662 393 662 257 662 386 663 387 663 395 663 395 664 252 664 257 664 258 665 397 665 257 665 395 666 394 666 386 666 389 667 253 667 392 667 385 668 387 668 255 668 255 669 387 669 392 669 392 670 254 670 255 670 392 671 253 671 254 671 396 672 394 672 393 672 256 673 395 673 387 673 395 674 257 674 393 674 395 675 393 675 394 675 252 676 395 676 256 676 396 677 397 677 262 677 397 678 259 678 262 678 259 679 397 679 260 679 260 680 397 680 258 680 261 681 396 681 262 681 396 682 393 682 397 682 259 683 398 683 262 683 261 684 262 684 398 684 398 685 399 685 261 685 264 686 400 686 259 686 259 687 400 687 398 687 401 688 399 688 400 688 400 689 399 689 398 689 264 690 263 690 400 690 263 691 265 691 400 691 265 692 401 692 400 692 264 693 402 693 263 693 263 694 403 694 265 694 389 695 391 695 402 695 402 696 253 696 389 696 196 697 402 697 264 697 196 698 253 698 402 698 403 699 263 699 391 699 391 700 263 700 402 700 336 701 325 701 328 701 408 702 336 702 328 702 411 703 409 703 593 703 336 704 408 704 412 704 593 705 406 705 411 705 407 706 413 706 404 706 413 707 414 707 404 707 411 708 406 708 413 708 406 709 414 709 413 709 409 710 411 710 267 710 273 711 267 711 328 711 328 712 267 712 405 712 328 713 405 713 408 713 405 714 407 714 408 714 404 715 412 715 407 715 407 716 412 716 408 716 267 717 411 717 407 717 407 718 411 718 413 718 407 719 405 719 267 719 593 720 592 721 406 722 199 723 415 723 416 723 199 724 416 724 200 724 200 725 416 725 417 725 200 726 417 726 201 726 201 727 417 727 205 727 205 728 417 728 418 728 205 729 418 729 197 729 197 730 418 730 419 730 197 731 419 731 204 731 204 732 419 732 420 732 204 733 420 733 203 733 203 734 420 734 421 734 203 735 421 735 202 735 202 736 421 736 422 736 202 737 422 737 198 737 198 738 422 738 199 738 199 739 422 739 415 739 272 740 270 740 416 740 416 741 270 741 417 741 417 742 270 742 424 742 423 743 409 743 266 743 268 744 677 744 424 744 426 745 677 745 268 745 269 746 425 746 268 746 425 747 426 747 268 747 429 748 430 748 431 748 431 749 428 749 429 749 425 750 275 750 427 750 275 751 274 751 427 751 425 752 269 752 275 752 430 753 426 753 431 753 428 754 425 754 427 754 425 755 428 755 431 755 425 756 431 756 426 756 433 757 210 757 211 757 291 758 226 758 432 758 434 759 280 759 433 759 433 760 280 760 212 760 433 761 212 761 210 761 434 762 435 762 280 762 299 763 300 763 221 763 435 764 227 764 279 764 308 765 313 765 224 765 291 766 432 766 290 766 223 767 310 767 289 767 310 768 223 768 222 768 226 769 225 769 432 769 432 770 225 770 227 770 432 771 227 771 435 771 277 772 278 772 230 772 279 773 280 773 435 773 282 774 305 774 238 774 322 775 281 775 306 775 302 776 286 776 236 776 322 777 306 777 239 777 281 778 322 778 326 778 281 779 326 779 211 779 221 780 300 780 217 780 283 781 305 781 282 781 305 782 283 782 304 782 304 783 283 783 284 783 304 784 284 784 237 784 235 785 215 785 302 785 302 786 215 786 214 786 302 787 214 787 286 787 313 788 288 788 224 788 211 789 326 789 433 789 295 790 232 790 276 790 276 791 232 791 297 791 206 792 294 792 296 792 206 793 296 793 208 793 208 794 296 794 295 794 208 795 295 795 276 795 282 796 238 796 281 796 237 797 284 797 303 797 437 798 315 798 440 798 440 799 315 799 432 799 222 800 290 800 432 800 310 801 308 801 289 801 289 802 308 802 224 802 322 803 239 803 288 803 325 804 436 804 326 804 326 805 436 805 433 805 276 806 297 806 220 806 220 807 297 807 298 807 220 808 298 808 299 808 286 809 287 809 236 809 236 810 287 810 234 810 234 811 287 811 216 811 234 812 216 812 233 812 233 813 216 813 218 813 230 814 229 814 277 814 277 815 229 815 292 815 277 816 292 816 293 816 277 817 293 817 207 817 278 818 231 818 230 818 285 819 215 819 235 819 303 820 284 820 213 820 442 821 314 821 437 821 439 822 438 822 274 822 439 823 274 823 327 823 327 824 441 824 439 824 313 825 441 825 327 825 313 826 327 826 288 826 288 827 327 827 322 827 441 828 313 828 316 828 325 829 443 829 436 829 299 830 221 830 219 830 299 831 219 831 220 831 217 832 300 832 301 832 217 833 301 833 218 833 218 834 301 834 233 834 209 835 228 835 231 835 209 836 231 836 278 836 285 837 303 837 213 837 315 838 437 838 314 838 310 839 222 839 315 839 315 840 222 840 432 840 443 841 325 841 444 841 207 842 293 842 206 842 206 843 293 843 294 843 285 844 235 844 303 844 306 845 281 845 238 845 439 846 621 846 438 846 279 847 227 847 209 847 209 848 227 848 228 848 447 849 446 849 451 849 451 850 452 850 447 850 447 851 448 851 446 851 446 852 448 852 445 852 451 853 446 853 453 853 445 854 453 854 446 854 317 855 450 855 319 855 319 856 450 856 316 856 450 857 449 857 316 857 448 858 449 858 450 858 445 859 450 859 317 859 445 860 448 860 450 860 352 861 453 861 337 861 453 862 445 862 337 862 337 863 445 863 317 863 352 864 344 864 343 864 353 865 342 865 341 865 352 866 343 866 342 866 352 867 342 867 353 867 353 868 341 868 350 868 350 869 341 869 340 869 350 870 340 870 348 870 351 871 348 871 347 871 351 872 347 872 349 872 349 873 347 873 346 873 349 874 346 874 345 874 349 875 345 875 352 875 352 876 345 876 344 876 355 877 455 877 353 877 454 878 455 878 355 878 465 879 381 879 382 879 375 880 366 880 467 880 387 881 471 881 390 881 390 882 471 882 472 882 388 883 390 883 472 883 403 884 391 884 388 884 403 885 473 885 265 885 325 886 336 886 444 886 433 887 387 887 434 887 374 888 432 888 435 888 370 889 374 889 456 889 375 890 468 890 374 890 374 891 468 891 432 891 440 892 432 892 468 892 360 893 361 893 560 893 463 894 356 894 360 894 463 895 358 895 356 895 406 896 410 896 503 896 503 897 414 897 406 897 414 898 503 898 504 898 414 899 504 899 404 899 505 900 412 900 404 900 505 901 404 901 504 901 412 902 505 902 336 902 460 903 261 903 399 903 261 904 460 904 506 904 435 905 434 905 474 905 474 906 434 906 510 906 510 907 434 907 470 907 387 908 386 908 470 908 387 909 470 909 434 909 471 910 387 910 433 910 494 911 495 911 511 911 511 912 495 912 512 912 511 913 512 913 513 913 513 914 512 914 514 914 513 915 514 915 515 915 433 916 436 916 471 916 472 917 515 917 388 917 388 918 515 918 514 918 388 919 514 919 403 919 403 920 514 920 512 920 403 921 512 921 459 921 403 922 459 922 473 922 496 923 494 923 511 923 511 924 513 924 517 924 517 925 513 925 518 925 518 926 513 926 515 926 518 927 515 927 516 927 518 928 516 928 519 928 497 929 496 929 511 929 497 930 511 930 520 930 520 931 511 931 517 931 519 932 516 932 443 932 521 933 520 933 522 933 522 934 520 934 523 934 498 935 497 935 521 935 521 936 497 936 520 936 520 937 517 937 523 937 523 938 517 938 518 938 523 939 518 939 519 939 436 940 443 940 516 940 436 941 516 941 471 941 471 942 516 942 472 942 472 943 516 943 515 943 512 944 495 944 459 944 500 945 499 945 524 945 525 946 522 946 526 946 458 947 500 947 528 947 531 948 527 948 444 948 500 949 524 949 528 949 528 950 524 950 525 950 528 951 525 951 529 951 529 952 525 952 526 952 529 953 526 953 530 953 530 954 526 954 531 954 531 955 526 955 527 955 527 956 443 956 444 956 457 957 458 957 528 957 457 958 528 958 532 958 532 959 528 959 529 959 532 960 529 960 530 960 532 961 530 961 533 961 533 962 530 962 531 962 501 963 457 963 532 963 501 964 532 964 534 964 534 965 532 965 535 965 535 966 532 966 533 966 535 967 533 967 536 967 533 968 531 968 537 968 537 969 531 969 444 969 502 970 501 970 503 970 503 971 501 971 534 971 503 972 534 972 504 972 504 973 534 973 535 973 504 974 535 974 536 974 504 975 536 975 505 975 505 976 536 976 537 976 536 977 533 977 537 977 410 978 502 978 503 978 505 979 537 979 336 979 336 980 537 980 444 980 443 981 527 981 519 981 519 982 527 982 526 982 519 983 526 983 523 983 523 984 526 984 522 984 522 985 525 985 524 985 522 986 524 986 521 986 521 987 524 987 499 987 521 988 499 988 498 988 467 989 366 989 367 989 467 990 367 990 538 990 539 991 538 991 540 991 541 992 540 992 542 992 544 993 543 993 578 993 544 994 578 994 545 994 467 995 538 995 539 995 559 996 541 996 546 996 546 997 541 997 543 997 546 998 543 998 544 998 547 999 544 999 545 999 547 1000 545 1000 464 1000 469 1001 394 1001 548 1001 469 1002 548 1002 549 1002 554 1003 553 1003 555 1003 565 1004 556 1004 371 1004 557 1005 467 1005 539 1005 557 1006 539 1006 540 1006 557 1007 540 1007 558 1007 558 1008 540 1008 541 1008 558 1009 541 1009 559 1009 560 1010 547 1010 464 1010 560 1011 464 1011 360 1011 564 1012 563 1012 554 1012 370 1013 565 1013 371 1013 386 1014 394 1014 469 1014 469 1015 549 1015 561 1015 561 1016 549 1016 550 1016 561 1017 550 1017 562 1017 562 1018 550 1018 551 1018 562 1019 551 1019 563 1019 563 1020 551 1020 552 1020 563 1021 552 1021 553 1021 563 1022 553 1022 554 1022 554 1023 555 1023 556 1023 554 1024 556 1024 565 1024 559 1025 546 1025 566 1025 566 1026 546 1026 544 1026 566 1027 544 1027 547 1027 566 1028 442 1028 437 1028 560 1029 361 1029 314 1029 560 1030 314 1030 442 1030 560 1031 442 1031 547 1031 547 1032 442 1032 566 1032 566 1033 437 1033 559 1033 559 1034 437 1034 558 1034 558 1035 437 1035 440 1035 558 1036 440 1036 557 1036 557 1037 468 1037 467 1037 557 1038 440 1038 468 1038 467 1039 468 1039 375 1039 456 1040 374 1040 435 1040 456 1041 435 1041 564 1041 474 1042 564 1042 435 1042 470 1043 386 1043 469 1043 470 1044 469 1044 561 1044 470 1045 561 1045 510 1045 510 1046 561 1046 562 1046 510 1047 562 1047 563 1047 510 1048 563 1048 474 1048 474 1049 563 1049 564 1049 564 1050 554 1050 456 1050 456 1051 554 1051 565 1051 456 1052 565 1052 370 1052 248 1053 381 1053 462 1053 477 1054 476 1054 567 1054 477 1055 567 1055 478 1055 462 1056 466 1056 248 1056 379 1057 248 1057 466 1057 568 1058 483 1058 482 1058 569 1059 481 1059 480 1059 378 1060 379 1060 466 1060 570 1061 466 1061 462 1061 570 1062 462 1062 483 1062 570 1063 483 1063 568 1063 571 1064 568 1064 482 1064 571 1065 482 1065 481 1065 571 1066 481 1066 569 1066 572 1067 569 1067 480 1067 572 1068 480 1068 479 1068 572 1069 479 1069 573 1069 573 1070 479 1070 478 1070 573 1071 478 1071 567 1071 574 1072 567 1072 476 1072 574 1073 476 1073 475 1073 574 1074 475 1074 463 1074 463 1075 475 1075 354 1075 463 1076 354 1076 358 1076 484 1077 465 1077 383 1077 383 1078 465 1078 382 1078 487 1079 486 1079 575 1079 487 1080 575 1080 461 1080 461 1081 575 1081 576 1081 509 1082 488 1082 585 1082 488 1083 461 1083 576 1083 488 1084 576 1084 585 1084 383 1085 249 1085 484 1085 484 1086 249 1086 577 1086 484 1087 577 1087 485 1087 485 1088 577 1088 486 1088 486 1089 577 1089 575 1089 506 1090 460 1090 493 1090 506 1091 493 1091 507 1091 507 1092 493 1092 492 1092 507 1093 492 1093 508 1093 508 1094 492 1094 491 1094 490 1095 489 1095 509 1095 509 1096 489 1096 488 1096 378 1097 466 1097 570 1097 578 1098 573 1098 567 1098 578 1099 567 1099 574 1099 579 1100 378 1100 570 1100 579 1101 570 1101 568 1101 580 1102 568 1102 571 1102 580 1103 571 1103 569 1103 542 1104 569 1104 572 1104 542 1105 572 1105 581 1105 581 1106 572 1106 573 1106 581 1107 573 1107 543 1107 543 1108 573 1108 578 1108 545 1109 578 1109 574 1109 545 1110 574 1110 463 1110 367 1111 378 1111 579 1111 538 1112 579 1112 568 1112 538 1113 568 1113 580 1113 542 1114 580 1114 569 1114 396 1115 261 1115 548 1115 548 1116 261 1116 506 1116 548 1117 506 1117 582 1117 585 1118 584 1118 509 1118 384 1119 577 1119 249 1119 589 1120 588 1120 585 1120 555 1121 590 1121 575 1121 555 1122 575 1122 591 1122 372 1123 556 1123 384 1123 586 1124 548 1124 582 1124 586 1125 582 1125 587 1125 587 1126 582 1126 583 1126 587 1127 583 1127 588 1127 588 1128 583 1128 584 1128 588 1129 584 1129 585 1129 589 1130 585 1130 590 1130 590 1131 585 1131 576 1131 590 1132 576 1132 575 1132 591 1133 575 1133 577 1133 591 1134 577 1134 556 1134 556 1135 577 1135 384 1135 582 1136 506 1136 507 1136 582 1137 507 1137 583 1137 583 1138 507 1138 508 1138 583 1139 508 1139 584 1139 584 1140 508 1140 491 1140 584 1141 491 1141 490 1141 584 1142 490 1142 509 1142 538 1143 367 1143 579 1143 540 1144 538 1144 580 1144 540 1145 580 1145 542 1145 541 1146 542 1146 581 1146 541 1147 581 1147 543 1147 464 1148 545 1148 463 1148 464 1149 463 1149 360 1149 394 1150 396 1150 548 1150 549 1151 548 1151 586 1151 549 1152 586 1152 550 1152 550 1153 586 1153 587 1153 550 1154 587 1154 551 1154 551 1155 587 1155 588 1155 551 1156 588 1156 552 1156 552 1157 588 1157 589 1157 552 1158 589 1158 553 1158 553 1159 589 1159 590 1159 553 1160 590 1160 555 1160 555 1161 591 1161 556 1161 371 1162 556 1162 372 1162 410 1163 406 1163 592 1163 593 1164 409 1165 594 1166 593 1167 594 1168 592 1169 677 1170 419 1170 418 1170 418 1171 424 1171 677 1171 677 1172 420 1172 419 1172 417 1173 424 1173 418 1173 272 1174 416 1174 415 1174 272 1175 415 1175 423 1175 423 1176 415 1176 422 1176 423 1177 422 1177 409 1177 409 1178 422 1178 421 1178 409 1179 421 1179 677 1179 677 1180 421 1180 420 1180 429 1181 595 1181 430 1181 596 1182 430 1182 595 1182 677 1183 426 1183 596 1183 596 1184 426 1184 430 1184 604 1185 441 1185 316 1185 606 1186 612 1186 613 1186 606 1187 613 1187 614 1187 607 1188 605 1188 615 1188 615 1189 605 1189 614 1189 615 1190 614 1190 616 1190 605 1191 606 1191 614 1191 608 1192 609 1192 617 1192 617 1193 609 1193 616 1193 611 1194 610 1194 452 1194 452 1195 610 1195 447 1195 447 1196 610 1196 618 1196 447 1197 618 1197 448 1197 448 1198 618 1198 619 1198 610 1199 608 1199 617 1199 610 1200 617 1200 618 1200 618 1201 617 1201 619 1201 609 1202 607 1202 615 1202 609 1203 615 1203 616 1203 622 1204 621 1204 623 1204 622 1205 623 1205 613 1205 613 1206 623 1206 614 1206 623 1207 624 1207 614 1207 614 1208 624 1208 616 1208 616 1209 625 1209 617 1209 617 1210 625 1210 619 1210 619 1211 449 1211 448 1211 624 1212 441 1212 616 1212 616 1213 441 1213 625 1213 625 1214 604 1214 619 1214 619 1215 604 1215 449 1215 621 1216 439 1216 623 1216 623 1217 439 1217 624 1217 624 1218 439 1218 441 1218 625 1219 441 1219 604 1219 604 1220 316 1220 449 1220 620 1221 438 1221 621 1221 602 1222 603 1222 627 1222 603 1223 429 1223 428 1223 603 1224 428 1224 627 1224 627 1225 428 1225 628 1225 628 1226 428 1226 427 1226 601 1227 626 1227 629 1227 629 1228 626 1228 630 1228 438 1229 628 1229 427 1229 438 1230 427 1230 274 1230 598 1231 599 1231 622 1231 622 1232 599 1232 629 1232 620 1233 628 1233 438 1233 598 1234 600 1234 599 1234 599 1235 600 1236 601 1237 599 1238 601 1238 629 1238 629 1239 630 1239 620 1239 620 1240 630 1240 628 1240 626 1241 602 1241 630 1241 630 1242 602 1242 627 1242 630 1243 627 1243 628 1243 612 1244 597 1244 598 1244 612 1245 598 1245 622 1245 612 1246 622 1246 613 1246 622 1247 629 1247 621 1247 621 1248 629 1248 620 1248 453 1249 352 1249 631 1249 631 1250 451 1250 453 1250 451 1251 631 1251 727 1251 451 1252 727 1252 452 1252 638 1253 632 1253 633 1253 632 1254 636 1255 637 1256 738 1257 638 1257 633 1257 633 1258 637 1258 640 1258 633 1259 632 1259 637 1259 636 1260 641 1260 637 1260 634 1261 639 1262 635 1263 639 1264 738 1264 633 1264 639 1265 633 1265 635 1265 633 1266 640 1266 635 1266 710 1267 643 1268 454 1269 643 1270 455 1270 454 1270 644 1271 643 1271 710 1271 353 1272 455 1272 643 1272 353 1273 643 1273 352 1273 459 1274 495 1274 645 1274 649 1275 410 1275 592 1275 649 1276 592 1276 648 1276 648 1277 592 1277 647 1277 650 1278 502 1278 649 1278 649 1279 502 1279 410 1279 502 1280 650 1280 651 1280 502 1281 651 1281 501 1281 501 1282 651 1282 652 1282 501 1283 652 1283 457 1283 652 1284 458 1284 457 1284 646 1285 499 1285 703 1285 703 1286 499 1286 500 1286 458 1287 652 1287 703 1287 458 1288 703 1288 500 1288 646 1289 498 1289 499 1289 497 1290 653 1290 496 1290 646 1291 654 1291 498 1291 498 1292 654 1292 497 1292 497 1293 654 1293 653 1293 494 1294 655 1294 495 1294 495 1295 655 1295 656 1295 495 1296 656 1296 645 1296 653 1297 655 1297 496 1297 496 1298 655 1298 494 1298 459 1299 645 1299 473 1299 658 1300 265 1300 657 1300 473 1301 645 1301 657 1301 473 1302 657 1302 265 1302 658 1303 460 1303 399 1303 658 1304 399 1304 401 1304 658 1305 401 1305 265 1305 659 1306 492 1306 493 1306 658 1307 660 1307 460 1307 460 1308 660 1308 659 1308 460 1309 659 1309 493 1309 659 1310 634 1310 492 1310 492 1311 634 1311 635 1311 492 1312 635 1312 491 1312 637 1313 489 1313 640 1313 640 1314 489 1314 490 1314 640 1315 490 1315 635 1315 635 1316 490 1316 491 1316 488 1317 637 1317 461 1317 489 1318 637 1318 488 1318 637 1319 641 1319 461 1319 461 1320 641 1320 487 1320 487 1321 641 1321 486 1321 486 1322 641 1322 661 1322 486 1323 661 1323 485 1323 485 1324 661 1324 663 1324 485 1325 663 1325 484 1325 484 1326 663 1326 664 1326 484 1327 664 1327 465 1327 465 1328 664 1328 662 1328 686 1329 483 1329 462 1329 686 1330 462 1330 665 1330 665 1331 462 1331 381 1331 665 1332 381 1332 662 1332 662 1333 381 1333 465 1333 483 1334 686 1334 482 1334 482 1335 686 1335 666 1335 482 1336 666 1336 481 1336 481 1337 666 1337 667 1337 668 1338 480 1338 667 1338 667 1339 480 1339 481 1339 669 1340 479 1340 480 1340 669 1341 480 1341 668 1341 670 1342 477 1342 478 1342 670 1343 478 1343 669 1343 669 1344 478 1344 479 1344 477 1345 670 1345 671 1345 671 1346 476 1346 477 1346 454 1347 672 1347 710 1347 671 1348 673 1348 476 1348 476 1349 673 1349 674 1349 476 1350 674 1350 475 1350 475 1351 674 1351 672 1351 475 1352 672 1352 354 1352 354 1353 672 1353 454 1353 676 1354 647 1354 675 1354 647 1355 592 1355 675 1355 592 1356 594 1356 675 1356 676 1357 675 1357 677 1357 675 1358 594 1358 409 1358 675 1359 409 1359 677 1359 596 1360 676 1360 677 1360 676 1361 596 1361 595 1361 429 1362 678 1362 595 1362 678 1363 429 1363 603 1363 678 1364 603 1364 602 1364 678 1365 602 1365 679 1365 679 1366 602 1366 626 1366 679 1367 626 1367 737 1367 737 1368 626 1368 601 1368 737 1369 601 1369 600 1369 598 1370 597 1370 734 1370 598 1371 734 1371 600 1371 723 1372 597 1372 612 1372 723 1373 612 1373 680 1373 680 1374 612 1374 606 1374 731 1375 681 1375 607 1375 607 1376 681 1376 605 1376 605 1377 681 1377 680 1377 605 1378 680 1378 606 1378 682 1379 609 1379 608 1379 731 1380 607 1380 609 1380 731 1381 609 1381 682 1381 682 1382 608 1382 610 1382 682 1383 610 1383 611 1383 452 1384 727 1384 611 1384 727 1385 631 1385 643 1385 643 1386 631 1386 352 1386 642 1387 687 1387 688 1387 641 1388 688 1388 661 1388 636 1389 642 1389 688 1389 688 1390 687 1390 690 1390 689 1391 692 1391 691 1391 691 1392 692 1392 752 1392 693 1393 685 1393 686 1393 693 1394 695 1394 685 1394 683 1395 694 1395 743 1395 694 1396 684 1396 696 1396 694 1397 696 1397 743 1397 684 1398 685 1398 697 1398 683 1399 669 1399 694 1399 694 1400 669 1400 668 1400 668 1401 667 1401 684 1401 684 1402 667 1402 666 1402 691 1403 665 1403 662 1403 691 1404 662 1404 689 1404 689 1405 662 1405 664 1405 689 1406 664 1406 690 1406 690 1407 663 1407 688 1407 688 1408 663 1409 661 1410 664 1411 663 1411 690 1411 684 1412 694 1412 668 1412 688 1413 641 1413 636 1413 693 1414 691 1414 752 1414 693 1415 752 1415 695 1415 670 1416 669 1416 683 1416 684 1417 666 1417 685 1417 685 1418 666 1418 686 1418 693 1419 686 1419 665 1419 693 1420 665 1420 691 1420 704 1421 700 1421 654 1421 652 1422 702 1422 703 1422 701 1423 698 1423 655 1423 701 1424 655 1424 700 1424 776 1425 701 1425 700 1425 645 1426 698 1426 705 1426 698 1427 707 1427 705 1427 699 1428 706 1428 708 1428 706 1429 699 1429 660 1429 699 1430 659 1430 660 1430 654 1431 646 1431 704 1431 704 1432 646 1432 703 1432 639 1433 699 1434 738 1435 634 1436 659 1436 699 1436 634 1437 699 1437 639 1437 660 1438 658 1438 706 1438 706 1439 658 1439 657 1439 706 1440 657 1440 705 1440 705 1441 657 1441 645 1441 645 1442 656 1442 698 1442 698 1443 656 1443 655 1443 655 1444 653 1444 700 1444 700 1445 653 1445 654 1445 709 1446 644 1446 710 1446 644 1447 709 1447 711 1447 712 1448 714 1448 672 1448 788 1449 713 1449 683 1449 712 1450 672 1450 674 1450 683 1451 713 1451 670 1451 670 1452 713 1452 671 1452 713 1453 673 1453 671 1453 714 1454 709 1454 710 1454 714 1455 710 1455 672 1455 713 1456 788 1456 673 1456 673 1457 788 1457 712 1457 673 1458 712 1458 674 1458 716 1459 650 1459 649 1459 648 1460 716 1460 649 1460 702 1461 720 1461 719 1461 652 1462 651 1462 702 1462 702 1463 651 1463 720 1463 720 1464 650 1464 715 1464 648 1465 647 1465 718 1465 648 1466 718 1466 717 1466 648 1467 717 1467 716 1467 651 1468 650 1468 720 1468 650 1469 716 1469 715 1469 721 1470 647 1470 676 1470 647 1471 721 1471 718 1471 595 1472 721 1472 676 1472 711 1473 726 1473 611 1473 711 1474 611 1474 727 1474 611 1475 726 1475 729 1475 730 1476 681 1476 731 1476 725 1477 722 1477 680 1477 725 1478 680 1478 681 1478 732 1479 730 1479 731 1479 681 1480 730 1480 725 1480 731 1481 728 1481 732 1481 735 1482 723 1482 736 1482 735 1483 736 1483 734 1483 737 1484 811 1484 679 1484 724 1485 679 1485 811 1485 737 1486 733 1486 811 1486 723 1487 735 1487 597 1487 734 1488 733 1488 600 1488 735 1489 734 1489 597 1489 679 1490 724 1490 678 1490 733 1491 737 1491 600 1491 729 1492 728 1492 682 1492 611 1493 729 1493 682 1493 728 1494 731 1494 682 1494 724 1495 809 1495 721 1495 724 1496 721 1496 595 1496 724 1497 595 1497 678 1497 722 1498 723 1498 680 1498 643 1499 644 1500 727 1501 727 1502 644 1502 711 1502 749 1503 699 1503 708 1503 747 1504 689 1504 690 1504 697 1505 685 1506 695 1507 696 1508 684 1508 697 1508 750 1509 708 1509 706 1509 707 1510 750 1510 706 1510 707 1511 706 1511 705 1511 756 1512 636 1512 632 1512 746 1513 752 1513 692 1513 760 1514 692 1514 747 1514 756 1515 642 1515 636 1515 742 1516 683 1516 743 1516 747 1517 692 1517 689 1517 751 1518 695 1518 752 1518 754 1519 755 1519 756 1519 756 1520 757 1520 642 1520 642 1521 757 1521 687 1521 759 1522 760 1522 747 1522 759 1523 747 1524 687 1525 762 1526 695 1526 745 1526 745 1527 695 1527 751 1527 745 1528 751 1528 744 1528 766 1529 742 1529 767 1529 762 1530 763 1530 695 1530 765 1531 743 1531 696 1531 765 1532 696 1532 764 1532 764 1533 696 1533 697 1533 764 1534 697 1534 763 1534 763 1535 697 1535 695 1535 767 1536 742 1536 743 1536 767 1537 743 1537 765 1537 744 1538 751 1538 752 1538 744 1539 752 1539 746 1539 687 1540 747 1540 690 1540 770 1541 769 1541 771 1541 774 1542 775 1542 776 1542 780 1543 781 1543 782 1543 746 1544 692 1544 761 1544 761 1545 692 1545 760 1545 759 1546 687 1546 758 1546 758 1547 687 1547 757 1547 785 1548 740 1548 784 1548 784 1549 740 1549 749 1549 784 1550 749 1550 783 1550 783 1551 749 1551 741 1551 768 1552 769 1552 770 1552 702 1553 719 1553 703 1553 703 1554 719 1554 770 1554 770 1555 719 1555 768 1555 772 1556 773 1556 748 1556 772 1557 748 1557 786 1557 786 1558 748 1558 704 1558 704 1559 703 1559 786 1559 786 1560 703 1560 770 1560 786 1561 770 1561 772 1561 772 1562 770 1562 771 1562 775 1563 777 1563 787 1563 775 1564 787 1564 776 1564 776 1565 787 1565 701 1565 777 1566 779 1566 701 1566 701 1567 779 1567 707 1567 787 1568 777 1568 701 1568 776 1569 748 1569 773 1569 776 1570 773 1570 774 1570 741 1571 749 1571 708 1571 778 1572 780 1572 707 1572 707 1573 780 1573 750 1573 782 1574 741 1574 750 1574 750 1575 741 1575 708 1575 780 1576 782 1576 750 1576 739 1577 753 1578 638 1579 739 1580 638 1580 738 1580 779 1581 778 1581 707 1581 701 1582 707 1582 698 1582 748 1583 776 1583 700 1583 748 1584 700 1584 704 1584 740 1585 785 1585 738 1585 738 1586 785 1586 739 1586 754 1587 756 1587 632 1587 754 1588 632 1588 753 1588 753 1589 632 1589 638 1589 749 1590 740 1590 738 1590 749 1591 738 1591 699 1591 809 1592 718 1592 721 1592 808 1593 795 1593 793 1593 808 1594 793 1594 807 1594 819 1595 820 1595 791 1595 812 1596 736 1596 799 1596 799 1597 736 1597 800 1597 800 1598 736 1599 813 1600 800 1601 813 1601 801 1601 814 1602 730 1602 802 1602 802 1603 730 1603 815 1603 815 1604 816 1604 803 1604 790 1605 788 1605 766 1605 818 1606 805 1606 817 1606 798 1607 797 1607 811 1607 811 1608 797 1608 810 1608 810 1609 797 1609 796 1609 810 1610 796 1610 809 1610 809 1611 796 1611 795 1611 809 1612 795 1612 808 1612 812 1613 799 1613 798 1613 791 1614 806 1614 819 1614 819 1615 806 1615 818 1615 807 1616 793 1616 794 1616 794 1617 792 1617 789 1617 789 1618 792 1618 768 1618 803 1619 802 1619 815 1619 806 1620 805 1620 818 1620 805 1621 804 1621 817 1621 817 1622 804 1623 803 1624 817 1625 803 1625 816 1625 683 1626 742 1626 788 1626 788 1627 820 1627 712 1627 712 1628 820 1628 819 1628 712 1629 819 1629 714 1629 714 1630 819 1630 709 1630 709 1631 818 1631 711 1631 729 1632 816 1632 728 1632 728 1633 816 1633 732 1633 722 1634 813 1634 723 1634 723 1635 813 1635 736 1635 734 1636 736 1636 812 1636 734 1637 812 1637 733 1637 733 1638 812 1638 811 1638 811 1639 810 1639 724 1639 724 1640 810 1640 809 1640 718 1641 809 1641 717 1641 788 1642 790 1642 820 1642 819 1643 818 1643 709 1643 818 1644 817 1644 711 1644 711 1645 817 1645 726 1645 726 1646 817 1646 816 1646 726 1647 816 1647 729 1647 809 1648 808 1648 717 1648 717 1649 808 1649 807 1649 717 1650 807 1650 716 1650 716 1651 807 1651 715 1651 715 1652 807 1652 794 1652 715 1653 794 1653 789 1653 715 1654 789 1654 720 1654 720 1655 789 1655 719 1655 719 1656 789 1656 768 1656 813 1657 722 1657 801 1657 801 1658 722 1658 725 1658 801 1659 725 1659 814 1659 814 1660 725 1660 730 1660 730 1661 732 1661 815 1661 815 1662 732 1662 816 1662 798 1663 811 1663 812 1663 788 1664 742 1664 766 1664 820 1665 790 1665 791 1665 759 1666 821 1666 760 1666 760 1667 821 1667 761 1667 758 1668 757 1668 822 1668 783 1669 823 1669 784 1669 779 1670 824 1670 778 1670 779 1671 777 1671 824 1671 826 1672 805 1672 882 1672 826 1673 804 1673 805 1673 826 1674 827 1674 804 1674 828 1675 803 1675 827 1675 827 1676 803 1676 804 1676 825 1677 802 1677 828 1677 828 1678 802 1678 803 1678 829 1679 814 1679 802 1679 829 1680 802 1680 825 1680 881 1681 801 1681 814 1681 881 1682 814 1682 829 1682 859 1683 800 1683 801 1683 859 1684 801 1684 881 1684 830 1685 800 1685 859 1685 800 1686 830 1686 799 1686 799 1687 830 1687 863 1687 831 1688 799 1688 863 1688 832 1689 798 1689 831 1689 831 1690 798 1690 799 1690 832 1691 797 1691 798 1691 797 1692 832 1692 833 1692 834 1693 796 1693 833 1693 833 1694 796 1694 797 1694 834 1695 835 1695 795 1695 834 1696 795 1696 796 1696 793 1697 795 1697 835 1697 805 1698 806 1698 882 1698 882 1699 806 1699 791 1699 882 1700 791 1700 836 1700 836 1701 791 1701 790 1701 836 1702 790 1702 892 1702 892 1703 790 1703 766 1703 892 1704 766 1704 837 1704 837 1705 766 1705 838 1705 838 1706 766 1706 767 1706 838 1707 767 1707 839 1707 839 1708 767 1708 765 1708 839 1709 765 1709 764 1709 839 1710 764 1710 840 1710 840 1711 764 1711 841 1711 841 1712 764 1712 763 1712 763 1713 762 1713 841 1713 841 1714 762 1714 842 1714 842 1715 762 1715 745 1715 842 1716 745 1716 843 1716 843 1717 745 1717 744 1717 843 1718 744 1718 746 1718 843 1719 746 1719 844 1719 844 1720 746 1720 761 1720 844 1721 761 1721 821 1721 844 1722 821 1722 889 1722 821 1723 759 1723 889 1723 889 1724 759 1724 845 1724 845 1725 759 1725 758 1725 845 1726 758 1726 822 1726 822 1727 757 1727 846 1727 846 1728 757 1728 756 1728 846 1729 756 1729 755 1729 846 1730 755 1730 888 1730 888 1731 755 1731 754 1731 888 1732 754 1732 847 1732 847 1733 754 1733 753 1733 847 1734 753 1734 739 1734 847 1735 739 1735 848 1735 848 1736 739 1736 785 1736 848 1737 785 1737 849 1737 785 1738 784 1738 849 1738 849 1739 784 1739 823 1739 850 1740 823 1740 783 1740 850 1741 741 1741 782 1741 850 1742 782 1742 851 1742 783 1743 741 1743 850 1743 851 1744 782 1744 781 1744 851 1745 781 1745 780 1745 851 1746 780 1746 852 1746 852 1747 780 1747 778 1747 852 1748 778 1748 853 1748 824 1749 853 1749 778 1749 824 1750 854 1750 853 1750 824 1751 777 1751 854 1751 854 1752 777 1752 775 1752 773 1753 865 1753 774 1753 774 1754 865 1754 855 1754 774 1755 855 1755 775 1755 775 1756 855 1756 854 1756 865 1757 773 1757 772 1757 865 1758 772 1758 856 1758 856 1759 772 1759 771 1759 856 1760 771 1760 857 1760 857 1761 771 1761 769 1761 857 1762 769 1762 768 1762 857 1763 768 1763 792 1763 857 1764 792 1764 858 1764 792 1765 794 1765 858 1765 858 1766 794 1766 861 1766 861 1767 794 1767 793 1767 861 1768 793 1768 835 1768 862 1769 879 1769 835 1769 833 1770 862 1770 834 1770 879 1771 861 1771 835 1771 872 1772 871 1772 855 1772 872 1773 865 1773 873 1773 873 1774 865 1774 856 1774 873 1775 856 1775 857 1775 873 1776 857 1776 874 1776 874 1777 857 1777 858 1777 874 1778 858 1778 875 1778 875 1779 858 1779 861 1779 866 1780 850 1780 851 1780 866 1781 851 1781 868 1781 869 1782 868 1782 852 1782 869 1783 852 1783 853 1783 870 1784 853 1784 871 1784 871 1785 853 1785 854 1785 871 1786 854 1786 855 1786 872 1787 855 1787 865 1787 849 1788 823 1788 867 1788 849 1789 867 1789 877 1789 849 1790 877 1790 876 1790 876 1791 860 1792 848 1793 876 1794 848 1795 849 1796 823 1797 850 1797 867 1797 868 1798 851 1798 852 1798 866 1799 867 1799 850 1799 878 1800 832 1800 831 1800 878 1801 831 1801 863 1801 878 1802 863 1802 859 1802 859 1803 863 1804 830 1805 869 1806 866 1806 868 1806 870 1807 869 1807 853 1807 847 1808 848 1809 860 1810 835 1811 834 1811 862 1811 879 1812 875 1812 861 1812 864 1813 862 1813 833 1813 864 1814 833 1814 832 1814 842 1815 843 1815 890 1815 860 1816 888 1816 847 1816 896 1817 897 1817 845 1817 896 1818 845 1818 822 1818 897 1819 889 1820 886 1821 886 1822 889 1822 845 1822 897 1823 886 1823 845 1823 887 1824 896 1824 822 1824 887 1825 822 1825 846 1825 890 1826 843 1826 885 1826 885 1827 843 1828 844 1829 842 1830 891 1830 841 1830 895 1831 836 1831 892 1831 893 1832 892 1832 837 1832 893 1833 837 1833 838 1833 884 1834 827 1834 883 1834 883 1835 826 1835 882 1835 884 1836 828 1836 827 1836 883 1837 827 1837 826 1837 895 1838 883 1838 882 1838 897 1839 898 1839 889 1839 895 1840 892 1840 893 1840 880 1841 888 1841 860 1841 881 1842 829 1842 825 1842 825 1843 828 1843 884 1843 895 1844 882 1844 836 1844 893 1845 838 1845 839 1845 893 1846 839 1846 894 1846 894 1847 839 1847 840 1847 894 1848 840 1848 899 1848 899 1849 840 1849 841 1849 899 1850 841 1850 891 1850 891 1851 842 1851 890 1851 898 1852 890 1852 885 1852 898 1853 885 1853 844 1853 898 1854 844 1854 889 1854 896 1855 887 1855 880 1855 880 1856 887 1856 846 1856 880 1857 846 1857 888 1857 904 1858 903 1859 922 1860 909 1861 1027 1862 908 1863 909 1864 911 1864 958 1864 934 1865 917 1866 936 1867 905 1868 918 1869 919 1870 904 1871 922 1871 921 1871 903 1872 1017 1873 921 1874 924 1875 925 1876 923 1877 925 1878 926 1878 929 1878 927 1879 928 1879 929 1879 926 1880 927 1881 929 1882 1021 1883 934 1884 935 1885 1021 1886 935 1887 936 1888 938 1889 937 1890 939 1891 938 1892 942 1893 937 1894 943 1895 945 1896 938 1897 944 1898 946 1899 945 1900 950 1901 949 1901 951 1901 953 1902 952 1902 954 1902 911 1903 913 1903 958 1903 913 1904 959 1905 958 1906 919 1907 960 1907 906 1907 906 1908 905 1908 919 1908 1035 1909 859 1909 987 1909 987 1910 859 1910 989 1910 1035 1911 878 1911 859 1911 859 1912 881 1912 989 1912 961 1913 860 1913 876 1913 990 1914 880 1914 860 1914 990 1915 860 1915 961 1915 962 1916 897 1916 963 1916 963 1917 897 1917 896 1917 963 1918 896 1918 986 1918 971 1919 864 1919 964 1919 964 1920 864 1920 832 1920 964 1921 832 1921 878 1921 965 1922 884 1922 966 1922 881 1923 825 1923 989 1923 989 1924 825 1924 991 1924 965 1925 825 1925 884 1925 961 1926 876 1926 877 1926 961 1927 877 1927 967 1927 967 1928 877 1928 867 1928 967 1929 867 1929 1047 1929 986 1930 896 1930 985 1930 985 1931 896 1931 880 1931 985 1932 880 1932 990 1932 1047 1933 867 1933 968 1933 968 1934 867 1934 866 1934 1010 1935 898 1935 969 1935 970 1936 879 1936 862 1936 969 1937 898 1937 897 1937 969 1938 897 1938 962 1938 884 1939 883 1939 966 1939 866 1940 869 1940 1045 1940 970 1941 862 1941 1036 1941 1036 1942 862 1942 864 1942 1036 1943 864 1943 971 1943 976 1944 874 1944 875 1944 976 1945 875 1945 972 1945 972 1946 875 1946 879 1946 972 1947 879 1947 970 1947 973 1948 899 1948 974 1948 974 1949 899 1949 891 1949 974 1950 891 1950 975 1950 975 1951 891 1951 890 1951 975 1952 890 1952 1010 1952 1010 1953 890 1953 898 1953 976 1954 873 1954 874 1954 966 1955 883 1955 977 1955 977 1956 883 1956 895 1956 1045 1957 869 1957 870 1957 1045 1958 870 1958 978 1958 979 1959 872 1959 873 1959 979 1960 873 1960 976 1960 870 1961 871 1961 978 1961 978 1962 871 1962 1033 1962 1033 1963 871 1963 1034 1963 980 1964 894 1964 973 1964 973 1965 894 1965 899 1965 993 1966 895 1966 981 1966 1034 1967 871 1967 872 1967 1034 1968 872 1968 982 1968 982 1969 872 1969 979 1969 895 1970 893 1970 981 1970 981 1971 893 1971 994 1971 994 1972 893 1972 980 1972 980 1973 893 1973 894 1973 900 1974 1015 1974 901 1974 901 1975 1015 1975 1016 1975 902 1976 920 1976 903 1976 903 1977 920 1977 1017 1977 914 1978 930 1978 915 1978 915 1979 930 1979 931 1979 917 1980 932 1980 936 1980 936 1981 932 1981 1021 1981 969 1982 1009 1982 1010 1982 1000 1983 1001 1983 966 1983 1000 1984 966 1984 992 1984 992 1985 966 1985 977 1985 1001 1986 965 1986 966 1986 1011 1987 974 1987 975 1987 988 1988 987 1988 989 1988 825 1989 965 1989 991 1989 895 1990 993 1990 977 1990 1003 1991 934 1991 1005 1991 988 1992 946 1993 987 1994 1006 1995 985 1995 990 1995 963 1996 1007 1996 962 1996 1007 1997 1008 1998 962 1999 962 2000 1008 2000 969 2000 1009 2001 969 2001 1008 2001 998 2002 993 2003 997 2004 1004 2005 988 2006 989 2007 1004 2008 989 2009 1005 2010 1005 2011 989 2011 991 2011 1005 2012 991 2013 1003 2014 1003 2015 991 2015 1002 2015 1002 2016 991 2016 965 2016 1002 2017 965 2017 1001 2017 999 2018 977 2018 998 2018 998 2019 977 2019 993 2019 997 2020 993 2020 981 2020 997 2021 981 2021 996 2021 996 2022 981 2022 994 2022 996 2023 994 2023 995 2023 995 2024 994 2024 980 2024 995 2025 980 2025 1013 2025 1013 2026 980 2026 1012 2026 1012 2027 973 2027 974 2027 999 2028 992 2028 977 2028 1012 2029 980 2029 973 2029 1019 2030 923 2030 1018 2030 925 2031 929 2031 923 2031 928 2032 1020 2033 1110 2034 928 2035 1110 2035 929 2035 942 2036 945 2036 946 2036 942 2037 938 2037 945 2037 944 2038 1022 2038 946 2038 950 2039 1024 2040 949 2041 951 2042 953 2042 954 2042 954 2043 950 2043 951 2043 1025 2044 954 2044 952 2044 1027 2045 909 2046 958 2047 1028 2048 960 2048 1065 2048 972 2049 1037 2049 1056 2049 976 2050 1056 2050 1038 2050 878 2051 1049 2051 1050 2051 878 2052 1050 2052 964 2052 971 2053 1052 2053 1036 2053 976 2054 972 2054 1056 2054 878 2055 1035 2055 1049 2055 979 2056 1040 2056 982 2056 1038 2057 1039 2057 976 2057 976 2058 1039 2058 979 2058 866 2059 1045 2059 968 2059 967 2060 1048 2060 1032 2060 967 2061 1032 2061 1031 2061 968 2062 1046 2062 1047 2062 1037 2063 947 2063 1056 2063 1057 2064 950 2064 1040 2064 1029 2065 987 2065 946 2065 1035 2066 987 2066 1029 2066 1035 2067 1029 2067 1049 2067 1033 2068 1042 2068 1043 2068 971 2069 1030 2069 1051 2069 971 2070 1051 2070 1052 2070 1036 2071 1052 2071 1053 2071 1036 2072 1053 2072 970 2072 970 2073 1053 2073 1054 2073 970 2074 1054 2074 1055 2074 970 2075 1055 2075 1037 2075 979 2076 1039 2076 1057 2076 979 2077 1057 2077 1040 2077 1034 2078 982 2078 1041 2078 1034 2079 1041 2079 1042 2079 978 2080 1043 2080 1044 2080 978 2081 1044 2081 1045 2081 982 2082 1040 2082 1041 2082 1006 2083 990 2083 961 2083 1031 2084 961 2084 967 2084 1047 2085 1048 2085 967 2085 964 2086 1050 2086 1030 2086 964 2087 1030 2087 971 2087 972 2088 970 2088 1037 2088 1034 2089 1042 2089 1033 2089 978 2090 1033 2091 1043 2092 1059 2093 1019 2094 1018 2095 1014 2096 984 2096 1060 2096 1060 2097 984 2098 1061 2099 907 2100 908 2101 1027 2102 919 2103 1014 2103 1006 2103 1006 2104 1014 2104 1075 2104 1076 2105 1015 2105 900 2105 1006 2106 1075 2106 1077 2106 1006 2107 1077 2107 985 2107 985 2108 1077 2108 1076 2108 985 2109 1076 2109 986 2109 986 2110 1076 2110 900 2110 900 2111 901 2111 963 2111 986 2112 900 2112 963 2112 963 2113 901 2113 1016 2113 963 2114 1016 2114 1079 2114 1010 2115 1009 2115 1078 2115 1078 2116 1009 2116 1119 2116 1119 2117 1009 2117 1008 2117 1119 2118 1008 2118 1079 2118 1079 2119 1008 2119 1007 2119 1079 2120 1007 2120 963 2120 920 2121 904 2121 1080 2121 1078 2122 1081 2122 1010 2122 1010 2123 1081 2123 975 2123 975 2124 1081 2124 1080 2124 975 2125 1080 2125 1011 2125 1011 2126 1080 2126 904 2126 1011 2127 904 2127 974 2127 904 2128 921 2128 974 2128 974 2129 921 2129 1012 2129 921 2130 1017 2130 1112 2130 1115 2131 1018 2131 923 2131 1012 2132 921 2132 1112 2132 1012 2133 1112 2133 1082 2133 1012 2134 1082 2134 1013 2134 1013 2135 1082 2135 1115 2135 1013 2136 1115 2136 923 2136 1013 2137 923 2137 929 2137 1013 2138 929 2138 995 2138 995 2139 929 2139 1110 2139 995 2140 1110 2140 996 2140 1110 2141 1083 2141 996 2141 996 2142 1083 2142 997 2142 997 2143 1083 2143 1084 2143 916 2144 1084 2144 930 2144 997 2145 1084 2145 916 2145 997 2146 916 2146 998 2146 998 2147 916 2147 915 2147 998 2148 915 2148 931 2148 998 2149 931 2149 1085 2149 1086 2150 992 2150 999 2150 1086 2151 999 2151 1085 2151 1085 2152 999 2152 998 2152 1000 2153 992 2153 1086 2153 1086 2154 1140 2154 1000 2154 1000 2155 1140 2155 1087 2155 1000 2156 1087 2156 1001 2156 1001 2157 1088 2157 1002 2157 1001 2158 1087 2158 1088 2158 1002 2159 1088 2159 1003 2159 933 2160 917 2160 1003 2160 933 2161 1003 2161 1088 2161 1003 2162 917 2162 934 2162 934 2163 1021 2163 1005 2163 1005 2164 1021 2164 1089 2164 1004 2165 1005 2165 1089 2165 1089 2166 1090 2166 1004 2166 1004 2167 1090 2167 988 2167 1069 2168 942 2168 1091 2168 942 2169 946 2169 988 2169 942 2170 988 2170 1091 2170 1091 2171 988 2171 1090 2171 1049 2172 1029 2172 1092 2172 1092 2173 1029 2173 946 2173 1092 2174 946 2174 1022 2174 1074 2175 941 2175 1050 2175 1074 2176 1050 2176 1093 2176 1093 2177 1050 2177 1049 2177 1093 2178 1049 2178 1092 2178 1050 2179 941 2179 1030 2179 1030 2180 941 2181 940 2182 1030 2183 940 2183 1051 2183 1051 2184 940 2184 1094 2184 1094 2185 940 2185 1023 2185 1051 2186 1094 2186 1052 2186 1052 2187 1094 2187 1095 2187 1052 2188 1095 2188 1053 2188 1053 2189 1095 2189 1096 2189 1053 2190 1096 2190 1097 2190 1053 2191 1097 2191 1054 2191 1054 2192 1097 2192 1098 2192 1054 2193 1098 2193 1055 2193 1099 2194 947 2194 1037 2194 1055 2195 1098 2195 1099 2195 1055 2196 1099 2196 1037 2196 1099 2197 1108 2197 947 2197 1056 2198 947 2198 948 2198 948 2199 1038 2199 1056 2199 1100 2200 948 2200 983 2200 1101 2201 1039 2201 1038 2201 1101 2202 1038 2202 1100 2202 1100 2203 1038 2203 948 2203 1039 2204 1101 2204 1057 2204 1057 2205 1101 2205 1134 2205 1057 2206 1134 2206 950 2206 950 2207 1134 2207 1024 2207 950 2208 954 2208 1040 2208 954 2209 1025 2209 1040 2209 1040 2210 1025 2210 1102 2210 1040 2211 1102 2211 1041 2211 1041 2212 1102 2212 1103 2212 1041 2213 1103 2213 1131 2213 1041 2214 1131 2214 1042 2214 1026 2215 955 2215 1042 2215 1026 2216 1042 2216 1131 2216 1042 2217 955 2217 956 2217 1042 2218 956 2218 1043 2218 1123 2219 956 2219 957 2219 1043 2220 956 2220 1123 2220 1043 2221 1123 2221 1044 2221 1123 2222 1104 2222 1044 2222 1044 2223 1104 2223 1045 2223 1045 2224 1104 2224 1128 2224 1045 2225 1128 2225 968 2225 1128 2226 1127 2226 968 2226 968 2227 1127 2227 1046 2227 1127 2228 1126 2228 1046 2228 1046 2229 1126 2229 1105 2229 1046 2230 1105 2230 1047 2230 1047 2231 1105 2231 1027 2231 1047 2232 1027 2232 1048 2232 1048 2233 1027 2233 958 2233 1048 2234 958 2234 1032 2234 1032 2235 958 2235 959 2235 1031 2236 1032 2236 1106 2236 1106 2237 1032 2237 959 2237 1106 2238 959 2238 912 2238 1106 2239 1107 2239 1031 2239 1031 2240 1107 2240 961 2240 1065 2241 960 2242 1107 2243 919 2244 1006 2244 960 2244 960 2245 1006 2246 961 2247 960 2248 961 2248 1107 2248 1108 2249 1109 2250 983 2251 1017 2252 920 2252 1114 2252 1018 2253 1115 2253 1058 2253 1118 2254 1117 2254 1119 2254 1118 2255 1119 2255 1120 2255 1120 2256 1119 2256 1113 2256 1120 2257 1113 2257 1121 2257 1075 2258 1014 2258 1077 2258 1116 2259 1122 2259 1080 2259 1122 2260 1114 2260 1080 2260 1076 2261 1077 2262 1015 2263 1080 2264 1081 2264 1116 2264 1116 2265 1081 2265 1078 2265 1116 2266 1078 2266 1117 2266 1117 2267 1078 2267 1119 2267 1119 2268 1079 2268 1113 2268 1113 2269 1079 2269 1016 2269 1113 2270 1016 2271 1015 2272 920 2273 1080 2273 1114 2273 1014 2274 1060 2275 1062 2276 912 2277 1125 2278 1106 2279 1125 2280 912 2281 907 2282 1107 2283 1063 2284 1065 2285 1102 2286 1025 2286 1067 2286 1123 2287 957 2287 1124 2287 1124 2288 957 2288 1066 2288 1129 2289 1128 2289 1104 2289 1129 2290 1104 2290 1130 2290 1105 2291 907 2291 1027 2291 1125 2292 907 2292 1105 2292 1125 2293 1105 2293 1126 2293 1131 2294 1124 2294 1066 2294 1131 2295 1066 2295 1026 2295 1104 2296 1123 2296 1130 2296 1068 2297 1024 2297 1134 2297 1135 2298 1109 2298 1108 2298 931 2299 930 2299 1136 2299 1069 2300 1091 2300 1070 2300 1071 2301 1070 2301 1137 2301 1092 2302 1022 2303 1132 2304 1023 2305 1074 2305 1093 2305 1111 2306 1133 2306 1110 2306 1146 2307 1139 2307 1087 2307 1146 2308 1087 2308 1140 2308 1073 2309 1132 2309 1072 2309 1092 2310 1132 2310 1150 2310 1093 2311 1092 2312 1150 2313 1135 2314 1108 2314 1099 2314 1109 2315 1100 2315 983 2315 1153 2316 1135 2316 1099 2316 1153 2317 1099 2317 1154 2317 1154 2318 1099 2319 1098 2320 1154 2321 1098 2321 1155 2321 1155 2322 1098 2322 1097 2322 1155 2323 1097 2323 1156 2323 1156 2324 1097 2324 1096 2324 1156 2325 1096 2325 1157 2325 1157 2326 1096 2326 1095 2326 1157 2327 1095 2327 1094 2327 1151 2328 1023 2329 1093 2330 1151 2331 1093 2331 1150 2331 1072 2332 1132 2332 1022 2332 1152 2333 1094 2333 1023 2333 1152 2334 1023 2334 1151 2334 932 2335 933 2335 1139 2335 1139 2336 933 2336 1088 2336 1139 2337 1088 2337 1087 2337 1142 2338 1086 2338 1085 2338 1136 2339 1085 2339 931 2339 1084 2340 1083 2340 1147 2340 1089 2341 1021 2342 932 2343 1091 2344 1090 2344 1149 2344 1090 2345 1089 2345 1149 2345 1141 2346 1140 2346 1086 2346 1141 2347 1086 2347 1142 2347 1133 2348 1147 2348 1083 2348 1133 2349 1083 2349 1110 2349 1137 2350 1070 2350 1091 2350 1137 2351 1091 2351 1149 2351 1148 2352 1149 2352 1089 2352 1148 2353 1089 2354 1138 2355 1138 2356 1089 2356 932 2356 1138 2357 932 2357 1139 2357 1143 2358 1142 2358 1085 2358 1143 2359 1085 2359 1136 2359 1144 2360 1136 2360 930 2360 1144 2361 930 2361 1145 2361 1145 2362 930 2362 1084 2362 1145 2363 1084 2363 1147 2363 1158 2364 1062 2364 1159 2364 1159 2365 1062 2365 1064 2365 1159 2366 1064 2366 1160 2366 1161 2367 1173 2367 1015 2367 1015 2368 1173 2368 1172 2368 1014 2369 1062 2369 1158 2369 1014 2370 1158 2370 1077 2370 1077 2371 1158 2371 1161 2371 1077 2372 1161 2372 1015 2372 1160 2373 1064 2373 1063 2373 1160 2374 1063 2374 1107 2374 1015 2375 1172 2375 1162 2375 1015 2376 1162 2376 1113 2376 1113 2377 1162 2377 1163 2377 1113 2378 1163 2378 1121 2378 1129 2379 1164 2379 1165 2379 1129 2380 1165 2380 1128 2380 1128 2381 1165 2381 1166 2381 1128 2382 1166 2382 1167 2382 1128 2383 1167 2383 1175 2383 1128 2384 1175 2384 1127 2384 1127 2385 1175 2385 1126 2385 1126 2386 1175 2386 1174 2386 1126 2387 1174 2387 1125 2387 1125 2388 1174 2388 1168 2388 1125 2389 1168 2389 1169 2389 1125 2390 1169 2390 1170 2390 1125 2391 1170 2391 1106 2391 1106 2392 1170 2392 1171 2392 1106 2393 1171 2393 1107 2393 1107 2394 1171 2394 1160 2394</p>
        </triangles>
      </mesh>
    </geometry>
    <geometry id="eSeries_UR5e_021-mesh" name="eSeries UR5e.021">
      <mesh>
        <source id="eSeries_UR5e_021-mesh-positions">
          <float_array id="eSeries_UR5e_021-mesh-positions-array" count="591">45.27328 59.70061 35.93832 25.21899 59.67684 -52.31364 23.51494 59.67683 52.70088 37.21673 59.67955 -44.54823 -57.72053 60.16775 -4.471004 -57.3216 59.69789 -8.319809 -56.64299 60.16663 -12.09815 -55.58028 59.67681 -16.40267 -49.91908 59.67954 -29.52365 13.81058 59.74756 -56.42729 17.53927 59.69789 -55.37468 21.17211 59.76161 -54.0886 40.52973 59.761 -41.54653 43.20786 59.69789 -38.73434 45.68131 60.16255 -35.74134 48.25612 59.67681 -32.18603 54.61952 59.67952 -19.3957 53.11916 60.16379 22.78091 51.2378 59.67536 26.7489 37.54553 59.67448 43.86679 33.96987 60.16383 46.65789 30.80915 59.69789 48.81326 27.52176 60.16293 50.71388 -47.51006 59.761 -33.29008 -45.18251 59.69789 -36.39861 -42.6767 59.76221 -39.32646 -39.56608 59.67486 -42.46483 -28.00973 59.67756 -50.86878 57.77226 59.69245 -4.475139 56.77647 59.67612 11.11802 55.73508 59.76214 15.47149 54.55607 59.69789 19.17127 9.841051 59.67945 56.84949 5.415268 60.16786 57.42311 1.529363 59.69789 57.67168 -2.268198 60.16283 57.63162 -6.728222 59.67686 57.2993 -20.61116 59.67955 53.89877 -24.74761 60.1639 52.11831 -28.1774 59.69789 50.37201 -31.42439 60.16301 48.40229 -35.09346 59.67483 45.84267 -45.30224 59.67755 35.84538 -47.9586 59.77067 32.23311 -50.0171 59.69789 28.95229 -51.85318 59.74757 25.5525 -53.66137 59.6754 21.52606 -56.82806 59.70061 11.03822 -57.89342 59.67442 0.02216011 -24.01556 59.75963 -52.88286 -20.42858 59.69789 -54.37137 -16.7705 59.77265 -55.61658 -12.50561 59.67697 -56.72821 1.719771 59.67994 -58.07002 6.194636 59.77165 -57.76632 10.02895 59.69789 -57.22014 56.00459 59.75747 -14.90812 57.23134 60.18904 -7.624511 34.49714 60.21063 -46.48004 13.75306 60.19575 -56.22604 -54.56744 60.21563 18.62653 -51.58628 60.19687 25.66222 49.67393 60.22288 29.2219 55.61157 60.20329 15.21382 20.90079 60.23135 -54.00468 -1.795327 60.21989 -57.90139 -9.365012 60.19247 -57.13905 -16.95454 60.21441 -55.37249 -24.1966 60.21685 -52.61066 -30.90624 60.20326 -48.93691 -37.14961 60.19996 -44.35944 -42.70286 60.2 -39.01484 -47.4947 60.20043 -32.97742 -51.46776 60.20379 -26.30835 -9.684948 60.20355 56.69041 -17.264 60.2033 54.86422 -37.32596 60.20351 43.81285 -47.71985 60.23655 32.30352 -56.63352 60.21102 10.98224 20.63033 60.20684 53.69851 13.19987 60.22192 56.00011 -42.92245 60.20391 38.37353 55.6967 60.20683 -15.32568 57.73764 60.22407 -0.2077194 57.18616 60.20355 7.565618 39.85734 60.20759 41.55129 27.8002 60.23199 -50.78733 -54.53956 60.22274 -19.13981 45.23749 60.20335 35.63245 53.15356 60.22281 -22.73884 49.72072 60.22901 -29.55892 40.37323 60.19866 -41.41617 -57.64035 60.2215 3.044021 6.104879 60.23541 -57.62234 -47.18038 72.56039 -33.43489 -57.56884 72.55439 -4.336143 -57.58049 72.56906 3.494835 -54.73813 72.55957 18.04174 -51.78817 72.54877 25.25696 5.363348 72.60869 57.42778 33.83666 72.55265 46.55919 -31.67009 72.55946 48.03056 -2.697638 72.55456 57.45557 -10.27134 72.55638 56.5907 27.00165 72.55562 50.80876 55.44834 72.5583 15.76347 52.83378 72.55676 23.01387 57.08693 72.55909 8.187527 57.71524 72.54518 0.4503445 34.66296 72.61119 -46.55218 28.41357 72.55464 -50.44454 13.80415 72.54146 -56.25372 21.52116 72.55565 -53.7555 -1.179662 72.55701 -57.89914 6.162863 72.57404 -57.54518 -8.874582 72.55819 -57.21767 -23.96841 72.6096 -52.88431 -16.56538 72.54149 -55.49935 -30.40469 72.55473 -49.26524 -42.29536 72.55867 -39.45143 -36.61856 72.55559 -44.8136 -56.42246 72.54911 -12.31281 -43.26398 72.5614 37.99024 -47.91637 72.57026 31.92655 -56.62499 72.56479 10.78983 20.02285 72.55471 53.93471 44.81537 72.55897 36.14426 49.2834 72.55949 29.80568 50.00859 72.5598 -28.98234 45.71791 72.55995 -35.40274 -54.25944 72.55968 -19.83056 12.73065 72.5681 56.0851 39.74311 72.56369 41.61367 53.41922 72.55794 -22.01875 -24.9382 72.55908 51.82903 -17.77006 72.5591 54.69369 -37.88484 72.56109 43.33416 57.23531 72.61312 -7.497934 55.85218 72.56713 -14.7111 40.36937 72.53984 -41.4847 -51.1299 72.56071 -26.96722 -47.49288 73.03745 -33.31997 -57.74192 73.03637 -4.474728 -57.79686 73.05135 3.250049 -54.88092 73.10015 18.35036 -47.96934 73.05007 32.22249 -43.22615 73.03643 38.31951 34.00174 73.03733 46.66269 -40.11914 73.14226 41.53761 -45.68497 73.09792 35.35879 -50.359 73.06651 28.35817 -28.76851 73.13882 50.03912 -24.75729 73.03688 52.13815 -17.56069 73.03607 54.9708 -21.18516 73.09792 53.67644 -13.24519 73.14344 56.15682 0.8450406 73.13999 57.68664 13.01709 73.05136 56.2159 9.229494 73.09792 56.95146 17.32489 73.14346 55.03931 30.22791 73.13996 49.17492 39.94407 73.03712 41.71326 37.06731 73.09792 44.26948 43.0841 73.06822 38.46903 55.72864 73.03672 15.50543 54.32171 73.06668 19.8198 57.32506 73.03609 7.937018 56.65147 73.09792 11.72681 57.78611 73.15853 3.348503 56.92865 73.1618 -10.73372 55.94319 72.99707 -15.12298 53.47333 73.02806 -22.40543 54.82202 73.09792 -18.80891 51.59079 73.14336 -26.47196 40.54943 73.02683 -41.53141 43.65854 73.13993 -38.22432 37.68645 73.09792 -44.14957 30.99957 73.14347 -49.09714 13.82617 73.02634 -56.42657 18.19064 73.13998 -55.16434 6.209768 73.05004 -57.76768 10.02895 73.09792 -57.22014 -1.508665 73.03701 -58.08197 2.339662 73.09792 -58.04812 -5.971463 73.14221 -57.78706 -19.78869 73.13838 -54.60947 -30.79488 73.03754 -49.23307 -27.46641 73.09792 -51.16517 -34.48559 73.14229 -46.70409 -44.75575 73.13882 -36.92635 -51.48309 73.03682 -26.69479 -49.60393 73.09792 -30.0534 -53.36967 73.14338 -22.63834 -57.22304 73.13946 -8.994524 -57.89218 73.09792 -0.6071472 -57.34729 73.06821 7.732325 49.59976 73.10015 29.73087</float_array>
          <technique_common>
            <accessor source="#eSeries_UR5e_021-mesh-positions-array" count="197" stride="3">
              <param name="X" type="float"/>
              <param name="Y" type="float"/>
              <param name="Z" type="float"/>
            </accessor>
          </technique_common>
        </source>
        <source id="eSeries_UR5e_021-mesh-normals">
          <float_array id="eSeries_UR5e_021-mesh-normals-array" count="834">0.9858509 0.0151152 -0.1669418 -0.3788376 0.8994861 0.2177312 -0.4651644 0.2918465 0.8357318 0.02574896 0.2926664 0.955868 0.5093864 0.2909085 0.8098753 0.8446542 0.4579989 0.2771217 0.648344 0.4594122 -0.6071167 0.122897 0.911603 -0.3922708 0.07890498 0.8981432 -0.4325656 -0.1691924 0.8798052 -0.4442036 -0.3523021 0.8924374 -0.2818488 -0.946941 0.2922219 -0.133825 0.9545274 -0.2905085 0.06695038 0.9125005 -0.4049646 0.05784946 0.8418017 0.5364423 -0.05999857 0.8803344 0.441127 -0.1744085 0.8937368 0.3281161 -0.3058993 0.7846337 0.5664273 -0.2520121 0.8407405 -0.3373637 -0.4234872 0.8674152 -0.2477839 -0.4315021 0.7750439 0.3725539 -0.5104025 0.6636391 0.4214119 -0.6180577 0.5937613 0.4172551 -0.6880012 0.5510799 0.554812 -0.6232933 0.5183253 -0.2822493 -0.8072636 0.5308611 -0.2134704 -0.8201323 0.3738556 0.4661865 -0.8018119 0.3795508 0.37068 -0.847666 0.2794089 0.3229414 -0.9042343 0.2736194 0.4230039 -0.8638288 0.1583366 0.4213044 -0.8929905 0.1716324 0.3222597 -0.9309625 0.0330581 0.3021825 -0.9526768 0.04510545 0.553382 -0.8317053 -0.0939098 -0.3165747 -0.9439076 -0.09163916 -0.2163623 -0.9720029 -0.1971837 0.5599721 -0.8047049 -0.2060527 0.4060811 -0.8903035 -0.3343129 0.3452675 -0.8769409 -0.3264604 0.3847337 -0.8633676 -0.4563326 0.3147906 -0.8322665 -0.3758703 0.5812363 -0.7217244 -0.5672647 -0.2814865 -0.7739356 -0.5753579 -0.2071425 -0.7912366 -0.5968558 0.5090822 -0.6201601 -0.6384602 0.4206437 -0.6445366 -0.7282959 0.3679792 -0.5780801 -0.705979 0.4268033 -0.5651838 -0.7991482 0.3667874 -0.4762659 -0.6872525 0.5877765 -0.4268523 -0.8795469 -0.2914184 -0.3761287 -0.8935862 -0.2298164 -0.385601 -0.8879134 0.3779571 -0.2622184 -0.9218739 0.3874257 0.0070647 -0.9659039 -0.2282432 0.1222077 -0.92745 0.363244 0.0888282 -0.8974329 0.3686309 0.2423334 -0.9559087 -0.05483108 0.2884997 -0.8038024 0.4868431 0.3418855 -0.8360735 0.4067415 0.3681611 -0.8051979 0.3639997 0.468146 -0.8120428 0.3450081 0.4706974 -0.7490729 0.2941716 0.5935934 -0.6524204 0.5742418 0.4945646 -0.6688424 -0.2812342 0.6881549 -0.6845366 -0.207056 0.6989546 -0.5575342 0.4122125 0.7205807 -0.3117441 0.4377223 0.8433355 -0.2246661 -0.283035 0.932425 -0.2327327 -0.2082692 0.9499787 -0.1123835 0.4135836 0.9035035 0.1614676 0.4075535 0.8987928 0.2802058 -0.3152995 0.9066813 0.2834315 -0.2160897 0.9343296 0.3645059 0.4110287 0.8355782 0.5945619 0.4144084 0.6890296 0.7112673 -0.275389 0.6467301 0.6458688 0.4298372 0.6309465 0.7615566 0.3755697 0.5281847 0.8370116 -0.0638771 0.543444 0.818511 0.375987 0.4343658 0.8656027 0.4101459 0.2872498 0.9118871 0.3649809 0.1877527 0.7923731 0.5834861 0.178014 0.9967119 0.003931164 0.0809316 0.9974913 -0.001964569 0.07076179 0.998172 0.005031764 -0.06022793 0.9976781 3.7537e-4 -0.06810748 0.9821048 0.001604735 -0.188329 0.9807128 -0.002619385 -0.1954368 0.948789 0.003771305 -0.3158879 0.9458861 -0.001427888 -0.3244957 0.8980507 0.006335139 -0.4398464 0.8932298 1.70491e-4 -0.4496006 0.8314097 0.006571233 -0.5556213 0.8370252 0.01247006 -0.5470223 0.7508137 0.01581948 -0.6603246 0.7302953 -0.003565192 -0.6831225 0.6528024 -0.004002332 -0.7575178 0.6638556 -0.01322621 -0.7477439 0.5287203 -0.01200675 -0.8487113 0.5409327 -0.003529548 -0.8410585 0.4330056 0.003520846 -0.9013845 0.422628 -0.002950072 -0.9062985 0.3079839 0.003732204 -0.9513843 0.2967916 -0.00336939 -0.9549363 0.179582 -0.002948939 -0.9837386 0.1666663 0.005382716 -0.9859988 0.04813635 0.006019949 -0.9988227 0.03530281 -0.001579403 -0.9993755 -0.08821386 0.004583835 -0.996091 -0.1001944 -0.002352476 -0.9949652 -0.2180538 0.002442777 -0.9759337 -0.2267093 -0.002866148 -0.9739583 -0.3330627 8.10919e-4 -0.9429044 -0.3562973 -0.01406937 -0.9342668 -0.4900315 -0.01022398 -0.8716447 -0.4802482 -0.003815174 -0.8771245 -0.5823753 0.002038896 -0.8129176 -0.5912725 -0.00423026 -0.8064609 -0.68667 0.002792179 -0.7269639 -0.6934396 -0.002588331 -0.7205102 -0.7763247 0.003330171 -0.6303244 -0.7832705 -0.0030905 -0.6216733 -0.8534519 0.00241357 -0.5211661 -0.8590967 -0.003800332 -0.5117993 -0.9158095 0.003625571 -0.4015965 -0.9191653 -0.001181602 -0.3938703 -0.9609958 0.006338596 -0.2764907 -0.9581218 0.01210415 -0.2861053 -0.989715 0.0151599 -0.1422478 -0.9900749 0.01364725 -0.139877 -0.9998705 0.01212888 0.01058077 -0.9999869 0.004903256 -0.001496851 -0.9920524 2.16201e-4 0.1258252 -0.9915273 0.002706944 0.1298713 -0.9677673 0.004590213 0.2518046 -0.9653611 -9.88434e-4 0.260916 -0.9256094 0.005128741 0.3784458 -0.9207546 -0.0022493 0.390136 -0.8648385 0.002335846 0.5020447 -0.864216 0.001608252 0.5031185 -0.7933636 0.0059641 0.6087189 -0.7845534 -0.002451121 0.6200565 -0.7047785 0.002525448 0.709423 -0.6969618 -0.003742396 0.7170985 -0.6028941 0.003638207 0.7978131 -0.6137946 0.01150512 0.7893819 -0.491352 0.01637345 0.8708072 -0.4862731 0.01291358 0.8737115 -0.3710535 0.01596325 0.9284744 -0.3444617 -0.001151025 0.9387997 -0.2452488 0.003335416 0.9694545 -0.234247 -0.003272294 0.9721717 -0.1134561 0.002634108 0.9935395 -0.1258339 0.009732425 0.9920036 0.003350913 0.01432144 0.9998919 0.02712774 -2.62571e-4 0.999632 0.1792974 3.78449e-4 0.9837949 0.179817 6.21221e-5 0.9837001 0.2828521 0.004146933 0.9591546 0.2958726 -0.003716111 0.9552203 0.4087844 0.002653598 0.9126272 0.397455 0.009655654 0.9175709 0.5279453 0.01565635 0.849134 0.5323995 0.01246821 0.8464013 0.6551222 0.01306277 0.75541 0.6419771 0.002064585 0.7667211 0.7332247 0.003345489 0.6799782 0.7399752 -0.002581536 0.6726293 0.8173409 0.004058182 0.5761403 0.8222916 -8.98495e-4 0.5690656 0.8862036 0.006132185 0.4632554 0.8817678 0.01144152 0.471545 0.9405935 0.01528412 0.3391906 0.9498066 -0.001369416 0.3128349 0.9773936 0.003507852 0.2113994 0.9794554 -0.002283751 0.2016481 0.978825 0.1958439 -0.05955493 0.916611 -0.3601835 -0.173471 0.8430909 -0.4542419 -0.2878576 0.890348 -0.3459292 -0.295996 0.8204394 -0.4165485 -0.3916205 0.7894777 -0.4765611 -0.3868003 0.8184987 0.157554 -0.5524822 0.8067843 0.2416955 -0.5391497 0.6204569 -0.5441716 -0.5647217 0.7112491 -0.3228921 -0.624392 0.6309354 -0.3018376 -0.7147129 0.494192 -0.366944 -0.7881157 0.4206429 0.1849861 -0.8881665 0.4153488 0.2829305 -0.8645437 0.2473914 -0.5360177 -0.8071448 0.2909682 -0.3329502 -0.8969291 0.1554408 -0.3379629 -0.9282345 0.1551923 -0.4308431 -0.8889824 0.03752356 -0.4262061 -0.9038475 0.04624956 -0.3277344 -0.9436373 -0.06983333 -0.396522 -0.9153654 -0.0779463 -0.4698215 -0.8793135 -0.2212066 0.1620151 -0.961675 -0.2108312 0.2644743 -0.9410651 -0.3109787 -0.3816537 -0.870421 -0.4625101 -0.3186531 -0.8273723 -0.5305601 -0.3782335 -0.7585813 -0.5205417 -0.4485642 -0.7265167 -0.6794371 0.1707477 -0.7135899 -0.6657112 0.2448546 -0.7048934 -0.6579418 -0.5496162 -0.5148152 -0.7312412 -0.3360064 -0.5936211 -0.7849774 -0.4003074 -0.472826 -0.8092934 -0.3175544 -0.4941695 -0.8339376 -0.402758 -0.377272 -0.8071064 -0.4725137 -0.3539918 -0.950311 0.1577816 -0.2683542 -0.9326289 0.2416325 -0.2679871 -0.8692572 -0.4783978 -0.1246092 -0.9240597 -0.3647276 -0.1144011 -0.9410815 -0.338179 -7.66679e-4 -0.9112983 -0.4117075 -0.005684375 -0.9253025 -0.3673465 0.09419155 -0.8366418 -0.5367415 0.1092663 -0.9737945 -0.02299684 0.2262644 -0.8988627 -0.3707743 0.2336067 -0.8236324 -0.4291958 0.3707028 -0.8898774 0.2746747 0.3642419 -0.7304894 -0.5339414 0.4257838 -0.7855663 -0.3853326 0.4841532 -0.7160124 -0.4220322 0.5560712 -0.7470722 -0.3374733 0.5727083 -0.6544364 -0.3948504 0.6448305 -0.6261778 -0.4589708 0.6302756 -0.591004 0.1673143 0.7891262 -0.5844136 0.2454872 0.7734319 -0.3979488 -0.5507044 0.7337313 -0.4597844 -0.3530756 0.8148226 -0.3323691 -0.4203889 0.8442772 -0.3472779 -0.3524436 0.8690118 -0.2321445 -0.4104565 0.8818358 -0.2171365 -0.4660812 0.8576829 -0.1060333 0.1849527 0.9770106 -0.1087849 0.2820642 0.9532082 0.005831182 -0.3974642 0.9175993 0.1662154 -0.3482298 0.9225555 0.2504961 -0.3884928 0.8867498 0.2514226 -0.4527828 0.8554382 0.4066643 0.1850311 0.8946439 0.3920494 0.2829272 0.8753568 0.4559603 -0.5405786 0.7070184 0.4964946 -0.3396818 0.7988176 0.5978401 -0.3568983 0.7177819 0.5893774 -0.398054 0.7029847 0.6568051 -0.4116845 0.6317619 0.6247125 -0.5230444 0.5797922 0.8016652 -0.003406822 0.5977637 0.759279 -0.3702322 0.5351855 0.8170522 -0.4240118 0.3906913 0.8452947 0.3005369 0.4417632 0.7425158 -0.6228384 0.2464604 0.8827809 -0.345548 0.3182683 0.8882775 -0.419339 0.1873977 0.9145903 -0.3527131 0.1977832 0.9080422 -0.4111161 0.0802688 0.8907618 -0.4485462 0.07314294 0.9852808 0.160762 -0.0581175 -0.3222498 -0.9134224 0.2486261 0.1650184 -0.4490665 0.8781277 0.2830904 -0.8968079 0.3399934 0.5414652 -0.8196299 -0.187143 -0.379314 -0.8965992 -0.2285409 -0.4029449 -0.9152236 -0.001090645 0.6025683 -0.4325355 -0.6706897 0.01803058 -0.9141954 -0.4048726 -0.1636988 -0.8946477 0.4157023 0.4373933 -0.8945176 0.09233313 0.8353897 -0.523382 -0.1679145 0.07297688 -0.8997434 -0.4302747 -0.4447767 -0.4401465 -0.7800287</float_array>
          <technique_common>
            <accessor source="#eSeries_UR5e_021-mesh-normals-array" count="278" stride="3">
              <param name="X" type="float"/>
              <param name="Y" type="float"/>
              <param name="Z" type="float"/>
            </accessor>
          </technique_common>
        </source>
        <vertices id="eSeries_UR5e_021-mesh-vertices">
          <input semantic="POSITION" source="#eSeries_UR5e_021-mesh-positions"/>
        </vertices>
        <triangles material="Black_010-material" count="278">
          <input semantic="VERTEX" source="#eSeries_UR5e_021-mesh-vertices" offset="0"/>
          <input semantic="NORMAL" source="#eSeries_UR5e_021-mesh-normals" offset="1"/>
          <p>56 0 57 0 28 0 44 1 43 1 45 1 40 2 39 2 38 2 34 3 33 3 35 3 22 4 21 4 20 4 31 5 30 5 17 5 13 6 12 6 14 6 11 7 10 7 9 7 55 8 54 8 9 8 51 9 50 9 49 9 24 10 23 10 25 10 6 11 5 11 4 11 84 12 29 12 83 12 83 13 29 13 28 13 83 14 28 14 57 14 82 15 57 15 56 15 82 16 56 16 89 16 89 17 56 17 16 17 89 18 16 18 90 18 90 19 16 19 15 19 90 20 15 20 14 20 91 21 14 21 12 21 91 22 12 22 58 22 58 23 12 23 3 23 58 24 3 24 86 24 86 25 3 25 1 25 86 26 1 26 64 26 64 27 1 27 11 27 64 28 11 28 59 28 59 29 11 29 9 29 59 30 9 30 54 30 59 31 54 31 93 31 93 32 54 32 65 32 65 33 54 33 53 33 65 34 53 34 66 34 66 35 53 35 52 35 66 36 52 36 51 36 66 37 51 37 67 37 67 38 51 38 68 38 68 39 51 39 49 39 68 40 49 40 69 40 69 41 49 41 27 41 69 42 27 42 70 42 70 43 27 43 26 43 70 44 26 44 71 44 71 45 26 45 25 45 71 46 25 46 72 46 72 47 25 47 23 47 72 48 23 48 73 48 73 49 23 49 8 49 73 50 8 50 87 50 87 51 8 51 7 51 87 52 7 52 6 52 92 53 4 53 48 53 92 54 48 54 78 54 78 55 48 55 47 55 78 56 47 56 60 56 60 57 47 57 46 57 60 58 46 58 61 58 61 59 46 59 45 59 61 60 45 60 43 60 61 61 43 61 77 61 77 62 43 62 81 62 81 63 43 63 42 63 81 64 42 64 76 64 76 65 42 65 41 65 76 66 41 66 40 66 75 67 38 67 37 67 75 68 37 68 74 68 74 69 37 69 36 69 74 70 36 70 35 70 80 71 33 71 32 71 80 72 32 72 79 72 79 73 32 73 2 73 79 74 2 74 22 74 85 75 20 75 19 75 85 76 19 76 88 76 88 77 19 77 0 77 88 78 0 78 62 78 62 79 0 79 18 79 62 80 18 80 17 80 63 81 17 81 30 81 63 82 30 82 84 82 84 83 30 83 29 83 107 84 84 84 108 84 108 85 84 85 83 85 108 86 83 86 137 86 137 87 83 87 57 87 137 88 57 88 138 88 138 89 57 89 82 89 138 90 82 90 133 90 133 91 82 91 89 91 133 92 89 92 128 92 128 93 89 93 90 93 128 94 90 94 129 94 129 95 90 95 14 95 129 96 14 96 139 96 139 97 14 97 91 97 139 98 91 98 58 98 139 99 58 99 109 99 109 100 58 100 110 100 110 101 58 101 86 101 110 102 86 102 112 102 112 103 86 103 64 103 112 104 64 104 111 104 111 105 64 105 59 105 111 106 59 106 93 106 111 107 93 107 114 107 114 108 93 108 113 108 113 109 93 109 65 109 113 110 65 110 115 110 115 111 65 111 66 111 115 112 66 112 117 112 117 113 66 113 67 113 117 114 67 114 116 114 116 115 67 115 68 115 116 116 68 116 118 116 118 117 68 117 69 117 118 118 69 118 120 118 120 119 69 119 70 119 120 120 70 120 119 120 119 121 70 121 71 121 119 122 71 122 94 122 94 123 71 123 72 123 94 124 72 124 140 124 140 125 72 125 73 125 140 126 73 126 130 126 130 127 73 127 87 127 130 128 87 128 121 128 121 129 87 129 6 129 121 130 6 130 95 130 95 131 6 131 4 131 95 132 4 132 92 132 95 133 92 133 96 133 96 134 92 134 78 134 96 135 78 135 124 135 124 136 78 136 97 136 97 137 78 137 60 137 97 138 60 138 98 138 98 139 60 139 61 139 98 140 61 140 123 140 123 141 61 141 77 141 123 142 77 142 122 142 122 143 77 143 81 143 122 144 81 144 136 144 136 145 81 145 76 145 136 146 76 146 101 146 101 147 76 147 40 147 101 148 40 148 134 148 134 149 40 149 38 149 134 150 38 150 135 150 135 151 38 151 75 151 135 152 75 152 103 152 103 153 75 153 74 153 103 154 74 154 102 154 102 155 74 155 35 155 102 156 35 156 99 156 99 157 35 157 33 157 99 158 33 158 131 158 131 159 33 159 80 159 131 160 80 160 125 160 125 161 80 161 79 161 125 162 79 162 104 162 104 163 79 163 22 163 104 164 22 164 100 164 100 165 22 165 20 165 100 166 20 166 85 166 100 167 85 167 132 167 132 168 85 168 126 168 126 169 85 169 88 169 126 170 88 170 127 170 127 171 88 171 62 171 127 172 62 172 106 172 106 173 62 173 17 173 106 174 17 174 105 174 105 175 17 175 63 175 105 176 63 176 107 176 107 177 63 177 84 177 169 178 168 178 137 178 170 179 137 179 138 179 170 180 138 180 171 180 171 181 138 181 133 181 171 182 133 182 173 182 173 183 133 183 128 183 173 184 128 184 175 184 175 185 128 185 129 185 175 186 129 186 174 186 174 187 129 187 139 187 174 188 139 188 109 188 177 189 109 189 110 189 177 190 110 190 179 190 179 191 110 191 112 191 179 192 112 192 178 192 178 193 112 193 111 193 178 194 111 194 114 194 178 195 114 195 180 195 180 196 114 196 182 196 182 197 114 197 113 197 182 198 113 198 184 198 184 199 113 199 115 199 184 200 115 200 185 200 185 201 115 201 117 201 185 202 117 202 116 202 186 203 116 203 118 203 186 204 118 204 188 204 188 205 118 205 120 205 188 206 120 206 189 206 189 207 120 207 119 207 189 208 119 208 141 208 141 209 119 209 94 209 141 210 94 210 190 210 190 211 94 211 140 211 190 212 140 212 192 212 192 213 140 213 130 213 192 214 130 214 193 214 193 215 130 215 121 215 193 216 121 216 95 216 193 217 95 217 142 217 142 218 95 218 96 218 142 219 96 219 143 219 143 220 96 220 195 220 195 221 96 221 124 221 195 222 124 222 144 222 144 223 124 223 97 223 144 224 97 224 150 224 150 225 97 225 98 225 150 226 98 226 123 226 150 227 123 227 145 227 145 228 123 228 146 228 146 229 123 229 122 229 146 230 122 230 148 230 148 231 122 231 136 231 148 232 136 232 151 232 151 233 136 233 101 233 151 234 101 234 152 234 152 235 101 235 134 235 152 236 134 236 153 236 153 237 134 237 135 237 153 238 135 238 155 238 155 239 135 239 103 239 155 240 103 240 156 240 156 241 103 241 102 241 156 242 102 242 99 242 99 243 131 243 157 243 157 244 131 244 159 244 159 245 131 245 125 245 159 246 125 246 160 246 160 247 125 247 104 247 160 248 104 248 147 248 147 249 104 249 100 249 147 250 100 250 161 250 161 251 100 251 132 251 161 252 132 252 163 252 163 253 132 253 126 253 163 254 126 254 196 254 196 255 126 255 127 255 196 256 127 256 165 256 165 257 127 257 106 257 165 258 106 258 164 258 164 259 106 259 105 259 164 260 105 260 166 260 166 261 105 261 107 261 166 262 107 262 168 262 168 263 107 263 108 263 168 264 108 264 137 264 146 265 149 265 145 265 99 266 157 266 158 266 147 267 161 267 162 267 170 268 171 268 172 268 141 269 190 269 191 269 142 270 143 270 194 270 176 271 174 271 109 271 183 272 180 272 182 272 154 273 152 273 153 273 167 274 164 274 166 274 170 275 169 275 137 275 178 276 180 276 181 276 187 277 116 277 186 277</p>
        </triangles>
      </mesh>
    </geometry>
    <geometry id="eSeries_UR5e_020-mesh" name="eSeries UR5e.020">
      <mesh>
        <source id="eSeries_UR5e_020-mesh-positions">
          <float_array id="eSeries_UR5e_020-mesh-positions-array" count="2709">0.4350541 57.44547 60.95254 -0.4339643 57.44771 60.94792 57.89557 -0.9416255 36.26448 57.88494 -0.06936806 36.2627 58.31772 -1.043121 35.84525 22.98639 -54.11169 12.26331 53.61705 -23.50355 25.43882 54.16576 -22.15115 26.01971 0.4201799 -58.44647 11.18527 -0.4143723 -58.43832 11.19428 -53.57928 -23.53318 25.48416 -22.94978 -54.04497 14.1881 -22.99829 -54.11358 12.24259 -57.95708 -0.9352788 36.20998 -57.97929 -0.06743091 36.20275 54.16682 21.13815 44.66346 0.5501896 -58.75813 11.04565 0.4836997 -58.74324 11.03249 0.4321495 -58.75268 10.93321 21.66234 -54.67667 12.03003 53.56278 -23.56104 27.02148 58.3007 -1.119713 35.86084 58.31277 -1.023636 35.78709 58.33436 0.04837787 35.84994 58.31116 0.03591316 35.78042 53.61102 22.49055 45.25003 22.99585 53.08956 58.42433 21.65114 53.6697 58.66473 21.63521 53.62329 60.14352 -0.4898808 57.36441 62.19432 -21.6045 53.65668 58.65514 0.60563 57.80903 60.71142 0.5237371 57.80824 60.62699 -0.4868931 57.79054 60.6392 -0.6075394 57.79801 60.69513 -21.604 53.60161 60.14416 -23.00542 53.13999 58.40421 -23.03675 53.07384 58.45435 -53.58697 22.52825 45.23921 -58.32959 0.1609547 35.74294 -58.33708 -1.166003 35.75537 -53.96235 -22.23796 27.96887 -54.18629 -22.11282 26.00894 -53.54239 -23.57418 26.98387 -21.67126 -54.67596 12.02964 -0.4535969 -58.74956 10.99356 -0.4318067 -58.71762 10.91294 -0.5645714 -58.79078 11.01789 -53.54247 22.54627 46.75771 57.92261 -0.9773391 36.98593 57.84157 -0.03742998 37.57353 0.5620557 -58.74707 12.11371 -0.4935012 -58.38001 12.43169 -58.18785 -1.084569 36.90855 23.01133 -54.06465 14.12036 54.12391 -22.10347 27.82856 58.30593 -1.155021 36.55654 58.14664 0.03297883 37.48196 58.27038 0.1286702 37.1029 54.15074 21.06745 46.12973 53.5151 22.49717 46.83288 23.03525 53.06084 59.81122 21.58799 53.64366 59.98648 0.5489386 57.67803 61.98303 0.6293985 57.79718 61.73397 0.4908153 57.32512 62.22528 -0.616086 57.83853 61.77529 -21.57299 53.66299 59.99158 -23.06675 53.04618 59.7475 -54.1715 21.16792 44.63447 -54.19559 21.11301 44.70661 -54.168 21.04334 46.09377 -58.32154 0.1764286 37.21393 -54.1531 -22.04902 27.69094 -53.60652 -23.49475 25.40655 -23.03913 -54.05418 14.0319 -0.5862757 -58.75407 12.05612 -20.89894 51.89167 57.92116 -20.98699 51.9649 59.94281 -51.84513 21.76 44.95119 22.26989 51.32796 57.68868 22.31487 51.35565 59.52945 57.9137 -1.190991 37.09294 58.23656 -1.247576 36.77279 21.59968 -54.63473 13.90516 22.94938 -54.01565 14.1756 53.49192 -23.51409 27.18879 0.7004119 -58.51511 12.42946 0.6044561 -58.48917 12.38456 0.665193 -58.42272 12.42251 -21.56219 -54.61248 13.85253 -21.63358 -54.59975 13.95371 -0.6820082 -58.52991 12.45598 -23.04118 -54.00844 14.09733 -57.86021 -1.019707 37.10934 -58.29572 -1.180664 36.56123 -57.8859 -0.02420181 37.58007 54.12932 21.04966 46.19698 22.9663 53.04961 59.92741 0.69951 57.73805 61.96089 -0.7062448 57.73047 61.98075 -22.8209 53.01059 60.10863 -51.87799 -27.01643 25.49054 58.24503 0.160446 37.3837 22.24791 -52.29845 12.73978 51.83774 -22.76318 25.73599 55.91192 -16.86764 30.09632 33.33518 -48.27096 16.68128 28.66044 -51.2178 15.51667 23.15494 -53.94748 14.23395 57.41571 -8.516549 33.97145 51.74177 -27.21891 25.70671 57.98696 -6.144148 34.69609 54.17811 -21.55357 28.35354 49.03262 -31.9997 23.6964 37.94215 -44.75369 18.23053 23.1339 -53.85814 14.40154 17.58841 -55.85897 13.56488 11.73718 -57.25481 12.89322 1.517938 -58.42686 12.47711 6.307543 -58.0984 12.61679 42.08839 -40.85951 19.92114 45.75443 -36.54066 21.711 57.1974 -11.56113 32.37211 23.14013 -53.93037 14.27341 28.39276 -51.35542 15.34686 -50.72808 -28.91513 25.15228 -51.89484 -27.07177 25.57082 -6.074643 -58.19561 12.5709 -11.95375 -57.26618 12.9722 -23.11387 -53.69859 14.50836 -17.69799 -55.74279 13.6272 -28.29755 -51.11862 15.6219 -33.18495 -48.04337 16.94746 -44.48694 -37.92236 21.28302 -57.32961 -9.985552 33.33647 -58.05223 -5.984692 34.58164 -57.30017 -11.48686 32.24729 -33.39135 -48.22966 16.69693 -49.1231 -31.91904 23.50576 -45.84758 -36.52151 21.53482 -42.1611 -40.76857 19.76856 -38.04239 -44.77052 18.10877 -55.99695 -16.85838 29.95034 -33.42493 -48.23837 16.60865 -28.50985 -51.32901 15.28536 -28.4772 -51.30598 15.36835 -9.229189 56.62958 62.00765 6.072469 57.42939 61.89986 58.04589 4.485355 39.24668 57.26345 8.477096 41.28437 54.03917 20.12803 46.32892 50.36371 27.87671 49.67383 -57.83044 4.366383 39.47312 -52.02178 25.88726 48.1912 -56.30661 13.24337 43.33259 -53.79779 21.42454 46.78121 -47.60603 32.41616 51.59761 9.17039 56.49748 61.99843 39.83418 41.4088 55.47746 45.50342 35.07368 52.78191 51.8666 25.96884 48.43758 -5.894413 57.41552 61.8815 -17.66414 55.00513 60.76839 20.36216 53.66778 60.73164 30.31197 48.81693 58.63951 49.3034 30.50413 50.37752 56.08413 15.30407 43.885 -17.66312 54.65104 61.09719 -27.53579 50.26957 59.3286 -33.57715 46.57543 57.68405 -39.40641 41.93036 55.67905 -11.82626 56.49376 61.48565 -49.14053 30.95413 50.35295 -45.95289 35.46343 52.27732 -42.20753 39.7962 54.12521 -35.60954 45.78226 56.67662 -28.51758 50.36938 58.63164 -56.10082 15.45073 43.73493 -57.37908 10.05859 41.43784 -58.0784 4.61706 39.10214 57.28519 9.972407 41.5811 17.79598 54.92284 60.81408 23.35014 52.82317 59.91589 28.60515 50.19991 58.79436 33.56641 47.06995 57.45884 38.14073 43.51371 55.94569 42.27816 39.55827 54.2537 45.97764 35.22293 52.3897 12.11069 56.45978 61.47816 -22.30883 -52.36998 14.46274 -22.26555 51.33214 57.68707 -22.32055 51.35688 59.59545 -52.39073 20.39311 44.3422 -52.49077 20.53465 46.38071 -52.39182 -21.39766 26.28763 -52.4591 -21.44784 27.97246 -51.82133 -22.76407 25.70234 -51.89187 -22.79181 27.29053 -22.28789 -52.24163 12.73338 -20.89947 -52.88956 12.69094 20.90203 -52.8881 12.6872 22.28066 -52.39059 14.47993 51.94333 -22.75297 27.48368 52.39442 -21.40011 26.30029 52.4449 -21.42086 27.92715 52.39621 20.41337 44.36659 51.82718 21.7716 44.93514 20.89546 51.89305 57.92296 20.93666 51.95455 59.88449 51.92416 21.77932 46.78301 52.46141 20.41016 46.18092 51.84341 -22.81582 27.05256 20.95537 -52.9514 14.2738 -56.58397 3.29068 39.00746 -56.48106 -7.495693 34.40531 10.47034 -56.33901 13.26343 16.02807 -55.12092 13.83957 -4.740511 -57.38777 12.89164 -24.02945 50.92817 59.60404 4.618979 -57.21759 12.93059 -10.17821 55.01899 61.25887 -3.523159 55.86213 61.65025 -34.50983 44.43149 56.77522 22.83413 -52.6179 14.89369 31.49324 -47.87893 16.97882 -42.34658 37.09281 53.58467 47.01176 -32.21345 23.65822 26.23335 49.81932 59.1249 53.32313 -20.44485 28.813 -46.94082 -32.56219 23.54712 -40.37622 -40.64594 20.09794 -15.6804 -55.34185 13.75638 56.8901 0.5732895 37.89136 39.8677 39.80789 54.78404 47.4066 30.58405 50.78102 55.16202 13.83529 43.61032 -20.937 -52.95042 14.20993 -51.85435 21.8102 46.72411 -20.87874 51.93138 59.66414 15.85574 -54.65781 13.44586 53.84521 -17.30814 29.61641 1.025618 55.91465 61.47963 6.894073 55.50201 61.44106 14.53961 54.07691 60.61804 16.2853 53.7527 60.80062 28.63326 48.09164 58.07928 33.09698 45.19506 56.95235 39.42096 39.94492 54.46268 44.70125 33.90453 51.81845 48.86619 27.75917 49.13424 54.55674 13.87387 43.27725 55.64877 8.804448 41.07466 56.29056 3.448055 38.73546 56.40856 -1.730869 36.47766 55.71858 -9.581217 32.86885 49.75806 -27.6041 25.63073 48.05344 -30.13087 23.91937 42.89689 -37.14573 20.86674 39.57366 -40.69098 19.41625 35.68727 -44.19052 17.87252 31.27607 -47.45243 16.51685 26.15116 -50.55315 15.37028 38.1645 -42.72604 19.16805 43.62664 -36.53376 21.64332 55.92426 -10.12629 33.21869 10.28072 -55.96348 12.74815 -16.09501 53.58724 60.60513 -26.18636 49.48823 58.74983 -49.40699 26.81117 48.72592 -48.72159 28.42462 49.8531 4.588452 -56.72609 12.45029 -1.087254 -56.94195 12.54075 -6.98727 -56.48151 12.62956 -12.49385 -55.50759 13.00644 -28.66589 -49.10786 15.94763 -32.97153 -46.26323 16.91791 -37.55365 -42.59155 18.63223 -41.01774 -39.21479 19.98334 -44.66181 -34.94719 21.84245 -48.78868 -28.87547 24.45244 -55.63133 -9.938876 32.9041 -56.26771 -4.652314 35.17387 -56.40126 0.4344102 37.26982 -56.08701 5.490821 39.41625 -53.98347 15.83236 43.94136 -45.09818 33.47219 51.63681 -37.75554 41.5241 55.18155 -31.29494 46.42401 57.36684 -33.34101 -46.5366 17.54513 -24.63404 -51.78262 15.25475 -17.79229 -54.02581 13.64127 -52.2056 -23.12473 27.65093 -54.59113 -15.11292 30.95069 -55.17683 11.46141 42.39091 -56.21885 3.545592 36.37762 43.57025 -36.27537 19.50134 29.06714 -48.82822 14.08783 37.16203 -42.8905 16.63418 52.69016 -20.52536 25.95987 50.47257 -25.3308 24.1542 48.11555 -29.90467 22.06158 56.22709 -4.255634 33.12708 55.0392 -12.78327 29.50448 56.37395 0.2757033 35.02758 53.65253 16.72897 42.03402 49.74182 26.01127 45.99293 52.33751 20.3027 43.57554 44.71332 33.81237 49.38145 38.56155 40.68631 52.25242 24.35827 50.403 56.35942 16.95156 53.24661 57.6659 9.440183 55.05733 58.38684 -0.2903059 55.8674 58.66799 -6.383396 55.50467 58.57155 -14.79592 53.89028 57.91165 -31.61407 46.18497 54.57827 -38.65732 40.59217 52.23363 -50.31008 24.7813 45.46789 -48.42234 28.32101 47.02283 -44.215 34.43218 49.60712 -52.57585 19.81476 43.14605 -55.34788 10.36285 39.26213 -53.61021 -18.051 27.15963 -55.38826 -10.90462 30.31057 -49.47063 -27.52401 23.24396 -44.44776 -35.18211 19.94182 -39.90383 -40.3167 17.69345 -26.42035 -50.27475 13.45677 -9.497318 -56.0861 11.0173 6.018906 -56.53642 10.81 13.07769 -55.33004 11.3838 22.75969 50.88584 54.97089 -26.5994 49.015 54.19446 -47.73081 28.75019 45.42317 -14.08095 53.95281 55.65006 -18.83889 52.52291 55.71846 -33.09787 44.88488 52.39393 -37.13905 41.61229 51.01866 -44.49753 33.53932 47.50788 -40.48945 38.38124 49.62419 -7.057321 55.32071 56.96197 14.7468 53.75282 55.45152 13.00776 54.26803 56.51023 17.73593 52.85654 55.8498 26.89437 48.8794 54.1464 31.15913 46.21506 52.94694 40.40079 38.47673 49.64127 45.59104 32.05301 46.84623 53.26034 -16.40011 25.98218 53.22834 -20.02036 24.48135 55.21216 -7.662621 29.7464 35.30241 43.13673 51.66074 8.381398 55.06827 56.78863 49.43006 25.85755 44.17545 53.05209 16.99739 40.35397 54.93275 9.27158 37.0287 55.70993 0.9446512 33.44864 50.31818 -24.00081 22.7022 46.66645 -30.54557 19.87657 41.80735 -36.94623 17.11185 30.39628 -46.86072 12.82818 36.07196 -42.55273 14.69092 -54.87775 -9.713929 28.85941 -55.4164 5.650089 35.48251 -53.71181 14.99097 39.49306 -11.08637 54.72665 56.70571 -32.95907 -44.99401 13.63916 -39.28334 -39.61215 15.96065 -44.17754 -34.04431 18.36587 -48.86928 -26.88385 21.45539 -52.54835 -18.59539 25.03467 -55.63703 -3.753428 31.41754 -50.9441 22.64402 42.80459 -16.88494 53.59331 56.28079 0.2168918 -56.82927 10.43258 -5.346505 -56.61146 10.73161 -47.54689 28.98402 46.77036 -40.80052 38.19228 50.86257 -32.77655 -45.38883 14.71836 -10.02693 -55.58599 10.52016 -5.680589 -56.37599 10.40408 -13.58658 -54.3799 10.7992 -24.87701 -50.20645 12.64366 -39.88297 -39.38758 17.29577 -44.6231 -33.62796 19.78899 -50.13636 -24.73652 23.6215 -53.15423 -17.19306 26.88378 -54.76078 -10.77382 29.66239 -55.7178 -4.004655 32.5715 -55.45224 5.90188 36.82608 -53.73078 14.80079 40.66759 -50.51448 23.53087 44.43378 -43.54872 34.67103 49.22695 -36.62976 41.84674 52.32704 -29.67106 46.96509 54.52182 -23.15092 50.51211 56.04265 -17.49576 52.78018 57.03876 -9.495585 54.7831 57.88923 2.74029 55.52303 58.22254 -27.8989 48.49077 55.51742 -22.9116 50.98451 56.65908 -54.25531 14.8043 41.16886 -52.25711 -21.69594 25.53651 -55.06774 -11.46728 29.53899 -56.09201 -6.214226 32.16653 -56.36974 -1.079644 34.28522 -16.35007 -54.42076 11.44274 -21.84403 -52.17174 12.10114 -26.95999 -49.70624 13.16666 -31.84953 -47.02113 14.70265 -36.16424 -43.36633 15.83953 -43.77579 -35.54541 19.16905 -47.30532 -31.14565 21.41321 -49.78187 -26.48781 23.13419 -36.30009 -43.62024 16.27017 10.35374 -55.15979 10.54153 25.63226 -49.74677 12.82716 40.17803 38.52849 50.90921 17.522 -54.05488 11.84787 41.04498 -39.17031 18.02211 5.323174 55.56388 58.53729 11.02387 54.42922 57.73714 18.33432 52.48576 56.91562 26.7226 48.73853 55.29208 32.97121 44.81401 53.59761 45.75562 32.53577 48.59732 46.63627 30.40768 47.39505 49.44704 25.70292 45.37604 52.83688 17.85936 41.96979 54.80139 10.12595 38.65289 55.77633 1.47996 34.92591 55.35184 -7.369891 31.11822 52.89205 -17.99674 26.53446 47.83361 -28.9928 21.79885 42.11066 -36.84242 18.41222 36.48 -42.45492 16.00601 33.05369 -45.37918 14.74446 17.22069 -53.27542 11.33702 5.621657 -56.43037 10.41423 12.1281 -55.34486 10.81885 17.62611 -53.80814 11.42919 24.93175 -50.75587 12.63609 32.71145 -46.41527 15.06285 36.98774 -42.56115 16.09901 44.66586 -34.40037 19.62202 50.34556 -25.37704 23.58408 54.88089 -12.84464 28.98733 56.20455 -2.870325 33.27147 56.01869 5.662424 37.19552 55.37409 10.15398 39.19284 31.95 45.93505 54.44866 20.67261 -51.9943 10.92559 2.931307 55.56496 57.31485 -23.90006 -50.51008 11.20948 36.52976 -43.83221 14.23366 49.40839 -28.30748 20.92192 47.85046 29.91318 46.03596 54.04915 16.64381 40.31818 56.67778 -1.143494 32.62568 55.77156 -10.77254 28.47381 -0.8004701 56.2119 57.40434 -25.64822 -51.03682 11.10413 -33.3085 45.35008 52.69365 -39.08175 40.54021 50.6722 -56.384 -6.136985 30.52293 -56.60014 2.66954 34.30774 -17.60092 -54.47718 10.64686 16.25287 -54.88277 10.59416 25.48704 -51.16224 11.0905 -4.985994 -57.19841 10.28935 7.448647 -56.77311 10.34451 -25.45385 50.17177 54.80455 -44.95335 33.99687 47.814 -53.34195 18.65518 41.21852 -49.5963 26.88249 44.74276 -8.316314 55.58215 57.17484 -31.56985 -47.58215 12.73537 -42.65597 -37.73082 16.81246 -46.33486 -33.17966 18.8324 -50.11555 -26.99035 21.54648 -52.05766 -22.85252 23.29619 -54.51541 -16.11821 26.24096 -55.83209 -10.33253 28.66058 -55.36825 11.6879 38.18853 7.425041 55.7466 57.23081 16.59867 53.77484 56.38493 23.61937 51.05759 55.21356 30.74988 47.17038 53.50344 36.58923 42.77116 51.6064 42.08425 37.4965 49.31816 51.38626 23.35629 43.21818 56.05912 7.954458 36.58829 45.80634 -33.8985 18.56326 43.23931 -37.19651 17.14351 39.57859 -41.14408 15.55856 31.74228 -47.43982 12.7043 -34.35138 -45.51517 13.47802 -39.13674 -41.49209 15.29595 25.08449 -51.43576 13.76154 14.43255 -55.49535 12.00865 2.736779 -57.2421 11.25445 32.19099 -47.28445 15.55564 38.92733 -41.82115 17.91708 45.24687 -34.83399 20.937 50.10442 -27.24414 24.21492 53.67708 -19.00122 27.77729 56.03747 -9.786643 31.75951 56.78147 2.83439 37.2138 54.79042 14.56867 42.2843 52.22999 21.71446 45.37122 47.26994 31.16064 49.45446 38.908 40.93126 53.6751 30.45172 47.43273 56.48466 16.04064 53.96944 59.30913 23.73915 51.0608 58.0522 7.617656 55.75276 60.07955 -5.227035 56.15649 60.25468 -24.70418 50.6287 57.86007 -16.30058 53.8951 59.27523 -32.16985 46.31682 56.00063 -39.00206 40.75738 53.59695 -44.95169 34.22721 50.7767 -49.93576 26.63934 47.49533 -54.85567 14.65424 42.3225 -56.68605 3.515053 37.50323 -56.44811 -6.588286 33.13851 -50.60785 -26.5545 24.51158 -54.83158 -15.22784 29.40617 -42.65152 -38.14151 19.51503 -33.8556 -46.10857 16.06315 -7.078939 -56.85832 11.41885 -16.33693 -54.89867 12.26601 -26.21163 -50.92141 13.98526 3.117578 57.45019 60.81061 -7.092779 57.0989 60.66016 3.873109 -58.55187 10.68733 -8.372668 -57.97948 10.93449 13.15386 56.0261 60.19656 -18.22625 -55.65237 11.94005 24.63314 52.12694 58.51246 17.45556 -55.871 11.84578 -26.23761 51.27322 58.14325 -17.03826 54.98897 59.74961 -27.52618 -51.64947 13.66978 36.15508 -45.97896 16.12026 -35.38647 45.53284 55.66431 35.95547 45.05892 55.45901 26.80406 -51.99933 13.51879 -44.43053 36.77956 51.88116 44.43062 -37.78377 19.66148 -35.94283 -46.12363 16.05761 -44.43053 -37.78377 19.66148 -50.22943 28.49791 48.30257 44.43062 36.77956 51.88116 50.22952 -29.50212 23.24008 -50.22943 -29.50212 23.24008 50.22952 28.49791 48.30257 57.11889 -10.57371 31.41928 54.50222 -20.33928 27.19946 -54.50212 -20.33928 27.19946 -57.1188 -10.57371 31.41928 -54.50212 19.33505 44.34318 54.50222 19.33505 44.34318 57.11889 9.569489 40.12337 -57.99995 -0.5020752 35.77133 -57.1188 9.569489 40.12337 58.00004 -0.5020752 35.77133 54.50222 19.33505 -63.60177 57.11889 9.569489 -63.60177 -54.50212 19.33506 -63.60177 58.00004 -0.5020752 -63.60177 57.11889 -10.57371 -63.60177 37.28173 43.92847 -63.60177 44.43062 36.77956 -63.60177 50.22952 28.49791 -63.60177 10.07164 56.61674 -63.60177 19.83722 54.00004 -63.60177 29.00005 49.72735 -63.60177 -19.83712 54.00004 -63.60177 -10.07155 56.61674 -63.60177 4.49667e-5 57.49789 -63.60177 -44.43053 36.77956 -63.60177 -37.28163 43.92847 -63.60177 -28.99995 49.72735 -63.60177 -57.1188 9.569489 -63.60177 -50.22943 28.49791 -63.60177 -54.50212 -20.33928 -63.60177 -57.1188 -10.57371 -63.60177 -57.99995 -0.5020752 -63.60177 -37.28163 -44.93269 -63.60177 -44.43053 -37.78377 -63.60177 -50.22943 -29.50212 -63.60177 -10.07155 -57.62097 -63.60177 -19.83712 -55.00427 -63.60177 -28.99995 -50.73157 -63.60177 19.83722 -55.00427 -63.60177 10.07164 -57.62097 -63.60177 4.49667e-5 -58.50211 -63.60177 44.43062 -37.78377 -63.60177 37.28173 -44.93269 -63.60177 29.00005 -50.73157 -63.60177 54.50222 -20.33928 -63.60177 50.22952 -29.50212 -63.60177 -58.00174 0.5124312 1.852111 -57.96841 9.686686 -4.40482 -0.02505308 57.51979 -59.61565 57.51222 6.904616 -23.37684 57.97448 1.309828 -19.05736 57.99424 0.3187866 -15.57648 57.99282 0.4037641 13.75991 57.99374 0.3510437 -15.88516 57.96268 1.8336 19.39533 56.32255 13.58483 26.98518 57.69921 5.221039 21.91634 57.56662 6.554575 22.69814 51.51146 26.1354 35.01813 48.28698 31.65039 38.73643 35.27502 45.57424 48.95619 1.045277 57.52516 59.26723 -5.783232 57.24522 59.00855 -19.7429 54.04122 55.95453 -12.51249 56.18884 57.84067 -40.11257 41.42767 45.87195 -51.26049 26.58884 35.32466 -56.31122 13.66249 27.04137 -54.1681 20.25185 31.14571 -57.7296 5.521427 22.35297 -57.99235 0.4371033 -16.82163 -57.99357 0.3567047 -15.87921 -57.95072 2.094318 -20.24319 56.40608 13.44254 -27.32601 53.91052 20.87119 -31.92678 51.26544 26.58769 -35.71669 40.10473 41.43806 -46.27745 -53.89938 20.89261 -31.94257 -51.40134 26.33933 -35.5544 -57.33823 8.502799 -24.36796 -57.6966 5.24559 -22.33592 -57.59429 6.3457 -23.06678 -55.78242 15.38947 -28.48767 -11.79992 56.32426 -58.52967 57.99421 0.3208733 -15.6333 57.99435 0.3118451 -15.42405 44.67466 36.52241 -42.56403 48.40225 31.4646 -38.99679 35.60711 45.29944 -49.11462 24.95519 51.91298 -54.40637 19.64757 54.08105 -56.37221 13.86876 55.8386 -57.88289 8.796391 56.85717 -58.97501 4.289073 57.35464 -59.50225 -5.145205 57.29047 -59.47728 -14.13665 55.81848 -57.72456 -24.75322 51.97455 -54.5399 -30.10983 49.11885 -52.14028 -35.42819 45.4434 -49.21296 -40.0033 41.51866 -46.37331 -44.90771 36.23713 -42.37018 -48.46022 31.36798 -38.93378 -57.99242 0.4355933 -16.8127 -57.99148 0.4916535 -17.064 -57.99129 0.5015411 -17.15197 -57.99391 0.3403626 -15.80175 -57.59846 6.310229 -23.04327 -57.59772 6.316513 -23.04714 -57.99238 0.4375321 -16.82389 58.01602 18.21237 -0.2823832 58.0008 2.599279 -11.35593 -44.69087 36.50027 42.14902 -48.51309 31.26745 38.47925 -35.62203 45.28615 48.70806 -25.13624 51.82203 53.93038 7.546765 57.04595 58.66696 12.70421 56.11858 57.79669 18.43387 54.53529 56.29246 24.34638 52.23719 54.26628 30.60538 48.78691 51.53063 40.04294 41.48419 45.90977 44.56321 36.6506 42.26405 53.93024 20.81249 31.52403 57.71974 5.193207 21.93717 57.79746 4.351361 21.38454 57.99309 0.404896 13.7601 57.99386 0.3445938 13.76183 57.99392 0.3434067 15.24741 57.99436 0.3103142 14.73516 57.87596 3.289368 20.6237 18.2371 55.69137 -55.66931 24.70938 52.6499 -53.56893 57.45044 11.56683 -14.37888 -20.32671 54.84126 -55.00516 -24.60301 52.75979 -53.55911 -18.87306 54.33877 -56.60143 -1.148555 57.71363 -59.1056 -7.469755 57.16863 -58.77151 -17.94861 57.26986 -55.38225 5.323423 58.30857 -58.12739 7.029364 58.76747 -57.82176 -0.8470284 58.49248 -58.34048 18.48014 57.37279 -55.20349 -13.97448 59.68322 -56.49613 -24.80217 57.49405 -52.54948 -25.50114 59.69018 -52.31251 -20.35226 59.67565 -54.55027 -30.39522 56.14203 -49.49095 -30.74506 59.69572 -49.26794 -36.96052 59.69221 -44.76578 -40.83654 59.69271 -41.3389 -44.53599 59.66834 -37.34312 -49.62348 59.66839 -30.02753 -48.42696 39.70908 -32.04072 -54.54138 59.70196 -19.63856 -51.55014 59.70771 -26.56211 -56.23038 24.89336 -14.6229 -56.62681 59.65459 -12.27073 -57.30289 59.68146 -8.490947 -58.02747 59.64555 -0.2739362 6.482395 57.26882 -58.92814 30.4181 48.88204 -51.895 56.24391 15.63827 -21.55556 56.91437 59.66196 -10.85667 57.78345 59.67345 -3.830446 57.8996 59.66625 0.2665293 55.98183 59.69539 -14.97504 54.75661 59.70243 -19.02606 53.39598 59.66058 -22.59173 49.96767 59.66396 -29.45386 43.52828 59.65039 -38.38468 40.49524 45.74132 -41.70374 37.73517 59.66943 -44.1113 35.74043 49.42389 -45.79803 31.38576 59.67151 -48.94094 24.76783 58.28311 -52.59906 28.17432 59.67159 -50.78279 13.88238 59.68562 -56.41044 20.70987 59.66403 -54.27615 9.849519 59.66888 -57.25728 -9.271213 59.66951 -57.35361 -5.719378 58.4708 -58.00992 -1.408022 59.64208 -58.08672 12.54929 58.41082 -56.81497 -9.565499 57.48651 -57.75588 -14.12538 56.54567 -56.90627 -12.53807 58.52371 -56.81903 -40.40724 46.17324 -41.80724 -57.44829 19.20094 -8.973559 -23.95421 54.59397 -53.18498 -40.37449 43.10713 -43.04573 -35.44445 48.04428 -46.36456 -44.74958 37.53834 -40.1875 -30.16979 50.85559 -50.03904 -57.44566 9.605562 -16.79357 -56.22578 17.01575 -20.13328 -54.3172 22.58424 -25.42686 -51.7477 27.93127 -30.53645 -48.56152 34.45861 -33.67942 -51.73231 33.91707 -26.45181 -44.78936 41.7692 -37.08686 -54.33267 29.06023 -20.78079 54.3197 22.68452 -25.29351 51.75145 27.99618 -30.44353 44.74074 37.55974 -40.20918 48.51112 33.60144 -34.71002 20.31769 54.60844 -55.18984 11.05474 57.0517 -57.66426 57.45027 20.34593 -8.522669 56.20117 24.87424 -14.84087 48.57149 38.45228 -31.94214 51.59241 33.9367 -26.84033 54.26686 29.47802 -20.85988 40.35244 42.21267 -44.00306 30.35608 51.04175 -49.87168 24.53363 54.00306 -52.92174 44.76842 41.44018 -37.22142 35.63346 46.74493 -47.049 24.5451 53.93798 52.5271 7.683799 57.18975 58.26557 -40.33365 42.21041 43.63904 -35.6409 46.52499 46.85636 -15.71442 56.01945 56.12792 -30.51421 48.82268 51.44584 -49.94159 59.66411 29.09099 -52.75926 59.68688 23.87747 -20.97755 59.66938 53.76316 -24.6723 59.65366 52.16773 -12.55633 58.52235 56.4108 -56.94503 59.63743 11.11406 -57.4959 20.53997 7.670237 -5.450836 58.35243 57.69536 -7.060702 58.73669 57.41969 28.23123 59.6824 50.4769 30.23604 51.82789 49.33304 18.48682 57.3807 54.79785 5.762708 58.45369 57.60633 11.96908 58.48669 56.55683 11.09833 57.08807 57.21165 57.96755 3.757001 11.06929 -6.221832 57.34508 58.44072 -56.21554 15.66504 21.33495 -57.4592 9.728011 15.92697 -57.96339 8.938659 4.034231 56.20573 15.64105 21.52619 30.47044 49.27401 50.74623 52.72089 59.69207 23.96819 50.19857 59.69779 28.85384 54.52875 59.70238 19.26226 57.3175 59.68194 7.969079 56.62633 59.65478 11.86977 0.8512713 58.48237 57.9411 40.42303 46.52355 41.32235 45.1324 59.66452 36.06527 34.08546 59.70005 46.59889 37.20951 59.66302 44.15556 20.34353 59.65869 54.00598 13.06993 59.67882 56.2018 9.254918 59.67021 56.95204 -11.39019 56.99774 57.18008 -24.51821 54.32581 52.50753 -30.47196 57.16012 49.04138 -18.80225 57.55769 54.64564 -20.22749 54.79485 54.66813 -35.08362 59.68285 45.85731 -48.4364 38.69412 31.70155 -44.76893 41.40295 36.82812 -44.57315 59.66498 36.86632 -40.56134 59.69427 41.23695 -17.33719 59.70935 55.03892 -28.50071 59.658 50.19761 -54.78786 59.71358 18.52812 1.151813 57.7114 58.70603 -24.58037 52.78782 53.13628 -30.36998 51.00789 49.47878 -35.68672 48.56079 45.63867 -40.51119 45.43231 41.38214 -44.74145 37.53736 39.83491 -48.51235 33.56262 34.34522 -51.7517 27.95945 30.0842 -54.31981 22.6416 24.94169 -51.59553 34.1805 26.31326 -54.2797 29.76056 20.27394 -56.21415 24.73912 14.41528 44.74822 37.52659 39.80608 48.51618 33.1147 34.97982 51.74806 27.89572 30.17685 54.31746 22.54288 25.0746 57.45004 11.21231 14.40819 15.66016 56.07822 56.11645 20.36044 54.63386 54.74075 48.58812 37.64901 31.61471 51.74729 33.50979 26.18131 54.35969 29.11844 20.24583 56.25017 24.47773 14.29735 57.46723 19.95215 8.02498 44.78866 41.73857 36.69215 40.35086 43.08253 42.70785 35.50337 48.4425 45.81677 35.62228 46.13282 47.29792 24.60154 52.6819 53.23501 19.38346 55.45593 54.79272 1.253331 59.65162 57.68366 -9.905758 59.67214 56.84642 -57.73509 59.68408 -4.500356 -47.49378 59.68151 -33.30964 6.151154 59.68479 -57.76896 24.71877 59.6837 -52.55417 40.55795 59.68405 -41.51585 47.93754 59.68451 -32.6642 39.96787 59.68487 41.68333 24.00241 59.68105 52.4828 5.371974 59.68377 57.44318 -6.151153 59.68479 57.36542 -31.55151 59.67289 48.34032 -47.93809 59.68215 32.25968 -57.79014 59.67902 3.277757 34.6669 59.69789 -46.56861 -55.72813 59.69789 -15.8876 17.53927 59.69789 -55.37468 45.68507 59.69789 -35.76233 53.14027 59.69789 22.77194 51.48712 59.69789 26.27002 49.60403 59.69789 29.64986 30.80915 59.69789 48.81326 27.4665 59.69789 50.76164 -45.18251 59.69789 -36.39861 -42.66392 59.69789 -39.33564 -39.9548 59.69789 -42.09789 -27.46641 59.69789 -51.16517 55.72822 59.69789 15.48407 -2.339572 59.69789 57.64459 -37.68636 59.69789 43.74603 -43.20777 59.69789 38.33081 -45.68497 59.69789 35.35879 -51.85269 59.69789 25.5464 -53.45668 59.69789 22.02553 -56.81287 59.69789 10.9323 -57.89218 59.69789 -0.6071472 -24.00109 59.69789 -52.88592 -20.42858 59.69789 -54.37137 -16.76483 59.69789 -55.61489 -13.02621 59.69789 -56.61091 2.339662 59.69789 -58.04812 57.42976 59.69789 -7.516296</float_array>
          <technique_common>
            <accessor source="#eSeries_UR5e_020-mesh-positions-array" count="903" stride="3">
              <param name="X" type="float"/>
              <param name="Y" type="float"/>
              <param name="Z" type="float"/>
            </accessor>
          </technique_common>
        </source>
        <source id="eSeries_UR5e_020-mesh-normals">
          <float_array id="eSeries_UR5e_020-mesh-normals-array" count="4863">0.6045523 0.7960632 -0.02828288 0.117842 0.9921606 -0.04160141 0.7960531 0.402882 -0.4516475 -0.6306571 -0.7744646 -0.04976391 -0.705828 -0.01005297 -0.7083119 -0.6782833 0.01349741 -0.7346766 -0.3010753 -0.9530236 -0.03316056 0.9771021 -0.2035201 -0.06205642 0.00222218 -0.6681939 -0.7439839 0.00274235 -0.6689361 -0.7433149 -0.3504654 -0.6560531 -0.6684074 0.3623664 -0.6658834 -0.6521426 0.8995854 0.4236714 -0.1060601 -0.9586988 0.2293232 -0.1682491 -6.75514e-4 0.7096869 -0.7045169 0.04388999 0.6359478 -0.770483 0.7652947 -0.641189 -0.05657494 -0.2687208 -0.962485 -0.03757351 -0.3872444 0.9213667 -0.03354585 -0.4074108 0.9116668 -0.05366724 -0.9150654 0.3983501 -0.06302958 -0.9066201 0.420728 -0.03206551 0.9935449 -0.08740568 -0.07231199 0.9519805 0.2740353 -0.1365203 -0.9829689 0.1695667 -0.07084769 -0.9311125 0.3461952 -0.1147965 0.9062198 0.4157363 -0.07700181 0.9506916 0.3097788 -0.01491558 0.3841152 0.9223249 -0.04209989 0.3813659 0.9233744 -0.04404342 0.2620109 -0.9578071 -0.1181356 -0.9305756 -0.3634787 -0.04372906 -0.9275881 -0.3695839 -0.05466628 -0.4007731 -0.915611 -0.03221386 -0.4000898 -0.9158799 -0.03305006 0.2208066 0.9752368 -0.01255434 -0.9751758 0.220656 0.01852601 -0.5407513 -0.8295399 -0.1394696 -0.9492073 0.0131089 0.3143783 -0.9964116 -9.73541e-4 0.08463501 -0.7519828 0.6542705 -0.08032447 0.5749776 -0.8174991 -0.03310674 0.1211971 -0.9923385 -0.02399432 0.9605723 -0.2744936 -0.04420775 0.02211141 -0.9996823 -0.01210767 0.7434753 -0.6642463 -0.07759827 -0.002076148 -0.9955647 -0.0940569 -0.03778117 -0.9969474 -0.06832718 -0.949124 -0.3084956 -0.06319981 0.3808277 -0.9240094 -0.03430676 0.4372084 -0.8947191 -0.09125053 -0.8986569 -0.438553 0.009342074 0.8734052 -0.4866505 -0.01829403 -0.1089387 -0.9937642 -0.02377742 0.894557 -0.4451472 -0.04014658 0.4580061 0.8869959 -0.05889552 0.5569298 0.8304761 -0.01178503 0.7636331 0.01417529 -0.6454948 0.7929813 -0.01018583 -0.609161 0.525951 -0.8504773 -0.008000969 0.7500791 -0.6594178 -0.05049276 0.7321307 0.6799745 -0.04024082 -0.04331803 0.9984782 -0.03413039 -0.3556749 0.9337339 -0.04045212 0.9221183 -0.3862569 -0.02244323 0.9646288 -0.2225283 -0.1413239 -0.2724594 0.9619097 -0.02226394 -0.2337182 0.9717969 -0.03141099 -0.9973005 -0.06638669 -0.0313816 -0.9992472 -0.01211422 0.03685593 -0.7381038 -0.5014528 -0.4513844 -0.6980631 -0.2972022 -0.6514437 0.09712487 0.9944421 -0.04064273 0.01013404 0.9993696 0.0340262 -0.577552 0.6452849 -0.5000413 0.6617317 0.6242685 -0.4152109 0.6617736 0.6242505 -0.4151713 0.6616435 0.6242884 -0.4153217 0.9958752 0.05849283 -0.06936311 0.994193 0.02457684 -0.1047685 0.3078199 -0.8931744 -0.3278515 -0.5224474 -0.6385093 -0.5651149 0.8985122 0.4388324 -0.01010477 -0.8321846 0.5375709 -0.1359649 -0.3754506 0.9265611 -0.02283471 -0.4033609 0.9136378 -0.05065435 -0.9147645 0.3974313 -0.07248651 -0.8927918 0.4501336 -0.01739197 0.9136177 0.4035336 -0.0496335 0.9254477 0.3774716 -0.03258639 0.3746131 0.9264461 -0.03691321 0.3933536 0.9190886 -0.02343457 0.9300314 -0.3659483 -0.03352165 0.9403353 -0.3357994 -0.05485016 0.4024997 -0.9137083 -0.05595773 0.3957909 -0.9169842 -0.04989546 -0.9934942 -0.01508849 -0.112879 -0.7817683 0.5117781 -0.3562607 -0.6353161 0.3287482 -0.6987833 -0.5336869 0.3619635 -0.7643042 0.06357085 -0.0507844 -0.9966844 -0.135648 0.5427575 -0.828863 -0.1543339 0.487227 -0.8595294 -0.8132362 0.4417712 -0.3787943 -0.3655715 0.4402591 -0.820079 -0.4220226 0.4451379 -0.789778 -0.7033413 0.5259054 -0.4782622 -0.2796197 0.5024788 -0.8181246 -0.7417014 0.3528416 -0.5704225 -0.3078624 0.8253257 -0.4733479 -0.5597292 0.7933653 0.2393213 -0.4313448 0.9007898 -0.05019414 0.01107859 0.4881459 -0.8726918 -0.02885293 -0.1244416 -0.9918074 0.6907709 0.3256794 -0.6455762 0.9225787 0.186044 -0.3379885 0.7458198 0.5309567 -0.4022908 0.2703704 0.6524705 -0.7079423 0.4968653 0.4591545 -0.7364116 0.7298603 0.4107551 -0.5464286 0.8973035 0.2706019 -0.3487422 0.626973 0.5270897 -0.5736561 0.7934958 0.5576005 -0.2438157 0.4769132 0.6045389 -0.6380334 0.4271577 0.9016681 -0.06731367 0.3461412 0.8600516 -0.37483 0.4123538 0.8229817 -0.3907243 0.4612028 0.848644 -0.2590281 0.5179466 0.80938 -0.2768314 0.6602874 0.6932555 -0.2888205 0.5395478 0.6253895 -0.5637165 0.8535745 0.4307613 -0.2930106 0.3669511 0.6525962 -0.6629217 0.4305101 0.3716145 -0.822535 0.6899192 0.2792434 -0.6678583 -0.4030488 0.2193106 -0.8885126 -0.02725261 -0.2850142 -0.9581358 -0.03771406 -0.5613014 -0.8267518 -0.0509752 -0.2711181 -0.9611954 0.02816456 -0.08193248 -0.9962399 0.04604399 -0.4829221 -0.8744521 0.3419029 -0.6639831 -0.665003 -0.5238212 0.3036051 -0.7958865 -0.388832 -0.1093364 -0.914798 -0.611064 -0.3317407 -0.7187134 -0.4835723 -0.06121784 -0.8731611 -0.5166429 0.02075141 -0.8559495 -0.7003212 -0.09307068 -0.7077345 -0.5659375 0.08552253 -0.8200005 -0.4327297 0.2546861 -0.8648005 -0.3430385 0.3556095 -0.8694058 -0.1717164 -0.2529102 -0.9521292 -0.1491054 -0.5803422 -0.8006063 0.5537891 -0.1277844 -0.8227933 0.5389056 -0.1059526 -0.8356764 0.7489467 -0.2714737 -0.6044675 0.6608568 -0.05649775 -0.7483825 0.5943832 0.01747596 -0.8039922 0.6837618 0.189049 -0.704791 0.216944 -0.09673869 -0.971379 0.4687616 -0.7891172 -0.3969342 0.9020618 -0.1394861 -0.4084462 0.872896 -0.2079253 -0.4413841 0.8581913 0.1053593 -0.5024015 0.8664606 0.1544325 -0.4747596 0.3360483 -0.6403837 -0.6906377 0.2547954 -0.6576095 -0.7089633 0.1617361 -0.7827181 -0.6009941 0.1987516 -0.4455466 -0.8729181 0.4412758 -0.5593518 -0.7017132 0.4905992 -0.4372677 -0.7537305 0.5306512 -0.6023774 -0.5962808 0.5150306 -0.2996959 -0.8030728 0.6845754 -0.5512763 -0.4769182 0.8611604 0.01233839 -0.5081838 0.7452449 0.05169475 -0.664784 0.05041438 -0.363251 -0.9303264 -0.3566005 -0.3427945 -0.8690962 -0.5365193 -0.5951741 -0.5982599 -0.6899378 0.1505304 -0.7080442 -0.8227249 0.1221348 -0.555164 -0.2022519 -0.3535556 -0.9132867 -0.3651945 -0.7069136 -0.6057278 -0.3251385 -0.2769232 -0.9042116 -0.3953265 -0.1210685 -0.910527 -0.5955373 -0.170679 -0.7849867 -0.6152223 -0.1001601 -0.7819653 -0.7313789 -0.0260117 -0.6814752 -0.7796818 -0.01335513 -0.6260335 -0.8099158 0.2001936 -0.5513248 -0.4235931 -0.9046472 -0.04671555 -0.3999637 -0.9136468 -0.07265359 -0.9288465 -0.3673846 -0.04767411 -0.9287379 -0.3676123 -0.0480346 -0.09099364 0.4237876 -0.9011794 0.0411731 0.3924352 -0.9188577 0.01399624 0.3746282 -0.9270696 0.008760273 0.3650118 -0.9309617 0.007629513 0.370418 -0.9288339 0.009689152 0.4544023 -0.890744 0.05277127 0.6276562 -0.7767 0.01270687 0.3898121 -0.9208067 -0.00293219 0.3712918 -0.9285117 -0.003228366 0.3300982 -0.9439411 0.003929615 0.342277 -0.9395909 -9.62283e-4 0.4186446 -0.9081497 -0.01446652 0.4021272 -0.9154695 0.0169683 0.3075205 -0.9513902 -0.01035457 0.3837121 -0.9233948 -0.001170992 0.4221464 -0.906527 -8.8582e-5 0.4216197 -0.9067727 -0.006597399 0.38143 -0.9243743 0.008436262 0.3456599 -0.938322 -5.85603e-4 0.489555 -0.8719723 0.02261596 0.4485352 -0.893479 -0.007641732 0.3832457 -0.9236149 0.01015198 0.3709388 -0.9286019 0.001947104 0.3997541 -0.9166204 -0.02868497 0.422097 -0.9060968 -0.02791333 0.4207627 -0.9067413 -0.02678585 0.4219476 -0.9062245 -0.00506556 0.4190499 -0.907949 -0.02453911 0.3530414 -0.9352859 -0.007873475 0.3750055 -0.9269891 -0.00423187 0.4049541 -0.9143273 0.01635694 0.384196 -0.9231066 0.008704483 0.3870617 -0.9220127 0.1537212 0.3099118 -0.9382561 -0.02706909 0.4181356 -0.9079812 0.003626048 0.3954451 -0.9184826 -0.02628618 0.4112867 -0.911127 -0.01571887 0.4023578 -0.9153476 0.02175539 0.3970165 -0.9175537 -0.01424294 0.4045425 -0.9144083 0.003675162 0.3996062 -0.9166796 -0.01316499 0.4035241 -0.9148743 0.01489275 0.3925756 -0.9195992 0.05566406 0.380164 -0.9232426 0.04450041 0.3890517 -0.9201406 -0.00467199 0.4046823 -0.9144455 0.01951259 0.3887655 -0.9211301 -0.03762334 0.4049859 -0.9135486 -0.2090708 0.3185453 -0.924564 0.04246312 0.4106746 -0.9107927 0.03864485 0.4042037 -0.9138523 -0.01010239 0.3940091 -0.9190511 -0.02825844 0.3779448 -0.9253968 -0.01116871 0.3847399 -0.9229574 0.04447007 0.454267 -0.8897551 0.1201651 0.4855889 -0.8658891 -0.03130608 0.365727 -0.9301956 -0.02152454 0.3666984 -0.9300909 -0.02812051 0.3603984 -0.9323745 -0.03250092 0.3403078 -0.9397523 -0.01707893 0.3511434 -0.936166 -0.01318585 0.3661447 -0.9304645 -0.01142919 0.3582914 -0.9335399 -0.00412774 0.3705095 -0.9288195 -0.004036843 0.3747594 -0.9271134 -0.01004701 0.3948562 -0.9186881 0.1122683 0.4892253 -0.8649014 0.004574894 0.3975305 -0.9175776 0.008030354 0.3975863 -0.9175297 0.02698868 0.4164459 -0.9087598 0.04967689 0.424061 -0.9042702 0.02786064 0.4043024 -0.914201 0.001067817 0.3967534 -0.9179247 -0.01477956 0.3922325 -0.9197475 -0.08607262 0.4222834 -0.9023682 -0.008898794 0.3952356 -0.9185368 -0.001351177 0.3959414 -0.9182748 -0.01303195 0.3844719 -0.9230448 -0.1052542 0.4116438 -0.9052464 -0.05206108 0.3960118 -0.9167685 -0.06405448 0.3803718 -0.9226128 -0.02162033 0.4017624 -0.9154888 0.236724 0.9712585 -0.02487236 0.6324619 -0.7738587 -0.03368425 0.6324622 -0.773859 -0.03367608 0.6324624 -0.7738595 -0.03366261 0.2079054 0.814077 -0.5422674 0.9026477 -0.4032408 -0.1504132 0.3308792 0.9098469 -0.250395 0.2024096 0.6973048 -0.6876019 0.4570767 0.8293687 -0.3212922 0.3930827 0.8785427 0.2713831 0.7899124 -0.1266519 -0.5999983 0.5922033 0.1060274 -0.7987826 0.8934468 -0.03399497 -0.4478809 0.5018215 -0.6839622 -0.5295008 0.8187133 0.1661337 -0.5496438 0.5722625 0.3386484 -0.7468822 0.8263799 0.310307 -0.4698998 0.916677 0.2470527 -0.3141153 0.4320338 -0.6364918 0.6389248 0.8039249 -0.3990598 -0.4409719 0.7550972 -0.6161509 -0.2240234 0.7357407 -0.2913424 -0.6113961 0.8730367 -0.4020791 -0.2759339 0.790109 -0.1268602 -0.5996953 0.251091 -0.7958816 0.550932 0.334683 -0.6875219 -0.6444385 0.3493998 -0.3618106 -0.8642991 0.6167191 -0.648635 -0.446016 0.5773593 -0.3075436 -0.7563554 0.2510534 -0.7359699 -0.6287453 0.03098905 0.353338 0.9349824 0.1829101 0.9831247 -0.003092765 0.8940043 0.4473596 0.02501451 0.5302134 0.6144992 -0.5841785 0.8296791 0.4628099 -0.3121531 0.446462 0.4789059 -0.7558577 0.5041328 0.7815241 -0.367519 0.7740069 0.5159921 0.3669682 0.4751201 -0.5238513 -0.7069942 0.5726514 -0.4503697 -0.6850092 0.8176232 -0.4338403 0.3785168 0.9168234 0.09742373 -0.3872255 0.453972 -0.1646968 0.8756623 0.8638314 0.002620816 -0.5037745 0.4551351 0.4354858 -0.7766623 0.2096924 -0.5868441 -0.7820762 0.3196651 -0.5418611 -0.7773036 0.7377652 -0.449427 -0.5037043 0.5581786 0.6691325 -0.4906102 -0.8516725 0.4905771 -0.1843591 -0.4642563 0.7400495 0.4866136 -0.2798891 0.9342258 -0.221098 -0.002603054 0.3569747 -0.9341105 -0.3698112 -0.6513983 -0.6625104 -0.2272937 -0.4407062 -0.8683983 -0.1896919 -0.7430459 -0.6417943 -0.1627131 -0.6243329 -0.7640241 -0.04319727 -0.3748948 -0.9260605 -0.6509945 -0.5513865 -0.5217078 0.0156182 -0.6942865 -0.7195292 -0.543304 -0.6981828 -0.4662206 -0.8774536 0.4671261 -0.1089421 -0.6113929 0.2489131 -0.7511598 -0.8633938 0.1910008 -0.4669795 -0.9415922 0.2538093 -0.2213256 -0.6023099 0.6130446 -0.5112721 -0.8281391 0.5277052 0.1889781 -0.7141582 0.6298173 0.3054642 -0.4095028 0.6536267 -0.6364586 -0.5421743 0.8188445 0.1885228 -0.3200972 0.704526 -0.6333885 -0.7917199 0.2797356 -0.5430725 0.1361958 -0.7760967 -0.615731 0.1638603 -0.04200416 0.985589 -0.7058461 -0.1859365 -0.6835269 -0.8969257 -0.4407134 -0.03600203 -0.9514583 0.1683796 0.2576342 -0.5354492 -0.6118997 -0.582128 -0.6274752 -0.5072573 -0.5907327 -0.6037476 -0.3287881 -0.7262144 -0.7293211 -0.3728663 -0.5736389 -0.7887077 -0.4728623 -0.392863 -0.3801875 -0.3514655 -0.8555288 -0.374484 -0.7531161 -0.540905 0.01515436 -0.6983549 -0.7155913 0.1436771 -0.687078 -0.7122365 -0.9807167 0.0518831 -0.1884226 -0.8497744 0.02790117 -0.5264079 -0.3371474 0.8803011 0.3337692 -0.1385051 0.6504771 -0.7467904 -0.4358924 0.8417921 -0.3184085 -0.8321738 -0.01953697 -0.5541707 -0.758839 0.01015645 -0.6511991 -0.7081898 -0.09060615 -0.7001841 0.3211232 -0.6736136 -0.6656761 0.3133317 -0.9426774 -0.1148163 0.324032 -0.9447977 -0.04858696 0.4386275 -0.896938 -0.05575197 0.4683512 -0.8762083 -0.1136063 0.5147208 -0.8571809 0.01742476 0.6665999 -0.7453283 0.01141875 0.6088788 -0.7868216 -0.1008884 0.6132292 -0.7814837 -0.1150359 0.740603 -0.6691409 -0.0612995 0.7377203 -0.6655279 -0.1133197 0.9634037 -0.256169 -0.0789355 0.9493508 -0.3132816 -0.02424544 0.9427682 -0.3317641 -0.03348052 0.9340655 -0.3476124 -0.0817759 0.9094455 -0.3198412 -0.2657262 0.8024144 -0.5965675 0.01544111 0.8212074 -0.5690945 -0.0418334 0.893214 -0.4489475 -0.02479994 0.8931607 -0.4485062 -0.0332607 0.8883358 -0.4586592 -0.02216553 0.99522 -0.09591627 0.01837289 0.9893587 -0.08888262 -0.1151925 0.9661431 -0.2537913 0.0464484 0.9989558 -0.01416057 -0.04343849 0.9997744 0.02069801 0.004773676 0.9949338 0.08634155 -0.05149769 0.9927604 0.1200843 -0.002594649 0.9872305 0.1560063 -0.03221994 0.9781203 0.2079431 0.006353735 0.9588762 0.277271 -0.06064039 0.8629483 0.4704566 -0.1843658 0.895002 0.4278162 -0.1262734 0.952798 0.3035765 0.004189372 0.9282703 0.3671502 -0.0592873 0.9647862 -0.2606791 -0.03512907 0.8814891 0.4697356 -0.04822325 0.8978365 0.4402976 0.005277812 0.8198621 0.5660043 -0.08640187 0.8241415 0.5661191 -0.01732349 0.7404625 0.6717463 -0.02173191 0.7379642 0.6720299 -0.06151944 0.6406909 0.7677531 0.008405387 0.6115269 0.7898444 -0.04669851 0.5441186 0.8390074 -0.001289606 0.4942773 0.866986 -0.06344443 0.4648019 0.8847724 0.03372395 0.3137722 0.9494383 -0.01067519 0.3265237 0.9444854 -0.03646612 0.3285216 0.9075122 -0.2617158 0.3373661 0.9337326 -0.1196979 0.3923588 0.9195141 -0.02341783 0.2253668 0.9702234 -0.08874946 0.1843299 0.9828076 0.0105744 0.06930857 0.9938018 -0.08691531 0.08126735 0.995187 -0.05475986 -0.01196479 0.9998657 -0.01120507 -0.05834352 0.9964013 -0.06148689 -0.1257838 0.9920563 0.001673996 -0.181836 0.9800986 -0.07963973 -0.2347863 0.9720394 -0.003875434 -0.4433222 0.8960303 -0.0243963 -0.3652124 0.9271285 -0.08398073 -0.3062055 0.9341797 -0.1831573 -0.3111914 0.950176 -0.01804369 -0.3184572 0.9467679 -0.04707133 -0.4300873 0.9023575 -0.02785837 -0.4632427 0.8811267 -0.09498429 -0.6044798 0.79662 8.93934e-4 -0.5113037 0.8592668 -0.01513797 -0.607291 0.7918524 -0.06455564 -0.8390753 0.5440081 -0.002830803 -0.8066256 0.586462 -0.07360553 -0.7413634 0.6710839 -0.00518465 -0.7421373 0.6700758 0.0151897 -0.8901787 0.4552743 -0.01752609 -0.8924536 0.4499347 -0.03294628 -0.868153 0.4919109 -0.06583285 -0.9611729 0.2755092 0.01553666 -0.8932781 0.4430372 -0.07597589 -0.8194688 0.4719669 -0.3251435 -0.9875913 0.1481834 -0.05201017 -0.9886799 0.1500346 0.001369237 -0.9595228 0.2779882 -0.04515051 -0.9337399 0.3367512 -0.1213606 -0.9399018 0.3343303 -0.06933873 -0.99819 0.05993747 0.004939734 -0.9982079 0.04845291 -0.03511869 -0.9750137 -0.1995365 -0.09763938 -0.9816969 -0.1892279 -0.02154541 -0.9938143 -0.09480136 -0.05784332 -0.992569 -0.05530452 -0.1083894 -0.9996109 -0.02767831 0.003486931 -0.9369876 -0.3482804 0.02747809 -0.9531849 -0.2987199 -0.04695916 -0.8985991 -0.4361887 -0.04753196 -0.8951973 -0.4456177 0.006822466 -0.861378 -0.1800782 -0.4749736 -0.9203828 -0.2586995 -0.2932066 -0.7601356 -0.6471382 -0.05836117 -0.7616889 -0.6479179 -0.005697309 -0.8413591 -0.5397488 -0.02803993 -0.8435231 -0.5253835 -0.1115401 -0.525422 -0.8473775 -0.07670223 -0.5501106 -0.835062 0.007072627 -0.637833 -0.7678053 -0.06036794 -0.6623721 -0.7378532 -0.1297537 -0.6967648 -0.7172728 0.006215274 -0.4388722 -0.8956771 -0.07179033 -0.4553161 -0.8903055 0.006607592 -0.3306559 -0.9426327 -0.04593801 -0.3920004 -0.8116407 -0.4330993 -0.2400879 -0.9674229 -0.08031791 -0.2697702 -0.9629166 -0.003986299 -0.3302649 -0.9427022 -0.04730409 -0.08207595 -0.9912123 -0.1037399 -0.07903528 -0.9896623 -0.1196753 -0.1723209 -0.9846764 0.0267952 0.0375061 -0.9988403 -0.03018784 0.05467432 -0.9962195 -0.06751012 0.1327284 -0.9911519 0.001140117 0.1752408 -0.9798654 -0.09567946 0.2265553 -0.9739211 0.0122739 0.2846456 -0.9523775 -0.1093347 0.1140853 -0.9274165 0.3562068 -0.1537222 -0.9640692 0.2166566 -0.2866435 -0.9580262 -0.004623532 -0.07341521 -0.5047349 0.8601471 -0.06979876 -0.3815059 0.9217274 0.155112 -0.8068022 -0.5700971 0.03228473 -0.3636381 0.9309807 0.03900814 -0.5195959 0.8535212 -0.02351343 0.7071536 -0.7066689 -0.364006 0.4787684 -0.7989246 -0.1496744 0.5102142 -0.8469233 -0.03516912 0.7625393 -0.6459853 -0.4051468 0.6986804 -0.5896625 -0.4500193 0.7619616 -0.465722 0.3255707 -0.439487 0.8371708 -0.6278133 0.3377249 -0.7012792 -0.7147589 0.3479942 -0.6066463 -0.6211904 0.4331696 -0.6530595 -0.6121231 0.4592136 -0.643761 -0.6504715 0.5443654 -0.5296728 -0.5952792 0.5676311 -0.5687158 -0.5437736 0.6244715 -0.5606654 -0.5361906 0.6618264 -0.5239135 -0.1264667 -0.1925933 0.9730951 -0.9414349 -0.09108847 -0.3246588 -0.9184762 0.01850712 -0.3950432 -0.5941094 0.5673365 -0.570231 -0.6130483 0.6259238 -0.4820699 -0.7317577 0.6799874 -0.04634463 -0.6089786 -0.3005099 -0.7340565 -0.6333855 -0.2924262 -0.7164564 -0.3809257 -0.4904569 0.7838034 -0.6208408 -0.6161752 0.4846492 0.13184 -0.2674126 0.9545202 -0.06189209 -0.839231 -0.5402414 -0.1710555 -0.8743737 -0.4541044 -0.1402488 -0.7687726 -0.6239544 -0.2284435 -0.7972953 -0.5586894 -0.389743 -0.8446378 -0.366998 -0.4637823 -0.7841808 -0.4122702 -0.4327231 -0.7003977 -0.5676212 -0.5346029 -0.7271813 -0.4305894 -0.6241185 -0.570864 -0.5334701 -0.6797358 -0.5176345 -0.5196287 -0.760458 -0.4828137 -0.4342749 -0.780349 -0.3681861 -0.5054647 -0.8572999 -0.3017069 -0.4171451 -0.271509 0.1853669 -0.9444163 -0.3288685 0.3046179 -0.893898 -0.3750366 0.3207601 -0.8697474 -0.4965401 0.3537373 -0.7926651 -0.2237942 0.7014927 -0.676627 -0.3174714 0.7486022 -0.5820712 -0.2947562 0.6859889 -0.6652354 -0.1365628 0.7959063 -0.5898168 -0.1610725 0.9494664 -0.269387 -0.2031497 -0.3919883 -0.89726 -0.2209292 -0.1735231 -0.9597292 -0.01801729 0.2401287 -0.9705739 -0.2777234 -0.1674808 -0.9459493 -0.2365528 0.03034549 -0.9711447 -0.2610669 0.2093706 -0.9423419 -0.5059109 0.4225053 -0.7520263 -0.5755437 0.1090177 -0.810472 -0.5476279 0.1378253 -0.8252926 -0.6442649 0.09856486 -0.7584245 -0.6671631 0.1181082 -0.7354888 -0.6367775 0.2420181 -0.7320803 -0.6950057 0.2418129 -0.6771216 -0.3995925 -0.2183672 -0.8903042 -0.4290883 -0.2352955 -0.8720776 -0.288828 0.8107472 -0.5091832 -0.2323281 0.8134626 -0.5332001 -0.2446602 0.1233289 -0.9617336 -0.4585548 0.08341836 -0.8847424 -0.4333478 0.116496 -0.8936658 0.04626661 -0.169798 0.9843923 -0.1604888 -0.383893 0.9093237 -0.8976571 -0.3034744 -0.3195548 -0.2833306 0.914724 -0.288104 -0.2831239 0.9147748 -0.2881456 -0.2836036 0.9147291 -0.2878192 0.127299 -0.6995659 0.7031376 0.1393263 -0.5445992 0.8270428 0.4555408 -0.6867821 0.5664035 0.0126549 -0.1887761 0.9819386 0.1903689 0.2685975 -0.9442538 0.2158416 0.1937538 -0.9570119 0.1747769 -0.893006 -0.414721 0.3964352 -0.7273852 -0.5601339 0.4773812 -0.8464255 -0.235947 0.1839244 -0.9408725 -0.2844833 0.2887653 -0.8377831 -0.4633942 0.2869278 -0.8548114 -0.4324003 0.3846282 -0.8338998 -0.3958185 0.6302233 -0.5526408 -0.54535 0.6769197 -0.507713 -0.5329234 0.7646191 -0.4150564 -0.4930376 0.8276983 -0.4632637 -0.3167054 0.9054873 -0.3887529 -0.1701886 0.9173293 -0.3574251 -0.1753689 0.9485633 -0.1637536 -0.2709472 0.9076526 0.05808544 -0.4156838 0.9877792 0.0319724 -0.1525457 0.2666057 0.877544 -0.3985447 0.157803 0.8237648 -0.5445271 0.06486272 0.7718818 -0.6324488 0.9564669 -0.009318888 -0.2916924 0.7132399 0.1637187 0.6815314 0.66131 0.7021065 -0.2640373 0.3581283 0.8083336 -0.4672697 0.1709232 0.8830387 -0.4370676 0.07745802 0.8044615 -0.5889329 0.03858619 0.9003295 -0.4334951 0.2944679 0.7334007 -0.6127088 0.211459 0.1676394 -0.962903 0.1359957 0.09236687 -0.9863942 0.2488086 0.2842852 -0.9258922 0.2721596 0.5562239 -0.7852034 0.1415553 -0.1159904 -0.9831116 0.2410286 0.01642155 -0.9703791 0.4745656 -0.07021433 -0.8774152 0.4851967 -0.07613229 -0.8710845 0.5395336 0.1453705 -0.8293197 0.6257748 0.12499 -0.7699244 0.6356003 0.2319384 -0.7363538 0.3006542 0.3647339 -0.8812357 0.6829644 0.3174212 -0.6578779 0.5039921 0.3892045 -0.771046 0.621138 0.3911355 -0.6791176 0.6050012 0.4386848 -0.6644766 0.6104764 -0.0391702 -0.7910653 0.614023 -0.03730446 -0.7884061 0.2625224 0.3303037 -0.906632 0.177228 -0.03529942 -0.9835366 0.1335686 -0.06940394 -0.9886065 0.451927 0.7627988 -0.4624933 0.3289427 0.6642534 -0.6712408 0.5685569 0.6974622 -0.4362221 0.4871062 0.5736147 -0.6585543 0.5811952 0.5820816 -0.5686767 0.6384834 0.5216764 -0.5658558 0.580076 0.5268415 -0.6212487 0.709314 0.4826103 -0.5137713 0.6550567 0.4376654 -0.6159138 0.7596902 0.2852846 -0.584366 0.5434771 -0.4053929 -0.7350437 0.4678743 -0.3971642 -0.7895279 0.4512693 -0.3498294 -0.8209601 0.06860017 -0.9442905 -0.3218843 0.1767329 0.6968087 -0.6951425 0.112731 -0.3258036 -0.9386926 0.4784795 0.8772423 -0.03877365 0.5582707 0.8085056 0.1861525 0.6031661 0.7968055 0.03594332 0.7057172 0.6467127 0.2893546 0.673233 0.7341381 0.08831012 0.8056907 0.5679463 0.1682252 0.7966213 0.5932967 0.1157318 0.8465518 0.5320257 -0.01728999 0.8669143 0.4957799 0.05159473 0.9229803 0.3831323 0.03629517 0.9052039 0.4130925 -0.09980332 0.9600901 0.2719377 -0.06539875 0.972033 0.2348065 0.004206836 0.9945809 0.1001982 0.02773195 0.987001 0.1317119 -0.0920937 0.9985592 -0.04553973 -0.02838283 0.9949432 -0.004553437 -0.1003364 0.9793394 -0.1936063 -0.05840551 0.9743365 -0.2250942 -0.001012086 0.9404538 -0.282382 -0.1892275 0.8775894 -0.4607527 0.1324533 0.8894414 -0.4040156 -0.2136948 0.7949274 -0.6066597 0.007382869 0.8286024 -0.5393089 -0.150213 0.7185018 -0.6863179 -0.1127961 0.731817 -0.6578072 -0.1781398 0.6270908 -0.7667057 -0.1375486 0.6650536 -0.572219 -0.4798638 0.5173003 -0.8538905 -0.05719667 0.4905095 -0.8095721 -0.3224803 0.3596861 -0.920888 0.1503037 0.2854554 -0.8862783 -0.3647273 0.4367257 0.8500324 0.2944754 0.379234 0.9191122 0.1068378 0.2597446 0.9479944 0.1839547 0.2703248 0.9494948 0.1593238 0.2141388 0.9749422 0.06027078 0.1411772 0.9574401 0.251749 0.09690135 0.9930868 0.06624758 -0.02586126 0.9988372 0.04068726 -0.06609952 0.9287793 0.3646914 -0.1989644 0.9789991 0.04442965 -0.2848763 0.9528922 0.104126 -0.25644 0.9510457 0.1724842 -0.4191966 0.9066391 0.04774707 -0.3969331 0.8883867 0.2306802 -0.5087569 0.8092462 0.2937466 -0.5486716 0.8331791 0.06908196 -0.6248287 0.7197132 0.3026582 -0.6488645 0.7517185 0.117874 -0.7454464 0.6432065 0.1749145 -0.7075369 0.5338275 0.4630549 -0.7719171 0.6356782 0.007561504 -0.8341949 0.5415992 0.1038718 -0.8321729 0.5542426 0.01741695 -0.8916828 0.4505626 0.0435366 -0.8710265 0.4898442 -0.03695285 -0.9480912 0.3070036 0.08289718 -0.9429069 0.3308418 0.03834486 -0.9828085 0.1841006 0.01394128 -0.9764279 0.2059383 -0.06463652 -0.9970492 0.0489552 -0.05913096 -0.9985433 0.04155093 -0.03441953 -0.9907061 -0.1008293 -0.09129655 -0.9926311 -0.1203352 -0.01424258 -0.9716137 -0.2013348 -0.1242225 -0.9675591 -0.1561996 -0.1985729 -0.9221118 -0.3083965 -0.2336694 -0.9328655 -0.3586479 -0.03367245 -0.8532177 -0.5079058 -0.1185376 -0.8405366 -0.5399945 0.04363888 -0.7782216 -0.5748501 -0.2528212 -0.7841107 -0.6172162 -0.06491929 -0.6722605 -0.7246633 -0.1514233 -0.6720388 -0.7180429 -0.1810478 -0.5482831 -0.8116164 -0.2016547 -0.5482208 -0.8110706 -0.2040061 -0.352461 -0.9348757 -0.04217487 -0.01419907 -0.5600106 0.8283639 -0.05554741 -0.5990186 0.7988061 -0.05345892 -0.5932879 0.8032134 -0.0455541 -0.5444841 0.8375332 -0.08467954 -0.5778918 0.8117083 -0.1022006 -0.6045961 0.7899486 -0.115229 -0.5713588 0.8125709 -0.1219077 -0.5784522 0.8065553 -0.09503871 -0.5311604 0.8419242 -0.1482031 -0.5444262 0.8256126 -0.1097326 -0.5128152 0.8514572 -0.1017867 -0.4872259 0.8673236 -0.1314116 -0.506564 0.8521292 -0.05534404 -0.3535221 0.9337876 -0.07796514 -0.326927 0.9418281 -0.04191046 -0.3495013 0.9359981 0.04029601 -0.4134514 0.9096341 -0.05183058 -0.3226379 0.9451023 -0.05424869 -0.3278467 0.9431722 -0.07275676 -0.3475086 0.9348499 -0.08064544 -0.3430166 0.9358611 -0.06949841 -0.3483216 0.9347952 -0.1019963 -0.4650431 0.8793928 -0.1570835 -0.4904533 0.8571934 -0.1066372 -0.4486009 0.8873477 -0.1683608 -0.4644421 0.8694529 -0.114483 -0.4319148 0.8946191 -0.1221452 -0.4347612 0.8922238 -0.1144302 -0.4140853 0.9030167 -0.1407242 -0.4201203 0.8964908 -0.1166623 -0.4032469 0.9076244 -0.08828252 -0.4003809 0.9120864 -0.08076751 -0.3898997 0.9173085 -0.06107115 -0.3903491 0.9186392 -0.04141652 -0.3823198 0.9231016 -0.05989515 -0.3705059 0.926897 -0.04907852 -0.3726902 0.9266571 -0.04561632 -0.3853445 0.9216446 0.1315334 0.6559391 0.7432651 -0.02680736 -0.2870886 0.9575288 0.02833402 -0.3636011 0.9311239 0.04420614 -0.3349623 0.9411939 0.02963781 -0.3666954 0.9298689 0.07028234 -0.644895 0.7610328 0.01800227 -0.5249186 0.8509621 0.08477473 -0.5122528 0.8546405 0.1284486 -0.5591605 0.8190487 0.06501591 -0.5151202 0.8546485 0.1085034 -0.6103072 0.7846989 0.1111009 -0.4737921 0.8736004 0.1138877 -0.5011362 0.8578417 0.134237 -0.5165333 0.8456795 0.1202914 -0.4959034 0.8600058 0.1664737 -0.5163282 0.8400546 0.12264 -0.4645659 0.8770052 0.1675395 -0.4808655 0.8606387 0.121213 -0.4444141 0.887583 0.02102965 -0.3808419 0.9244011 0.05266129 -0.3692346 0.927843 0.05460399 -0.3652002 0.9293262 0.09793549 -0.3488824 0.9320352 0.09789901 -0.3482652 0.9322699 0.06615829 -0.370688 0.9263982 0.1070629 -0.365287 0.9247179 0.1123325 -0.3615174 0.9255737 0.05580782 -0.3825266 0.9222575 0.05936849 -0.3873019 0.9200396 0.1404727 -0.3861927 0.9116593 0.1466368 -0.387544 0.9101139 0.09318381 -0.3969092 0.9131155 0.1834275 -0.4564487 0.8706371 0.1306318 -0.4331369 0.8918115 0.1678583 -0.4338002 0.885235 0.09793078 -0.4076673 0.907864 0.125652 -0.406573 0.9049365 -0.002985298 -0.124951 0.9921584 -0.00769025 -0.1652168 0.9862273 -0.03040695 -0.02211803 0.9992929 -0.003459393 -0.1150768 0.9933506 -0.02873271 -0.3050333 0.9519082 -0.03214931 -0.2052149 0.9781888 -0.01553636 -0.1462726 0.9891224 0.01128685 -0.1412109 0.9899153 0.001583516 -0.1368498 0.9905906 0.01309406 -0.1318321 0.9911857 0.01444065 -0.5319983 0.8466224 -0.01643919 -0.1517493 0.9882823 0.2528179 0.5558401 -0.7919122 0.2344135 0.4200056 -0.8767244 0.3625937 -0.9306011 0.05007511 0.3626431 -0.93057 0.05029404 0.362607 -0.9305884 0.05021405 -0.4040648 0.007458627 0.9147 0.183983 -0.2146002 0.9592169 0.2926349 0.05071938 0.9548783 -0.3616933 0.9314012 0.04086577 -0.3692642 0.9263718 -0.07402336 -0.2116305 0.96636 0.1461539 -0.1331914 0.9730632 -0.1881705 -0.5104108 0.859278 0.03350043 -0.5133604 0.8581089 0.01050353 -0.6259241 0.7796702 -0.01826101 -0.6117563 0.7892512 0.05326056 -0.7392707 0.6733212 -0.0108428 -0.6681153 0.7434942 0.0289539 -0.8431629 0.5376385 0.004610002 -0.8430904 0.5376107 0.0131669 -0.7982137 0.6004191 0.04849529 -0.723056 0.6892173 -0.04657942 -0.9178795 0.3968526 0.002257525 -0.9167084 0.3939768 0.06654411 -0.9691818 0.2463051 0.004529356 -0.9686623 0.2417198 0.0571404 -0.9958931 0.07832992 -0.04540395 -0.995881 0.06773853 0.06027102 -0.9880266 -0.1456195 -0.05097508 -0.983986 -0.1230702 0.1289393 -0.961552 -0.2601647 0.08793318 -0.9414955 -0.3370248 -7.49809e-4 -0.8747664 -0.4837371 0.02797162 -0.8863629 -0.4629563 -0.005688965 -0.9183283 -0.3909767 0.06172829 -0.7711188 -0.6290125 0.09858494 -0.6688373 -0.737469 0.09378784 -0.771614 -0.632907 -0.0635668 -0.6075804 -0.7942058 0.009125113 -0.6069286 -0.7943252 -0.02617871 -0.3541949 -0.9351563 -0.005362093 -0.3585478 -0.9333712 0.0161854 -0.4715965 -0.881567 0.02089363 -0.4728342 -0.8806335 0.03020673 -0.2057003 -0.9784839 0.01602178 -0.2078303 -0.9778348 0.02540969 -0.05844867 -0.9922049 -0.1100613 -0.0313571 -0.9994992 0.004278898 0.07986128 -0.9912866 0.1047524 0.3586588 -0.9331588 0.02405422 0.1945599 -0.9790106 0.06070268 0.2307854 -0.9717042 -0.05028939 0.506582 -0.85878 0.07662594 0.4987717 -0.8667032 0.007236182 0.6390951 -0.7691129 0.004786431 0.6218793 -0.7820327 0.04112321 0.7373894 -0.6748007 0.03001523 0.7267028 -0.6849167 0.0528413 0.8263663 -0.5614745 0.04318863 0.8258258 -0.5615003 0.05224341 0.8958292 -0.4385707 0.0717355 0.9305411 -0.3637368 -0.04229581 0.9391641 -0.3234224 0.1156232 0.9921365 -0.1194783 -0.03728479 0.9778611 -0.194296 0.07769721 0.9996283 0.01465064 0.02299594 0.999574 0.01205855 0.02658063 0.9159905 0.3898441 0.09477972 0.9342283 0.3551881 -0.03254419 0.9362025 0.3514206 -0.005338966 0.9854504 0.1614863 0.05300718 0.9853949 0.1621114 0.05212414 0.8647122 0.4972994 0.0704711 0.805606 0.5871806 -0.07885318 0.779676 0.6023302 0.1711834 0.6156498 0.7807054 -0.1071187 0.6790017 0.7331492 0.03806549 -0.03384679 0.9488924 0.3137797 0.03418689 0.9727013 -0.2295292 0.2152241 0.9707379 0.1065199 0.2124251 0.9732505 0.08751577 0.3665985 0.9293254 -0.04427027 0.3947202 0.9179118 0.04042112 0.5164523 0.8537068 0.06679689 0.5306815 0.8475028 -0.01077407 0.606393 0.792454 0.06560695 5.79619e-5 -0.3951273 0.9186265 -5.30021e-5 -0.3973829 0.9176529 9.76519e-5 -0.3953397 0.9185349 1.04188e-4 -0.3953244 0.9185416 1.47691e-4 -0.3972336 0.9177176 -1.25448e-4 -0.3964605 0.9180518 1.64403e-5 -0.3965957 0.9179934 1.43851e-4 -0.3960109 0.9182459 2.54088e-4 -0.3958839 0.9183006 -2.16374e-5 -0.3968977 0.9178628 3.60266e-4 -0.3976666 0.91753 -3.82456e-4 -0.3958671 0.9183079 1.00207e-4 -0.3970929 0.9177784 0.001332938 -0.3995933 0.9166917 1.20664e-4 -0.3978042 0.9174704 -6.7281e-5 -0.3967997 0.9179053 -2.23845e-4 -0.3972564 0.9177076 1.1406e-4 -0.3964273 0.9180662 -1.29588e-4 -0.3966253 0.9179807 0.001072824 -0.3979685 0.9173986 1.23921e-4 -0.3964327 0.9180638 7.68941e-5 -0.3964843 0.9180415 -2.36736e-4 -0.3963536 0.9180979 0.00237149 -0.3987947 0.9170373 0.001090943 -0.3973215 0.9176789 0.001046299 -0.3978548 0.9174478 0.001812934 -0.3986301 0.9171101 -6.7763e-5 -0.3967615 0.9179218 1.24618e-4 -0.396768 0.9179189 2.99306e-4 -0.3969675 0.9178326 -2.79724e-4 -0.3963124 0.9181157 -2.33186e-4 -0.3961913 0.918168 1.51051e-4 -0.3967496 0.917927 -3.29405e-4 -0.3970937 0.917778 4.15108e-4 -0.3958148 0.9183303 0.002124309 -0.3980979 0.9173405 0.00113517 -0.3973289 0.9176757 -1.32917e-4 -0.3967972 0.9179064 -1.9983e-4 -0.3963801 0.9180865 6.58565e-4 -0.3970506 0.9177966 4.26089e-4 -0.3971588 0.9177498 -0.00526762 -0.4011858 0.9159816 -0.004676818 -0.3986741 0.9170808 0.001200497 -0.3959541 0.9182695 2.47518e-4 -0.396378 0.9180874 0.001084506 -0.3960188 0.9182418 8.87903e-5 -0.3966842 0.9179552 -3.33207e-4 -0.3966307 0.9179783 -2.85421e-4 -0.3966069 0.9179886 -6.67088e-4 -0.3963988 0.9180781 0.002035737 -0.3958632 0.9183073 0.001222252 -0.3962942 0.9181228 0.001768112 -0.3962609 0.9181363 2.44521e-4 -0.3963536 0.918098 0.003271818 -0.3979451 0.9174035 5.28041e-4 -0.3965495 0.9180132 -1.10438e-4 -0.3967058 0.9179459 1.02181e-4 -0.3965409 0.9180171 6.78816e-4 -0.3965126 0.9180291 0.002614259 -0.3964683 0.9180447 0.001614153 -0.3963239 0.9181094 0.002299368 -0.3965366 0.9180161 0.003765165 -0.396939 0.9178374 4.75533e-4 -0.3971365 0.9177595 -0.001994252 -0.3962125 0.9181568 4.51611e-4 -0.3965985 0.9179921 7.45924e-4 -0.3966078 0.9179879 4.6036e-4 -0.3966943 0.9179508 7.47854e-5 -0.3967052 0.9179462 0 0 -1 1.32615e-7 0 -1 0 0 -1 0 0 -1 1.02077e-6 0 -1 -7.94021e-7 0 -1 5.87921e-7 0 -1 3.60054e-7 0 -1 -6.87741e-6 0 -1 -2.35169e-6 0 -1 1.45177e-6 0 -1 1.47775e-6 0 -1 -1.44022e-6 0 -1 1.37403e-6 0 -1 -9.88114e-7 0 -1 1.92576e-6 0 -1 -2.1771e-6 0 -1 -4.37686e-7 0 -1 4.01363e-7 0 -1 -7.3331e-7 0 -1 2.0897e-7 0 -1 -3.18291e-7 0 -1 -0.04489719 0.9989749 -0.005772709 0.2588198 -0.9659212 -0.00292617 0.3824096 -0.9239918 0.001456916 0.4226167 -0.9063041 -0.00286448 0.5410184 -0.8410094 0.001580178 0.5735732 -0.8191501 -0.002644479 0.7071086 -0.7071046 7.1304e-4 0.7036491 -0.7105476 0 0.8191508 -0.5735785 0 0.8191505 -0.5735788 0 0.9063081 -0.4226177 0 0.9063081 -0.4226176 0 0.9659261 -0.2588183 0 0.9659258 -0.2588194 0 0.9961947 -0.08715611 0 0.9961948 -0.08715426 0 0.9967691 0.08027559 -0.002693355 0.9998642 0.01648366 7.10219e-7 0.9999957 -0.002982795 5.71473e-5 0.9998123 0.01937395 -2.14441e-4 0.9998962 0.01441252 -1.23794e-4 0.9999752 0.007051229 0 0.9999759 0.006950557 -1.96119e-6 0.999813 0.01933068 4.76658e-4 0.9973971 0.07166546 0.007945895 0.9958285 0.08991539 0.0155183 0.9965451 0.08227282 0.01137071 0.9841146 0.1774517 -0.005416393 0.9677034 0.2514348 0.01818937 0.9482547 0.3174592 -0.005721986 0.9120117 0.4101116 0.006573617 0.9084256 0.4178333 0.01335477 0.8610935 0.5083941 -0.00731796 0.7307282 0.6826679 9.20305e-4 0.8110346 0.5843338 0.02787208 0.8198815 0.572522 0.003627061 0.7064148 0.7067886 0.03778946 0.6483054 0.7613434 -0.007505416 0.5689033 0.8223851 0.005639433 0.540288 0.8392914 0.06065469 0.362203 0.9320993 -2.57817e-4 0.4795168 0.8774803 -0.009599089 0.3322101 0.9388253 0.09079426 0.2633618 0.9646204 -0.01217359 0.1411795 0.989915 0.01169604 0.2136877 0.9405044 0.2641763 0.06933075 0.9965924 -0.04468649 -0.03564083 0.9947268 0.09616762 -0.0429545 0.9975991 0.05432218 -0.2006276 0.9769796 -0.07252347 -0.2736615 0.9607772 -0.04490876 -0.1823616 0.9674027 0.1757166 -0.3802471 0.9240093 0.04023736 -0.3865554 0.9220693 0.01906198 -0.4827628 0.8756671 -0.0121361 -0.5380165 0.8421909 0.03539532 -0.5655551 0.8246488 -0.01009207 -0.649905 0.7599995 -0.004943013 -0.7039628 0.7089617 0.04254239 -0.7326059 0.6806532 6.57647e-5 -0.8202599 0.5719643 0.005529165 -0.8143699 0.5799582 0.02122271 -0.8603401 0.5096777 -0.00662285 -0.9079924 0.4188547 0.01052337 -0.910301 0.4139076 0.005714476 -0.9652257 0.261343 -0.006273925 -0.9561762 0.2910348 0.0320301 -0.9945302 0.1000183 -0.03010153 -0.9882452 0.1459208 0.04559278 -0.9988387 0.04815775 0.001493096 -0.9997016 0.02443146 -3.28061e-4 -0.9977976 0.06632477 -0.001048266 -0.9977976 0.06632483 -0.001040697 -0.9977976 0.06632477 -0.001046776 -0.9999036 0.01388412 -1.15183e-4 -0.9999985 -0.001772642 0 -0.9961948 -0.08715522 0 -0.9961948 -0.0871551 0 -0.9659255 -0.2588203 0 -0.9659258 -0.2588193 0 -0.9063082 -0.4226176 0 -0.906309 -0.422616 0 -0.8191509 -0.5735781 0 -0.8191505 -0.5735788 0 -0.7071078 -0.7071058 0 -0.7006276 -0.7135263 0.001107633 -0.5735751 -0.8191522 0.001208841 -0.5494672 -0.835509 -0.00325644 -0.2588209 -0.9659245 0.001253187 -0.2301779 -0.9731425 -0.003440558 -0.4226183 -0.906307 0.001236438 -0.395879 -0.9182965 -0.003357887 0.1933255 -0.9811272 0.003836274 0.08715367 -0.9961813 -0.005210995 -0.0871542 -0.9961874 0.003876447 -0.04676592 -0.9988989 -0.003738641 0.9659116 0.2588143 0.005491793 0.9505102 0.310357 -0.01445865 0.9961422 0.08715128 0.01026898 0.9874766 0.1568574 -0.01690715 0.9062979 0.4226132 -0.004718422 0.9083843 0.4181233 -0.003308832 0.8191482 0.5735765 -0.002491652 0.8085976 0.5882616 -0.01087868 0.8615475 0.5076693 0.002770721 0.7324571 0.6808133 -1.74749e-4 0.5722688 0.8199862 -0.01144808 0.6502129 0.7597451 0.003262758 0.7070429 0.7070403 -0.01357388 0.4835162 0.8753232 0.004635512 0.5735449 0.819109 -0.01032871 0.2917088 0.9565023 -0.003065526 0.4226174 0.9063078 9.31085e-4 0.3922519 0.9187157 -0.0458247 0.2587625 0.9657096 0.02113848 0.2144606 0.9726796 -0.08888798 0.03838944 0.9992491 -0.005248069 0.08701723 0.9946153 -0.05628865 0.1120769 0.9934832 -0.02073484 -0.142493 0.9897592 0.008517265 -0.08700615 0.9944871 -0.05852854 -0.2725299 0.9621051 -0.009020924 -0.2586849 0.9654156 -0.03247874 -0.4224674 0.9059852 -0.02668666 -0.3711682 0.9285451 0.006184756 -0.5731141 0.8193812 -0.01244497 -0.573534 0.8190932 -0.01205235 -0.4699675 0.8826828 0.001352071 -0.7324317 0.68084 9.32591e-4 -0.7070488 0.707049 -0.01279878 -0.6497813 0.7601125 0.003670036 -0.8111074 0.5848141 -0.009868741 -0.8191447 0.5735747 -0.00375688 -0.9097363 0.4151751 -0.0031057 -0.9062955 0.4226107 -0.005343019 -0.8623353 0.5063292 0.00293678 -0.9969437 0.07804411 -0.003541409 -0.9959985 0.08922475 -0.005107164 -0.9961834 0.08715587 -0.004754006 -0.9931935 0.1164513 -0.002388656 -0.9753478 0.2206729 5.44557e-4 -0.9659076 0.2588144 -0.006136655 -0.9457519 0.3248836 0.002022027 0.9997693 0.02148044 2.76144e-4 0.9997693 0.02148211 2.63831e-4 0.9997692 0.02148336 2.5135e-4 -0.7346138 0.4149764 0.5367841 -0.7341764 0.4157842 0.5367575 -0.7345224 0.4159403 0.5361628 -0.9996402 0.0268107 8.75711e-4 -0.9996402 0.02681261 8.43078e-4 -0.9996402 0.02681088 8.69287e-4 0.9998529 -0.01714169 6.17691e-4 -0.2890228 -0.5068084 -0.8121646 -0.2890263 -0.5068049 -0.8121653 -0.2890189 -0.5068116 -0.8121638 -0.8082671 0.3700501 0.4580035 -0.8082696 0.3700509 0.4579986 -0.8082606 0.3700512 0.4580141 -0.8636829 0.3317165 0.3794946 -0.9908667 0.1335062 0.01895827 -0.9908652 0.1335175 0.0189597 -0.9908654 0.1335167 0.01895201 -0.3641105 0.6945329 -0.6205221 0.999738 0.02288562 4.25968e-4 0.9997381 0.02288353 4.25685e-4 0.9997366 0.02294552 4.38967e-4 -0.9998714 -0.01604354 -4.9059e-5 -0.9998638 -0.01651346 2.61371e-5 -0.9998638 -0.01651346 2.61865e-5 -0.9998637 -0.01651346 2.63096e-5 0.9998018 0.01991051 1.84746e-4 0.9998018 0.01991212 1.57953e-4 0.9998016 0.01991927 9.71482e-5 -0.9999991 3.77e-4 0.001358151 0.9999988 1.0898e-4 -0.00160861 0.9960882 -0.08816391 -0.005957543 0.9960882 -0.08816391 -0.005957484 0.9960882 -0.08816385 -0.005957245 0.9995765 -0.02907031 -0.001371026 0.9995765 -0.02907019 -0.001370906 0.9995765 -0.02907019 -0.001371026 -0.9998335 0.01824486 3.06393e-4 -0.9966202 -0.07870346 -0.02353447 -0.9966202 -0.0787037 -0.02353549 -0.9966202 -0.07870352 -0.02353489 -0.8959228 0.4344198 0.09274667 -0.8959299 0.4344059 0.0927428 -0.8959259 0.4344134 0.09274542 0.985429 0.1695724 0.0132336 0.9854286 0.1695744 0.01323366 0.985429 0.169572 0.0132336 -0.9998899 0.01482969 -6.11852e-4 -0.9998899 0.01482957 -6.11775e-4 -0.9998899 0.01482957 -6.11717e-4 0.9998219 -0.01887357 -3.53416e-4 0.9996014 -0.0281974 -0.001418769 -0.9996284 0.0272414 0.001028358 0.9562788 0.217718 -0.1952686 0.9566584 0.2176857 -0.1934362 0.9562735 0.2176468 -0.1953737 0.9690855 -0.24594 -0.01967185 0.9690735 -0.2459831 -0.01971876 0.96908 -0.2459554 -0.01974809 -0.9626177 -0.2058714 0.1760235 -0.8532907 -0.3247587 0.4079546 -0.8532222 -0.3247658 0.4080922 -0.8532899 -0.324759 0.4079561 -0.855888 -0.3394762 0.390143 -0.9203629 -0.2705178 0.2824046 0.973693 0.1780056 -0.1422538 0.9998035 0.0198214 3.18841e-4 -0.9998442 -0.01763314 -8.74668e-4 -0.9997789 -0.02102601 2.42729e-5 -0.9999027 -0.01394838 3.01168e-5 0.999917 0.01288568 -6.34336e-5 0.6207653 -0.01484107 -0.7838561 0.6207746 -0.01484155 -0.7838487 0.6207726 -0.01484221 -0.7838503 0.4794497 0.7238171 -0.4962024 -0.3757323 0.7293323 -0.5717514 -0.2482423 -0.03796988 -0.9679536 -0.2916381 0.03913563 -0.9557278 -0.3985053 -0.02791559 -0.9167411 -0.3829893 -0.06395709 -0.921536 -0.4811978 0.007636606 -0.8765788 -0.5010478 -0.06636482 -0.8628714 -0.586605 -0.006927907 -0.8098436 -0.8606321 -2.30432e-4 -0.5092273 -0.8209611 0.008370578 -0.5709228 -0.9179799 0.004787445 -0.396598 -0.8739776 0.004094421 -0.485949 -0.9621851 0.007451832 -0.2722948 -0.9843761 6.88076e-4 -0.1760776 -0.9995976 0.02832955 0.001472592 -0.9997371 0.02292424 -6.67175e-4 -0.9999954 0.0021649 -0.002154171 0.148995 0.8872572 -0.4365494 0.9999805 0.004640102 -0.004194796 0.9924166 0.006239175 -0.1227625 0.9976467 -2.71211e-4 -0.06856477 0.9995934 0.003182351 -0.02833396 0.9817338 0.005450963 -0.1901817 0.9753095 1.83727e-4 -0.2208424 0.9571701 0.004913508 -0.2894847 0.9527073 0.002999603 -0.3038749 0.9137174 0.003048241 -0.4063389 0.9342436 0.006495893 -0.3565765 0.8151224 0.01428157 -0.5791128 0.8615633 0.002840459 -0.5076423 0.8945184 0.0110929 -0.4468936 0.7029474 0.01638948 -0.711053 0.6516244 -0.001989006 -0.7585392 0.6053567 0.01316064 -0.7958456 0.4769247 0.04009866 -0.8780291 0.4956939 -0.08555132 -0.8642734 0.2983249 -0.009105622 -0.954421 0.2041792 0.09563738 -0.9742507 0.04462492 0.4261994 -0.9035279 -0.1789695 0.05189126 -0.9824853 -0.1717393 0.03025609 -0.9846778 -0.0654937 0.3228979 -0.9441651 -0.09084856 0.1721801 -0.9808673 0.07060158 0.2477399 -0.9662507 0.6058709 0.01350146 -0.7954484 0.7264467 0.005573511 -0.6872002 0.8109951 0.01787382 -0.5847799 0.4786069 0.03750646 -0.877228 0.3637532 0.02290326 -0.9312139 0.3952884 0.04752922 -0.9173266 0.4193577 0.1436958 -0.8963765 0.04402667 0.435244 -0.8992355 -0.7330111 2.87264e-4 -0.6802167 -0.6771867 0.003985762 -0.7358005 -0.662275 0.01661676 -0.7490766 -0.5838589 0.03533428 -0.8110859 -0.5608525 0.06168311 -0.8256148 -0.99998 -6.61429e-4 -0.006297051 -0.9950895 0.006987392 -0.09873282 -0.9961258 0.004624843 -0.08781802 -0.9787443 0.005959391 -0.204998 -0.9564676 0.004362761 -0.2918062 -0.9118831 0.009085774 -0.4103497 -0.156578 0.3761309 -0.913241 -0.8118022 0.003130912 -0.5839242 -0.7337951 6.60083e-4 -0.6793707 -0.5692567 0.6821395 -0.4589473 -0.4686292 0.7232351 -0.507265 -0.3642835 0.6986196 -0.6158151 -0.7984136 0.5408592 -0.2645886 -0.8178527 0.4784831 -0.3196418 -0.7260661 0.5855428 -0.3605103 -0.6618403 0.5684391 -0.4887171 -0.556853 0.6323583 -0.5385515 -0.5003654 0.5837596 -0.6394211 -0.2236195 0.6982846 -0.679995 -0.7864053 0.3603115 -0.5017395 -0.5833734 0.3553271 -0.7303548 -0.4415748 0.3266462 -0.8356519 -0.3778308 0.09142625 -0.9213497 -0.3338495 0.1833383 -0.9246251 -0.4437614 0.3036208 -0.8431432 -0.8552702 0.4699917 -0.2182216 -0.7662531 0.4723076 -0.4356396 -0.6537262 0.5569567 -0.5122902 -0.9965642 0.07876753 -0.0256024 -0.979696 0.1959492 -0.04242366 -0.9100724 0.144553 -0.3884232 -0.8314701 0.1848282 -0.5239238 -0.9985155 0.03424614 -0.0423572 -0.9861964 0.1044417 -0.1284859 -0.988288 0.08708071 -0.1253153 -0.9693207 0.1405104 -0.2016786 -0.9689263 0.1426552 -0.2020677 -0.9427134 0.1929756 -0.2721246 -0.9438181 0.1879231 -0.2718316 -0.8920914 0.256254 -0.3721652 -0.8072857 0.213599 -0.5501504 -0.704461 0.2593367 -0.6606658 0.9720917 0.2040599 -0.1157472 0.9585816 0.2741104 -0.07736247 0.9383733 0.3142883 -0.1438006 0.9325021 0.3181576 -0.1709262 0.8537836 0.467189 -0.2297567 0.8509351 0.4611567 -0.251484 -0.04398274 0.9986524 0.02755069 -0.1931599 0.8504117 -0.4893764 -0.186967 0.9796659 0.07278847 0.5007964 0.648618 -0.5731472 0.3711475 0.7514327 -0.5455259 0.2290613 0.6602584 -0.7152551 -0.2678372 0.7220106 -0.6379372 -0.2450824 0.6582726 -0.7117668 -0.1005889 0.8360674 -0.5393267 0.06198424 0.9706474 -0.2323824 0.1762208 0.9797245 0.09532248 0.03815805 0.9992652 0.003620207 0.997502 0.04021555 -0.05807214 0.997313 0.04066616 -0.06093502 0.9873201 0.08810371 -0.1320484 0.9052941 0.3821381 -0.1855077 0.8983998 0.3835191 -0.2139885 0.9412243 0.1897141 -0.2794734 0.9649171 0.1487175 -0.216375 0.9844383 0.1587 -0.07546961 0.9977064 0.06265771 -0.0256145 0.7983884 0.5381029 -0.2702244 0.799389 0.541235 -0.2608487 0.8737695 0.2927742 -0.3883429 0.7564663 0.5312856 -0.3814374 0.6577528 0.6131682 -0.4374771 0.6892647 0.5057803 -0.518749 0.5814067 0.6878129 -0.4346029 0.5561058 0.5766672 -0.5984992 0.05694347 0.6883543 -0.7231361 0.41591 0.4488814 -0.7909011 0.2985363 0.7892255 -0.5366556 -0.09828066 0.7165005 -0.6906287 -0.05849951 0.5614143 -0.8254647 0.4526355 0.5637252 -0.6908943 0.4749458 0.4291452 -0.7682845 0.578365 0.4119048 -0.7041509 0.6311545 0.3073502 -0.7121655 0.7380074 0.2610927 -0.6222344 0.2130832 0.734072 -0.6447744 0.1898503 0.361618 -0.9127921 0.3021286 0.2436578 -0.9216015 0.9689287 0.1483625 -0.1979035 0.9892778 0.08884757 -0.1159116 0.9982957 0.05690515 -0.0129401 0.1820861 0.04542082 -0.9822329 0.2790703 0.1143118 -0.9534426 0.4338207 0.1817798 -0.8824715 0.04556399 0.6409105 -0.7662622 0.2910551 0.2161285 -0.931974 0.9883163 0.1496036 -0.02915036 0.9428087 0.1909586 -0.2732154 0.8994523 0.243992 -0.3625652 0.9100868 0.1967823 -0.3647176 0.8472388 0.2552726 -0.4658566 0.8164034 0.2917163 -0.4983845 0.7236043 0.356021 -0.5913087 0.1216094 0.1959846 -0.9730371 -0.2224264 0.2203741 -0.9497167 -0.30739 0.2866884 -0.9073705 -0.4881809 0.0482167 -0.8714096 -0.4836075 0.06983721 -0.8724944 -0.9953442 0.08647686 -0.0425654 -0.9887642 0.1279035 -0.07736968 -0.9590929 0.2639685 -0.1022813 -0.9684768 0.2188792 -0.1189309 -0.9323241 0.3309676 -0.1457127 -0.9406804 0.2992678 -0.1598724 -0.8976506 0.3984268 -0.1883603 -0.9142976 0.3411768 -0.2183081 -0.846421 0.4517081 -0.2820132 -0.8807228 0.2745571 -0.385935 0.7991684 0.3631291 -0.4790273 0.7223816 0.6267549 -0.2921355 0.4751089 0.4481385 0.7572606 -0.8797163 0.005268871 0.47547 -0.9518233 0.009060561 0.3065134 -0.9821 -0.002752006 0.18834 0.4887872 -0.002288401 0.8724001 0.3886049 0.07829898 0.9180716 -0.2006459 0.9266433 0.3179208 -0.9884511 0.1424613 0.05166405 -0.9999151 0.001188755 0.01298296 -0.9998571 1.72967e-4 0.01690757 0.9999638 0.008460283 0.001046001 0.9999254 0.01176416 0.003303527 0.9999669 0.00813502 3.31268e-4 0.9999744 0.007133007 -6.11569e-4 0.9602246 0.2674645 0.08019763 0.5663947 0.7402561 0.3622404 0.8885579 0.005733788 0.4587286 0.9978498 0.001934647 0.06551384 0.9971498 0.00386399 0.07534956 0.9820263 0.002522706 0.1887272 0.9846496 0.003956437 0.1744983 0.1551737 0.3379995 0.9282658 0.7325657 0.009754359 0.6806265 0.7142543 0.02385973 0.6994795 0.6158053 -0.01923215 0.7876637 0.2759579 0.107114 0.9551826 0.4083915 -0.01560592 0.9126734 0.2890036 0.01817643 0.9571555 0.1914669 0.1135359 0.9749103 0.5521058 0.01953113 0.8335453 0.8063687 0.01513296 0.5912196 0.8182448 0.004412174 0.5748531 0.1662347 0.05240845 0.9846926 -0.1829397 0.3277549 0.9268817 -0.3077584 0.1663888 0.9368029 -0.487864 0.04149979 0.8719328 -0.9945741 0.007558345 0.1037565 -0.2980394 0.2384159 0.9243 -0.4570376 -0.05036973 0.8880201 -0.5496985 0.04776215 0.8339967 -0.2734276 0.01037007 0.9618367 -0.3307805 0.05300658 0.9422179 -0.935006 0.004805505 0.3545994 -0.9130674 -0.002715289 0.4077999 -0.86301 9.45615e-4 0.505186 -0.9954967 0.005691051 0.0946266 -0.9601828 -6.32978e-6 0.2793725 -0.04795283 0.9767789 0.2088146 -0.05818927 0.9507448 0.3044644 -0.7534471 0.5429109 0.3708979 -0.658048 0.6227164 0.423317 -0.04337799 0.6154832 0.7869554 -0.1250058 0.1766987 0.9762946 -0.07756114 0.8688288 -0.4889997 -0.4512723 0.3532539 0.8194908 -0.5745862 0.3294984 0.7491873 -0.8228535 0.01166409 0.568134 -0.8151656 0.00752753 0.5791791 -0.7367075 0.006483674 0.6761806 -0.7323817 0.004355549 0.6808804 -0.6447343 0.0055148 0.764387 -0.66931 0.02169501 0.7426665 -0.5628125 0.01427304 0.8264614 -0.5989682 0.04690444 0.7993981 -0.4830199 0.05412667 0.8739348 -0.3962208 -0.02459949 0.9178258 -0.3737677 0.04826492 0.9262658 -0.4573313 0.2428865 0.8554849 -0.7992379 0.3654531 0.4771404 -0.7226156 0.6268764 0.2912952 -0.8554078 0.4654264 0.2272791 -0.8520895 0.4576663 0.2539389 -0.7983451 0.5392436 0.2680703 -0.7991366 0.5418683 0.2603069 -0.8737896 0.2946898 0.3868458 -0.8451174 0.2546594 0.4700269 -0.4844819 0.7048653 0.518114 -0.5830838 0.689229 0.4300892 -0.9333612 0.3160479 0.170149 -0.9384426 0.3140306 0.1439112 -0.9426864 0.1899555 0.2743344 -0.9412105 0.1889277 0.2800526 -0.7361376 0.3351497 0.5880273 -0.6501126 0.3792077 0.6584491 -0.8148854 0.3017541 0.4948801 -0.7307218 0.3642017 0.5774105 -0.6894107 0.5092336 0.5151641 -0.5557429 0.5761658 0.5993186 -0.5008904 0.6511651 0.5701692 -0.3817954 0.7275236 0.5700366 -0.961242 0.264792 0.07680666 -0.9720763 0.2100277 0.1046721 -0.9643353 0.14891 0.2188224 -0.9698901 0.1477737 0.1935881 -0.9849215 0.1677379 0.04235082 -0.9878389 0.09437632 0.1235616 -0.9871587 0.09482169 0.1285558 -0.9926198 0.1162981 0.03436267 -0.9987992 0.02754944 0.04051518 -0.909204 0.2012349 0.3644896 -0.8991636 0.243128 0.3638595 -0.9051839 0.3826771 0.1849338 -0.8984426 0.3839619 0.2130125 0.997281 0.07167315 0.01714128 0.9876188 0.152604 0.03634738 0.8513962 0.4705346 0.2317795 0.8171699 0.4804602 0.3184206 0.7948081 0.5502551 0.2559291 0.3440955 0.8322648 0.4346651 0.3104177 0.6383839 0.7043486 0.386879 0.7557597 0.5283483 0.9074941 0.2409592 0.344083 0.9065148 0.2448767 0.3438987 0.9427115 0.1935276 0.2717392 0.9427186 0.1934952 0.2717376 0.9699404 0.139956 0.1990675 0.9661413 0.1604405 0.2020639 0.98783 0.09547674 0.1227856 0.9891203 0.08549124 0.1197175 0.9975414 0.04004389 0.05751264 0.9973456 0.0428729 0.05885356 0.9999966 -0.002103328 0.001591205 0.864431 -1.85146e-4 0.5027517 0.7869768 0.3618819 0.499709 0.997978 0.06037014 0.01988476 0.9847772 0.1570883 0.07441198 0.9716304 0.2072482 0.1139408 0.9331372 0.3292622 0.144366 0.9402532 0.3026388 0.1559928 0.8978708 0.3978459 0.1885387 0.9048788 0.375016 0.2013886 0.8509753 0.4696949 0.2350062 0.8647697 0.29035 0.4097197 0.8636603 0.2942763 0.4092585 0.7587479 0.378859 0.529875 0.7272016 0.5836551 0.3612821 0.7286874 0.5882183 0.3507336 0.4528212 0.7725156 0.4451658 0.4956114 0.5740354 0.6518073 0.2268307 0.8897125 0.3961812 0.2176055 0.7426434 0.6333472 0.5577667 0.426398 0.7120962 0.5551654 0.4411305 0.7051208 0.5830978 0.6835482 0.4390432 0.962002 0.008546173 0.2729088 0.9539982 0.00436753 0.2997808 0.8089616 0.204887 0.5510015 0.7044587 0.2523265 0.6633773 0.6731897 0.4043704 0.6191124 0.668065 0.425744 0.6102715 0.6496708 0.6688474 0.3613463 0.6499705 0.6906533 0.3170749 0.2293428 0.7008637 0.6754198 0.06065261 0.53252 0.8442414 0.1037753 0.7206143 0.6855259 0.2793129 0.2590002 0.9246097 0.2944909 0.2845047 0.9123224 0.3545547 0.162712 0.9207692 0.4431682 0.2041216 0.8728896 0.5610023 0.01315474 0.8277098 0.681482 0.03504806 0.7309952 0.4670476 0.5093622 0.722784 0.3656009 0.3808028 0.8493087 0.9334624 0.006373345 0.3586187 0.9152743 1.56472e-5 0.4028313 0.09724152 0.9389306 0.3300812 0.1019829 0.9249349 0.3661898 0.08905875 0.1848638 0.9787206 -0.07223224 0.2380918 0.968553 -0.04652112 0.4152684 0.9085087 -0.1821623 0.04784566 0.9821037 -0.2319951 0.1720921 0.9573728 0.06631648 0.3182612 0.9456807 -0.04406046 0.4538671 0.8899795 -0.3676204 0.694411 0.6185859 -0.3037393 0.8189811 0.4868394 -0.2162026 0.6822433 0.6984273 -0.06024837 0.6911097 0.7202345 -0.1993907 0.7707846 0.6050904 -0.2423346 -0.969855 -0.02560096 -0.08559828 -0.994553 -0.05947434 0.00993961 -0.9946586 -0.1027406 0.04809826 -0.9937629 -0.1006082 0.1162604 -0.9858389 -0.1208519 0.08881962 -0.9940829 -0.06253296 0.06316488 -0.9960945 0.06169229 0.04735183 -0.9939435 0.099168 0.01725429 -0.9863707 0.1636312 -0.007992327 -0.9965887 0.08214056 -0.01819908 -0.999595 0.02187925 -0.09530895 -0.9932606 0.06595224 -0.3377561 -0.9407089 0.03142732 0.03091025 0.9980716 -0.05383169 0.1625992 -0.9631609 -0.2142024 -0.1580228 -0.9861134 -0.05108076 0.06449466 -0.9742237 -0.2161686 0.225573 -0.959601 -0.1681748 0.07929611 0.9963157 0.032669 0.03981912 0.9990293 0.01884001 0.06853717 0.9970617 0.03421825 6.31435e-4 0.9999998 3.88593e-4 0.1056924 0.9912696 0.07882666 0.1165038 -0.9782921 0.1713813 0.05572187 0.993856 0.09563106 0.09305429 0.9760105 0.1968364 -0.4672238 0.8138889 -0.3453793 -0.1758779 0.9727863 -0.150844 -0.4818193 0.7571111 -0.4411722 -0.03763329 0.9986085 -0.03694677 -0.2147691 0.9459193 -0.2431278 -0.3593822 0.6970154 -0.6204951 0.1536412 -0.9868639 0.04994106 -0.01520776 -0.9673448 0.2530073 -0.09739291 -0.9888154 0.112955 -0.0114293 0.9998666 0.01167166 -0.6122276 0.5602521 0.5579382 -0.2180078 0.9588822 0.181708 -0.7708219 -0.3003615 0.5617977 -0.8586409 0.2156968 0.4649846 -0.074965 0.9966017 0.03413742 -0.3358012 0.9325855 0.1323705 -0.318084 0.9444354 0.08285182 -0.3646025 0.9301111 0.04425376 -0.3320857 0.9431555 0.01330459 -0.4020337 0.9154179 -0.01946991 -0.02228832 0.9987447 -0.04486 -0.06282329 0.9864977 -0.151247 -0.06202578 0.9868738 -0.1491072 -0.0487588 0.9884218 -0.1436833 -0.1562652 0.8465604 -0.5088386 -0.02817523 0.9939919 -0.1057652 -0.04953509 0.9566679 -0.2869369 0.01717519 -0.9599677 -0.2795838 0.2854912 -0.9577872 -0.0337429</float_array>
          <technique_common>
            <accessor source="#eSeries_UR5e_020-mesh-normals-array" count="1621" stride="3">
              <param name="X" type="float"/>
              <param name="Y" type="float"/>
              <param name="Z" type="float"/>
            </accessor>
          </technique_common>
        </source>
        <vertices id="eSeries_UR5e_020-mesh-vertices">
          <input semantic="POSITION" source="#eSeries_UR5e_020-mesh-positions"/>
        </vertices>
        <lines count="1">
          <input semantic="VERTEX" source="#eSeries_UR5e_020-mesh-vertices" offset="0"/>
          <p>109 85</p>
        </lines>
        <triangles material="JointGrey_010-material" count="1585">
          <input semantic="VERTEX" source="#eSeries_UR5e_020-mesh-vertices" offset="0"/>
          <input semantic="NORMAL" source="#eSeries_UR5e_020-mesh-normals" offset="1"/>
          <p>54 0 5 0 85 0 44 1 91 1 90 1 8 2 17 2 18 2 86 3 6 3 20 3 2 4 3 4 4 4 3 5 23 5 4 5 27 6 28 6 62 6 65 7 0 7 63 7 1 8 32 8 0 8 32 9 1 9 33 9 1 10 34 10 33 10 36 11 30 11 37 11 42 12 10 12 74 12 9 13 46 13 45 13 9 14 8 14 46 14 46 15 8 15 18 15 69 16 156 16 71 16 4 17 49 17 2 17 19 18 84 18 5 18 5 19 84 19 85 19 6 20 86 20 7 20 7 21 86 21 55 21 17 22 88 22 51 22 88 23 17 23 8 23 45 24 52 24 9 24 45 25 76 25 52 25 42 26 41 26 10 26 10 27 41 27 43 27 12 28 11 28 44 28 44 29 11 29 91 29 94 30 53 30 13 30 15 31 97 31 25 31 25 32 97 32 60 32 26 33 98 33 27 33 27 34 98 34 28 34 17 35 51 35 16 35 4 36 21 36 56 36 49 37 4 37 56 37 4 38 23 38 24 38 4 39 24 39 22 39 23 40 57 40 58 40 97 41 15 41 59 41 98 42 26 42 61 42 63 43 0 43 32 43 31 44 64 44 32 44 32 45 64 45 63 45 0 46 65 46 1 46 1 47 65 47 29 47 29 48 66 48 1 48 30 49 35 49 37 49 37 50 35 50 101 50 1 51 66 51 34 51 35 52 30 52 67 52 37 53 101 53 68 53 71 54 70 54 69 54 72 55 96 55 14 55 72 56 14 56 39 56 14 57 13 57 40 57 40 58 39 58 14 58 53 59 40 59 13 59 40 60 53 60 95 60 42 61 73 61 41 61 75 62 11 62 12 62 76 63 45 63 47 63 38 64 48 64 69 64 69 65 48 65 156 65 57 66 23 66 3 66 57 67 3 67 50 67 49 68 50 68 3 68 49 69 3 69 2 69 49 70 56 70 83 70 49 71 83 71 82 71 52 72 88 72 9 72 9 73 88 73 8 73 52 74 76 74 92 74 93 75 11 76 75 77 96 78 94 78 14 78 14 79 94 79 13 79 99 80 63 80 64 80 66 81 29 81 100 81 102 82 10 82 43 82 57 83 103 83 58 83 191 84 192 84 77 84 77 85 192 85 78 85 193 86 194 86 79 86 79 87 194 87 238 87 207 88 210 88 206 88 206 89 210 89 211 89 208 90 209 90 80 90 80 91 209 91 81 91 204 92 205 92 105 92 105 93 205 93 203 93 104 94 202 94 201 94 201 95 202 95 213 95 50 96 49 96 82 96 55 97 86 97 111 97 83 98 112 98 82 98 82 99 112 99 110 99 89 100 119 100 87 100 108 101 115 101 107 101 121 102 114 102 122 102 106 103 55 103 113 103 123 104 106 104 113 104 123 105 113 105 110 105 113 106 55 106 111 106 114 107 113 107 111 107 110 108 112 108 123 108 109 109 124 109 125 109 107 110 125 110 108 110 108 111 125 111 124 111 52 112 89 112 88 112 128 113 52 113 92 113 53 114 135 114 136 114 136 115 95 115 53 115 126 116 43 116 41 116 133 117 138 117 142 117 135 118 41 118 143 118 135 119 143 119 137 119 135 120 137 120 136 120 127 121 43 121 126 121 127 122 126 122 139 122 139 123 126 123 134 123 11 124 93 124 145 124 11 125 145 125 146 125 146 126 145 126 144 126 146 127 144 127 138 127 138 128 144 128 142 128 141 129 140 129 134 129 134 130 140 130 139 130 143 131 41 131 73 131 142 132 141 132 134 132 135 133 53 133 94 133 96 134 72 134 153 134 60 135 97 135 161 135 99 136 148 136 63 136 65 137 63 137 148 137 158 138 65 138 148 138 65 139 147 139 29 139 162 140 100 140 29 140 101 141 35 141 163 141 150 142 149 142 57 142 159 143 165 143 186 143 159 144 186 144 187 144 159 145 187 145 160 145 152 146 160 146 166 146 152 147 166 147 161 147 152 148 161 148 151 148 151 149 167 149 150 149 50 150 150 150 57 150 189 151 164 151 158 151 158 152 148 152 189 152 175 153 171 153 174 153 174 154 171 154 157 154 174 155 157 155 173 155 173 156 157 156 154 156 154 157 157 157 156 157 179 158 155 158 153 158 169 159 101 159 168 159 101 160 177 160 68 160 156 161 178 161 71 161 48 162 154 162 156 162 180 163 179 163 153 163 180 164 153 164 72 164 168 165 101 165 163 165 168 166 163 166 172 166 172 167 162 167 147 167 172 168 147 168 168 168 177 169 101 169 169 169 177 170 169 170 176 170 176 171 169 171 170 171 176 172 170 172 171 172 176 173 171 173 175 173 155 174 179 174 178 174 155 175 178 175 156 175 147 176 162 176 29 176 165 177 183 177 184 177 165 178 184 178 185 178 150 179 167 179 181 179 150 180 181 180 149 180 164 181 189 181 182 181 164 182 182 182 183 182 164 183 183 183 165 183 165 184 185 184 186 184 160 185 187 185 188 185 160 186 188 186 166 186 151 187 161 187 97 187 151 188 97 188 167 188 57 189 149 189 103 189 200 190 237 190 199 190 199 191 237 191 190 191 197 192 198 192 195 192 195 193 198 193 196 193 96 194 214 194 94 194 94 195 214 195 215 195 216 196 217 196 117 196 117 197 217 197 116 197 116 198 217 198 224 198 52 199 218 199 89 199 89 200 218 200 119 200 117 201 118 201 216 201 216 202 118 202 220 202 220 203 118 203 120 203 220 204 120 204 119 204 221 205 267 205 168 205 168 206 267 206 169 206 169 207 267 207 219 207 218 208 52 208 128 208 168 209 147 209 221 209 221 210 147 210 222 210 222 211 147 211 65 211 222 212 65 212 158 212 222 213 158 213 243 213 243 214 158 214 245 214 245 215 158 215 164 215 116 216 224 216 108 216 108 217 224 217 225 217 263 218 115 218 225 218 225 219 115 219 108 219 263 220 121 220 115 220 247 221 228 221 165 221 165 222 228 222 164 222 164 223 228 223 245 223 169 224 219 224 223 224 169 225 223 225 170 225 170 226 223 226 171 226 256 227 113 227 227 227 227 228 113 228 114 228 226 229 171 229 223 229 227 230 114 230 263 230 263 231 114 231 121 231 256 232 229 232 113 232 226 233 157 233 171 233 157 234 270 234 156 234 270 235 157 235 226 235 113 236 229 236 110 236 110 237 229 237 265 237 265 238 82 238 110 238 156 239 270 239 194 239 94 240 215 240 135 240 135 241 215 241 293 241 135 242 293 242 292 242 135 243 292 243 41 243 41 244 292 244 126 244 126 245 292 245 230 245 126 246 230 246 134 246 134 247 230 247 231 247 134 248 231 248 142 248 142 249 231 249 133 249 133 250 231 250 289 250 133 251 289 251 132 251 132 252 289 252 290 252 132 253 290 253 130 253 130 254 290 254 232 254 130 255 232 255 131 255 131 256 232 256 129 256 129 257 232 257 218 257 129 258 218 258 128 258 233 259 236 259 150 259 247 260 165 260 234 260 234 261 165 261 159 261 234 262 159 262 160 262 234 263 160 263 235 263 235 264 160 264 152 264 235 265 152 265 236 265 236 266 152 266 151 266 156 267 194 267 155 267 155 268 194 268 294 268 150 269 236 269 151 269 96 270 153 270 214 270 214 271 153 271 294 271 294 272 153 272 155 272 233 273 150 273 50 273 233 274 50 274 82 274 233 275 82 275 265 275 77 276 78 276 239 276 105 277 203 278 212 279 209 280 244 280 245 280 257 281 212 281 203 281 81 282 209 282 228 282 81 283 228 283 246 283 246 284 228 284 247 284 245 285 228 285 209 285 229 286 256 286 203 286 229 287 203 287 241 287 229 288 241 288 265 288 224 289 262 289 225 289 233 290 265 290 254 290 233 291 254 291 253 291 233 292 253 292 236 292 236 293 253 293 252 293 264 294 227 294 263 294 258 295 257 295 264 295 258 296 264 296 259 296 227 297 264 297 257 297 227 298 257 298 256 298 256 299 257 299 203 299 202 300 262 300 213 300 224 301 240 301 213 301 224 302 213 302 262 302 263 303 261 303 260 303 263 304 260 304 259 304 240 305 216 305 266 305 222 306 243 306 242 306 244 307 243 307 245 307 235 308 210 308 250 308 235 309 250 309 249 309 211 310 210 310 236 310 211 311 236 311 251 311 248 312 247 312 234 312 249 313 248 313 235 313 225 314 262 314 261 314 225 315 261 315 263 315 203 316 205 316 241 316 265 317 255 317 254 317 210 318 235 318 236 318 265 319 241 319 255 319 252 320 251 320 236 320 217 321 216 321 240 321 217 322 240 322 224 322 263 323 259 323 264 323 234 324 235 324 248 324 269 325 238 325 270 325 192 326 268 326 78 326 267 327 239 327 78 327 220 328 119 328 218 328 232 329 290 329 291 329 232 330 291 330 274 330 232 331 274 331 218 331 218 332 274 332 273 332 218 333 273 333 272 333 277 334 289 334 231 334 272 335 220 335 218 335 275 336 290 336 289 336 238 337 194 337 270 337 281 338 215 338 282 338 282 339 215 339 214 339 284 340 214 340 294 340 286 341 269 341 270 341 226 342 286 342 270 342 223 343 287 343 226 343 287 344 286 344 226 344 268 345 288 345 223 345 223 346 288 346 287 346 284 347 283 347 214 347 266 348 216 348 271 348 237 349 291 349 190 349 280 350 279 350 230 350 280 351 230 351 198 351 194 352 285 352 294 352 276 353 275 353 289 353 276 354 289 354 277 354 278 355 277 355 231 355 278 356 231 356 279 356 279 357 231 357 230 357 290 358 275 358 190 358 290 359 190 359 291 359 220 360 272 360 271 360 220 361 271 361 216 361 214 362 283 362 282 362 281 363 293 363 215 363 219 364 267 364 78 364 219 365 78 365 268 365 219 366 268 366 223 366 292 367 293 367 196 367 292 368 196 368 198 368 292 369 198 369 230 369 104 370 201 370 331 370 240 371 331 371 201 371 201 372 213 372 240 372 202 373 104 373 262 373 262 374 104 374 297 374 262 375 297 375 261 375 259 376 260 376 298 376 298 377 260 377 297 377 297 378 260 378 261 378 296 379 258 379 259 379 296 380 259 380 298 380 303 381 241 381 299 381 299 382 241 382 205 382 299 383 205 383 204 383 299 384 204 384 105 384 299 385 105 385 300 385 258 386 296 386 257 386 257 387 296 387 301 387 257 388 301 388 300 388 257 389 300 389 212 389 212 390 300 390 105 390 254 391 255 391 302 391 302 392 255 392 303 392 303 393 255 393 241 393 302 394 304 394 254 394 254 395 304 395 253 395 253 396 304 396 449 396 253 397 449 397 252 397 252 398 449 398 450 398 252 399 450 399 251 399 251 400 450 400 305 400 306 401 207 401 307 401 307 402 207 402 206 402 251 403 305 403 211 403 211 404 305 404 307 404 211 405 307 405 206 405 210 406 207 406 250 406 250 407 207 407 306 407 250 408 306 408 308 408 250 409 308 409 249 409 249 410 308 410 309 410 249 411 309 411 248 411 248 412 309 412 247 412 247 413 309 413 451 413 247 414 451 414 246 414 246 415 451 415 310 415 246 416 310 416 81 416 311 417 244 417 209 417 209 418 208 418 311 418 208 419 80 419 311 419 311 420 80 420 310 420 80 421 81 421 310 421 244 422 311 422 312 422 244 423 312 423 243 423 243 424 312 424 242 424 242 425 312 425 313 425 242 426 313 426 222 426 222 427 313 427 314 427 222 428 314 428 221 428 221 429 314 429 315 429 221 430 315 430 267 430 401 431 192 431 191 431 191 432 77 432 401 432 401 433 77 433 315 433 315 434 77 434 239 434 315 435 239 435 267 435 192 436 401 436 268 436 268 437 401 437 316 437 287 438 288 438 316 438 316 439 288 439 268 439 317 440 287 440 316 440 319 441 269 441 286 441 319 442 286 442 320 442 320 443 286 443 317 443 317 444 286 444 287 444 79 445 238 445 318 445 318 446 238 446 269 446 318 447 269 447 319 447 322 448 193 448 321 448 321 449 193 449 318 449 318 450 193 450 79 450 295 451 284 451 322 451 322 452 284 452 294 452 322 453 294 453 285 453 322 454 285 454 193 454 193 455 285 455 194 455 295 456 283 456 284 456 283 457 295 457 406 457 323 458 293 458 324 458 324 459 293 459 281 459 324 460 281 460 282 460 324 461 282 461 406 461 406 462 282 462 283 462 323 463 195 463 293 463 293 464 195 464 196 464 198 465 197 465 280 465 280 466 197 466 325 466 197 467 323 467 325 467 323 468 197 468 195 468 327 469 278 469 326 469 326 470 278 470 279 470 326 471 279 471 325 471 325 472 279 472 280 472 328 473 275 473 410 473 410 474 275 474 276 474 410 475 276 475 277 475 410 476 277 476 327 476 327 477 277 477 278 477 199 478 190 478 328 478 328 479 190 479 275 479 200 480 291 480 237 480 407 481 200 481 199 481 329 482 274 482 407 482 407 483 274 483 291 483 407 484 291 484 200 484 375 485 272 485 329 485 329 486 272 486 273 486 329 487 273 487 274 487 272 488 375 488 271 488 271 489 375 489 330 489 271 490 330 490 266 490 266 491 330 491 331 491 266 492 331 492 240 492 366 493 336 493 335 493 341 494 366 494 335 494 353 495 342 495 343 495 342 496 344 496 343 496 345 497 332 497 346 497 349 498 350 498 351 498 341 499 461 499 366 499 478 500 367 500 368 500 374 501 336 501 366 501 313 502 399 502 398 502 321 503 392 503 391 503 378 504 394 504 393 504 314 505 313 505 398 505 394 506 378 506 317 506 394 507 317 507 316 507 402 508 322 508 321 508 390 509 406 509 295 509 390 510 295 510 322 510 391 511 322 511 402 511 391 512 402 512 321 512 392 513 321 513 318 513 392 514 318 514 377 514 393 515 377 515 320 515 393 516 320 516 378 516 400 517 316 517 401 517 404 518 323 518 324 518 404 519 324 519 405 519 377 520 318 520 319 520 377 521 319 521 320 521 378 522 320 522 317 522 384 523 411 523 327 523 384 524 327 524 412 524 325 525 323 525 403 525 326 526 325 526 413 526 415 527 410 527 327 527 381 528 375 528 376 528 381 529 376 529 380 529 380 530 376 530 329 530 380 531 329 531 407 531 408 532 407 532 199 532 408 533 199 533 409 533 409 534 199 534 328 534 409 535 328 535 410 535 411 536 410 536 415 536 411 537 415 537 327 537 412 538 327 538 326 538 412 539 326 539 413 539 414 540 413 540 325 540 385 541 384 541 412 541 388 542 387 542 404 542 388 543 404 543 389 543 389 544 406 544 390 544 400 545 396 545 395 545 400 546 395 546 316 546 395 547 394 547 316 547 398 548 397 548 315 548 398 549 315 549 314 549 382 550 380 550 407 550 382 551 407 551 383 551 383 552 407 552 408 552 383 553 408 553 409 553 383 554 409 554 379 554 386 555 413 555 414 555 390 556 322 556 391 556 386 557 414 557 403 557 386 558 403 558 387 558 387 559 403 559 323 559 387 560 323 560 404 560 389 561 404 561 405 561 389 562 405 562 406 562 379 563 409 563 410 563 379 564 410 564 411 564 396 565 400 565 401 565 396 566 401 566 397 566 379 567 411 567 384 567 385 568 412 568 413 568 385 569 413 569 386 569 329 570 376 570 375 570 405 571 324 571 406 571 403 572 414 572 325 572 397 573 401 574 315 575 331 576 419 576 104 576 298 577 297 577 443 577 420 578 296 578 298 578 313 579 312 579 421 579 445 580 435 580 434 580 444 581 436 581 435 581 330 582 439 582 440 582 104 583 441 583 442 583 104 584 442 584 297 584 331 585 330 585 440 585 331 586 440 586 419 586 419 587 440 587 441 587 419 588 441 588 104 588 443 589 444 589 298 589 298 590 444 590 420 590 420 591 445 591 296 591 296 592 445 592 301 592 301 593 446 593 300 593 300 594 446 594 299 594 299 595 447 595 303 595 447 596 448 596 302 596 302 597 448 597 304 597 310 598 423 598 311 598 311 599 423 599 422 599 422 600 399 600 421 600 303 601 447 601 302 601 306 602 426 602 308 602 308 603 426 603 309 603 451 604 424 604 310 604 311 605 422 605 312 605 312 606 422 606 421 606 399 607 313 607 421 607 424 608 451 608 425 608 437 609 436 609 444 609 442 610 438 610 417 610 446 611 434 611 433 611 426 612 427 612 418 612 440 613 416 613 441 613 442 614 417 614 437 614 420 615 444 615 435 615 420 616 435 616 445 616 299 617 446 617 433 617 299 618 433 618 447 618 448 619 447 619 432 619 448 620 432 620 431 620 448 621 431 621 449 621 449 622 431 622 430 622 450 623 449 623 430 623 450 624 430 624 429 624 301 625 445 625 434 625 301 626 434 626 446 626 432 627 447 627 433 627 438 628 442 628 441 628 438 629 441 629 416 629 425 630 451 630 309 630 425 631 309 631 418 631 418 632 309 632 426 632 427 633 426 633 428 633 428 634 426 634 306 634 428 635 306 635 429 635 429 636 306 636 307 636 429 637 307 637 305 637 429 638 305 638 450 638 448 639 449 639 304 639 437 640 444 640 443 640 437 641 443 641 442 641 442 642 443 642 297 642 375 643 439 643 330 643 423 644 310 644 424 644 416 645 440 645 439 645 332 646 424 646 346 646 346 647 424 647 425 647 346 648 425 648 352 648 352 649 425 649 347 649 418 650 347 650 425 650 427 651 348 651 418 651 418 652 348 652 347 652 427 653 354 653 348 653 427 654 428 654 354 654 354 655 428 655 429 655 354 656 429 656 355 656 430 657 356 657 429 657 429 658 356 658 355 658 430 659 431 659 356 659 356 660 431 660 357 660 357 661 431 661 351 661 431 662 432 662 351 662 351 663 432 663 349 663 349 664 432 664 433 664 349 665 433 665 358 665 358 666 433 666 434 666 358 667 434 667 359 667 359 668 434 668 360 668 360 669 434 669 435 669 360 670 435 670 362 670 362 671 435 671 436 671 362 672 436 672 361 672 361 673 436 673 437 673 437 674 417 674 361 674 361 675 417 675 452 675 452 676 417 676 438 676 438 677 416 677 452 677 424 678 332 678 423 678 423 679 332 679 344 679 423 680 344 680 342 680 423 681 342 681 422 681 422 682 342 682 353 682 422 683 353 683 399 683 399 684 353 684 453 684 399 685 453 685 341 685 399 686 341 686 398 686 398 687 341 687 335 687 335 688 336 688 397 688 335 689 397 689 398 689 333 690 396 690 336 690 336 691 396 691 397 691 396 692 333 692 395 692 395 693 333 693 337 693 395 694 337 694 394 694 394 695 337 695 338 695 394 696 338 696 393 696 393 697 338 697 340 697 393 698 340 698 339 698 393 699 339 699 377 699 377 700 339 700 334 700 377 701 334 701 373 701 377 702 373 702 392 702 392 703 373 703 365 703 392 704 365 704 391 704 391 705 365 705 390 705 390 706 365 706 364 706 372 707 389 707 364 707 364 708 389 708 390 708 372 709 388 709 389 709 372 710 363 710 388 710 388 711 363 711 371 711 388 712 371 712 387 712 386 713 371 713 370 713 387 714 371 714 386 714 370 715 369 715 385 715 370 716 385 716 386 716 368 717 384 717 369 717 369 718 384 718 385 718 367 719 379 719 368 719 368 720 379 720 384 720 454 721 383 721 367 721 367 722 383 722 379 722 382 723 383 723 454 723 485 724 461 724 353 724 485 725 353 725 343 725 485 726 343 726 486 726 486 727 343 727 344 727 486 728 344 728 332 728 486 729 332 729 487 729 487 730 332 730 345 730 487 731 345 731 488 731 488 732 345 732 346 732 488 733 346 733 352 733 488 734 352 734 489 734 489 735 352 735 347 735 489 736 347 736 490 736 455 737 494 737 362 737 362 738 494 738 360 738 455 739 362 739 361 739 452 740 469 740 361 740 361 741 469 741 496 741 361 742 496 742 455 742 359 743 493 743 456 743 360 744 494 744 359 744 359 745 494 745 493 745 490 746 347 746 348 746 490 747 348 747 457 747 457 748 348 748 354 748 457 749 354 749 491 749 491 750 354 750 458 750 458 751 354 751 355 751 458 752 355 752 492 752 492 753 355 753 356 753 492 754 356 754 459 754 459 755 356 755 357 755 351 756 460 756 357 756 357 757 460 757 459 757 350 758 349 758 358 758 350 759 358 759 456 759 456 760 358 760 359 760 350 761 460 761 351 761 453 762 353 762 461 762 453 763 461 763 341 763 367 764 497 764 454 764 454 765 497 765 462 765 497 766 367 766 478 766 374 767 366 767 476 767 476 768 366 768 461 768 472 769 463 769 337 769 337 770 333 770 472 770 472 771 333 771 336 771 472 772 336 772 374 772 473 773 339 773 340 773 337 774 463 774 338 774 338 775 463 775 464 775 338 776 464 776 340 776 340 777 464 777 473 777 339 778 473 778 334 778 334 779 473 779 475 779 334 780 475 780 373 780 368 781 369 781 478 781 478 782 369 782 479 782 479 783 369 783 370 783 479 784 370 784 480 784 480 785 370 785 481 785 481 786 370 786 371 786 481 787 371 787 482 787 482 788 371 788 483 788 483 789 371 789 363 789 483 790 363 790 372 790 483 791 372 791 465 791 465 792 372 792 466 792 466 793 372 793 364 793 373 794 475 794 474 794 373 795 474 795 365 795 365 796 474 796 484 796 365 797 484 797 364 797 364 798 484 798 466 798 468 799 469 799 416 799 470 800 380 800 467 800 452 801 416 801 469 801 416 802 471 802 468 802 467 803 380 803 382 803 467 804 382 804 462 804 462 805 382 805 454 805 439 806 471 806 416 806 470 807 381 807 380 807 471 808 439 808 375 808 471 809 375 809 470 809 470 810 375 810 381 810 478 811 479 811 498 811 482 812 483 812 465 812 374 813 518 814 472 815 495 816 494 816 455 816 478 817 498 817 497 817 477 818 462 818 497 818 499 819 469 819 500 819 500 820 469 820 468 820 500 821 468 821 471 821 500 822 471 822 501 822 502 823 496 823 499 823 499 824 496 824 469 824 503 825 455 825 502 825 502 826 455 826 496 826 504 827 495 827 503 827 503 828 495 828 455 828 504 829 505 829 456 829 456 830 493 830 504 830 504 831 493 831 494 831 504 832 494 832 495 832 506 833 350 833 505 833 505 834 350 834 456 834 507 835 460 835 506 835 506 836 460 836 350 836 508 837 459 837 507 837 507 838 459 838 460 838 508 839 509 839 492 839 508 840 492 840 459 840 509 841 458 841 492 841 510 842 458 842 509 842 511 843 457 843 491 843 511 844 491 844 510 844 510 845 491 845 458 845 511 846 490 846 457 846 512 847 489 847 490 847 512 848 490 848 511 848 513 849 488 849 512 849 512 850 488 850 489 850 514 851 486 851 515 851 515 852 486 852 487 852 515 853 487 853 513 853 513 854 487 854 488 854 516 855 485 855 514 855 514 856 485 856 486 856 517 857 461 857 485 857 517 858 485 858 516 858 517 859 476 859 461 859 518 860 374 860 519 860 519 861 374 861 517 861 517 862 374 862 476 862 520 863 463 863 472 863 520 864 472 864 518 864 463 865 520 865 464 865 464 866 520 866 521 866 464 867 521 867 473 867 473 868 521 868 522 868 473 869 522 869 523 869 473 870 523 870 475 870 475 871 523 871 474 871 474 872 523 872 524 872 524 873 484 873 474 873 484 874 524 874 466 874 466 875 524 875 525 875 466 876 525 876 465 876 465 877 525 877 526 877 480 878 481 878 527 878 527 879 481 879 482 879 527 880 482 880 528 880 528 881 482 881 526 881 526 882 482 882 465 882 480 883 527 883 479 883 479 884 527 884 529 884 479 885 529 885 498 885 497 886 498 886 529 886 529 887 530 887 497 887 501 888 471 888 470 888 501 889 470 889 531 889 531 890 470 890 532 890 532 891 470 891 467 891 532 892 467 892 533 892 533 893 467 893 462 893 533 894 462 894 477 894 533 895 477 895 530 895 530 896 477 896 497 896 534 897 535 897 517 897 536 898 501 898 537 898 534 899 517 899 516 899 534 900 516 900 538 900 536 901 500 901 501 901 501 902 531 902 537 902 537 903 531 903 539 903 538 904 516 904 514 904 538 905 514 905 540 905 531 906 532 906 539 906 543 907 519 907 535 907 535 908 519 908 517 908 541 909 500 909 536 909 542 910 518 910 543 910 543 911 518 911 519 911 539 912 532 912 544 912 544 913 532 913 533 913 515 914 540 914 514 914 502 915 545 915 503 915 520 916 546 916 521 916 540 917 515 917 513 917 540 918 513 918 547 918 545 919 502 919 548 919 521 920 546 920 549 920 521 921 549 921 522 921 546 922 520 922 542 922 542 923 520 923 518 923 547 924 513 924 512 924 503 925 545 925 550 925 503 926 550 926 504 926 502 927 499 927 548 927 548 928 499 928 541 928 541 929 499 929 500 929 544 930 533 930 551 930 551 931 533 931 530 931 553 932 523 932 522 932 553 933 522 933 549 933 547 934 512 934 554 934 505 935 504 935 555 935 555 936 504 936 550 936 551 937 530 937 529 937 551 938 529 938 552 938 552 939 529 939 527 939 552 940 527 940 556 940 512 941 511 941 554 941 554 942 511 942 557 942 558 943 507 943 559 943 559 944 507 944 506 944 559 945 506 945 505 945 559 946 505 946 555 946 556 947 527 947 560 947 527 948 528 948 560 948 560 949 528 949 561 949 562 950 524 950 523 950 562 951 523 951 553 951 557 952 511 952 510 952 557 953 510 953 563 953 510 954 509 954 563 954 563 955 509 955 564 955 526 956 565 956 561 956 526 957 561 957 528 957 526 958 525 958 565 958 565 959 525 959 566 959 525 960 524 960 566 960 566 961 524 961 562 961 509 962 508 962 564 962 564 963 508 963 567 963 567 964 508 964 558 964 558 965 508 965 507 965 568 966 569 966 570 966 570 966 569 966 571 966 570 966 571 966 572 966 573 966 574 966 570 966 570 967 574 967 575 967 570 966 575 966 568 966 576 966 577 966 570 966 570 968 577 968 578 968 570 969 578 969 573 969 579 966 580 966 570 966 570 970 580 970 581 970 570 971 581 971 576 971 582 966 583 966 570 966 570 972 583 972 584 972 570 973 584 973 579 973 570 974 586 974 582 974 587 975 588 975 570 975 570 966 588 966 589 966 570 966 589 966 585 966 590 976 591 976 570 976 570 977 591 977 592 977 570 978 592 978 587 978 593 966 594 966 570 966 570 979 594 979 595 979 570 980 595 980 590 980 596 966 597 966 570 966 570 981 597 981 598 981 570 982 598 982 593 982 599 983 600 983 570 983 570 984 600 984 601 984 570 985 601 985 596 985 572 966 602 966 570 966 570 986 602 986 603 986 570 987 603 987 599 987 652 988 606 988 581 988 596 989 541 989 597 989 541 990 596 990 548 990 548 991 596 991 601 991 548 992 601 992 545 992 545 993 601 993 600 993 545 994 600 994 599 994 545 995 599 995 550 995 550 996 599 996 603 996 550 997 603 997 555 997 555 998 603 998 602 998 555 999 602 999 559 999 559 1000 602 1000 572 1000 559 1001 572 1001 558 1001 558 1002 572 1002 571 1002 558 1003 571 1003 567 1003 607 1004 608 1004 571 1004 609 1005 610 1005 686 1005 610 1006 609 1006 668 1006 608 1007 611 1007 571 1007 571 1008 611 1008 609 1008 571 1009 609 1009 567 1009 567 1010 609 1010 686 1010 567 1011 686 1011 612 1011 612 1012 614 1012 567 1012 567 1013 614 1013 615 1013 567 1014 615 1014 564 1014 564 1015 615 1015 613 1015 564 1016 613 1016 563 1016 563 1017 613 1017 680 1017 680 1018 616 1018 563 1018 563 1019 616 1019 557 1019 557 1020 616 1020 617 1020 679 1021 678 1021 554 1021 557 1022 617 1022 679 1022 557 1023 679 1023 554 1023 554 1024 678 1024 547 1024 678 1025 618 1025 547 1025 547 1026 618 1026 677 1026 547 1027 677 1027 540 1027 675 1028 540 1028 676 1028 676 1029 540 1029 677 1029 540 1030 675 1030 538 1030 538 1031 675 1031 674 1031 538 1032 674 1032 534 1032 534 1033 674 1033 673 1033 619 1034 534 1034 673 1034 534 1035 619 1035 535 1035 535 1036 619 1036 620 1036 535 1037 620 1037 543 1037 621 1038 543 1038 622 1038 622 1039 543 1039 620 1039 543 1040 621 1040 542 1040 542 1041 621 1041 672 1041 542 1042 672 1042 781 1042 542 1043 781 1043 546 1043 671 1044 546 1044 781 1044 546 1045 671 1045 623 1045 546 1046 623 1046 549 1046 549 1047 623 1047 669 1047 549 1048 669 1048 553 1048 553 1049 669 1049 670 1049 553 1050 670 1050 624 1050 553 1051 624 1051 562 1051 624 1052 626 1052 562 1052 562 1053 626 1053 566 1053 566 1054 626 1054 625 1054 566 1055 625 1055 565 1055 565 1056 625 1056 627 1056 627 1057 604 1057 565 1057 630 1058 589 1058 628 1058 589 1059 604 1060 629 1061 589 1062 629 1062 628 1062 604 1063 589 1063 565 1063 565 1064 589 1064 588 1064 565 1065 588 1065 561 1065 561 1066 588 1066 587 1066 561 1067 587 1067 560 1067 560 1068 587 1068 592 1068 560 1069 592 1069 556 1069 556 1070 592 1070 591 1070 556 1071 591 1071 552 1071 552 1072 591 1072 590 1072 552 1073 590 1073 551 1073 595 1074 544 1074 590 1074 590 1075 544 1075 551 1075 594 1076 593 1076 537 1076 537 1077 539 1077 594 1077 594 1078 539 1078 595 1078 595 1079 539 1079 544 1079 541 1080 536 1080 597 1080 597 1081 536 1081 598 1081 598 1082 536 1082 593 1082 593 1083 536 1083 537 1083 568 1084 632 1084 569 1084 569 1085 632 1085 631 1085 569 1086 631 1086 571 1086 571 1087 631 1087 607 1087 575 1088 633 1088 568 1088 633 1089 632 1089 568 1089 644 1090 575 1090 574 1090 644 1091 645 1091 575 1091 575 1092 645 1092 633 1092 574 1093 634 1093 644 1093 719 1094 646 1094 573 1094 573 1095 646 1095 634 1095 573 1096 634 1096 574 1096 578 1097 647 1097 719 1097 578 1098 719 1098 573 1098 649 1099 648 1099 577 1099 577 1100 648 1100 578 1100 578 1101 648 1101 647 1101 576 1102 650 1102 577 1102 577 1103 650 1103 649 1103 581 1104 606 1104 651 1104 581 1105 651 1105 576 1105 576 1106 651 1106 650 1106 641 1107 652 1107 580 1107 580 1108 652 1108 581 1108 579 1109 693 1109 641 1109 579 1110 641 1110 580 1110 584 1111 654 1111 579 1111 579 1112 654 1112 693 1112 656 1113 655 1113 583 1113 583 1114 655 1114 584 1114 584 1115 655 1115 654 1115 658 1116 657 1116 582 1116 582 1117 657 1117 583 1117 583 1118 657 1118 656 1118 586 1119 659 1119 658 1119 586 1120 658 1120 582 1120 635 1121 636 1121 570 1121 570 1122 636 1122 586 1122 586 1123 636 1123 659 1123 630 1124 638 1124 589 1124 589 1125 638 1125 639 1125 589 1126 639 1126 585 1126 585 1127 639 1127 637 1127 637 1128 640 1128 585 1128 585 1129 640 1129 570 1129 570 1130 640 1130 635 1130 608 1131 609 1132 642 1133 637 1134 638 1135 630 1136 661 1137 630 1138 662 1139 604 1140 663 1140 629 1140 665 1141 639 1142 638 1143 664 1144 638 1145 665 1146 665 1147 638 1147 637 1147 665 1148 637 1149 639 1150 653 1151 641 1151 693 1151 611 1152 608 1153 642 1154 611 1155 642 1155 609 1155 611 1156 609 1157 643 1158 643 1159 609 1160 608 1161 611 1162 643 1162 668 1162 611 1163 668 1163 609 1163 629 1164 660 1165 628 1166 663 1167 661 1168 629 1169 629 1170 661 1170 660 1170 660 1171 661 1172 628 1173 628 1174 661 1175 666 1176 628 1177 666 1178 629 1179 666 1180 661 1181 662 1182 666 1183 662 1183 629 1183 629 1184 662 1184 630 1184 629 1185 630 1185 628 1185 681 1186 612 1187 615 1188 683 1189 610 1190 668 1191 612 1192 687 1192 614 1192 615 1193 614 1194 681 1195 681 1196 614 1196 687 1196 682 1197 681 1197 687 1197 681 1198 687 1198 612 1198 686 1199 610 1199 612 1199 612 1200 610 1200 684 1200 612 1201 684 1201 685 1201 685 1202 684 1202 686 1202 686 1203 684 1203 683 1203 684 1204 610 1205 683 1206 689 1207 647 1207 648 1207 743 1208 693 1208 691 1208 701 1209 744 1209 696 1209 701 1210 696 1210 704 1210 702 1211 703 1211 704 1211 702 1212 704 1212 696 1212 705 1213 706 1213 702 1213 702 1214 706 1214 703 1214 706 1215 705 1215 707 1215 757 1216 710 1216 711 1216 711 1217 710 1217 709 1217 712 1218 713 1218 757 1218 757 1219 713 1219 710 1219 712 1220 714 1220 715 1220 715 1221 714 1221 716 1221 630 1222 661 1222 663 1222 663 1223 604 1223 630 1223 630 1224 604 1224 605 1224 718 1225 650 1225 651 1225 668 1226 643 1226 608 1226 766 1227 721 1227 722 1227 766 1228 722 1228 667 1228 667 1229 722 1229 723 1229 767 1230 724 1230 766 1230 766 1231 724 1231 721 1231 724 1232 767 1232 725 1232 725 1233 767 1233 770 1233 769 1234 726 1234 770 1234 770 1235 726 1235 725 1235 774 1236 727 1236 768 1236 768 1237 727 1237 769 1237 769 1238 727 1238 726 1238 728 1239 729 1239 730 1239 730 1240 729 1240 731 1240 731 1241 732 1241 730 1241 732 1242 773 1242 733 1242 732 1243 733 1243 734 1243 741 1244 735 1244 736 1244 741 1245 737 1245 735 1245 737 1246 698 1246 699 1246 701 1247 738 1247 744 1247 744 1248 738 1248 739 1248 739 1249 738 1249 699 1249 699 1250 738 1250 740 1250 699 1251 740 1251 737 1251 772 1252 732 1252 731 1252 774 1253 729 1253 728 1253 774 1254 728 1254 727 1254 772 1255 773 1255 732 1255 773 1256 700 1256 736 1256 773 1257 736 1257 733 1257 733 1258 736 1258 734 1258 698 1259 697 1259 699 1259 745 1260 758 1260 708 1260 745 1261 708 1261 749 1261 749 1262 708 1262 707 1262 749 1263 707 1263 751 1263 751 1264 707 1264 705 1264 605 1265 604 1265 717 1265 605 1266 717 1266 746 1266 746 1267 717 1267 716 1267 746 1268 716 1268 714 1268 759 1269 714 1269 712 1269 759 1270 712 1270 757 1270 742 1271 744 1271 739 1271 758 1272 711 1272 709 1272 758 1273 709 1273 708 1273 654 1274 655 1274 692 1274 654 1275 692 1275 693 1275 653 1276 693 1276 743 1276 657 1277 658 1277 750 1277 657 1278 750 1278 748 1278 657 1279 748 1279 656 1279 655 1280 656 1280 751 1280 655 1281 751 1281 692 1281 693 1282 692 1282 691 1282 742 1283 739 1283 695 1283 750 1284 758 1284 748 1284 751 1285 747 1285 692 1285 692 1286 747 1286 691 1286 696 1287 747 1287 702 1287 696 1288 743 1288 691 1288 696 1289 691 1289 747 1289 658 1290 659 1290 750 1290 656 1291 748 1291 749 1291 656 1292 749 1292 751 1292 637 1293 630 1293 752 1293 637 1294 752 1294 640 1294 757 1295 711 1295 756 1295 756 1296 711 1296 758 1296 752 1297 605 1297 746 1297 752 1298 746 1298 753 1298 753 1299 746 1299 714 1299 753 1300 714 1300 754 1300 754 1301 714 1301 759 1301 754 1302 759 1302 755 1302 755 1303 759 1303 757 1303 755 1304 757 1304 756 1304 748 1305 758 1305 745 1305 748 1306 745 1306 749 1306 760 1307 720 1307 632 1307 632 1308 720 1308 631 1308 761 1309 760 1309 632 1309 761 1310 632 1310 633 1310 645 1311 644 1311 762 1311 645 1312 762 1312 763 1312 606 1313 652 1313 695 1313 695 1314 652 1314 641 1314 695 1315 641 1315 653 1315 764 1316 689 1316 648 1316 764 1317 648 1317 649 1317 765 1318 649 1318 718 1318 743 1319 742 1319 653 1319 653 1320 742 1320 695 1320 695 1321 694 1321 606 1321 606 1322 694 1322 718 1322 649 1323 650 1323 718 1323 606 1324 718 1324 651 1324 667 1325 668 1325 766 1325 766 1326 668 1326 690 1326 766 1327 690 1327 767 1327 763 1328 761 1328 633 1328 763 1329 633 1329 645 1329 769 1330 770 1330 760 1330 760 1331 770 1331 720 1331 720 1332 690 1332 607 1332 607 1333 690 1333 608 1333 644 1334 634 1334 771 1334 644 1335 771 1335 762 1335 763 1336 762 1336 774 1336 775 1337 771 1337 646 1337 646 1338 719 1338 775 1338 775 1339 719 1339 772 1339 719 1340 647 1340 689 1340 719 1341 689 1341 772 1341 718 1342 694 1342 699 1342 764 1343 649 1343 688 1343 688 1344 649 1344 765 1344 694 1345 695 1345 699 1345 699 1346 695 1346 739 1346 688 1347 773 1347 764 1347 764 1348 773 1348 689 1348 689 1349 773 1349 772 1349 772 1350 731 1350 775 1350 775 1351 731 1351 729 1351 697 1352 765 1352 718 1352 698 1353 741 1353 765 1353 765 1354 741 1354 688 1354 770 1355 767 1355 720 1355 720 1356 767 1356 690 1356 690 1357 668 1357 608 1357 698 1358 737 1358 741 1358 741 1359 736 1359 700 1359 700 1360 773 1360 688 1360 718 1361 699 1361 697 1361 741 1362 700 1362 688 1362 607 1363 631 1363 720 1363 760 1364 761 1364 769 1364 769 1365 761 1365 763 1365 769 1366 763 1366 768 1366 768 1367 763 1367 774 1367 774 1368 771 1368 729 1368 729 1369 771 1369 775 1369 698 1370 765 1370 697 1370 742 1371 743 1371 744 1371 744 1372 743 1372 696 1372 705 1373 702 1373 747 1373 705 1374 747 1374 751 1374 630 1375 605 1375 752 1375 640 1376 752 1376 753 1376 640 1377 753 1377 635 1377 635 1378 753 1378 754 1378 635 1379 754 1379 636 1379 636 1380 754 1380 755 1380 636 1381 755 1381 659 1381 659 1382 755 1382 756 1382 659 1383 756 1383 750 1383 750 1384 756 1384 758 1384 771 1385 774 1385 762 1385 646 1386 771 1386 634 1386 848 1387 858 1387 776 1387 782 1388 783 1388 839 1388 840 1389 787 1389 841 1389 841 1390 787 1390 788 1390 791 1391 776 1391 792 1391 776 1392 791 1392 793 1392 622 1393 620 1393 798 1393 800 1394 627 1394 625 1394 801 1395 604 1395 627 1395 717 1396 604 1396 801 1396 797 1397 683 1397 668 1397 612 1398 685 1398 797 1398 685 1399 686 1399 797 1399 797 1400 686 1400 683 1400 802 1401 680 1401 613 1401 676 1402 677 1402 803 1402 850 1403 804 1403 805 1403 667 1404 723 1404 853 1404 853 1405 723 1405 807 1405 808 1406 852 1406 853 1406 808 1407 853 1407 807 1407 795 1408 794 1408 796 1408 810 1409 854 1409 811 1409 811 1410 813 1410 810 1410 810 1411 813 1411 812 1411 793 1412 814 1412 795 1412 793 1413 791 1413 814 1413 814 1414 815 1414 795 1414 795 1415 815 1415 816 1415 812 1416 791 1416 792 1416 849 1417 805 1417 854 1417 854 1418 805 1418 811 1418 795 1419 816 1419 794 1419 790 1420 786 1420 817 1420 817 1421 820 1421 821 1421 818 1422 785 1422 819 1422 717 1423 801 1423 788 1423 786 1424 820 1424 817 1424 819 1425 785 1425 828 1425 822 1426 819 1426 828 1426 786 1427 827 1427 820 1427 820 1428 827 1428 784 1428 783 1429 829 1429 840 1429 839 1430 783 1430 840 1430 823 1431 782 1431 839 1431 788 1432 787 1432 717 1432 840 1433 829 1433 787 1433 619 1434 798 1434 620 1434 798 1435 619 1435 830 1435 779 1436 778 1436 671 1436 671 1437 781 1437 779 1437 798 1438 809 1438 789 1438 790 1439 817 1439 789 1439 780 1440 817 1440 821 1440 831 1441 821 1441 818 1441 831 1442 818 1442 832 1442 825 1443 782 1443 823 1443 825 1444 823 1444 824 1444 825 1445 824 1445 826 1445 826 1446 824 1446 834 1446 826 1447 834 1447 822 1447 822 1448 834 1448 833 1448 822 1449 833 1449 819 1449 819 1450 833 1450 832 1450 819 1451 832 1451 818 1451 784 1452 785 1452 820 1452 820 1453 785 1453 818 1453 820 1454 818 1454 821 1454 778 1455 824 1455 835 1455 671 1456 778 1456 623 1456 670 1457 669 1457 835 1457 670 1458 835 1458 836 1458 669 1459 623 1459 778 1459 669 1460 778 1460 835 1460 836 1461 835 1461 824 1461 836 1462 824 1462 823 1462 672 1463 621 1463 831 1463 672 1464 831 1464 781 1464 626 1465 624 1465 837 1465 626 1466 837 1466 838 1466 838 1467 837 1467 839 1467 838 1468 839 1468 840 1468 833 1469 834 1469 779 1469 833 1470 779 1470 832 1470 834 1471 824 1471 778 1471 834 1472 778 1472 779 1472 832 1473 779 1473 781 1473 832 1474 781 1474 831 1474 821 1475 831 1475 621 1475 821 1476 621 1476 780 1476 625 1477 626 1477 799 1477 799 1478 626 1478 838 1478 799 1479 838 1479 840 1479 799 1480 840 1480 841 1480 625 1481 799 1481 800 1481 800 1482 799 1482 841 1482 800 1483 841 1483 788 1483 627 1484 800 1484 801 1484 801 1485 800 1485 788 1485 823 1486 839 1486 836 1486 836 1487 839 1487 837 1487 836 1488 837 1488 624 1488 836 1489 624 1489 670 1489 612 1490 797 1490 615 1490 613 1491 615 1491 802 1491 679 1492 617 1492 842 1492 855 1493 678 1493 842 1493 842 1494 678 1494 679 1494 796 1495 674 1495 675 1495 796 1496 675 1496 847 1496 847 1497 675 1497 848 1497 849 1498 843 1498 850 1498 850 1499 843 1499 844 1499 850 1500 844 1500 851 1500 851 1501 844 1501 845 1501 851 1502 845 1502 852 1502 852 1503 845 1503 802 1503 852 1504 802 1504 853 1504 853 1505 802 1505 846 1505 853 1506 846 1506 667 1506 667 1507 846 1507 797 1507 667 1508 797 1508 668 1508 849 1509 850 1509 805 1509 854 1510 855 1510 842 1510 615 1511 797 1511 846 1511 615 1512 846 1512 802 1512 680 1513 802 1513 845 1513 680 1514 845 1514 616 1514 616 1515 845 1515 844 1515 616 1516 844 1516 617 1516 617 1517 844 1517 843 1517 617 1518 843 1518 842 1518 842 1519 843 1519 849 1519 842 1520 849 1520 854 1520 855 1521 856 1521 857 1521 855 1522 857 1522 678 1522 678 1523 857 1523 618 1523 675 1524 676 1524 858 1524 675 1525 858 1525 848 1525 673 1526 674 1526 777 1526 777 1527 674 1527 796 1527 792 1528 776 1528 858 1528 792 1529 858 1529 803 1529 803 1530 858 1530 676 1530 808 1531 806 1531 852 1531 852 1532 806 1532 851 1532 854 1533 810 1533 855 1533 855 1534 810 1534 856 1534 856 1535 792 1535 803 1535 856 1536 803 1536 857 1536 857 1537 803 1537 618 1537 618 1538 803 1538 677 1538 796 1539 794 1539 777 1539 777 1540 794 1540 809 1540 777 1541 809 1541 830 1541 795 1542 796 1542 847 1542 793 1543 795 1543 847 1543 793 1544 847 1544 859 1544 793 1545 859 1545 776 1545 812 1546 792 1546 856 1546 812 1547 856 1547 810 1547 776 1548 859 1548 848 1548 848 1549 859 1549 847 1549 806 1550 804 1550 851 1550 851 1551 804 1551 850 1551 777 1552 830 1552 619 1552 777 1553 619 1553 673 1553 816 1554 860 1554 809 1554 809 1555 860 1555 861 1555 809 1556 861 1556 790 1556 790 1557 861 1557 786 1557 786 1558 861 1558 827 1558 794 1559 816 1559 809 1559 809 1560 790 1560 789 1560 621 1561 622 1561 780 1561 780 1562 622 1562 817 1562 817 1563 798 1563 789 1563 830 1564 809 1564 798 1564 798 1565 817 1565 622 1565 862 1566 716 1566 717 1566 863 1567 709 1567 710 1567 740 1568 864 1568 737 1568 865 1569 734 1569 736 1569 730 1570 866 1570 728 1570 728 1571 867 1571 727 1571 811 1572 868 1572 813 1572 869 1573 814 1573 791 1573 816 1574 870 1574 860 1574 871 1575 861 1575 860 1575 872 1576 822 1576 828 1576 873 1577 782 1577 825 1577 874 1578 717 1578 787 1578 732 1579 734 1579 875 1579 732 1580 875 1580 730 1580 715 1581 876 1581 712 1581 735 1582 877 1582 736 1582 728 1583 878 1583 867 1583 806 1584 879 1584 804 1584 804 1585 879 1585 880 1585 804 1586 880 1586 805 1586 805 1587 880 1587 881 1587 805 1588 881 1588 811 1588 812 1589 882 1589 791 1589 791 1590 882 1590 883 1590 791 1591 883 1591 869 1591 863 1592 884 1592 709 1592 709 1593 884 1593 885 1593 709 1594 885 1594 708 1594 708 1595 885 1595 886 1595 708 1596 886 1596 707 1596 706 1597 887 1597 703 1597 808 1598 888 1598 806 1598 860 1599 889 1599 871 1599 822 1600 890 1600 826 1600 826 1601 890 1601 891 1601 826 1602 891 1602 825 1602 825 1603 891 1603 892 1603 825 1604 892 1604 873 1604 782 1605 893 1605 783 1605 783 1606 893 1606 894 1606 783 1607 894 1607 829 1607 787 1608 829 1608 895 1608 787 1609 895 1609 874 1609 717 1610 874 1610 896 1610 717 1611 896 1611 862 1611 887 1612 897 1612 703 1612 703 1613 897 1613 898 1613 703 1614 898 1614 704 1614 704 1615 898 1615 899 1615 704 1616 899 1616 701 1616 701 1617 899 1617 900 1617 701 1618 900 1618 738 1618 740 1619 901 1619 864 1619 721 1620 902 1620 722 1620</p>
        </triangles>
      </mesh>
    </geometry>
    <geometry id="eSeries_UR5e_019-mesh" name="eSeries UR5e.019">
      <mesh>
        <source id="eSeries_UR5e_019-mesh-positions">
          <float_array id="eSeries_UR5e_019-mesh-positions-array" count="3078">36.06249 -36.56456 48.49014 37.32487 -37.26858 49.31877 37.03435 -36.54999 49.04252 36.55244 -37.41442 49.05039 36.06203 -37.8819 49.20982 34.77878 -37.27494 49.32107 34.86698 -35.88156 49.25558 35.56666 -35.71432 49.05208 36.06174 -35.10485 49.32405 36.55306 -35.71511 49.05054 37.29117 -35.79475 49.31899 -36.0624 -36.56456 48.49014 -34.79299 -37.26989 49.32147 -34.8483 -35.75329 49.31918 -37.27659 -37.35738 49.31172 -37.04634 -36.55981 49.05131 -37.35835 -35.90898 49.32036 -36.58272 -35.74386 49.04521 -36.06869 -35.2027 49.24737 -35.0836 -36.5697 49.04892 -35.57829 -37.42102 49.05108 -36.02399 -37.95924 49.26738 36.04797 -35.12789 50.58532 37.31006 -35.79765 50.5712 37.04658 -36.63402 50.32646 36.53389 -37.40152 50.3064 37.34042 -37.24965 50.56877 36.09321 -38.00878 50.58045 35.07462 -36.56596 50.31674 34.90966 -37.42348 50.60381 34.74811 -35.90978 50.58243 35.58319 -35.7276 50.3083 -35.49652 -37.36628 50.31988 -35.9667 -37.97528 50.56595 -37.25321 -37.39492 50.57638 -37.03974 -36.6514 50.31988 -37.38926 -35.91154 50.58121 -36.57381 -35.71189 50.3317 -35.58171 -35.71862 50.31579 -36.08316 -35.04386 50.57882 -34.85675 -35.78085 50.57498 -34.72047 -37.19301 50.59508 -35.09402 -36.50101 50.31272 36.06249 35.56033 60.49014 37.32489 34.85626 61.31887 37.03435 35.57484 61.04251 36.5525 34.7105 61.05038 36.08134 34.11068 61.3197 35.54501 34.7367 61.04507 34.77836 34.87475 61.31578 34.86525 36.2444 61.25644 35.57214 36.40985 61.05044 36.06078 37.01997 61.32402 36.55306 36.40979 61.05054 37.29118 36.33016 61.31888 -36.0624 35.56033 60.49014 -34.79999 34.85627 61.31883 -35.09054 35.57488 61.04249 -35.57239 34.71049 61.05038 -36.04359 34.11068 61.31961 -36.57991 34.73672 61.04514 -37.34598 34.87498 61.31541 -37.25779 36.2436 61.25558 -36.55276 36.40985 61.05043 -36.05488 36.88853 61.21921 -34.82856 36.32166 61.31794 36.03575 36.98759 62.57305 37.31008 36.32726 62.57117 37.04658 35.49084 62.32651 36.534 34.72343 62.30635 37.34042 34.87511 62.56881 36.09416 34.12869 62.57506 35.07361 35.55799 62.31717 34.89516 34.738 62.57215 34.77151 36.24343 62.5648 35.59055 36.39688 62.30624 33.37754 -37.54061 49.92463 35.04379 -39.23112 49.9247 37.92595 -34.42826 49.93201 36.02945 -33.75411 49.9053 33.48664 -35.40707 49.92401 34.63108 -34.14675 49.88638 38.81043 -36.07926 49.93233 38.64244 -37.72145 49.91867 37.24606 -39.12719 49.91514 -37.78662 -34.35149 49.94198 -35.20581 -39.20228 49.92428 -33.98229 -38.47962 49.9015 -33.56427 -35.4024 49.98295 -34.55273 -34.18367 49.90987 -33.24679 -36.71283 49.90889 -36.60302 -39.30416 49.94749 -37.78327 -38.77165 49.91736 -38.79879 -37.25662 49.93176 -38.66181 -35.51376 49.91236 -36.07243 37.00889 62.58602 -34.81087 36.31997 62.57092 -35.07832 35.49085 62.32651 -35.59087 34.72343 62.3064 -34.78481 34.87595 62.56806 -36.03091 34.12871 62.57501 -37.05046 35.55864 62.31654 -37.23107 34.73859 62.57215 -37.35133 36.22296 62.5603 -36.53532 36.39595 62.30513 -36.21413 -33.77465 49.91308 -26.84569 -22.37714 61.54884 -20.80078 -13.15239 62.76291 3.791757 -8.87255 63.3233 13.55477 -24.51134 61.26834 -6.802675 -17.8778 62.14185 -24.13878 -24.52684 61.26356 -15.77064 -17.00306 62.25545 4.085253 16.06605 66.61102 6.883907 18.18026 66.88774 2.083949 -13.49136 62.71772 -22.28761 -8.25695 63.63607 -27.1601 21.08994 67.27091 -21.57273 -3.442243 64.04566 13.62417 15.46287 66.53094 -1.447696 -16.28618 62.34996 -15.21559 5.993289 65.28427 -15.03664 8.791001 65.65392 12.2249 17.50703 66.80194 -3.662243 16.5761 66.68045 -7.546654 10.26023 65.8449 26.98599 26.5724 67.99553 20.98146 17.55694 66.80373 -9.232343 13.64707 66.28817 0.3192821 22.78909 67.48931 -24.28779 28.97041 68.3085 21.28721 -24.5623 61.25994 24.79895 -24.39247 61.27804 -7.834008 4.864914 65.13436 -2.118988 20.31224 67.16828 18.45083 21.66912 67.3461 5.568336 24.60907 67.73558 24.04628 29.03457 68.31478 9.955913 24.77167 68.00359 14.85697 23.90861 67.64312 27.04094 -21.65587 61.64467 -13.21813 -3.004164 64.09738 -14.52174 -6.60919 63.62469 -3.957869 -8.408645 63.38671 -12.35743 -10.67742 63.09046 -8.675319 -11.18251 63.02262 -5.589528 -10.41646 63.12394 -13.93054 -9.178697 63.28563 33.49984 34.42708 61.96596 35.1012 32.87684 61.92688 37.83745 37.76243 61.96471 33.43763 36.73187 61.9188 35.42536 38.3407 61.94661 38.90761 35.56868 61.92929 38.08327 33.60338 61.9105 36.88663 32.89972 61.91069 35.99505 -33.73445 48.56849 37.79367 -34.27098 48.56948 38.85852 -36.04858 48.56871 38.50251 -38.09906 48.56784 36.80159 -39.29904 48.56836 34.80453 -39.1598 48.56899 33.12737 -36.84536 48.56884 34.23374 -34.36479 48.56824 33.02001 -38.04508 48.66186 32.60245 -36.53441 48.84683 33.12041 -34.77573 48.70428 34.45373 -33.59072 48.6387 35.8869 -33.20529 48.66443 37.4281 -33.4245 48.71031 -34.00759 -34.51314 48.56858 -33.22165 -36.56711 48.5685 -38.12517 -38.60529 48.56803 -36.1421 -39.38885 48.56716 -34.00664 -38.68064 48.52817 -38.90285 -36.56357 48.5684 -35.97619 -33.73785 48.5684 -38.02492 -34.40814 48.5687 -37.87488 -33.74034 48.67936 -36.39862 -33.13935 48.72859 -34.38478 -33.62325 48.65723 -33.27968 -34.57859 48.78163 -32.72897 -37.65933 48.79417 -32.79769 -35.75588 48.65995 -40.80655 -35.97988 48.88449 -41.32621 -36.49945 48.5974 -38.62611 34.43412 61.96961 -37.32624 33.07874 61.9591 -33.38333 36.43889 61.94229 -34.51729 37.92108 61.89242 -36.57578 38.37513 61.89533 -38.12515 37.42356 61.97923 -38.81451 36.04535 61.92379 -33.38194 34.81997 61.93047 -34.06763 33.56304 61.88575 -35.64882 32.75364 61.90817 5.50891 17.60046 67.26589 8.711003 18.21325 67.33964 3.988998 15.67933 66.99517 13.63283 15.48817 66.96622 -27.06228 -21.9133 62.06805 -25.68075 -23.78602 61.82395 -14.87228 7.14912 65.91788 -15.25562 5.839812 65.72209 -14.97952 8.324329 66.03192 -21.14281 -2.960375 64.53326 -19.97702 -14.04999 63.07539 -21.6827 -11.20048 63.4622 -5.624125 -17.64347 62.57221 -9.095701 -17.92853 62.5558 2.810402 -12.17227 63.27909 3.731467 -9.13441 63.75338 0.527097 -15.08636 62.93525 -2.439342 -16.73825 62.71349 26.51311 27.26063 68.54829 24.03428 29.04034 68.75962 24.68367 -24.36126 61.64771 25.88525 -23.63936 61.86211 21.23018 -24.64462 61.71465 21.12146 16.04455 67.02605 14.36423 23.93833 68.08087 17.05439 22.72997 67.86148 18.62857 21.33421 67.76404 20.27767 19.08 67.42954 3.227637 23.97971 68.06559 -3.343875 17.43064 67.24149 -2.146848 20.15849 67.6003 -3.846788 -8.02258 63.87831 -6.05551 -10.75214 63.51246 -10.10032 -11.27341 63.44696 -14.52871 -6.503397 64.08806 -13.68746 -9.691428 63.65845 -12.4691 -10.64726 63.49373 -7.435428 6.848478 65.81465 -9.024714 2.56301 65.21816 -24.28828 28.6203 68.70264 -23.92623 29.09581 68.74949 37.37863 32.44213 60.72416 42.12065 35.87062 64.19 37.99429 -33.13409 56.07024 32.95865 -38.59695 53.21617 32.42976 -38.20529 55.28944 33.14883 -33.82277 58.03327 34.8023 -32.7488 58.14783 37.02595 -32.60205 57.56473 41.95912 -36.31807 48.85191 40.6876 -35.91525 48.83247 43.70245 -36.07315 48.63844 41.09255 -36.39865 48.6137 35.4934 -41.38607 48.62797 35.02293 -43.65763 48.78045 35.11227 -40.92682 48.81749 -38.23686 -33.37511 55.3849 -36.45851 -32.55646 57.60018 -34.55261 -32.75602 58.4622 -32.19288 -37.15882 56.08693 -32.74765 -38.44015 54.16955 -35.47441 -42.18151 48.62171 -35.16318 -40.87359 48.67808 -35.49582 -43.25079 48.41432 -33.6081 -44.30486 50.07739 -44.28886 -35.92777 47.79936 -42.68379 -36.40879 48.6591 -37.92251 32.73788 60.85748 -41.3373 35.10266 65.75697 -33.15841 33.81317 60.84244 -33.11096 37.19746 60.80934 -32.60985 37.23215 68.46555 -32.73811 35.48125 60.67715 -32.21269 35.16902 68.20491 -33.44266 32.74253 67.61627 -34.62829 32.52385 60.70679 -35.48747 31.7853 67.57759 -37.55939 32.04296 67.59059 -32.21982 39.81187 70.18499 11.53939 17.73878 67.26368 12.74054 17.04273 67.21132 13.59563 -24.62211 61.69731 -23.97262 -24.65902 61.70276 -27.19338 21.13591 67.73996 -15.78839 9.772213 66.21984 -22.0498 -5.902923 64.15202 -16.83757 -16.52442 62.71976 -13.48333 -17.5385 62.62999 27.18753 25.58485 68.33327 27.0631 -21.77525 62.07405 23.23313 -24.80777 61.68901 7.285922 24.72387 68.18821 -0.2262868 22.2629 67.83274 -3.737313 10.04521 66.27481 -4.475263 -9.465995 63.71441 -14.29716 -8.555206 63.8488 -13.38387 -3.290988 64.50242 -7.698523 10.63899 66.36753 -9.139266 13.42276 66.69379 33.44034 32.78703 67.71661 32.38059 32.895 68.79989 31.95108 32.13486 69.14443 36.03559 30.29322 68.86851 33.83823 31.91772 68.45667 35.96213 31.38551 68.18437 32.32687 34.39363 68.24651 31.114 35.68041 69.54267 39.59468 31.32505 68.97303 32.75595 39.18835 69.97118 31.8951 36.81829 69.30093 32.36014 36.75737 68.44126 35.44273 31.8116 67.34075 37.6335 32.03729 67.80924 -31.32912 33.55025 69.3242 -31.9068 36.85145 69.31541 -34.61519 31.39805 68.51194 -33.07518 32.09927 68.78688 -35.99439 30.15466 68.91689 -33.88477 30.02358 68.93821 -30.8819 35.95027 69.66827 -36.51247 31.38747 68.21332 -32.11373 34.32928 68.63552 -39.49997 30.98847 68.98273 33.06761 37.04961 60.7059 35.68475 32.28207 60.6826 34.16651 32.70268 60.85547 32.67374 35.47637 60.86082 34.52645 38.04439 60.56812 33.23528 35.92779 60.56426 34.07618 33.32468 60.54061 37.16036 32.85614 60.56702 38.87041 34.94435 60.56718 38.44984 37.1165 60.56862 36.91823 38.27642 60.56853 33.07268 34.15714 60.66341 37.13508 41.97114 60.61761 42.13327 36.42794 60.63418 44.51445 35.97513 62.30839 43.63917 36.58906 60.77159 42.94707 36.64276 60.66106 43.58035 34.3926 66.08567 42.00627 33.36173 67.77661 42.21796 35.0294 66.23559 43.88533 35.73242 64.29576 40.34066 33.39694 67.93775 32.20049 -35.37183 57.6417 34.15244 -41.80376 52.04405 39.76908 -32.21725 57.57994 41.42419 -33.54623 55.47668 30.88822 -36.62516 58.65732 32.33413 -41.9023 54.33203 30.92012 -40.17382 56.56056 31.30503 -33.87289 59.76468 34.74047 -32.10805 59.36196 34.392 -31.22457 60.12582 32.23676 -33.97565 59.07824 41.04138 -35.30589 52.2688 43.22113 -34.58915 52.54398 42.62331 -36.84929 48.29738 43.44521 -37.05283 47.18538 38.89657 -41.41322 47.34017 35.27856 -44.06977 48.02159 35.72611 -42.73581 48.47231 33.60665 -43.54306 51.30465 -34.44722 -41.30034 51.32188 -30.79578 -40.81516 56.27511 -33.94617 -42.67245 51.86532 -31.14316 -33.87861 59.82228 -31.97059 -38.17049 56.42898 -37.38595 -32.29985 58.13811 -41.20984 -32.80603 56.29465 -40.39431 -34.22355 54.61555 -38.4948 -31.47764 58.66781 -34.13199 -31.63333 60.03861 -31.64839 -34.8811 58.97233 -32.34083 -42.15349 54.09812 -32.21138 -35.44363 57.54924 -33.04868 -33.80955 58.41387 -36.18559 -43.68999 47.33049 -42.83201 -36.9153 48.1068 -41.46138 -39.18309 47.03926 -41.37088 -35.62928 51.36205 -43.0463 -34.96285 52.17173 -39.86545 32.26943 68.61351 -41.62441 32.3927 68.26325 -42.54108 34.43206 66.87312 -40.49476 33.63039 67.76904 -43.70035 36.63357 60.44854 -44.62202 35.87173 62.43521 -43.49565 36.15534 63.63052 -42.51163 36.47284 60.8548 -42.38337 36.11259 63.4551 -43.91935 35.34128 64.78813 -37.60377 38.04048 60.56816 -38.88993 35.91625 60.56843 -38.46177 34.02539 60.56802 -36.49738 32.67591 60.56919 -33.90611 33.60098 60.54035 -33.21524 36.43107 60.55992 -35.20666 38.27642 60.56854 -36.68018 32.30599 60.65481 -37.18412 41.99567 60.59622 -36.54195 42.04356 66.00837 -34.8278 40.30333 68.59312 -33.03658 39.22687 69.80674 -34.27517 41.31575 69.28599 -36.41637 44.0647 64.90802 -35.66153 42.96154 67.52174 -36.8828 43.36293 64.32059 -32.70037 -28.30297 61.22681 27.60551 -32.9226 60.58695 -2.619826 -42.34365 59.36445 46.29187 -2.221282 64.64155 42.55552 -13.78186 63.15182 14.06466 51.22916 71.53308 26.49407 45.22736 70.78067 -16.01638 49.81042 71.49655 0.8384155 52.56191 71.87654 -41.49109 -16.40888 62.76657 -46.22253 -4.893504 64.22589 -46.35294 13.09896 66.62687 35.08145 40.39479 68.20516 36.32616 42.56547 66.52319 34.82706 41.39498 68.86342 33.65993 40.65401 69.67449 36.93106 42.45855 64.39428 36.48478 43.86854 65.13414 35.50445 42.95331 67.66551 43.99419 36.69226 59.77241 42.81209 37.14064 60.21966 -54.84216 16.39671 58.00059 -56.24304 11.0433 55.76391 -50.36557 -26.93998 49.34621 -36.12563 -44.32921 45.15784 13.48177 -55.40549 43.88421 48.54456 -30.18607 48.44217 47.86558 31.40102 61.45636 45.9785 27.78069 66.69966 32.72531 -46.85803 44.80516 38.93482 -42.04069 44.47162 46.45469 -32.20403 50.27636 40.74105 -27.12589 59.86032 38.33938 -24.23127 61.50467 -24.97729 -41.99375 57.42164 -41.01989 -26.8582 59.86421 -45.60815 -31.54076 52.83294 -47.32045 -31.98468 48.1505 -22.24147 -39.1353 59.36846 21.87876 -39.20286 59.39976 46.98228 30.14494 64.8966 50.55133 26.781 60.47594 53.51909 20.33219 59.00097 55.9835 11.85047 57.1488 57.09387 3.721565 55.31457 57.118 -4.868471 52.41219 55.8 -13.17947 50.46934 52.49754 -22.66492 49.9127 27.28017 -50.10494 44.83274 22.89021 -52.23162 44.50752 18.31871 -54.09317 43.43474 8.974435 -56.32 43.65095 1.741377 -57.24417 41.42072 -4.95564 -56.79574 43.67873 -9.628699 -56.20445 43.7417 -17.1931 -54.59066 42.37539 -24.83176 -51.35557 44.78414 -30.51687 -48.20067 45.21194 -52.69103 -22.318 49.43664 -55.23437 -14.78689 51.602 -56.48018 -7.656495 53.87596 -57.04748 -3.128786 54.10404 -57.17773 1.304687 54.8374 -56.77652 5.695393 56.51275 -51.91897 24.12403 59.87607 -47.70375 31.4412 62.07727 -46.72925 30.42928 64.97035 -15.79955 -54.46772 45.34267 2.142998 -56.53478 45.49026 -9.59075 -44.74761 58.25516 -52.525 -19.10949 54.52117 -49.27086 -26.20001 53.22309 -47.7394 -25.71928 55.82799 -50.67876 -16.59999 58.59993 -45.61922 -24.46205 58.55302 -47.75245 -15.75229 61.11853 -43.09679 -20.99195 61.31642 -52.70526 -12.18191 58.61477 -54.72111 -10.12164 56.69136 -50.60464 -9.836286 61.26411 -56.03091 -1.508671 57.63887 -54.66558 -1.744966 59.78474 -52.39988 -1.903185 62.07993 -48.79022 -4.577665 63.56993 -55.13476 6.835366 60.23963 -53.04506 7.890889 62.91936 -49.9234 3.911888 64.55861 -55.65458 11.49024 58.54224 -53.6317 15.03518 61.77063 -49.90219 11.14746 65.28778 -50.94461 16.21109 64.63337 -51.19452 23.50099 62.35975 -50.19581 22.41364 64.30358 -47.77933 23.95965 66.16287 -45.87428 22.05082 67.2901 46.01824 -23.42557 58.87048 50.84103 -17.94207 57.68535 50.69977 -13.28685 60.06806 51.35034 -6.115665 61.81686 53.84021 -4.033434 60.26372 51.64002 3.069681 63.491 52.00366 9.34255 63.82828 52.67229 14.60511 63.10631 49.28794 16.0331 65.80799 50.03936 22.52767 64.45146 -22.00014 -46.59347 54.87715 -14.31895 -49.40937 54.45842 -6.230697 -51.01688 54.21749 1.956469 -51.34889 54.16777 10.16812 -50.39753 54.30955 16.0851 -48.91064 54.59098 24.36847 -46.15085 54.47489 44.58485 -18.48258 61.58797 48.80812 -6.320858 63.23729 45.02659 23.7608 67.64864 -17.32813 -45.58526 56.86327 -6.050968 -48.38409 56.48171 7.557142 -48.12029 56.50752 16.284 -43.71774 58.13528 23.7084 -43.65425 56.72725 47.89777 7.789137 65.75305 4.830353 -45.33268 58.22607 56.59431 -2.139773 56.26546 55.82435 -10.0423 54.29312 53.63349 -18.39631 52.60826 49.23608 -26.26635 53.21199 55.80477 2.412691 58.87046 55.06656 11.15197 60.00128 52.13164 21.42343 61.98366 29.92975 -46.91794 49.69389 17.93821 -52.53611 48.91458 11.51819 -54.33705 48.43431 23.95069 -50.15769 49.14493 52.47838 -18.23596 55.28231 54.369 -10.11948 57.25807 47.69159 -25.80932 55.81251 54.12536 6.250651 61.6348 -29.52553 -46.25706 51.21566 -24.02939 -50.12051 49.15101 -15.65817 -53.29898 48.61882 -6.79856 -55.11765 48.31157 2.500128 -55.14233 49.00266 -23.12259 -48.61086 52.18335 -15.05853 -51.62448 51.70915 -6.543706 -53.34715 51.43551 2.657318 -53.51494 51.59946 10.73718 -52.67391 51.54177 23.01771 -48.65999 52.17519 -43.98462 36.7311 59.78527 -42.50335 36.81117 60.53329 -36.83022 44.13405 60.10805 -37.23838 42.98013 60.72956 -1.566832 57.35529 66.11504 -5.252275 56.72206 68.88721 -10.14556 56.30173 67.92608 -16.61199 54.77522 67.10637 -26.40833 50.67837 66.70817 -30.89752 48.03066 66.16646 10.74982 56.07002 68.20554 5.447914 56.8345 68.39611 15.85634 54.69208 68.44942 25.98715 51.03516 65.9888 22.89956 52.34911 67.3565 32.03765 47.52672 65.05596 0.03251093 56.98071 68.68306 2.853198 55.83345 70.42491 12.95882 54.04784 70.37496 21.19233 51.37321 69.72441 27.86103 47.79788 69.29152 30.65401 47.10433 67.89565 -22.19278 48.77644 70.83713 -13.04069 53.71746 70.65193 -8.98259 52.89804 71.57785 -3.095055 54.54862 71.34976 7.798863 53.55047 71.43805 22.39284 48.89876 70.73385 -21.52405 52.95917 67.21404 -28.37895 47.70611 69.06131 -18.51463 52.89609 69.62632 -29.02632 44.85866 70.13389 37.11915 43.65858 60.49807 6.591066 -58.59135 15.11903 -12.96415 -57.0669 15.96388 7.747323 -57.92648 15.86647 -2.737282 -58.48609 15.36402 21.23087 -55.14317 16.58715 18.05049 -55.61692 16.75184 -22.5947 -53.84818 17.54678 17.2488 -57.62003 15.3151 37.8999 43.15746 59.37078 37.63814 42.83744 60.03732 -57.55705 5.874868 43.67856 -40.93336 40.55348 58.37418 -45.44896 35.4627 56.24573 -48.3051 31.39964 54.6745 -51.63715 25.87818 52.06211 -54.43802 19.19547 49.48806 -56.66258 -12.1145 36.03543 -57.83543 -4.405382 39.16318 -55.51434 -16.96003 33.67695 -52.60609 -24.70095 30.5012 -44.31569 -37.75959 24.82722 -48.9443 -31.30049 27.74348 -28.41586 -50.93771 19.20839 -34.86923 -46.63624 20.93712 42.25519 -40.03463 24.06105 36.62603 -45.31709 21.7508 50.48562 -28.83301 28.833 46.28334 -35.18286 26.17093 53.87738 -21.53735 31.97772 56.2795 -14.25741 34.99435 57.51883 -6.574297 38.51806 55.76554 15.17581 47.67566 57.26458 8.03819 44.43003 54.24338 19.71063 49.70314 44.48947 36.49577 56.95796 47.78117 32.38638 54.78601 -37.70229 43.42414 59.39159 -37.70082 42.74625 59.99436 -30.77431 48.49998 62.36532 -23.73253 52.30198 63.51049 -19.45523 54.15286 64.026 12.3393 56.14187 65.19168 32.47646 47.42322 61.50121 55.74132 17.12702 47.75745 57.68169 -9.225507 36.50822 27.78247 -53.337 17.06369 27.79818 -51.35094 18.72185 36.4384 -46.04472 20.62161 44.82467 -37.78285 24.20571 50.92223 -29.03062 27.94784 45.61769 -38.35538 23.65428 57.98698 -1.348099 40.10993 57.80636 3.786355 42.45289 55.26938 -20.2038 31.5743 59.30452 1.11983 40.32043 58.92254 -8.514014 36.20587 -52.62444 -26.17147 29.11757 -57.7713 -8.98554 36.56579 -56.76253 -18.53229 31.89517 -55.86103 15.441 47.34685 -57.99872 6.078145 43.07262 -58.97564 -0.4032447 39.9348 -45.21355 -37.40232 24.33632 -38.62617 -43.76853 21.7774 -49.48864 -33.56514 25.57743 -28.54668 -51.37411 18.27817 -34.07245 -49.23309 18.95142 -42.29466 -42.70636 21.55665 42.12487 40.56935 57.41686 40.55649 40.90351 58.55087 47.0696 34.66171 54.96198 53.4666 25.21465 50.51103 51.67965 25.98979 51.87411 -50.87974 29.36133 52.53826 -47.41851 34.14806 54.74338 -42.43202 40.3495 57.28375 -54.6524 21.20658 49.21765 4.911696 57.3597 65.29854 -2.457099 57.82582 65.18025 -30.63268 49.14879 61.50945 11.94983 57.06452 64.46156 30.37449 49.95132 61.38031 36.82043 44.74972 59.56653 21.17144 54.39721 63.28977 28.46653 50.06164 62.21442 21.48115 53.35908 63.88694 -14.80145 55.55055 64.71027 -9.837983 56.69614 65.03892 -2.759636 58.93127 64.58512 -11.48556 -59.0243 14.75024 -7.554761 -60.15963 13.04804 -34.64836 -49.63042 17.52526 57.26616 16.23084 46.43651 58.88885 8.337553 43.1784 51.85129 -29.94919 27.01592 54.82705 -25.09977 27.77875 48.82079 -35.49789 23.81346 3.206985 -59.93024 14.37274 -24.07913 -55.00252 16.45131 34.3706 -48.96035 19.08787 56.13527 -21.02702 30.65526 0.05603855 -60.558 13.17118 6.364687 -60.24086 13.27357 12.9309 -59.1768 13.64703 22.26168 -56.35005 14.66667 27.49401 -53.94035 15.63917 33.50251 -50.41929 17.28004 39.05213 -45.93348 19.79224 45.20805 -40.10447 21.85226 52.19647 -30.26018 25.55445 57.31952 -18.63792 30.52511 59.16657 -10.94566 33.92313 59.90829 -5.329822 36.22258 60.07759 1.098856 38.88727 57.40515 17.41367 45.74692 59.56314 7.745967 41.4447 -58.51883 13.38079 43.66673 -59.19934 8.396352 42.73397 -59.99986 3.437316 39.94639 -59.99844 -4.697955 36.13198 -58.91968 -12.34549 33.07547 -57.39427 -18.3131 30.5358 -58.603 -11.65668 34.70499 -55.02106 -24.62444 28.07686 -48.51856 -35.95415 23.31753 -52.00743 -30.4012 26.05534 -44.41915 -40.98022 21.1492 -40.12872 -45.27444 19.36132 -28.34723 -53.47386 16.02845 -21.80505 -56.58575 14.47213 -14.3061 -58.84754 13.72803 -57.58985 14.5612 45.8016 -59.6015 -4.86622 37.29696 -54.83435 -24.25797 29.19155 -55.5947 21.6661 48.34423 54.8614 23.91901 48.77129 51.35118 30.78912 51.32837 -55.82091 21.84581 47.36893 -48.32475 35.31897 53.09222 -52.81035 28.09739 50.53746 -43.16051 41.3688 55.86079 -37.19741 46.68189 58.04476 -31.15108 50.9409 59.81158 -22.23285 55.35094 61.74909 -12.89615 58.20979 63.10264 -2.43857 59.5547 63.60739 5.53648 59.31674 63.57242 17.48661 57.08171 62.2217 26.77053 53.39055 60.68053 35.9813 47.67079 58.276 42.31764 42.23178 55.95015 45.951 38.2383 54.72793 -48.76901 34.25767 53.56124 -38.92049 44.61163 58.43717 -31.20849 50.24076 60.82491 -22.37421 54.67555 62.7434 -12.67509 57.57041 64.07073 10.73036 58.55557 63.38219 17.58968 56.59164 63.26745 26.93909 52.87203 61.6406 35.31622 47.94329 59.18908 39.18751 44.25975 58.39639 47.37541 35.74529 54.54993 51.50783 29.67239 51.99224 40.62001 -44.8535 18.19182 16.13966 -58.43965 12.29092 -52.16699 -30.42081 24.29903 -45.2728 38.83246 51.44696 18.78825 56.42876 58.72126 40.2093 43.95962 53.67488 25.67914 53.71069 57.81161 11.95692 58.16403 59.67662 -6.456156 59.08107 59.91057 -17.74543 56.67235 59.05998 -23.84067 54.51809 57.99482 -31.3262 50.66051 56.50649 -39.6226 44.49386 53.6098 51.95254 29.54515 47.46979 57.41168 16.67264 41.91487 58.71021 11.78186 39.91588 59.9488 2.681082 36.01679 59.72689 -6.078652 32.25761 58.32333 -14.74589 28.57665 54.66463 -25.36983 24.09107 50.82088 -32.36965 21.16828 45.88074 -39.19751 18.18465 30.34907 -52.25112 12.60696 23.49528 -55.69438 11.15651 13.73621 -58.93992 9.723913 -0.1776874 -60.48389 9.030369 -9.340132 -59.80791 9.397765 -17.96438 -57.73194 10.28251 -25.23428 -54.92169 11.50828 -31.9535 -51.33813 12.94256 -40.09196 -45.11472 15.68977 -47.04605 -37.70599 18.82476 -51.83683 -30.79428 21.71623 -55.86785 -22.3522 25.40674 -58.54166 -13.73939 29.04371 -59.71804 5.090042 37.05264 -58.23312 14.03304 40.91259 -55.03464 23.35534 44.87256 -51.07296 30.94811 47.81657 0.6176286 59.43282 60.03285 -3.013273 -59.99918 8.533968 -13.14041 58.00702 59.4503 -31.473 50.3511 56.03442 -59.95527 -3.524518 33.41947 -38.81024 -45.74696 14.71838 -43.30127 -41.97284 16.79086 -45.88817 -38.49137 17.77996 -52.14194 -29.39844 21.69329 -56.4197 -20.04219 25.73908 -59.46384 -6.38698 31.60083 -59.15267 7.57275 37.61393 -56.57022 18.70633 42.41434 -14.7809 -58.25902 9.310467 -23.62562 -55.16819 10.63969 -32.39595 -50.49879 12.61862 -48.19497 34.86111 49.36244 9.40472 -59.22872 8.830469 7.245604 59.02613 59.89263 47.00245 36.71041 50.29606 33.57286 49.19719 55.6686 41.37385 42.93678 53.01123 43.03453 -42.27022 16.73695 34.29948 -49.68906 13.57265 17.94774 -57.74162 10.16568 6.477357 -60.08105 9.019468 38.90778 -46.09748 14.86516 55.69232 21.73665 44.01996 59.54781 2.915857 35.59776 58.13719 12.62378 39.75949 51.50754 29.23811 46.86302 22.21421 -55.73612 10.35818 31.6483 -50.93333 12.40972 45.24085 -39.16784 17.45759 51.40889 -30.80665 21.11482 56.24953 -20.49788 25.55009 59.09566 -8.283805 30.76863 0.4585543 -58.78105 10.99037 0.505957 -58.782 11.05523 21.63971 -54.65536 12.02509 22.99141 -54.10148 12.25714 53.60861 -23.49452 25.43211 54.16381 -22.13567 26.01926 58.31755 -1.167891 35.74484 58.31776 -1.114091 35.86437 58.32104 -1.030787 35.78944 58.23502 -1.062441 35.82577 58.38708 0.04127782 35.82203 58.26841 0.04679965 35.8395 58.36122 0.3138764 35.14412 54.15033 21.12374 44.66449 0.6081495 57.80586 60.71254 0.523184 57.77407 60.63152 0.6667815 57.82782 60.55901 -0.6146206 57.80978 60.68801 -0.4926601 57.81354 60.65587 -58.35264 0.1587817 35.74622 -58.34657 -1.164165 35.75531 -23.012 -54.09278 12.24848 -21.65945 -54.66521 12.01762 -0.4667826 -58.81296 11.04908 -0.4079698 -58.7609 10.98248 0.5925707 -58.80879 10.88156 -0.6227649 -58.81897 10.86037 -6.887609 -58.5056 9.211146 23.61623 -53.88335 11.22557 -23.80374 52.94563 57.41901 -18.0474 55.41289 58.32642 30.63773 49.94157 55.86538 39.90903 42.93991 52.84418 -30.44295 -50.55931 12.55767 36.32908 -46.50203 14.3081 -44.54774 37.96382 50.7487 -31.68621 49.26239 55.6 -55.88581 18.12894 42.14292 -51.21512 28.5888 46.66965 58.3227 -7.575376 31.08475 55.71596 -18.88866 26.22104 50.85292 -29.40039 21.77083 -58.28144 7.320749 37.50644 47.57055 34.16056 49.10662 -49.8695 -30.91722 21.18019 -58.21712 -7.975527 30.96248 -55.38784 -19.96957 25.73924 58.71417 1.324085 34.92654 56.12668 16.67923 41.57894 12.68313 -57.46276 9.710279 18.15473 -56.01149 10.26147 2.236642 58.43998 59.56265 5.437391 57.61407 59.81349 -0.8088641 57.84738 60.04703 39.68498 42.41297 53.173 14.43802 56.60894 58.7965 3.746369 -59.00169 8.905027 22.64061 53.79872 57.58462 53.24545 24.21402 44.87759 58.04419 8.333316 37.99842 57.62906 8.732306 38.73588 55.78615 16.65859 42.18756 52.61173 24.81785 45.76231 47.21164 33.89705 49.57538 32.95689 47.659 55.50307 28.38474 50.46599 56.8473 22.98872 53.07735 58.40169 14.03104 56.17395 59.40167 21.64689 53.66846 58.66563 4.25894 -58.7697 9.341542 29.0243 -51.12102 12.48834 35.31137 -47.0621 14.4512 41.80783 -41.23249 16.96191 45.82143 -36.71977 18.65039 55.26391 -19.41166 26.47009 58.16743 -5.554109 32.53857 57.21602 -11.99668 29.72102 0.5609482 -58.75599 12.11793 21.60988 -54.6113 13.92445 22.97981 -54.05236 14.1822 53.53731 -23.55063 27.00259 54.12055 -22.09997 27.82037 58.26872 0.1196793 37.10183 53.59903 22.50004 45.24958 21.60893 53.61311 60.15915 0.6276264 57.81975 61.73592 -0.7052827 57.71613 61.97119 -21.58226 53.60533 60.12257 -21.60824 53.67588 58.66928 -23.03293 53.08344 58.43153 -53.6021 22.57017 46.7793 -53.58418 22.53563 45.23936 -54.17806 21.13546 44.63199 -54.15132 21.07646 44.72235 -58.28472 0.1825667 37.20754 -58.28687 -1.187137 36.56155 -54.19047 -22.05907 27.70901 -54.17903 -22.10066 26.01063 -53.62252 -23.50753 25.40456 -53.59156 -23.53466 25.49395 -53.46518 -23.53476 26.99666 -23.04912 -54.05172 14.10218 -21.61165 -54.64471 13.94481 -0.5667942 -58.77883 12.02297 -10.03475 57.01671 59.71788 -11.36628 -57.72395 9.790704 -18.86654 -55.76559 10.52437 -9.142744 57.71483 59.26236 -38.27972 44.15602 53.41795 -50.89677 28.24916 47.02661 -56.09615 15.5442 41.58507 -58.33673 0.2997598 34.90789 -57.82552 7.657148 38.24037 -58.19765 -4.919774 32.81939 -57.40343 -11.13067 30.12352 -55.0303 -19.91999 26.27663 -51.98688 -27.02746 23.16 -43.75463 -39.32376 17.48077 -37.67874 -45.16823 14.921 -31.43218 -49.72193 13.29781 -23.77077 -53.79613 11.50142 -28.43614 50.43897 56.85874 -33.79106 47.05511 55.29274 -38.39159 43.45288 53.8623 -44.65042 37.15676 51.0825 -54.36764 20.73546 43.72699 58.1482 -1.220395 36.72802 22.94132 -54.03964 14.19442 53.54173 -23.50253 27.26075 0.7001991 -58.49911 12.4284 0.6099062 -58.47677 12.3671 0.6631994 -58.41492 12.41929 -0.6855569 -58.53982 12.45895 -22.97031 -54.04566 14.19263 -54.14332 21.0375 46.09645 54.1382 21.05463 46.20404 53.59444 22.49605 46.88955 23.0016 53.01551 59.87337 0.6994441 57.73458 61.95742 -23.03777 52.98571 59.73228 -28.51655 -51.34292 15.28563 40.31593 41.64826 55.13988 17.40804 -56.16609 13.09584 8.58129 -58.26865 12.16357 41.93768 -40.94623 19.8196 37.78095 -44.84067 18.14589 33.32751 -48.28011 16.67211 28.42906 -51.35533 15.35699 49.22751 -31.70257 23.80088 45.78804 -36.55715 21.71553 55.94277 -16.78928 30.13107 57.20566 -11.53782 32.37812 57.9859 -6.187975 34.67287 58.03813 4.728932 39.34656 57.28281 10.1225 41.65215 56.15973 15.04607 43.76455 51.60125 26.64279 48.42676 46.10643 35.08116 52.32703 49.18725 30.71075 50.45883 29.29953 49.92782 58.35145 33.47753 47.14404 57.48483 17.25152 55.11984 60.90085 11.90562 56.51261 61.49594 6.134041 57.40938 61.87577 -11.55103 56.57399 61.51978 -17.77048 54.98216 60.75426 -28.27343 50.48833 58.68643 -33.47847 47.24487 57.29007 -39.50622 42.52719 55.28051 -45.91689 35.47325 52.27011 -49.69715 30.00423 49.93896 -55.96372 15.83903 43.897 -57.609 8.655247 40.80163 -57.65403 -9.505605 33.10131 -55.9722 -16.77251 29.96727 -51.76324 -27.13122 25.49053 -49.186 -31.80434 23.54745 -45.855 -36.50691 21.53863 -42.16866 -40.75463 19.77114 -38.02457 -44.68005 18.08888 -33.46655 -48.2109 16.6206 -14.90184 -56.94537 12.78395 -6.075519 -58.25908 12.64258 58.2357 0.164264 37.37914 28.35454 -51.321 15.42389 23.13271 -53.8903 14.21861 51.84537 -27.03463 25.78091 11.79263 -57.28858 12.97057 6.309374 -58.11128 12.63789 17.60756 -55.85625 13.56964 23.09049 -53.86236 14.38074 -17.67058 -55.76243 13.63904 -11.94646 -57.28878 12.99663 -23.13825 -53.69329 14.52348 -28.30822 -51.11964 15.63457 -33.1853 -48.04474 16.94972 -33.3906 -48.22912 16.69797 -28.47922 -51.30877 15.37041 -5.888757 57.43915 61.8895 25.21138 52.10661 59.61226</float_array>
          <technique_common>
            <accessor source="#eSeries_UR5e_019-mesh-positions-array" count="1026" stride="3">
              <param name="X" type="float"/>
              <param name="Y" type="float"/>
              <param name="Z" type="float"/>
            </accessor>
          </technique_common>
        </source>
        <source id="eSeries_UR5e_019-mesh-normals">
          <float_array id="eSeries_UR5e_019-mesh-normals-array" count="5814">-0.4912868 0.1323242 0.8608877 -0.3659743 0.3558934 0.8598854 -0.1692815 0.4725639 0.8648856 0.2898105 0.4587802 0.8399587 0.5413325 0.005255103 0.8407922 0.3401469 -0.3723625 0.8635081 0.1324054 -0.4916192 0.8606854 -0.131694 -0.491782 0.8607016 -0.3527469 -0.3647689 0.8616922 -0.4868962 -0.1494566 0.8605783 0.4911246 0.1389897 0.8599293 0.4913426 -0.1210091 0.8625192 0.3780108 -0.3421612 0.8602521 0.1648525 -0.4787281 0.8623474 -0.2616326 -0.4699517 0.8430265 -0.4912577 -0.1428538 0.8592199 -0.4909527 0.1314704 0.861209 -0.3647967 0.357012 0.859922 -0.1570156 0.4774601 0.8645104 0.258328 0.4756959 0.8408211 -0.7831131 -0.6215609 -0.01990252 -0.1070112 -0.9942576 -7.01442e-4 -0.4593894 -0.8694952 0.1814926 -0.9483152 0.3169739 0.01503539 -0.9557517 0.2928133 0.02826857 -0.9248221 -0.3800609 -0.01606243 -0.9050193 -0.4250023 0.01769989 -0.1812245 0.9833589 -0.01277124 -0.6928709 0.7208461 -0.01763755 -0.790897 0.6074314 0.07422375 -0.1810669 0.9833895 -0.01264297 0.4310574 0.900309 0.06027758 0.4432674 0.8934429 0.07262307 0.9057021 0.4142627 0.08994567 0.9689703 -0.07244318 -0.2363234 0.9657165 -0.2275865 -0.1248851 0.2125999 -0.9771378 -0.001736462 0.2287973 -0.9733832 -0.0133028 0.7797511 -0.6258622 -0.01687991 0.7909776 -0.6118398 -0.002543509 -0.1786118 0.9834338 -0.03091591 -0.786582 0.6170161 0.02407974 -0.7612608 0.6471115 0.04157751 0.4328465 0.9014326 -0.007957577 0.41126 0.9113107 0.019441 0.958195 -0.2849721 -0.02556061 0.9051682 0.4244277 0.02305448 0.9073448 0.4196087 0.025577 0.958407 -0.284205 -0.02614945 0.2442084 -0.969464 0.0224049 0.8043027 -0.5941489 0.009191632 0.2092731 -0.9778522 0.003151297 -0.3854853 -0.8874073 -0.2528036 -0.07755672 -0.9967365 -0.02239495 -0.7887929 -0.611281 0.06435459 0.7047007 -0.7035683 0.09158927 -0.2015606 0.9783198 -0.0475772 -0.9309778 -0.3573767 0.07457989 -0.958547 0.2839776 -0.02333515 -0.9498286 0.3127707 4.69008e-4 -0.8829234 -0.4691637 0.01821678 -0.4912692 0.1324532 0.860878 -0.3660636 0.355797 0.8598871 -0.1328672 0.4909722 0.8609836 0.1359875 0.4933934 0.8591103 0.3673006 0.3498733 0.8617883 0.5399802 0.002206921 0.8416749 0.339073 -0.3737091 0.8633487 0.1318805 -0.4916005 0.8607767 -0.1315102 -0.4918639 0.8606829 -0.352626 -0.3648309 0.8617153 -0.4869065 -0.1493358 0.8605933 -0.6546022 -0.01494765 0.7558258 -0.3484877 0.5838283 0.7332808 0.7284617 0.0873422 0.6794961 0.3642188 -0.6080994 0.7053793 -0.383964 0.5850656 0.7143319 0.6755448 0.05956858 0.7349088 0.3644984 -0.546611 0.7538949 -0.3236827 -0.5426818 0.7750651 -0.6631819 -0.05337071 0.746553 -0.4912617 0.1324299 0.8608857 -0.3660136 0.3558328 0.8598936 -0.1329854 0.490921 0.8609944 0.1362006 0.4933347 0.8591102 0.36721 0.3499984 0.8617761 0.5400558 0.001991093 0.841627 0.339289 -0.373553 0.8633315 0.164047 -0.4753863 0.8643474 -0.2807108 -0.4606229 0.842038 -0.4871234 -0.1466665 0.8609295 -0.7848093 -0.6189226 -0.03176993 -0.1069998 -0.9942588 -6.93157e-4 -0.4525365 -0.8738277 0.1778648 -0.9483219 0.3169531 0.01504439 -0.9557518 0.2928134 0.02826601 -0.9248067 -0.3800986 -0.01605182 -0.9050408 -0.4249586 0.01764947 -0.18114 0.9833742 -0.01279181 -0.7901675 0.6126284 -0.01794236 -0.8040871 0.5945116 -3.2043e-4 -0.1808862 0.9834236 -0.01257836 0.4445611 0.8757029 0.1884406 0.2061935 0.9746432 0.08691906 0.7629908 0.6461841 -0.01706963 0.9216753 0.3822517 0.06632119 0.9689232 -0.07172453 -0.2367354 0.9623887 -0.2455728 -0.1161989 0.188011 -0.9820841 0.01275175 0.2241968 -0.9744523 -0.01335972 0.7843002 -0.6201231 -0.01790654 0.7985089 -0.601983 3.99911e-4 0.1441324 0.4405503 0.886082 -0.3314012 0.3273541 0.88488 -0.1350365 0.4380971 0.8887273 0.3253695 -0.3254334 0.887822 -0.1586496 -0.3575272 0.9203286 0.02692592 -0.4904227 0.8710687 -0.3567774 -0.3516257 0.8654879 0.2099892 -0.3308418 0.9200263 0.4170787 0.2236097 0.8809337 0.3928234 0.006679236 0.9195897 0.4310899 -0.05158722 0.9008331 -0.4551972 0.02353304 0.8900796 -0.4031499 -0.03010797 0.9146386 0.1921941 0.3427725 0.919548 -0.2106746 0.3468462 0.9139552 0.4659693 -0.1975827 0.8624579 0.2279769 -0.3574364 0.9056853 -0.4535762 0.04555886 0.8900524 -0.3822929 0.2653083 0.8851349 -0.1479043 0.4473853 0.8820266 0.1175895 0.4707736 0.8743827 0.2655022 0.4373452 0.8592077 0.40327 0.05192416 0.9136067 -0.2131923 0.3234494 0.9219163 -0.3875843 -0.0385425 0.9210282 0.04696679 -0.4398804 0.8968274 -0.1530359 -0.3557979 0.921948 -0.1876732 -0.3643723 0.9121468 -0.3911027 -0.2705145 0.8796936 0.2575033 0.2645782 0.9293496 0.2005234 -0.3534773 0.9136981 0.4088628 0.04754781 0.9113564 -0.4199061 -0.9075553 0.004709839 -0.4774059 -0.8758108 0.07098746 -0.9451075 0.3264685 0.01378899 -0.9537574 0.299208 0.02866178 -0.9248051 -0.3801021 -0.01606667 -0.9050039 -0.4250352 0.0176934 -0.1811498 0.9833724 -0.01278358 -0.7901396 0.6126646 -0.01793444 -0.8039671 0.5946738 -4.24459e-4 -0.1817415 0.9832567 -0.01328307 0.4445472 0.8756982 0.1884953 0.2065381 0.9745737 0.08688056 0.7629861 0.6461917 -0.01698744 0.9182318 0.389445 0.07199484 0.9689444 -0.07277351 -0.2363279 0.9620122 -0.2476751 -0.1148467 0.2072031 -0.9782977 -6.23901e-4 0.2256516 -0.9741085 -0.01393216 0.6960663 -0.717761 -0.01762872 0.7818621 -0.6200914 0.0646407 -0.6545508 -0.01490795 0.7558712 -0.3482421 0.5875556 0.7304149 0.7130399 0.06198418 0.6983781 0.3415889 -0.5884456 0.7328363 -0.6518322 -0.01326328 0.7582473 -0.3482741 0.5875791 0.7303808 0.708567 0.06301838 0.7028241 0.352016 -0.5964124 0.7213716 5.67404e-4 -0.1308502 0.991402 -1.89994e-5 -0.1306808 0.9914246 2.88247e-4 -0.1301046 0.9915003 0.04805785 -0.1612244 0.985747 -0.0485419 -0.1307064 0.9902321 0.1217643 -0.1020682 0.9872972 -6.71306e-4 -0.1306937 0.9914227 6.98192e-5 -0.1305238 0.9914452 5.29212e-6 -0.1303474 0.9914684 -1.71928e-4 -0.1305143 0.9914465 -2.55773e-5 -0.1304267 0.9914581 -7.1773e-5 -0.1305087 0.9914472 0.001747071 -0.1354313 0.9907853 0.001390814 -0.1310721 0.9913719 -3.69765e-4 -0.1292966 0.9916059 1.21628e-5 -0.1314168 0.9913272 -7.14196e-4 -0.1314054 0.9913285 -0.001259684 -0.1303887 0.9914622 -0.001049458 -0.1305147 0.9914458 3.76256e-4 -0.1296257 0.991563 5.81202e-4 -0.1290982 0.9916317 -2.33091e-4 -0.1309028 0.9913952 -4.02606e-4 -0.1329548 0.9911221 4.38128e-5 -0.1299496 0.9915206 -0.0656796 0.14502 0.9872464 0.03759562 -0.1957935 0.9799242 4.66231e-4 -0.1307412 0.9914165 -9.44625e-4 -0.1296893 0.9915543 -3.72188e-4 -0.1304982 0.9914485 -7.6099e-4 -0.130557 0.9914405 1.79999e-4 -0.1300692 0.9915049 -5.41653e-4 -0.1306927 0.9914228 -1.17502e-4 -0.1305707 0.991439 0.001366376 -0.1338851 0.990996 4.40159e-4 -0.1299684 0.9915181 -1.13921e-4 -0.1306666 0.9914265 2.05516e-4 -0.1299281 0.9915235 -0.002089679 -0.1312965 0.9913409 -0.2992538 0.354426 0.8859061 0.2099191 -0.3567478 0.9103105 0.0140165 -0.4684985 0.8833532 -0.3093243 -0.3418961 0.88737 0.102606 0.4556518 0.8842249 0.171943 0.3291659 0.9284856 -0.3930911 -0.02779823 0.9190793 -0.1749073 -0.339753 0.924108 0.2130722 -0.3481109 0.9129179 0.446811 0.2039033 0.8710817 0.3754115 0.006337404 0.9268366 0.4430965 -0.1942183 0.8751827 -0.4338612 0.006724953 0.9009547 -0.202929 0.3345263 0.9202783 0.3330118 0.9398423 0.07615578 0.2858481 0.9582514 0.006731986 0.8807089 0.4718209 0.0416767 0.8576038 0.5137524 -0.02396339 0.9942466 -0.1019794 0.03277331 0.9838181 -0.170787 -0.05416637 0.7039522 -0.699578 0.122646 0.5743319 -0.8141289 -0.08565711 0.04732954 -0.9926877 0.1110457 -0.06950849 -0.9967722 -0.0401706 -0.7094109 -0.6992277 0.088413 -0.8006058 -0.5801681 -0.149784 -0.9772754 0.05003076 0.2059845 -0.8972178 0.4001281 -0.1868091 -0.7341476 0.6699422 0.1104757 -0.2705332 0.9624791 0.02111715 -0.336456 0.940144 -0.05409914 -0.5363953 -0.6772605 0.5035855 0.3356755 -0.02252608 0.9417083 0.7919861 0.5845433 0.1762594 0.7625995 0.6278496 0.1557146 0.9224062 -0.384157 0.03987979 0.9373652 -0.3477603 -0.02022767 0.9715232 0.2329094 0.0435428 0.9318028 0.3565594 -0.06788921 -0.4110742 -0.9115648 -0.008223831 -0.3667123 -0.928025 -0.06551223 0.07386749 -0.9935851 0.08562999 0.3122287 -0.9461664 -0.08533775 0.5067211 -0.8542622 0.1160605 -0.8218398 -0.5522103 0.1401549 -0.9185564 0.3741558 -0.1275213 -0.9901187 0.07911789 0.1157824 -0.9289484 -0.3538125 -0.108957 0.3652863 0.9275058 -0.07936668 0.2386117 0.9686803 0.06872552 -0.3108274 0.9500238 -0.02900499 -0.3439741 0.9387453 0.02095609 -0.795087 0.5958027 0.1133838 -0.3983186 0.2699884 0.8766121 -0.2912819 -0.2155767 0.9320309 -0.2485916 0.05919337 0.9667981 0.5943908 -0.7519732 0.2850192 0.1070402 0.4796948 0.8708819 -0.188689 0.3868083 0.9026495 0.2071446 -0.3796792 0.901629 -0.0599513 -0.4489969 0.8915199 -0.3184093 -0.3123108 0.8950293 -0.2106704 0.3125105 0.9262588 -0.3919009 -0.02441042 0.9196836 -0.17127 -0.3326889 0.9273537 0.2173514 -0.3540092 0.909635 0.4026283 0.00545597 0.9153473 0.413547 -0.006293058 0.910461 0.3929063 -0.2458722 0.8860991 -0.4103528 0.1692101 0.8960907 -0.3967518 -0.02029776 0.9177015 0.3620849 0.3066332 0.8802674 0.2023029 0.3504304 0.9144792 0.1632945 -0.7806729 -0.6032286 0.4455756 -0.6678654 0.5961696 0.755416 -0.5467464 -0.3611301 -0.1142856 -0.9455019 0.3049014 -0.1228671 -0.8215542 0.5567338 -0.8211112 -0.5686262 0.04940187 -0.7678537 -0.5032374 0.3964251 -0.4864246 -0.8158721 -0.3126403 -0.9997987 -0.001698434 0.01999473 -0.9956911 -0.01040315 0.09214705 -8.98691e-4 0.9574788 0.288502 -4.29729e-4 0.9682258 0.2500775 0.7731096 0.5979216 -0.2116397 0.5054917 0.5480952 0.6663856 0.4583446 0.8839325 0.09264767 0.9055251 -0.0489313 0.4214618 0.9974287 -0.006368398 0.07138293 -0.7108336 -0.7031172 0.01848697 -0.6396949 -0.6878848 0.3429362 -0.9600747 0.2795574 0.01021856 -0.8724188 -0.008765459 0.4886806 -0.9949753 -0.09410345 0.03418505 -0.8265149 -0.411925 -0.3836548 -0.8307601 0.5446296 0.1149626 -0.8254811 0.5238538 0.2101387 -0.7238504 -0.4981012 0.4774264 -0.7664176 -0.1202304 -0.6309903 -0.9296341 0.1660144 -0.3289679 -0.8199192 0.1824173 0.5426385 -0.2656909 -0.9076017 0.3250654 -0.5903567 -0.6884563 -0.4213158 -0.5299751 -0.6154292 -0.5834154 0.07643932 -0.9485756 0.307183 -0.08276724 -0.8246651 -0.5595329 -0.08458369 -0.7879467 -0.6099063 0.8272233 -0.2392174 -0.5084061 0.9579264 -0.2843716 -0.03885751 0.6544479 -0.5712332 0.4953693 0.5414152 -0.6077104 -0.5809974 0.465637 -0.8626809 0.1973925 0.2750448 -0.929074 -0.2473295 0.2793666 -0.8941723 -0.349872 0.9920547 -0.026367 0.1230137 0.977774 -0.03867322 0.2060641 -0.001170098 -0.9616177 0.2743906 0.001325488 -0.9999146 0.01301133 -0.8773173 -0.3055931 -0.3700371 -0.5560379 -0.718131 0.4184614 -0.5834931 -0.8121014 -0.005214989 -0.9179046 -0.05283445 0.393268 -0.9987198 -0.00403887 0.05042231 0.08212858 0.9788253 0.1874996 -0.04078453 0.7762759 0.6290728 -0.2943059 0.9402557 -0.1711829 -0.4733397 0.8530546 -0.2196528 -0.6430474 0.4431479 0.624588 -0.8401418 0.5098003 0.1851099 0.9504733 0.04272598 -0.3078557 0.9923847 -0.008965671 0.1228504 0.4027783 0.8245305 0.3973906 0.4661774 0.7985972 -0.3806855 0.6445565 0.7065679 0.2920767 0.8097506 0.5750975 0.1164778 0.7505599 0.5162901 -0.4124373 0.8234406 0.1564007 0.5454214 -0.2894331 0.8843125 -0.3663604 -0.1748086 0.8808443 0.4399493 -0.02776384 0.9889713 -0.1454823 0.181618 0.9735913 0.1383292 -0.9186454 0.3886997 -0.07073485 -0.916602 0.3916596 0.08027124 -0.7115073 0.6752486 0.1944137 -0.726915 0.6764602 -0.1183064 -0.4106338 0.7572615 0.5078732 -0.8544769 -0.02241432 0.5190057 -0.9705154 -0.02590531 0.239643 -0.9999257 0.01119297 0.004842162 -0.1219848 0.9718688 -0.2014718 -0.2275793 0.8550906 0.4658624 -0.6235961 0.7780767 -0.07566177 -0.6981617 0.5003374 0.5120868 -0.9058806 0.4075238 -0.1153457 0.1212157 0.8057936 0.5796581 0.9934903 0.1133912 -0.01093506 0.8966261 0.151393 0.4161034 0.8837453 0.4638746 0.06176519 0.6486801 0.624167 0.435465 0.6227151 0.7740188 0.114547 0.2555311 0.9667996 -0.001541674 0.934063 -0.3448428 0.09278959 0.9268726 -0.3521953 0.1298684 0.7193802 -0.3502766 0.599832 0.804083 -0.5880569 -0.08740574 0.6605929 -0.3655786 -0.6557205 0.8965822 0.4412208 0.03827071 0.8812316 0.4656291 -0.08136665 0.9653359 0.02917057 0.2593757 0.8192012 0.03178352 -0.5726251 0.647473 0.5693621 0.5065624 0.7060196 0.6758052 0.2117159 0.730145 -0.5112923 -0.4532863 -0.6162883 0.7846651 0.06700444 -0.6366965 0.7621566 0.1171972 0.9626132 0.2548182 0.09189009 0.7859535 0.6124426 0.08480161 0.9980675 0.0481773 0.03924667 0.9579151 -0.2756169 0.08021348 0.8458628 -0.5308936 0.05165368 0.5412437 -0.8391008 0.05445253 0.6645205 -0.7436035 0.07393467 0.257685 -0.9632482 0.07583737 0.08065187 -0.9951041 0.05712467 -0.3992953 -0.9143858 0.06679725 -0.1427881 -0.9860873 0.08510893 -0.6071667 -0.7907457 0.07791 -0.1794837 -0.5264595 0.8310391 0.1794795 -0.5941094 0.7841055 -0.09935963 -0.7753098 0.6237167 -0.01967006 0.002994656 0.9998021 -0.0558356 -0.1872836 0.9807178 -0.05703574 -0.1893791 0.9802461 -0.1606476 -0.2291036 0.9600541 -0.2364269 0.3354582 0.9119048 0.09451276 0.06854897 0.9931609 0.838203 -0.03280305 0.5443712 0.1062005 -0.06457716 0.9922456 0.08460861 0.05254209 0.9950281 0.03589916 -0.1007113 0.9942679 0.02874904 -0.1726336 0.9845665 -0.02229261 -0.01379209 0.9996564 -0.05167376 0.06085979 0.9968079 0.002205491 0.0271691 0.9996284 0.4798889 -0.213847 0.8508679 0.4330942 -0.02922427 0.9008749 0.8043606 0.5884362 0.08213996 0.3506897 -0.934319 0.06375539 0.3740962 -0.9247018 0.07055991 -0.2311015 -0.9709372 0.06223416 -0.1416312 -0.9862799 0.08480954 -0.5712692 -0.8183717 0.0626055 -0.6569703 -0.750112 0.07564455 -0.8753223 -0.4798892 0.05930697 -0.9201818 -0.3843964 0.07419544 -0.9966837 -0.03067237 0.0753712 -0.9953083 -0.06876677 0.06806349 -0.939917 0.338307 0.04587453 -0.7958146 0.5996387 0.08433634 0.01208323 0.004416465 0.9999173 0.0118311 -0.004955887 0.9999178 -0.005337417 0.07099819 0.9974622 0.03712314 0.04250413 0.9984064 0.009006917 0.0216825 0.9997243 0.03698217 -0.1714515 0.9844982 0.06945854 -0.2118811 0.9748241 -0.03335905 -0.2803165 0.9593279 -0.1301611 -0.0117526 0.9914233 0.1289826 -0.1902572 0.9732244 -0.04682165 -0.1186512 0.9918315 -0.2932612 -0.2170518 0.9310675 -0.1233873 -0.04725384 0.9912329 -0.5182551 0.1765332 0.8368082 0.006986796 -0.4889622 0.8722771 0.6086514 -0.7898017 0.07587403 0.6144284 0.7875027 0.0481401 0.6293778 0.7733642 0.07610249 0.6237345 0.7794428 0.05851745 -0.9741086 -0.2166134 0.06473815 -0.9787526 -0.1960138 0.06018376 -0.894666 0.4455246 0.03287374 -0.964904 0.2508291 0.0777511 -0.6614312 0.7445948 0.08992987 -0.4242459 0.9044691 0.04417198 -0.1074513 0.9898546 0.09296333 0.1235639 0.9909074 0.05324101 0.3387539 0.9375948 0.07849794 -0.4580109 -0.1459223 0.8768881 -0.1968975 0.5655743 -0.8008478 0.05677545 0.3857177 0.9208684 0.03798055 0.2165313 -0.9755367 0.5826341 -0.2346336 0.7781289 0.876835 -0.05172622 0.4780008 0.563057 0.6698087 0.4840694 -0.01635909 0.5299493 0.8478716 0.4434952 0.6899774 0.5720519 0.2677878 0.9162617 0.2979164 -0.1992502 0.8198703 0.5367608 0.3297271 0.6253091 0.7072967 0.7611532 -0.4169548 0.4967844 0.8133181 0.2269735 0.5357207 0.3560516 0.2113843 0.9102439 0.5761587 0.04436016 0.8161333 0.236716 0.5271112 0.8161613 0.7017817 0.2687754 0.6597441 -0.4641458 0.2431311 0.851737 0.09900647 0.7639238 0.6376662 -0.4273959 0.7289605 0.5347425 -0.07427561 0.8948199 0.4402049 -0.9687951 0.01275962 0.2475342 -0.7499959 0.2296887 0.6202816 -0.8036647 0.377706 0.4598492 -0.7978615 -0.2242808 0.559567 -0.6064788 -0.4271608 0.6706095 -0.2753237 -0.2205978 0.9356995 -0.34381 0.709578 0.6150558 -0.005428075 0.07481807 0.9971825 -0.4130567 0.6618961 0.6255221 -0.4762482 0.2622898 0.8392804 -0.1416476 0.4450905 0.8842118 -0.6523379 0.01291412 0.7578184 -0.4675824 -0.1941009 0.8623756 -0.09548765 0.993193 0.06670868 -0.1151422 0.9914869 0.0607962 0.274382 0.9584766 0.07770037 0.4430889 0.8957593 0.035883 0.7920058 0.6057174 0.07637679 0.8300127 0.5540195 0.06435453 0.9571585 0.2766516 0.08550888 0.9988607 -0.01771134 0.04431432 0.9687944 -0.2346901 0.0797376 -0.6130822 0.7533621 0.2378566 -0.8397842 0.5126172 -0.178847 -0.9866396 -0.02333134 0.1612386 -0.9417005 -0.3028709 -0.1465247 -0.6666605 -0.6954081 0.2682751 -0.1452783 -0.9678659 -0.2052558 0.01312643 -0.9992978 0.03509724 0.5025929 -0.8546761 0.1301124 0.7615724 -0.6236408 -0.1762947 0.9110829 -0.3835971 0.1509349 0.9754364 0.188943 -0.1132447 0.8836671 0.4280085 0.1895823 0.6004917 0.7929098 -0.1034589 0.2269252 0.9528645 0.2013808 -0.09544837 0.984173 -0.1493091 0.6026797 -0.01066273 0.797912 0.4094601 -0.01268297 0.9122399 0.226468 0.465893 0.855369 0.4680825 0.4522756 0.7591742 0.2986932 0.9326275 0.2024561 0.2922725 0.933762 0.2065562 0.361778 0.6075152 0.7071366 0.09626573 0.4169607 0.9038124 0.08547919 0.670309 0.7371426 -0.4190145 0.8325609 0.3623108 -0.4369401 0.8394317 0.3231685 -0.2569828 0.9548986 0.1487566 0.04004949 0.9741067 0.2225134 0.06214368 0.9708142 0.2316421 0.3936036 0.7025068 0.5929253 0.04975891 0.9245367 0.3778307 -0.1666664 0.4880962 0.8567289 -0.3847775 0.7104264 0.5892713 0.7581556 -0.2763549 0.5906168 0.3600392 -0.5248524 0.7712988 0.5193499 -0.3855064 0.7626666 0.2635973 -0.5693123 0.7787168 0.5110738 -0.7491565 0.4213882 0.1794421 -0.8662394 0.4662938 0.406653 -0.6436558 0.6483368 0.5978128 -0.4037989 0.6925073 0.921998 0.1053554 0.3725857 0.7641129 -0.3743193 0.5253728 0.5005671 -0.8047155 0.3191638 0.6718382 -0.5395702 0.5074422 0.7750301 -0.4628281 0.4302542 0.1246632 -0.904779 0.4072272 0.1088674 -0.7994328 0.590809 -0.7751572 -0.5530704 -0.3053597 0.03801351 -0.8780271 0.477099 -0.2988556 -0.9338754 0.1963723 -0.3913016 -0.8983578 0.1995912 0.2279334 -0.8648896 0.4472275 0.2475576 -0.8951728 0.3706495 0.170243 -0.9314318 0.32164 0.4208315 -0.7849372 0.4547246 0.5897942 -0.5959124 0.5450057 0.5348431 -0.5679402 0.6256092 0.3677709 -0.406062 0.8365753 0.1068 -0.09572464 0.9896619 0.1519052 -0.1677462 0.9740566 0.765395 -0.4212036 0.4865779 0.9243775 -0.1684771 0.3422599 0.7758425 -0.4369381 0.4551412 0.8055275 -0.3629114 0.4684237 0.7074539 -0.4527172 0.5427303 0.9339287 0.157839 0.3207244 0.7843564 0.4987168 0.3688722 0.81944 0.5639243 0.1025064 -0.2210716 -0.7211339 0.6565769 -0.1763893 -0.7926955 0.5835416 -0.886376 -0.1696819 0.4307501 -0.6287736 -0.3787648 0.6791032 -0.746299 -0.2831408 0.6023862 -0.644839 -0.5884792 0.4877242 -0.1451734 -0.5962692 0.7895492 -0.8594337 -0.2573689 0.4417409 -0.565167 -0.3489552 0.7475404 -0.4584208 -0.6668392 0.5875168 -0.9380375 -0.09327572 0.3337447 0.2635771 -0.923363 0.2791559 -0.1935737 -0.7739949 0.6028773 -0.1748743 -0.9712048 0.1618038 -0.9728834 -0.1560506 0.1707227 -0.03941488 -0.9265704 0.3740506 -0.8623746 -0.1201186 0.4918147 -0.9214976 0.263321 0.2854895 -0.4483028 -0.6672446 0.5948189 -0.2294123 -0.7266084 0.6476189 -0.6927264 -0.5930129 0.4104462 -0.9010105 -0.1711394 0.3986122 -0.9346205 0.210031 0.2870048 -0.9213436 0.2576578 0.2910991 -0.5103605 -0.680945 0.5252106 -0.906467 -0.06284356 0.4175743 -0.7215568 -0.3462908 0.599532 -0.5425263 -0.5996665 0.5882732 -0.547705 -0.6037104 0.5792695 -0.2419881 -0.2345114 0.9415127 -0.1823765 -0.1836936 0.9659169 -0.5334752 -0.6020751 0.5940622 -0.5155263 -0.5581122 0.6501873 -0.01821774 -0.7344409 0.6784281 -0.1913672 -0.9144225 0.3566654 -0.4206544 -0.8533834 0.3078746 -0.1470647 -0.8911626 0.4291868 -0.2746136 -0.796343 0.5389111 0.2449856 -0.914619 0.3216429 0.198278 -0.9632011 0.1814651 0.3752595 -0.9020844 0.2131293 0.08901095 0.2992316 0.9500198 0.2410984 0.5554841 0.7958071 0.2470656 0.5908194 0.7680436 0.4779545 0.8710373 0.1133733 -0.3985426 0.9028486 0.1613329 0.06075966 0.9876338 0.1445263 0.08823198 0.9872583 0.1324239 -0.17495 0.2262808 0.9582221 -0.1397842 0.4745964 0.8690332 -0.1758537 0.4992794 0.8484077 -0.2169504 0.8341032 0.5071533 0.4557132 0.7984628 0.3934243 0.07160192 0.8190062 0.5692997 0.09306704 0.9266359 0.3642588 -0.5496452 0.764621 0.336519 -0.04430055 0.8767108 0.4789736 -0.5075968 0.8424199 0.1807606 -0.8520122 0.5158534 -0.08927845 -0.8944527 0.4471051 0.007184147 -0.9912809 -0.1140313 0.06602323 -0.9740967 -0.2205593 -0.04989302 -0.7163537 -0.6879224 0.1166203 -0.5634536 -0.8202823 -0.09827005 -0.1824107 -0.9680971 0.1717975 0.3305907 -0.930882 -0.1554628 0.4557932 -0.8895925 0.02962559 0.8728393 -0.479398 0.09126347 0.9596173 -0.2331712 -0.1573721 0.9926883 -3.72271e-5 0.1207059 0.789306 0.6069864 0.09253937 0.6711279 0.7249814 -0.1548853 0.2132197 0.965703 0.1481729 -0.09645527 0.9802809 -0.1724698 -0.4140632 0.1924905 0.8896624 -0.5652828 -0.1847352 0.8039455 -0.4397686 0.4176936 0.7950697 0.4848533 0.5962082 0.6398853 0.2764059 0.3810639 0.8822642 -0.3404963 -0.2487767 0.9067373 -0.7609383 -0.6416881 0.09596508 -0.7690072 -0.6337924 0.08327752 -0.808346 -0.58608 0.05556249 -0.8839019 0.2647865 0.3854939 -0.8950029 0.2548923 0.3660599 -0.623651 -0.1801568 0.7606595 -0.4106103 -0.01618897 0.9116674 -0.7461423 -0.5541733 0.3690035 -0.7845235 0.0038594 0.6200871 -0.6698538 -0.4419927 0.5966059 -0.8485317 -0.05398112 0.5263839 0.003924727 -0.125711 0.9920592 -0.004279434 -0.1126151 0.9936295 -7.12857e-4 -0.1322666 0.9912139 -8.04632e-4 -0.1298349 0.9915354 8.13869e-4 -0.1240155 0.99228 -0.001444041 -0.1416471 0.9899162 -3.58245e-4 -0.1285436 0.9917038 0.001767039 -0.1283681 0.9917251 -0.001367986 -0.1310191 0.991379 -0.001407623 -0.1198515 0.9927909 0.00186944 -0.1339125 0.9909914 6.56487e-4 -0.123054 0.9923998 0.007024049 -0.1244853 0.9921967 0.007665157 -0.1250372 0.9921225 -0.007530331 -0.1202462 0.9927156 -1.44342e-5 -0.1287225 0.9916807 0.00538367 -0.1296278 0.9915482 0.0168398 -0.1564046 0.9875495 0.003631711 -0.1377413 0.9904616 0.009073674 -0.1048918 0.9944423 0.007559955 -0.1265676 0.9919292 0.008746087 -0.1291601 0.9915852 0.007841944 -0.1274812 0.9918101 -0.01474082 -0.09790372 0.9950868 0.007922947 -0.1437866 0.9895771 0.00765419 -0.1500768 0.9886448 0.006360292 -0.1401724 0.9901067 -0.003038942 -0.136298 0.9906633 0.01042103 -0.1512989 0.9884332 3.83759e-4 -0.1324976 0.9911833 0.008145928 -0.1146258 0.9933754 0.02870053 -0.1308062 0.9909925 -0.002632558 -0.128147 0.9917517 0.001383662 -0.1312248 0.9913517 0.01181173 -0.1300135 0.9914419 0.001617431 -0.1359051 0.9907206 -0.01272165 -0.1398333 0.9900933 -0.005433142 -0.1355196 0.9907598 -0.0234732 -0.09595173 0.9951092 0.02232432 -0.1302529 0.9912294 0.004056394 -0.1306117 0.9914253 -0.005524277 -0.129498 0.9915643 -0.00152409 -0.1276305 0.9918207 0.001953482 -0.1312546 0.9913468 0.002284049 -0.1299027 0.9915242 -0.004300236 -0.1258992 0.9920337 0.005158126 -0.1144356 0.9934173 -0.002669095 -0.1374696 0.9905024 6.1009e-4 -0.131058 0.9913745 -0.001779198 -0.1279473 0.9917794 -0.003691613 -0.1314508 0.9913159 0.008100986 -0.1307647 0.9913804 0.002029299 -0.1295641 0.9915691 -0.002945661 -0.1314692 0.9913159 -1.62854e-4 -0.1127541 0.993623 -0.001338839 -0.1354921 0.9907776 -0.01079738 -0.1235625 0.9922781 0.0050264 -0.1319738 0.9912405 -0.02574372 -0.1190987 0.9925487 5.06641e-4 -0.13091 0.9913942 0.005135715 -0.1281356 0.9917433 0.009221911 -0.140172 0.9900842 -8.06716e-4 -0.1159133 0.9932591 0.01223248 -0.1266185 0.9918761 0.001558542 -0.15472 0.9879571 0.006388008 -0.1347926 0.9908533 0.00103414 -0.1325676 0.9911735 0.001822352 -0.1288518 0.9916622 -0.006729483 -0.1267523 0.9919116 0.001833379 -0.1312656 0.9913455 0.01169747 -0.1491776 0.9887412 -0.01801949 -0.1288335 0.9915026 -0.003801703 -0.1311451 0.991356 -0.0100407 -0.1297757 0.9914926 0.002548217 -0.1285459 0.9917004 -0.004356801 -0.1368739 0.9905789 0.001806139 -0.1336175 0.9910314 0.001611053 -0.1337638 0.991012 2.7184e-4 -0.1301541 0.9914938 3.24845e-4 -0.1308056 0.991408 -0.001327991 -0.1322802 0.9912115 -0.00263381 -0.1302388 0.9914792 0.001693487 -0.129433 0.9915867 0.8068016 0.3821254 0.4506123 0.8608224 -0.1083168 0.4972448 0.951101 0.1635428 0.262032 0.9104666 -0.3095819 0.2742441 0.7345466 -0.5213582 0.4343121 0.6769352 -0.4173348 0.6062924 0.6574732 -0.2625588 0.706252 0.6687936 -0.2824874 0.6876889 0.8215966 0.07705783 0.5648372 0.7660659 -0.6309208 0.1228095 0.7935824 -0.6057767 0.05710965 0.8012585 -0.5961615 0.05075931 0.001121699 -0.01334637 0.9999104 -0.009682655 -0.01271158 0.9998723 -0.1964527 0.2557133 0.9465819 -0.03263598 0.02665132 0.999112 0.1834282 -0.1341359 0.9738386 0.1608637 -0.09993231 0.9819045 0.1548655 0.0410552 0.9870822 0.0156303 0.1585723 0.9872236 -0.05423557 0.3292088 0.9426984 -0.02072435 -0.0157001 0.999662 -0.01858884 -0.004265189 0.9998182 -0.1893177 0.6221455 0.7596669 0.4718313 0.6530706 0.5923462 0.05728572 0.9907911 0.1226838 0.6040711 -0.7736643 0.1911594 0.6855162 -0.7092795 0.1642869 0.3175741 -0.4374409 0.8413039 0.1365598 -0.2884146 0.9477175 -0.2595248 -0.4499678 0.8545033 -0.1405025 -0.2785698 0.9500831 -0.2891197 -0.3850337 0.8764468 -0.4541726 -0.4477456 0.770228 -0.6053062 -0.5620542 0.5636484 -0.7265568 -0.6063606 0.3231753 -0.7311703 -0.5922912 0.3384982 -0.01140296 -0.1262596 0.9919317 -0.1119053 -0.2720153 0.9557641 -0.03238642 -0.1992917 0.979405 0.02523875 -0.2078582 0.9778333 0.1861155 -0.3908698 0.9014332 0.1329585 -0.2998175 0.9446859 0.1305781 -0.262224 0.9561318 0.06144559 -0.1795589 0.9818265 0.04981744 -0.1181095 0.9917501 0.3700645 0.1041103 0.923154 -0.7820802 0.5157276 0.3498222 -0.7792904 0.4615163 0.4239211 -0.6705218 0.4065904 0.6205521 -0.5915418 0.255405 0.7647527 -0.6427799 -0.7395258 0.1998393 -0.5555199 -0.8017197 0.2205524 -0.04864966 -0.2987261 0.9530982 -0.8494538 -0.4332844 0.3011527 -0.837141 -0.4429478 0.3209239 -0.7395324 -0.4336537 0.5148168 -0.714075 -0.4039589 0.5717641 -0.6220493 -0.404312 0.6705121 -0.5477755 -0.3570295 0.7566189 -0.4297049 -0.3503798 0.8322187 -0.1639864 -0.2449047 0.9555785 -0.1764794 -0.2625871 0.9486322 -0.2398962 -0.3124686 0.9191372 -0.4531256 -0.4480435 0.7706713 -0.5701214 -0.4814584 0.6657022 -0.6140279 -0.5270619 0.5875163 -0.6950085 -0.5134125 0.5033597 -0.7694795 -0.5512703 0.3224941 -0.7701771 -0.5438774 0.3332038 -0.8873756 -0.376277 0.266421 -0.7548676 -0.3481137 0.5558705 -0.8793951 -0.3034527 0.3668524 -0.8041316 -0.3177857 0.502379 -0.5727882 -0.2949708 0.7647914 -0.2924775 -0.2247735 0.9294804 -0.9344578 -0.1337045 0.3300178 -0.8974205 -0.1807467 0.4024516 -0.838354 -0.1839434 0.5131546 -0.7794539 -0.2124643 0.5893306 -0.7031955 -0.2082831 0.6798046 -0.6581292 -0.2228899 0.7191565 -0.4963826 -0.1992201 0.8449354 -0.9048007 -0.2645136 0.333719 -0.6131089 -0.2836996 0.7373005 -0.4353371 -0.2312933 0.8700489 -0.2673498 -0.230101 0.9357231 -0.236027 -0.2170159 0.9472041 -0.4230305 -0.3560404 0.833235 -0.9392843 -0.04402047 0.3403047 -0.9112925 -0.03012514 0.4106562 -0.8450549 -0.07428014 0.5294948 -0.7716373 -0.07567524 0.6315451 -0.7112817 -0.1064058 0.6948066 -0.5660351 -0.1073423 0.8173628 -0.2616911 -0.1460357 0.9540395 -0.9678352 0.1796926 0.1760846 -0.8793671 0.07335025 0.4704609 -0.7942944 0.03232455 0.6066727 -0.3054737 -0.09458959 0.9474907 -0.9746622 0.1233559 0.1865935 -0.9188991 0.04047757 0.3924107 -0.5437985 -0.08256852 0.8351442 -0.2236874 -0.1305121 0.9658833 -0.9124158 0.1910359 0.3619432 -0.7379831 0.04763472 0.6731359 -0.590293 -0.01722562 0.8070052 -0.8932338 0.2466757 0.3758785 -0.9139814 0.240374 0.3268919 -0.8217744 0.1994338 0.5337726 -0.7485068 0.1249897 0.6512413 -0.6520304 0.1185334 0.74887 -0.4693642 0.01746994 0.8828319 -0.4925518 0.02218848 0.8700003 -0.3271551 -0.05240976 0.9435163 -0.8541479 0.3878355 0.3464319 -0.8287618 0.3789975 0.4117219 -0.7761216 0.289036 0.5604405 -0.6833654 0.2381304 0.690149 -0.4350894 0.09453731 0.8954106 -0.1717993 -0.06364744 0.9830738 -0.5894741 0.2379668 0.7719405 -0.3004841 0.03378462 0.9531883 -0.4779141 -0.1642848 0.862907 -0.9478588 -0.07892364 0.3087637 0.5208768 -0.4744133 0.7096614 0.5838586 -0.355791 0.729741 0.6484387 -0.2353752 0.7239654 0.6153336 -0.1600825 0.7718408 0.6846607 -0.1149404 0.719742 0.6590352 -0.07842522 0.7480122 0.6304247 0.02633512 0.7758036 0.6431884 0.08454144 0.7610266 0.5794406 0.101859 0.8086244 0.685329 0.2347609 0.6893559 0.4512425 -0.4351148 0.7791376 0.3033455 -0.5928278 0.7460139 0.3448883 -0.6230278 0.7020602 0.4030204 -0.3483873 0.8462867 0.4725347 -0.3153975 0.8229433 0.4416337 -0.2694198 0.8557878 0.48768 -0.2483457 0.8369544 0.4910597 -0.1711655 0.8541446 0.4614468 -0.07428467 0.8840525 0.5138975 0.07994014 0.8541188 0.4093001 0.1166985 0.904906 0.1313747 -0.5622795 0.8164451 0.1589057 -0.5607203 0.8126142 0.2557736 -0.4900733 0.8333115 -0.2696602 -0.5938661 0.758028 -0.2120661 -0.5745583 0.790513 -0.1875786 -0.6244283 0.758224 -0.1207293 -0.5947983 0.7947574 -0.1054799 -0.6442556 0.7575017 -0.02179265 -0.6510325 0.758737 0.01007574 -0.5981786 0.8012996 0.06286275 -0.654848 0.7531417 0.117857 -0.6163619 0.7785934 0.2176008 -0.6214598 0.7526206 0.3782134 -0.1387857 0.9152558 0.4397027 -0.0801084 0.8945638 0.1036846 -0.09882056 0.9896889 0.3055863 -0.05786359 0.9504047 0.2832145 -0.1506018 0.9471583 0.2647002 -0.3008467 0.9162015 0.2181283 -0.1937538 0.9564933 0.2397001 -0.2117311 0.9474777 0.1996099 -0.2306572 0.952341 0.2437351 -0.3182122 0.9161519 -0.0137872 -0.3857082 0.9225179 0.03445601 -0.2795508 0.9595125 0.05412691 -0.3309278 0.9421026 -0.1992881 -0.4141446 0.8881265 -0.1494838 -0.4548627 0.8779263 -0.1138145 -0.4338439 0.8937705 -0.09813463 -0.5117655 0.853502 -0.01650565 -0.4512107 0.8922649 0.008434534 -0.5187713 0.8548716 0.07330101 -0.470435 0.8793851 0.1696717 -0.4550734 0.8741395 0.1988117 -0.4431006 0.8741486 0.7468679 -0.6051025 0.2757523 0.9833256 -0.05572575 0.1731053 0.9589681 -0.1530054 0.2386834 0.9707263 -0.1886851 0.1486219 0.9283225 -0.2902989 0.2322586 0.9334569 -0.3328392 0.1337026 0.7619464 -0.6205149 0.1854703 0.6988095 -0.6358204 0.327716 0.7926866 0.5221248 0.3146962 0.7881266 -0.5266741 0.3185449 0.8253944 -0.4889827 0.2821702 0.8308755 -0.4379167 0.3433293 0.8669677 -0.3066039 0.3928883 0.9428833 -0.02649039 0.3320685 0.9355804 0.03354328 0.3515169 0.9462664 0.05744671 0.3182452 0.9185063 0.1961939 0.343299 0.9150458 0.1879361 0.356891 0.892999 0.3448051 0.2892447 0.8405309 0.361488 0.4035272 0.836667 0.4090941 0.3641846 0.7917581 0.4795342 0.3783729 0.6091901 -0.7729728 0.1772017 0.5185697 -0.8055482 0.2866668 0.4938237 -0.8258377 0.272269 0.305016 -0.9103061 0.279836 0.2755253 -0.9194899 0.2804001 0.2341267 -0.9191209 0.3168621 0.1246287 -0.926642 0.3546866 0.1751873 -0.938959 0.2960837 0.1046608 -0.9371562 0.3328431 0.4283799 -0.8448796 0.3204204 0.398395 -0.8678014 0.2969886 0.3380803 -0.8855117 0.3187019 -0.3302846 -0.9238578 0.1933883 -0.2319505 -0.9612855 0.1487593 -0.007802069 -0.9849838 0.1724714 0.075091 -0.9835906 0.1640458 0.7119398 -0.5496069 0.4371204 0.8196623 -0.4288551 0.3797858 0.8591642 -0.3008827 0.4138919 0.8828026 -0.1929106 0.4283052 0.6827417 -0.5334937 0.4992478 0.7401844 -0.4317487 0.5154806 0.7660104 -0.3148566 0.5604405 0.8475404 -0.1739832 0.5014033 0.8457308 -0.1468731 0.5129988 0.8583775 0.006130814 0.512982 0.811554 0.03846395 0.58301 0.8563699 0.149293 0.49431 0.787128 0.1604722 0.5955487 0.790234 0.2854596 0.5422574 0.7468288 0.4650546 0.4753642 0.6250977 -0.5311946 0.5719138 0.7251816 -0.4201659 0.5455019 0.728213 -0.2946223 0.618792 0.717657 -0.2572433 0.6471433 0.7793769 -0.1039849 0.6178663 -0.03003621 -0.9281445 0.3710064 0.5247837 -0.757287 0.3887397 -0.02491372 -0.8464115 0.5319462 0.2250382 -0.7861679 0.5755848 0.2290796 -0.784713 0.575976 0.3867772 -0.7275523 0.5666315 0.3936126 -0.7187152 0.5731646 0.4121202 -0.7172048 0.561938 -0.4817528 -0.7004206 0.5266169 -0.3643701 -0.7855963 0.5000731 -0.2788488 -0.823817 0.4935272 -0.2797626 -0.8203338 0.4987839 -0.1571488 -0.8552072 0.4938876 -0.1579782 -0.8534822 0.4965997 -0.03909939 -0.867953 0.495105 0.0918343 -0.8462643 0.5247889 0.1081235 -0.864937 0.4900951 0.1988407 -0.8423941 0.5008338 0.3030061 -0.8139814 0.4956024 0.3762845 -0.7793382 0.5010411 -0.4742349 -0.842217 0.2564604 -0.5043679 -0.7936438 0.3402098 -0.4512962 -0.8244742 0.3414295 -0.4415534 -0.8388479 0.3183784 -0.3198783 -0.8946793 0.3118126 -0.3256865 -0.8859736 0.3301199 -0.1780458 -0.9243555 0.3374415 -0.1756355 -0.9277121 0.3293974 -0.1159188 -0.9477578 0.2971836 -0.04776597 -0.9450824 0.3233228 0.5561516 -0.4799674 0.6784739 0.627757 -0.4089722 0.6623163 0.7211681 0.003413319 0.6927518 0.6196691 0.2923902 0.7283667 0.6065766 0.288791 0.740719 -0.3276901 -0.6832035 0.6525736 -0.3447537 -0.6810612 0.6459881 -0.3467203 -0.6757284 0.6505199 -0.2323946 -0.7295719 0.6432089 -0.2331137 -0.7256494 0.6473724 -0.1308014 -0.7545185 0.643112 -0.1315276 -0.7526034 0.6452044 -0.02710604 -0.7648138 0.643681 -0.02540862 -0.7675918 0.6404353 0.07580876 -0.7519407 0.6548574 0.08381456 -0.7610983 0.6431986 0.1568968 -0.7467029 0.6463885 0.250203 -0.7239327 0.6428996 -0.1518985 0.682807 0.7146338 -0.248315 0.9373763 0.2442651 -0.1580042 0.964937 0.209598 5.43199e-4 -0.007152259 0.9999743 -0.01014941 -0.001723408 0.999947 0.01445817 -0.008627653 0.9998583 -0.00505948 -0.01012992 0.999936 -0.01035761 -0.002559125 0.9999431 -0.0567485 0.1895079 0.980238 -0.05093836 0.2490466 0.967151 0.1157482 0.1693506 0.9787354 0.09035146 0.1433656 0.9855369 -0.1719075 0.0351594 0.9844855 -0.8601443 0.5035079 0.08143585 -0.9318806 0.3587186 0.0540347 -0.9873291 -0.1144121 0.1099599 -0.9904835 -0.0705918 0.1181495 0.03333973 0.9917356 0.1238912 0.04954481 0.8690778 0.4921882 0.191253 0.8075227 0.5579691 0.1370548 0.8075017 0.573722 0.1429398 0.7923742 0.5930526 0.4123654 0.6982964 0.5850957 0.5810359 0.7146697 0.3894158 0.5877642 0.6609326 0.4665849 0.4813521 0.5234814 0.7030416 0.5043544 0.7616034 0.406924 0.5047239 0.7834991 0.3624681 0.446367 0.7152404 0.5377618 0.3387085 0.7584606 0.5567892 0.2796648 0.7014703 0.6555357 -0.1154088 0.056948 0.9916843 -0.1532489 0.3189121 0.9353128 -0.1497935 0.3165736 0.936666 0.4362679 0.421484 0.7949979 0.03584134 0.4692174 0.882355 0.1081103 0.5894706 0.8005227 0.14342 0.4237366 0.8943591 0.2070279 0.4402037 0.8737049 0.2166208 0.4570236 0.8626731 0.3130245 0.4849873 0.8165801 0.3042698 0.3511775 0.885491 0.3443908 0.3267356 0.8801358 0.3744806 0.3500077 0.8586378 -0.02901405 0.03980219 0.9987863 -0.02235037 0.21465 0.9764353 0.01891773 0.2910753 0.9565132 0.04083007 0.1506473 0.9877441 0.1412107 0.1701782 0.975243 0.1988145 0.07517337 0.9771498 -0.4836698 0.7175098 0.5012418 -0.58609 0.6718859 0.4528443 -0.5366818 0.6486583 0.5396435 -0.4534495 0.4455268 0.7719388 -0.3087727 0.8593376 0.4076745 -0.3176261 0.5171754 0.79476 -0.3160281 0.3965158 0.8619174 -0.2771186 0.1849025 0.9428767 -0.1027219 0.9906551 0.08972597 -0.1806502 0.8023726 0.5688266 -0.1079822 0.6965358 0.7093503 -0.1670575 0.1156207 0.9791445 -0.2587907 0.8577289 0.4442169 -0.2225983 0.8144954 0.5357679 -0.2296026 0.4574843 0.8590641 -0.4043192 0.7496228 0.524015 -0.4097948 0.7175652 0.5631772 -0.4037757 0.4014554 0.8220698 -0.04164022 0.9846405 0.1695566 -0.01816332 0.8212304 0.5703076 -0.05036544 0.7264932 0.6853255 -0.1013338 0.4817253 0.8704438 0.9985479 0.01312994 0.05224722 0.962885 0.241358 0.1208252 -0.04772746 -0.5521496 0.8323779 0.1429275 -0.8389284 0.5251392 0.008749246 -0.7538281 0.6570135 0.1532412 -0.8587729 0.4889033 0.006820619 -0.7980485 0.6025547 -0.02572244 -0.5407446 0.8407935 0.6649338 0.6496797 0.3684827 0.6027374 0.6007741 0.5251459 0.4591588 0.4416911 0.7707673 0.2874898 0.261981 0.9212577 0.3672313 0.3609635 0.8572319 -0.783054 0.6218115 0.01330524 -0.8354897 0.5266198 0.1569355 -0.7629116 0.6407563 0.08600765 -0.8694844 0.4877418 0.078134 -0.8732252 0.4825174 0.06822609 -0.8216776 0.5663968 0.06356722 -0.9277992 0.3697752 0.0495485 -0.9384814 0.3388006 0.06683576 -0.9701821 0.2401352 0.03289175 -0.9486699 0.2959374 0.1115641 -0.9958199 0.06752634 0.06150609 -0.9863553 0.159988 0.03882324 -0.9922637 0.1076438 0.06185084 -0.9992521 -0.03275877 0.02055126 -0.9986222 0.004062771 0.05231857 -0.9898694 -0.1272027 0.06307262 -0.9811239 -0.1870587 0.04904013 -0.9828964 -0.1740051 0.06030696 -0.9295038 -0.36642 0.04194307 -0.8916568 -0.4496474 0.05258709 -0.966839 -0.2512892 0.04556584 -0.9410756 -0.3336693 0.05515086 -0.8513433 -0.5231527 0.03906095 -0.8013951 -0.596168 0.04847472 -0.8638702 -0.5010293 0.05194264 -0.790236 -0.6113352 0.04238504 -0.7097343 -0.7019885 0.05907213 -0.6859628 -0.7264469 0.04159241 -0.7476524 -0.6619192 0.05365532 -0.3794938 -0.9244104 0.03807806 -0.5997581 -0.7989159 0.04498553 -0.5677078 -0.821781 0.04882621 -0.5459154 -0.8366864 0.04395812 -0.4814832 -0.8748404 0.05318021 -0.4308739 -0.8999344 0.06682735 -0.3109321 -0.9496215 0.03924745 -0.2180516 -0.9743043 0.05643326 0.05140805 -0.9979265 0.03872764 -0.04797029 -0.9972902 0.05577832 -0.1344971 -0.989724 0.0485472 -0.124794 -0.991127 0.04575818 0.1962295 -0.9793844 0.04796057 0.1106207 -0.9924752 0.05249845 0.2149373 -0.9756455 0.04379558 0.2660105 -0.9625507 0.052293 0.3667214 -0.9290202 0.04936647 0.3931621 -0.9184413 0.04346531 0.4323007 -0.9002556 0.05153614 0.5116767 -0.8576586 0.05107778 0.5548721 -0.831052 0.03833562 0.613879 -0.7877372 0.05121415 0.6755787 -0.7363321 0.03753203 0.8794516 -0.4728665 0.05442637 0.8248187 -0.5637792 0.04274505 0.7969 -0.6016855 0.05408513 0.7589803 -0.6495775 0.04470199 0.7268143 -0.6849441 0.05091786 0.8990038 -0.4359457 0.04175752 0.941819 -0.3321397 0.05157798 0.9421523 -0.3310867 0.05225557 0.9830532 -0.1782364 0.0428757 0.9939771 -0.1015703 0.04114532 0.9846376 -0.1675993 0.04898256 0.9814952 0.1866136 0.04292476 0.9906203 0.1209845 0.0635159 0.9933605 0.1007508 0.05553609 0.9984179 0.009862184 0.0553584 0.997702 -0.01915729 0.06499123 0.9551451 0.2856053 0.07827949 0.9619916 0.2670459 0.05708682 0.7588961 0.6451691 0.08850824 0.9304511 0.3632323 0.04819995 0.9123587 0.4009318 0.08279782 0.8687606 0.4904236 0.0688467 0.864656 0.4984376 0.06268864 0.7978522 0.5977588 0.07820641 0.8102231 0.583719 0.05301636 0.6775162 0.7323486 0.06809848 -0.6841804 0.6604001 0.3094654 -0.5509617 0.5538665 0.624238 -0.4004144 0.3894573 0.8294525 -0.4258508 0.4272375 0.7975709 -0.8225471 -0.1206087 0.5557605 -0.83637 0.3632355 0.4105425 -0.7554062 0.4971179 0.4268903 -0.5990248 0.7982343 0.06317836 -0.5936239 0.8007932 0.07963114 -0.5139374 0.8532307 0.08868962 -0.4800752 0.8761658 0.04314154 -0.429332 0.8979582 0.09666991 -0.4039075 0.9113709 0.07913213 -0.3415077 0.9312498 0.1270686 -0.2977933 0.95104 0.08271682 -0.2431482 0.9615837 0.1274203 -0.2303451 0.967144 0.1075807 -0.09494441 0.9876282 0.1248044 0.01996886 0.986296 0.1637731 0.3023414 0.9483883 0.09565335 0.2504764 0.9556532 0.1548829 0.1455233 0.9842665 0.1002122 0.1621881 0.9771199 0.1375929 0.423278 0.9015777 0.08940553 0.3316679 0.9335198 0.136152 0.4370675 0.8977109 0.05556207 0.511591 0.851296 0.11649 0.5546053 0.8309354 0.04426836 0.6338801 0.7716957 0.05178761 0.6361285 0.7695395 0.05611997 0.711224 0.05634862 0.7007035 0.1002058 -0.5772866 0.8103697 0.1359838 -0.6542658 0.7439387 0.07859653 -0.5109469 0.8560117 0.5463375 -0.7908266 -0.2758782 0.1812156 -0.5403914 0.8216679 0.9019589 -0.006907165 0.4317667 0.6187261 -0.2650533 0.7395436 0.4230414 -0.3902866 0.8177484 0.5133939 -0.341242 0.7873886 0.6029477 -0.2634495 0.7530261 0.4451988 -0.4466218 0.7760974 0.9335794 -0.1783125 0.3108606 0.7441866 -0.3738991 0.5535213 0.7648484 -0.6021541 0.2289488 0.5651079 -0.675287 0.4739629 0.6491833 -0.7492143 0.1312973 0.5615033 -0.7349207 0.3802703 0.3929432 -0.8013332 0.4510663 0.6209987 -0.1755828 0.7638922 0.2218152 -0.4993982 0.8374961 0.2748706 -0.5335002 0.7998899 0.324368 -0.4917413 0.8080694 0.8718126 -0.3469667 0.3457701 0.6270813 -0.4656646 0.6244402 0.6635727 -0.5342365 0.5237008 0.7024202 -0.5375865 0.4664832 0.6297965 -0.6319084 0.451717 -0.76607 -0.3251501 0.5544493 -0.5296673 -0.3035984 0.7920104 -0.8175541 -0.07404571 0.5710715 -0.430882 -0.505267 0.7476938 -0.5289995 -0.4173876 0.7388824 -0.4006344 -0.4364627 0.8056008 -0.1916354 -0.4887858 0.8510959 -0.2163282 -0.5846376 0.7819214 -0.09837043 -0.5205811 0.8481266 -0.2056287 -0.5406554 0.8157258 -0.61366 -0.7875962 -0.05580222 -0.2982124 -0.8473268 0.4394393 -0.4165371 -0.7991263 0.4334675 -0.8222801 -0.2100397 0.5289034 -0.3241072 -0.8813512 0.3437654 -0.5294023 -0.7249312 0.4406904 -0.5491337 -0.6375026 0.5404097 -0.7457189 -0.6080384 0.2723833 -0.55965 -0.5641822 0.6070342 -0.7085639 -0.4788421 0.5183122 -0.8734269 -0.364268 0.3231632 -0.7102791 -0.3547363 0.6080015 0.5853741 0.4429252 0.6790836 0.5327641 0.2622651 0.8045989 0.6212501 -0.09029018 0.7783932 0.6706059 0.153598 0.7257378 0.8957683 0.2353488 0.3771076 0.7816027 -0.01643556 0.6235601 0.7715003 0.1944204 0.6057954 0.6012424 0.1797072 0.7785968 0.7243164 0.4610213 0.5126647 0.5698598 -0.1166635 0.8134184 -0.8200134 0.2516349 0.5140605 -0.6751293 0.1999846 0.7100751 -0.8233941 -0.01148688 0.5673538 -0.7028312 0.02068775 0.7110559 -0.7391556 0.06914538 0.6699761 -0.5940713 0.2013265 0.7788113 -0.6951237 0.2893574 0.6580847 -0.5394855 0.002212762 0.841992 -0.57532 0.3933894 0.7171135 0.4718022 0.2949311 0.8309142 0.3810408 0.4393717 0.8134867 0.2576801 0.5383958 0.8023285 -0.08644115 0.4538094 0.8868963 -0.2933808 0.4418663 0.847751 -0.4429887 0.4950681 0.7474414 -0.1617345 0.4485741 0.87899 -0.2798662 0.5448948 0.7904206 -0.2654609 0.515991 0.8144224 -0.1369302 0.8262995 0.5463325 -0.4759546 0.7369766 0.4799301 0.6037199 0.6067429 0.5170932 0.5941181 0.523187 0.6109822 0.4291834 0.5431626 0.7216481 0.3905537 0.3651369 0.8450698 0.3002915 0.6666283 0.6822255 0.1167921 0.6461448 0.7542259 -0.4479663 0.2339827 0.8628895 -0.628129 0.778083 -0.006419241 -0.6293786 0.6658654 0.4006319 0.05103117 0.9107391 0.409817 0.7425864 0.4415266 0.5036066 0.8756549 0.4290264 0.2217319 -0.1152675 -0.5562741 0.8229657 -0.03701847 -0.4853797 0.8735194 0.532809 -0.3501558 0.7703931 -0.2774534 -0.5613112 0.7797111 0.5260995 -0.6220358 0.579906 0.5589612 -0.654896 0.5085997 0.4622329 -0.6865199 0.5612764 0.2946075 -0.6240659 0.7237045 0.5653504 -0.2127286 0.7969476 0.4181567 -0.4445387 0.7921681 0.2154322 -0.5699171 0.7929587 0.0289424 -0.4930809 0.8695019 0.03505486 -0.5527133 0.8326339 0.3644007 -0.496363 0.7879315 0.2735967 -0.8537476 0.4430124 0.446532 -0.7888873 0.4222155 0.3902738 -0.7990311 0.4574229 0.8817938 -0.4260755 0.2022362 0.7516161 -0.5241985 0.4003617 0.752337 -0.5853457 0.3022572 0.7912209 -0.5327492 0.300246 0.94678 0.07169067 0.3137964 0.8209028 -0.3838812 0.4227929 0.8710257 -0.1366707 0.4718427 0.8580678 -0.2157616 0.4660116 0.8144985 -0.2548876 0.521176 0.8804163 -0.2745819 0.3866159 0.7696626 -0.394216 0.5022082 0.9364138 0.0490911 0.3474466 0.9201608 -0.07652294 0.3839903 0.06880849 -0.5022403 0.8619862 -0.9902397 0.1228891 0.06575387 -0.8749925 -0.3609654 0.3226335 0.4281834 -0.8600145 0.2775502 0.3513389 -0.8855444 0.3039281 -0.6399763 -0.734023 0.2272459 -0.624774 -0.6772359 0.3885987 -0.5841352 -0.2229127 0.7804461 -0.6224571 -0.2123329 0.7533008 -0.9265959 0.05693995 0.3717232 -0.9431201 -0.1412675 0.300945 -0.8029342 -0.2158066 0.5556296 -0.6655765 -0.2415508 0.7061595 -0.7764616 -0.2088673 0.5945435 -0.8393909 -0.4399671 0.3191428 -0.8636341 -0.3707657 0.3415684 -0.6028341 -0.5650042 0.5633484 -0.8604073 -0.423556 0.2833719 -0.5477238 -0.367452 0.7516501 -0.9282137 -0.2437716 0.28106 -0.927411 -0.2440972 0.2834178 -0.3476744 -0.8853283 0.3087337 -0.4084641 -0.8232136 0.3943052 -0.3354083 -0.7979641 0.500754 -0.5958628 -0.6661958 0.4484761 -0.4624274 -0.7683233 0.4425385 -0.4835251 -0.7730397 0.4106255 -0.2172673 -0.8686565 0.4452314 -0.0537759 -0.8835951 0.4651538 -0.7074612 -0.6156346 0.3471204 -0.4367337 -0.5324175 0.7251175 -0.4059157 -0.4984158 0.766038 -0.5177924 -0.3745902 0.7691382 -0.7963778 -0.5222139 0.3050822 -0.2169553 -0.8669373 0.4487207 -0.1574053 -0.9498876 0.2700687 0.1088031 -0.8514648 0.5130007 0.2645894 -0.9441758 0.1962769 -0.006608724 -0.474061 0.8804672 0.1025577 -0.8404241 0.5321367 0.04038131 -0.9251463 0.3774567 -0.038019 -0.841295 0.5392378 -0.4943175 0.1769414 0.8510829 0.4613463 0.1344361 0.8769758 -0.7823768 0.4947037 0.3783583 0.8188874 0.3737939 0.4355478 -0.3189643 0.8044683 0.5010915 -0.1407719 0.8110401 0.5678004 -0.1341354 0.854933 0.501096 0.02741175 0.8387582 0.5438137 0.2596138 0.884032 0.3887008 0.3982618 0.8345022 0.3807802 0.8898616 0.1471983 0.4318322 0.7110892 0.4937736 0.5005395 0.6838803 0.6456015 0.3398625 -0.4725935 0.758785 0.4482196 -0.474441 0.7365759 0.4820392 -0.6003993 0.6734356 0.4312833 -0.6014485 0.6004709 0.5269672 -0.6922653 0.639537 0.3343069 -0.9341042 0.1456674 0.3259303 0.8293525 0.4502356 0.3308511 -0.8616671 0.4576237 0.2193406 -0.9140703 0.3043142 0.2680829 -0.9479689 0.1906087 0.2549971 0.3956823 0.8459732 0.3574423 0.6823713 0.6675996 0.2977923 0.5501454 0.8203899 0.1558862 0.548281 0.7723006 0.3208422 0.6072687 0.002846717 0.7944915 0.5555294 -7.53705e-4 0.8314967 0.6358522 0.110991 0.7637887 0.5733711 0.1448214 0.8063948 0.3374163 0.3179135 0.8860481 0.2220186 0.3715477 0.9014766 0.01609373 0.4773795 0.8785498 -0.1174569 0.5410475 0.8327494 -0.3631597 0.3498497 0.8635509 -0.4650524 0.2810373 0.8394906 0.803668 0.07198727 0.5907077 0.8303457 0.1909008 0.5235293 0.6698761 0.3354452 0.6623765 0.6739913 0.3661609 0.6416088 0.4946414 0.3485292 0.7961516 0.5149303 0.546832 0.6601679 -0.6770086 0.3886454 0.6249914 -0.7035074 0.3559381 0.6151306 -0.6350705 0.205641 0.7445785 -0.6480671 0.1223208 0.751696 -0.7654916 0.2023795 0.6107908 -0.7465608 0.09884071 0.6579343 -0.676321 0.01298862 0.7364925 -0.694478 -0.06152713 0.7168785 0.0624144 0.6489006 0.758309 0.117402 0.6355539 0.763078 0.1222292 0.6456392 0.7537972 0.2061388 0.6787956 0.7048002 0.3625476 0.5990144 0.7139616 -0.6276698 -0.1180992 0.7694695 -0.3054569 0.7609888 0.5723566 0.8829823 0.3251324 0.3385722 0.6096323 -0.7900903 0.0640766 0.6553288 -0.7420123 0.1412867 0.2742799 -0.9526668 0.1311354 -0.8254162 -0.5586501 0.08122926 -0.8709937 -0.4839664 0.08453786 0.6988475 0.7066088 -0.1109779 0.6468579 0.7623355 -0.0204823 0.6003711 0.7947179 -0.08932065 0.4773392 0.8746969 -0.08398044 0.5290469 0.8485542 0.008074343 0.3621863 0.931288 -0.03903812 0.3642528 0.9306529 -0.03471517 0.2073163 0.9776591 -0.03467988 0.2327361 0.9679845 -0.09402132 0.1446003 0.9894293 -0.0109772 0.1778154 0.9830339 -0.0450133 0.0297861 0.9995192 -0.008611559 0.06009519 0.9968984 -0.05081647 -0.04822742 0.9960023 -0.07519143 -0.1281248 0.9916832 0.01218909 -0.1555123 0.9868362 -0.04438906 -0.2754702 0.9606755 -0.03491353 -0.2907465 0.9566814 -0.01507186 -0.3211711 0.9442851 -0.07193619 -0.4415034 0.8972044 -0.00995624 -0.4493044 0.8918724 -0.05185669 -0.5744258 0.8138754 -0.08741831 -0.5676411 0.8223192 -0.03968441 -0.689121 0.7197821 -0.08382183 -0.6640595 0.7476578 -0.005732834 -0.7577383 0.6524428 -0.01229065 0.7286784 0.682021 -0.06225013 0.8069355 0.590515 -0.01213771 0.809563 0.5837474 -0.06202286 0.889105 0.4576155 -0.008962988 0.8918799 0.449448 -0.0504654 0.9304324 0.3664211 -0.005586326 0.9363478 0.3449825 -0.06511557 0.9597739 0.2759675 -0.05173033 0.9771992 0.2118566 0.01409226 0.9807342 0.1726409 -0.09140986 0.9969631 0.07785493 -0.00181365 0.9988141 -0.006289958 -0.04827928 0.9989886 -0.006195306 -0.04453635 0.9880785 -0.1530862 -0.01629483 0.9915225 -0.09440213 -0.08928281 0.9703302 -0.2410886 0.01832479 0.9527286 -0.2904129 -0.08926779 0.93505 -0.3541879 -0.01524472 0.877146 -0.4802112 -0.003465294 0.9013947 -0.4259438 -0.07784432 0.8410993 -0.5408685 -0.003662526 0.8021085 -0.5901405 -0.09141302 0.8094907 -0.5871235 0.003283143 0.731781 -0.6806859 -0.0341075 0.7267507 -0.676119 -0.1212299 0.6177347 -0.7860197 -0.02402174 0.5969855 -0.7971458 -0.09037262 0.506334 -0.8623299 -0.00364685 0.4308529 -0.8974815 -0.09430205 0.4503396 -0.892817 -0.008503735 0.3232364 -0.9442337 -0.06277787 0.3789973 -0.9081441 -0.1778635 0.2182008 -0.9758016 -0.01413023 0.1578158 -0.9870938 -0.02720862 0.1616939 -0.9862968 -0.03276824 0.06032401 -0.9975339 -0.03587692 0.05053174 -0.9985074 -0.02072405 -0.05202412 -0.9985343 -0.0149334 -0.07579565 -0.995386 -0.05883681 -0.1908937 -0.98161 -0.001214087 -0.2393889 -0.9690926 -0.05960345 -0.2890437 -0.9573111 -0.003068745 -0.3720661 -0.9239972 -0.08829462 -0.4310564 -0.9022909 -0.007853031 -0.4780458 -0.8770053 -0.04831171 -0.5182808 -0.8550981 0.01386785 -0.6215752 -0.779761 -0.07494729 -0.629916 -0.7756302 -0.04004639 -0.7146908 -0.6984326 -0.03753685 -0.7448341 -0.6612033 -0.08962357 -0.7768084 -0.6296719 -0.009072363 -0.8315585 -0.5524933 -0.05711179 -0.8367992 -0.5467988 -0.02790194 -0.9104131 -0.4097367 -0.05713021 -0.9104072 -0.4093886 -0.05966323 -0.9362694 -0.3512771 -0.00200802 -0.960929 -0.2660179 -0.07648652 -0.9913673 -0.1138501 -0.06503021 -0.9919979 -0.1143748 -0.05346727 -0.9694525 -0.2452027 -0.006123065 -0.999575 0.02895301 -0.003383457 -0.9964193 0.03575152 -0.0766195 -0.9863501 0.164649 -0.002021133 -0.9835628 0.1696408 -0.06185787 -0.9431595 0.3317817 -0.01926702 -0.9367236 0.3381538 -0.09055936 -0.8975907 0.4405276 -0.01632857 -0.8758506 0.4791783 -0.05721968 -0.8506476 0.5256815 0.007596433 -0.7754398 0.6215822 -0.1110355 -0.3712182 0.6307992 -0.6813879 -0.805942 0.5919913 0.001962721 -0.6303519 0.1832978 -0.7543597 -0.6926492 0.2983102 -0.656695 -0.6655734 0.3055143 -0.6809354 -0.921583 0.2723926 -0.2765629 -0.5988508 0.4301658 -0.6755259 -0.9239181 0.3653025 -0.1137081 -0.5036662 0.5279387 -0.6838136 -0.4539257 -0.5805854 -0.6759231 -0.5957984 -0.5425915 -0.5921308 -0.636619 -0.6478516 -0.4183356 -0.6675903 -0.4834962 -0.5661754 -0.748484 -0.4075272 -0.5231571 -0.7360486 -0.2464295 -0.6304801 -0.86571 -0.1967952 -0.4602369 -0.7722799 -0.09410429 -0.628274 -0.9505194 -0.1919273 -0.2442885 -0.9849933 -0.0684365 -0.1584442 -0.384892 -0.7815035 -0.49103 -0.3220373 -0.6102871 -0.723769 -0.252868 -0.9071958 -0.3362346 -0.1314874 -0.5097922 -0.85019 -0.4812944 -0.6838234 0.548399 -0.1845513 0.8026089 -0.5672388 -0.5055125 -0.1334416 -0.852438 -0.6806889 -0.1605365 -0.7147662 -0.08344912 -0.9081988 -0.4101358 -0.440416 -0.5157731 -0.7348551 -0.4621108 0.8007531 -0.3811143 -0.3411691 0.8313199 -0.4387608 0.8777152 -0.3416916 -0.3359511 0.03540611 -0.6064158 -0.794359 0.4297755 -0.5328312 -0.7289609 0.4401758 -0.591656 -0.6754173 0.5170241 -0.3889936 -0.7624764 -0.06339466 -0.2649223 0.9621837 0.5404816 -0.6182812 -0.5706208 0.3730254 -0.7398244 -0.5599215 0.1073546 -0.6535152 0.7492617 0.7659579 -0.3074672 -0.5645995 0.9526565 -0.2655802 -0.14803 -0.1102092 -0.3382123 0.9345943 0.5479079 0.794236 -0.2626522 0.6462408 0.2735003 0.7124398 0.258785 0.4652 -0.8465337 0.219045 0.1598979 -0.9625238 0.523509 0.541393 -0.6578996 0.04457283 -0.3597522 -0.9319826 0.5185393 0.4723358 -0.7127524 0.1175354 0.7923014 -0.598702 0.138728 0.612221 -0.7784217 0.4805501 0.5884619 -0.6502186 0.7472132 0.4116422 -0.5217502 0.7021822 0.364289 -0.6117464 0.767349 0.3379144 -0.5449676 0.7641924 0.2291152 -0.602923 0.6581274 0.2827813 -0.6977845 0.8949359 0.04366189 -0.4440535 0.6016416 0.1911666 -0.7755532 0.6716246 0.00338912 -0.7408839 0.7217274 -0.2501145 -0.6454088 0.6962206 -0.3494843 -0.6270068 0.5601289 -0.2123452 -0.8007279 0.2031899 -0.3442798 -0.9166163 0.2103289 -0.4124453 -0.8863695 0.1799751 -0.7573339 -0.6277375 -0.4599527 0.2853127 -0.8408569 -0.6055972 -0.7252397 0.3275355 0.3505308 -0.9365512 -1.00381e-4 0.1355489 0.9871388 -0.08475577 -0.4084771 0.8583906 0.3103417 0.001563549 0.416292 -0.9092298 0.008562684 0.4340001 -0.9008721 -0.006280303 0.438693 -0.8986151 -0.003110408 0.4238668 -0.9057193 0.007892012 0.4384792 -0.8987067 -0.002427041 0.3630345 -0.9317725 -0.02926576 0.488735 -0.8719413 0.005702078 0.4374194 -0.8992396 0.001292765 0.3409373 -0.9400852 -0.007977366 0.3956804 -0.9183536 -0.06235992 0.5133562 -0.8559069 -0.0304284 0.4425917 -0.8962069 -0.007553577 0.4286651 -0.903432 0.04540741 0.3625352 -0.9308633 0.05268901 0.3444661 -0.937319 6.36272e-4 0.343865 -0.939019 0.05663049 0.4578208 -0.887239 0.001540541 0.4167994 -0.9089972 5.91492e-4 0.3974449 -0.9176259 0.07132107 0.5081449 -0.8583136 -0.01242226 0.4171956 -0.9087319 -0.01225262 0.4169288 -0.9088567 -0.009662151 0.4440722 -0.895939 0.002482771 0.4410067 -0.8975005 0.04042917 0.490138 -0.8707069 0.03114801 0.4229475 -0.9056187 -0.01789069 0.3614744 -0.9322104 -0.01699006 0.3822221 -0.9239144 0.005938768 0.3884739 -0.9214406 -0.05277621 0.44749 -0.8927304 0.09970855 0.4914891 -0.8651571 0.1008331 0.4728697 -0.875344 0.01890075 0.3892544 -0.9209365 -0.02573609 0.3747792 -0.9267568 -0.02277481 0.3697292 -0.9288605 0.04621803 0.440685 -0.8964713 -0.02492493 0.4169015 -0.9086099 -0.02611368 0.4131422 -0.9102921 0.02404135 0.3664323 -0.9301341 -0.01605606 0.4097089 -0.9120751 -0.1228747 0.4398637 -0.8896189 -0.1200217 0.4398806 -0.8900001 0.02323096 0.3849222 -0.9226567 -0.01133823 0.3971354 -0.9176901 0.0168153 0.3895232 -0.9208632 -0.03819179 0.410005 -0.9112833 -0.03378766 0.4115151 -0.9107765 -0.08831238 0.453148 -0.8870502 6.04608e-4 0.3941204 -0.9190586 -0.02514874 0.4007174 -0.9158566 0.05643409 0.432368 -0.8999295 0.01675069 0.4257447 -0.9046884 0.03438961 0.4149413 -0.9091981 0.1163555 0.46974 -0.8751033 0.0305655 0.3932535 -0.9189219 0.001103639 0.3955869 -0.918428 0.08197575 0.4269036 -0.900574 -0.02610915 0.3730608 -0.9274395 -0.01914519 0.3969722 -0.917631 -0.01220846 0.3963332 -0.9180256 -0.5140861 0.1555078 -0.843524 -0.08850252 0.3708767 -0.9244555 -0.02756041 0.3936418 -0.9188507 0.04462426 0.4024563 -0.914351 -0.06805974 0.3800991 -0.9224384 -0.2138664 0.3748986 -0.90206 -0.009636402 0.3928133 -0.9195678 0.00744313 0.3869255 -0.9220809 -0.6255941 0.2846214 0.7263764 -0.4331983 -0.5973198 -0.6749432 -0.439755 -0.3131986 -0.8417377 -0.5074345 -0.2904679 -0.8112575 -0.6144626 -0.212801 -0.7597049 -0.155436 -0.7846347 -0.6001567 -0.5796601 -0.4850121 -0.6547958 -0.02067488 0.3709552 -0.9284206 -0.1250851 0.3269132 -0.9367399 -0.1461167 -0.660579 0.7364002 -0.05039566 -0.4639244 -0.8844403 -0.1293643 0.9305217 -0.3426285 -0.4935526 0.8510836 -0.1790606 -0.473078 0.7358483 -0.4844838 -0.837704 -0.08991277 -0.5386722 -0.156387 -0.7491598 -0.6436636 -0.3056603 -0.6637491 -0.6826485 -0.3434839 -0.7718246 -0.5350754 -0.4907121 -0.7462577 -0.4497792 -0.7370479 -0.1629071 -0.6559129 -0.8598634 -0.3222146 -0.3959962 -0.8649833 -0.1171499 -0.4879342 -0.8727934 0.009581387 -0.4879959 -0.8682542 0.01328158 -0.495942 -0.8193683 0.1632034 -0.5495456 -0.8152672 0.1653036 -0.5549904 -0.880207 0.216578 -0.4222912 -0.9026767 0.2034041 -0.3792122 -0.7293235 0.361685 -0.5807505 -0.9721382 0.2134315 0.09692519 -0.7512986 0.3990806 -0.5256285 -0.7846705 0.5113694 -0.3504196 -0.667273 -0.3021588 -0.6807693 -0.05858844 0.4447633 -0.8937298 0.2294076 0.9726764 -0.03567534 -0.9354792 0.3227685 -0.1438719 -0.9354736 0.3227702 -0.1439046 -0.9354826 0.3227684 -0.1438504 -0.9905208 0.06469672 -0.1211731 -0.9967905 0.05352127 0.05953276 -0.9600585 -0.2703228 -0.0722028 -0.9600592 -0.270323 -0.07219451 -0.9600598 -0.2703236 -0.07218307 0.3638002 -0.9314595 0.005718231 0.04394626 0.9593748 0.2786912 -0.05636745 -0.7453684 -0.6642656 0.003449738 0.9993929 -0.03466755 -0.003719806 0.9678865 -0.2513602 0.02482002 0.8851433 -0.4646564 0.2561398 -0.7360908 -0.6265482 0.728518 -0.03611892 -0.6840738 0.6117013 0.1190187 -0.7820845 0.8342757 0.05059766 -0.549021 0.5775297 -0.4565242 -0.6767904 0.786737 -0.08681958 -0.6111524 0.9753838 -0.0832538 0.2041946 0.8389668 0.0459935 -0.5422355 0.5437883 0.815928 -0.1963564 0.8959609 -0.440102 0.05970215 0.08348184 -0.6171671 -0.782391 0.3142035 0.809519 -0.4959388 0.06712931 -0.8152043 -0.5752702 0.4589287 -0.7372936 -0.4957649 0.4366908 -0.2982788 -0.8487231 0.5876672 -0.4969806 -0.6384806 0.6920347 -0.4610896 -0.5554137 0.6556441 -0.3583129 -0.6646373 0.7913734 -0.3169028 -0.5227819 0.784539 0.2097852 -0.5835142 0.9702957 0.2320562 0.06838262 0.6896561 0.5174474 -0.5065795 0.2548959 -0.6617088 -0.7051026 0.4127982 -0.8870388 -0.2067846 0.9836764 0.08882945 -0.1564927 0.7427415 0.3442583 -0.5743008 0.02637147 0.869574 -0.493098 0.1784676 0.3372102 0.9243586 0.3350091 0.4144422 0.8461717 0.6618731 -0.1512623 -0.7341961 0.7428219 0.4067852 -0.5317345 0.8791999 0.2838022 0.3827061 -0.07427883 0.5633656 -0.822862 -0.07484197 0.5624536 -0.8234348 -0.07482886 0.5624561 -0.8234342 0.5819242 0.1697049 -0.7953393 -0.008462131 0.9999506 0.005228579 -0.02887529 0.9986413 -0.04338002 -0.05995166 0.9945958 -0.08476573 -0.342185 0.9392401 -0.02715933 -0.1557105 0.9857615 0.0634728 -0.2255665 0.9725192 -0.0576744 -0.2549857 0.966837 -0.01444125 -0.3448498 0.9378181 -0.03969603 -0.374451 0.9267339 -0.03083795 -0.3633008 0.9316708 0.001482307 -0.3673859 0.9297071 -0.02593314 -0.4358185 0.8990345 -0.04241955 -0.7405264 0.6711876 -0.03358298 -0.6737314 0.7377077 -0.04328149 -0.6675632 0.7445518 -0.001452505 -0.5905773 0.8022145 -0.08758157 -0.5300527 0.8479226 -0.008445143 -0.5327411 0.84526 -0.04150336 -0.4509455 0.8923119 -0.02068263 -0.8958125 0.4437387 -0.02482026 -0.8858201 0.4516825 0.1063284 -0.7416092 0.6694141 -0.04359602 -0.8154848 0.5774279 -0.03952014 -0.8162707 0.5776677 0.00154072 -0.8622155 0.4875326 -0.1374644 -0.9286056 0.3369858 0.1553455 -0.9280575 0.3720747 0.01642405 -0.941486 0.3357794 -0.02926528 -0.9814475 0.09979408 -0.1637138 -0.9155039 0.3875794 -0.107865 -0.9665588 0.2564073 -0.004434823 -0.9663867 0.2526853 -0.04740309 -0.9867098 0.1594339 -0.03137898 -0.9865152 0.1595429 -0.03652268 -0.9950084 0.0788058 -0.06122243 -0.9995058 0.0311588 0.004176199 -0.9965269 -0.06387603 -0.05342274 -0.9927287 -0.08908915 0.08095091 -0.9916872 -0.1112046 -0.06473124 -0.9748983 -0.2224391 -0.009711802 -0.9747241 -0.2233985 0.002470314 -0.9501774 -0.310971 -0.02144521 -0.9497587 -0.3016503 -0.08345979 -0.8898367 -0.4221024 0.1732635 -0.9049234 -0.4103875 0.1126763 -0.920288 -0.3912258 -0.003523051 -0.9082441 -0.4139859 -0.06089693 -0.7522901 -0.6586667 -0.01475834 -0.754256 -0.656259 -0.0205425 -0.8329021 -0.5442491 -0.1003348 -0.853136 -0.5208691 0.02923011 -0.8527022 -0.5213112 0.03367483 -0.5207533 -0.8536326 0.0112887 -0.6325069 -0.768592 -0.09592455 -0.6332334 -0.7731896 -0.03454816 -0.5627509 -0.8239669 -0.06625783 -0.4465109 -0.8941447 -0.03366786 -0.4463319 -0.8935657 -0.04825282 -0.3159797 -0.9477838 -0.04315739 -0.3224936 -0.9461723 0.0274955 -0.2621078 -0.9586349 -0.1109901 -0.1656726 -0.9861428 -0.008665204 -0.07408124 -0.9972088 -0.009299516 0.007912874 -0.9981099 -0.06094378 -0.03491842 -0.9974318 0.06253546 -0.05701678 -0.9952017 -0.07951521 -0.1562791 -0.9866812 -0.04513478 0.1570903 -0.9815533 -0.1089763 0.08879208 -0.9957566 0.02418613 0.0543394 -0.9960049 -0.07086229 0.03821712 -0.996811 -0.07005363 0.3468306 -0.9365039 -0.05166208 0.2665112 -0.9576036 0.109394 0.2509329 -0.9676395 -0.02658575 0.4035085 -0.8960291 -0.1852375 0.4838686 -0.8373506 -0.2543917 0.4402459 -0.8954743 -0.06564718 0.4431259 -0.8963299 -0.01523602 0.5334565 -0.8454682 -0.02465683 0.5349128 -0.8449002 -0.003445029 0.6207064 -0.7837149 -0.02268147 0.6209758 -0.7834824 -0.02333694 0.6908679 -0.719233 0.07352179 0.757817 -0.6440007 -0.1047706 0.9022719 -0.430696 0.02016103 0.8987231 -0.4231117 -0.1152103 0.8129758 -0.5806429 0.04386615 0.8161181 -0.5777603 0.01201188 0.9242025 -0.3810719 -0.02517795 0.9548859 -0.2879155 -0.0727849 0.8778491 -0.2383208 -0.4154327 0.9456299 -0.3249119 -0.01471513 0.9766993 -0.2146102 0.001065433 0.9770005 -0.2112529 -0.02902239 0.948082 -0.3177272 -0.01378732 0.996863 -0.03776526 -0.06955593 0.997312 -0.0684874 -0.02604579 0.9417257 -0.3341912 -0.03833031 0.9997935 0.004724323 0.01976954 0.9993352 0.0130012 0.0340622 0.9929782 0.09474694 -0.07083284 0.9898093 0.1119218 -0.08803981 0.9927385 0.1188308 0.01869595 0.967565 0.2469294 -0.05332869 0.9688299 0.2447063 0.03856897 0.9314249 0.3639244 -0.002635538 0.9402147 0.3372331 -0.04764616 0.9320693 0.3619409 0.01567447 0.9306584 0.3237604 0.1704528 0.8576465 0.4926127 -0.1475642 0.889505 0.4522461 -0.065225 0.8634274 0.5008249 -0.06056022 0.8630226 0.5014357 -0.06127166 0.8126147 0.5825729 -0.01631188 0.8116896 0.5839015 0.01480585 0.7340286 0.6734511 -0.08755362 0.6879632 0.7253741 -0.0232194 0.6788055 0.733287 -0.0389015 0.5772837 0.8141526 -0.06244361 0.6161331 0.7874091 0.01915735 0.5201318 0.8513198 -0.06868517 0.4736379 0.8804132 0.02323681 0.4379162 0.8984018 -0.03322368 0.3751707 0.9268645 -0.01301538 0.3712114 0.928511 -0.008336424 0.399301 0.9138787 0.07337832 0.2571076 0.9649448 0.05270028 0.326985 0.9414494 -0.08218222 0.3214966 0.946739 -0.01804065 0.163709 0.9845129 -0.06272119 0.08955115 0.995231 -0.03867763 0.1447603 0.9838861 -0.1049416 0.07302618 0.9933824 -0.08864849 0.02234137 0.9943198 0.1040632 -0.07828617 0.8939139 0.4413496 -0.0364204 0.6689252 -0.742437 -0.03492534 0.8864899 -0.4614282 0.2780898 -0.2044124 -0.938553 -0.09338015 0.5388138 -0.8372334 -0.2250823 0.8561641 -0.4651035 -0.8875374 0.4554398 -0.06965625 -0.3797002 0.8900476 -0.252276 -0.3007405 0.9236356 -0.2375972 -0.1697941 0.895362 -0.4117001 -0.1600651 0.855665 -0.4921551 -0.07782953 0.7732222 -0.629341 0.192092 0.03903877 -0.9806002 0.09229278 0.5521115 -0.8286466 0.1960973 0.8329827 -0.5173837 0.02967178 0.8798845 -0.4742606 0.1606299 0.715204 -0.6802068 0.2176917 0.7212039 -0.6576285 0.2178019 0.7213254 -0.6574587 0.257834 0.6988074 -0.6672256 0.2409368 0.6788313 -0.6936408 0.1327882 0.9292569 -0.3447447 0.1342883 0.7674512 -0.6268854 -0.06125468 -0.938099 -0.340908 -0.2721811 -0.8106882 0.5183649 -0.4936342 -0.5250379 -0.6932969 -0.7473376 -0.1167374 -0.6541093 -0.2426808 -0.239017 -0.9402005 -0.3546694 -0.9160261 0.1873656 -0.9927842 0.008589506 -0.1196078</float_array>
          <technique_common>
            <accessor source="#eSeries_UR5e_019-mesh-normals-array" count="1938" stride="3">
              <param name="X" type="float"/>
              <param name="Y" type="float"/>
              <param name="Z" type="float"/>
            </accessor>
          </technique_common>
        </source>
        <vertices id="eSeries_UR5e_019-mesh-vertices">
          <input semantic="POSITION" source="#eSeries_UR5e_019-mesh-positions"/>
        </vertices>
        <lines count="2">
          <input semantic="VERTEX" source="#eSeries_UR5e_019-mesh-vertices" offset="0"/>
          <p>1001 926 837 836</p>
        </lines>
        <triangles material="URBlue_007-material" count="1932">
          <input semantic="VERTEX" source="#eSeries_UR5e_019-mesh-vertices" offset="0"/>
          <input semantic="NORMAL" source="#eSeries_UR5e_019-mesh-normals" offset="1"/>
          <p>2 0 0 0 1 0 3 1 1 1 0 1 4 2 3 2 0 2 4 3 0 3 5 3 6 4 5 4 0 4 7 5 6 5 0 5 8 6 7 6 0 6 9 7 8 7 0 7 10 8 9 8 0 8 2 9 10 9 0 9 11 10 15 10 14 10 16 11 15 11 11 11 11 12 17 12 16 12 18 13 17 13 11 13 11 14 13 14 18 14 11 15 19 15 13 15 12 16 19 16 11 16 11 17 20 17 12 17 21 18 20 18 11 18 11 19 14 19 21 19 9 20 22 20 8 20 10 21 23 21 9 21 9 22 23 22 22 22 10 23 2 23 23 23 2 24 24 24 23 24 24 25 2 25 1 25 24 26 1 26 26 26 3 27 25 27 1 27 4 28 25 28 3 28 4 29 27 29 25 29 26 30 1 30 25 30 5 31 29 31 4 31 4 32 29 32 27 32 28 33 6 33 30 33 6 34 28 34 5 34 29 35 5 35 28 35 30 36 6 36 31 36 7 37 31 37 6 37 8 38 31 38 7 38 8 39 22 39 31 39 20 40 32 40 12 40 20 41 33 41 32 41 33 42 20 42 21 42 33 43 21 43 14 43 33 44 14 44 34 44 15 45 35 45 14 45 16 46 36 46 15 46 15 47 36 47 35 47 34 48 14 48 35 48 17 49 37 49 36 49 17 50 39 50 37 50 36 51 16 51 17 51 38 52 18 52 13 52 38 53 13 53 40 53 18 54 38 54 39 54 18 55 39 55 17 55 41 56 12 56 32 56 12 57 41 57 19 57 19 58 42 58 13 58 13 59 42 59 40 59 19 60 41 60 42 60 45 61 43 61 44 61 46 62 44 62 43 62 47 63 46 63 43 63 48 64 47 64 43 64 49 65 48 65 43 65 50 66 49 66 43 66 43 67 51 67 50 67 52 68 51 68 43 68 53 69 52 69 43 69 54 70 53 70 43 70 54 71 43 71 45 71 26 72 23 72 24 72 26 73 25 73 27 73 29 74 28 74 30 74 30 75 31 75 22 75 41 76 32 76 33 76 34 77 35 77 36 77 39 78 36 78 37 78 39 79 38 79 40 79 40 80 42 80 41 80 57 81 55 81 56 81 58 82 56 82 55 82 59 83 58 83 55 83 59 84 55 84 60 84 61 85 60 85 55 85 62 86 61 86 55 86 55 87 63 87 62 87 64 88 63 88 55 88 64 89 55 89 65 89 57 90 65 90 55 90 53 91 66 91 52 91 54 92 67 92 53 92 53 93 67 93 66 93 54 94 45 94 67 94 45 95 68 95 67 95 68 96 45 96 44 96 68 97 44 97 70 97 46 98 69 98 44 98 47 99 69 99 46 99 47 100 71 100 69 100 70 101 44 101 69 101 48 102 73 102 71 102 49 103 73 103 48 103 71 104 47 104 48 104 72 105 50 105 74 105 50 106 72 106 49 106 73 107 49 107 72 107 74 108 50 108 75 108 51 109 75 109 50 109 52 110 75 110 51 110 52 111 66 111 75 111 78 112 79 112 22 112 81 113 80 113 30 113 81 114 22 114 79 114 84 115 83 115 26 115 29 116 77 116 27 116 27 117 77 117 84 117 29 118 76 118 77 118 84 119 26 119 27 119 78 120 23 120 82 120 82 121 23 121 26 121 82 122 26 122 83 122 30 123 80 123 76 123 30 124 76 124 29 124 23 125 78 125 22 125 30 126 22 126 81 126 41 127 87 127 90 127 86 128 87 128 41 128 36 129 94 129 93 129 85 130 94 130 36 130 39 131 105 131 85 131 39 132 89 132 105 132 39 133 40 133 88 133 88 134 40 134 41 134 36 135 39 135 85 135 93 136 34 136 36 136 86 137 33 137 91 137 91 138 33 138 34 138 91 139 34 139 92 139 92 140 34 140 93 140 88 141 89 141 39 141 33 142 86 142 41 142 88 143 41 143 90 143 65 144 96 144 64 144 64 145 96 145 95 145 65 146 57 146 96 146 57 147 97 147 96 147 97 148 57 148 56 148 97 149 56 149 99 149 58 150 98 150 56 150 59 151 98 151 58 151 59 152 100 152 98 152 99 153 56 153 98 153 60 154 102 154 100 154 61 155 102 155 60 155 100 156 59 156 60 156 101 157 62 157 103 157 62 158 101 158 61 158 102 159 61 159 101 159 103 160 62 160 104 160 63 161 104 161 62 161 64 162 104 162 63 162 64 163 95 163 104 163 70 164 67 164 68 164 70 165 69 165 71 165 73 166 72 166 74 166 74 167 75 167 66 167 99 168 96 168 97 168 99 169 98 169 100 169 102 170 101 170 103 170 103 171 104 171 95 171 106 172 111 172 107 172 107 173 111 173 112 173 108 174 115 174 109 174 106 175 107 175 116 175 106 176 116 176 117 176 117 177 116 177 118 177 108 178 109 178 113 178 113 179 109 179 119 179 117 180 118 180 122 180 111 181 110 181 112 181 115 182 120 182 109 182 109 183 120 183 111 183 111 184 120 184 110 184 122 185 118 185 121 185 123 186 114 186 113 186 119 187 123 187 113 187 124 188 130 188 128 188 124 189 128 189 125 189 125 190 133 190 124 190 124 191 134 191 130 191 130 192 134 192 129 192 127 193 126 193 135 193 129 194 136 194 130 194 130 195 136 195 137 195 137 196 136 196 138 196 137 197 138 197 139 197 137 198 139 198 135 198 137 199 135 199 126 199 131 200 140 200 127 200 127 201 140 201 126 201 141 202 142 202 143 202 124 203 133 203 143 203 143 204 133 204 141 204 131 205 132 205 140 205 144 206 145 206 142 206 145 207 146 207 142 207 142 208 146 208 143 208 142 209 147 209 144 209 152 210 151 210 74 210 155 211 154 211 71 211 71 212 149 212 155 212 73 213 148 213 149 213 66 214 150 214 152 214 150 215 66 215 67 215 148 216 73 216 74 216 71 217 73 217 149 217 154 218 70 218 71 218 150 219 67 219 153 219 153 220 67 220 70 220 153 221 70 221 154 221 74 222 151 222 148 222 74 223 66 223 152 223 78 224 157 224 79 224 79 225 157 225 156 225 82 226 158 226 78 226 78 227 158 227 157 227 83 228 158 228 82 228 83 229 159 229 158 229 84 230 159 230 83 230 84 231 160 231 159 231 160 232 84 232 77 232 160 233 77 233 161 233 161 234 77 234 76 234 161 235 76 235 162 235 162 236 76 236 80 236 162 237 80 237 163 237 163 238 80 238 81 238 79 239 156 239 81 239 81 240 156 240 163 240 246 241 169 241 248 241 165 242 164 242 166 242 164 243 251 243 249 243 88 244 170 244 89 244 87 245 174 245 90 245 90 246 174 246 171 246 90 247 171 247 88 247 88 248 171 248 170 248 92 249 172 249 91 249 91 250 172 250 173 250 91 251 173 251 86 251 86 252 173 252 174 252 86 253 174 253 87 253 93 254 172 254 92 254 94 255 177 255 175 255 94 256 175 256 93 256 93 257 175 257 172 257 89 258 170 258 176 258 89 259 176 259 105 259 105 260 176 260 177 260 105 261 177 261 85 261 85 262 177 262 94 262 258 263 182 263 174 263 180 264 183 264 181 264 183 265 174 265 182 265 178 266 184 266 185 266 189 267 190 267 95 267 191 268 95 268 190 268 195 269 194 269 100 269 100 270 187 270 195 270 102 271 186 271 187 271 191 272 103 272 95 272 186 273 102 273 103 273 100 274 102 274 187 274 194 275 99 275 100 275 188 276 96 276 99 276 188 277 99 277 193 277 193 278 99 278 194 278 191 279 192 279 103 279 103 280 192 280 186 280 96 281 188 281 189 281 96 282 189 282 95 282 196 283 114 283 197 283 114 284 196 284 113 284 113 285 196 285 198 285 123 286 275 286 114 286 114 287 275 287 197 287 119 288 199 288 123 288 123 289 199 289 276 289 275 290 123 290 276 290 199 291 119 291 277 291 277 292 119 292 109 292 111 293 278 293 277 293 111 294 277 294 109 294 201 295 106 295 200 295 106 296 201 296 111 296 111 297 201 297 278 297 200 298 106 298 117 298 200 299 117 299 279 299 279 300 117 300 122 300 279 301 122 301 280 301 203 302 202 302 121 302 121 303 202 303 122 303 202 304 204 304 122 304 122 305 204 305 280 305 203 306 121 306 118 306 203 307 118 307 205 307 107 308 206 308 207 308 107 309 207 309 116 309 118 310 116 310 281 310 118 311 281 311 205 311 112 312 283 312 282 312 206 313 107 313 282 313 282 314 107 314 112 314 209 315 110 315 208 315 110 316 209 316 283 316 110 317 283 317 112 317 210 318 115 318 108 318 210 319 108 319 211 319 115 320 210 320 212 320 115 321 212 321 120 321 120 322 212 322 213 322 208 323 110 323 213 323 213 324 110 324 120 324 211 325 108 325 198 325 198 326 108 326 113 326 236 327 130 327 215 327 215 328 130 328 137 328 284 329 214 329 126 329 126 330 214 330 137 330 137 331 214 331 215 331 284 332 126 332 140 332 284 333 140 333 285 333 218 334 286 334 131 334 286 335 132 335 131 335 132 336 286 336 216 336 216 337 217 337 132 337 132 338 217 338 140 338 140 339 217 339 285 339 127 340 219 340 218 340 127 341 218 341 131 341 139 342 220 342 221 342 139 343 221 343 135 343 135 344 221 344 222 344 223 345 135 345 222 345 135 346 223 346 127 346 127 347 223 347 219 347 224 348 136 348 129 348 136 349 224 349 287 349 136 350 287 350 138 350 220 351 139 351 138 351 124 352 225 352 134 352 134 353 225 353 226 353 134 354 226 354 129 354 129 355 226 355 288 355 224 356 129 356 288 356 124 357 289 357 225 357 143 358 227 358 289 358 143 359 289 359 124 359 228 360 145 360 229 360 145 361 228 361 146 361 290 362 146 362 228 362 290 363 143 363 146 363 227 364 143 364 290 364 229 365 145 365 144 365 230 366 291 366 142 366 142 367 291 367 147 367 147 368 291 368 231 368 147 369 231 369 144 369 231 370 232 370 144 370 229 371 144 371 232 371 230 372 142 372 292 372 292 373 142 373 141 373 234 374 133 374 233 374 292 375 141 375 234 375 234 376 141 376 133 376 128 377 294 377 125 377 294 378 293 378 125 378 125 379 293 379 233 379 233 380 133 380 125 380 130 381 235 381 128 381 128 382 235 382 294 382 130 383 236 383 235 383 237 384 308 384 238 384 237 385 238 385 332 385 165 386 241 386 164 386 164 387 241 387 240 387 341 388 241 388 165 388 166 389 341 389 165 389 166 390 242 390 341 390 243 391 242 391 167 391 167 392 242 392 166 392 168 393 243 393 167 393 168 394 244 394 243 394 239 395 244 395 169 395 169 396 244 396 168 396 246 397 239 397 169 397 245 398 246 398 248 398 245 399 354 399 247 399 245 400 248 400 354 400 159 401 248 401 158 401 157 402 169 402 168 402 157 403 168 403 156 403 169 404 157 404 248 404 248 405 159 405 160 405 161 406 162 406 164 406 164 407 162 407 166 407 166 408 162 408 167 408 249 409 161 409 164 409 156 410 167 410 163 410 156 411 168 411 167 411 248 412 157 412 158 412 160 413 249 413 248 413 160 414 161 414 249 414 167 415 162 415 163 415 249 416 250 416 358 416 164 417 240 417 251 417 179 418 253 418 252 418 179 419 252 419 178 419 253 420 179 420 180 420 253 421 180 421 254 421 180 422 373 422 254 422 373 423 180 423 181 423 373 424 181 424 372 424 183 425 372 425 181 425 182 426 255 426 183 426 183 427 255 427 372 427 182 428 256 428 255 428 182 429 258 429 256 429 175 430 185 430 172 430 175 431 177 431 185 431 174 432 173 432 258 432 257 433 172 433 185 433 257 434 173 434 172 434 178 435 177 435 179 435 179 436 177 436 176 436 179 437 176 437 180 437 258 438 173 438 257 438 185 439 177 439 178 439 180 440 176 440 170 440 180 441 170 441 183 441 170 442 171 442 183 442 183 443 171 443 174 443 185 444 184 444 262 444 178 445 252 445 184 445 273 446 263 446 264 446 263 447 386 447 387 447 263 448 387 448 264 448 267 449 266 449 268 449 267 450 268 450 269 450 265 451 270 451 269 451 265 452 269 452 268 452 270 453 265 453 271 453 272 454 270 454 271 454 396 455 272 455 271 455 396 456 273 456 272 456 263 457 273 457 396 457 207 458 281 458 116 458 217 459 216 459 286 459 287 460 220 460 138 460 231 461 229 461 232 461 302 462 301 462 305 462 305 463 301 463 306 463 299 464 295 464 296 464 308 465 300 465 298 465 295 466 299 466 307 466 307 467 299 467 300 467 307 468 300 468 308 468 298 469 299 469 297 469 305 470 304 470 302 470 302 471 296 471 301 471 296 472 297 472 299 472 302 473 297 473 296 473 299 474 298 474 300 474 301 475 296 475 295 475 312 476 314 476 309 476 316 477 272 477 273 477 311 478 312 478 270 478 316 479 311 479 272 479 269 480 317 480 310 480 269 481 270 481 317 481 317 482 270 482 312 482 267 483 269 483 310 483 400 484 310 484 315 484 274 485 400 485 315 485 272 486 311 486 270 486 313 487 314 487 312 487 313 488 312 488 311 488 312 489 309 489 317 489 311 490 316 490 313 490 317 491 309 491 315 491 317 492 315 492 310 492 320 493 307 493 237 493 237 494 307 494 308 494 307 495 320 495 321 495 307 496 321 496 295 496 295 497 321 497 330 497 295 498 330 498 301 498 301 499 330 499 322 499 301 500 322 500 306 500 319 501 306 501 322 501 152 502 323 502 151 502 151 503 323 503 324 503 151 504 324 504 148 504 148 505 324 505 325 505 148 506 325 506 149 506 149 507 325 507 326 507 149 508 326 508 155 508 155 509 326 509 154 509 154 510 326 510 327 510 154 511 327 511 153 511 153 512 327 512 328 512 153 513 328 513 150 513 150 514 328 514 329 514 150 515 329 515 152 515 152 516 329 516 323 516 324 517 319 517 330 517 319 518 322 518 330 518 325 519 321 519 320 519 330 520 321 520 325 520 333 521 424 521 334 521 334 522 339 522 333 522 338 523 337 523 336 523 340 524 303 524 337 524 340 525 337 525 338 525 238 526 308 526 338 526 338 527 308 527 340 527 335 528 332 528 238 528 335 529 238 529 334 529 334 530 238 530 339 530 338 531 336 531 339 531 338 532 339 532 238 532 303 533 340 533 298 533 340 534 308 534 298 534 346 535 342 535 345 535 349 536 350 536 348 536 351 537 348 537 345 537 350 538 349 538 343 538 349 539 351 539 243 539 243 540 244 540 349 540 351 541 349 541 348 541 345 542 347 542 346 542 345 543 342 543 241 543 241 544 341 544 345 544 351 545 242 545 243 545 242 546 351 546 341 546 345 547 341 547 351 547 349 548 244 548 343 548 343 549 244 549 344 549 244 550 239 550 352 550 244 551 352 551 344 551 245 552 352 552 246 552 246 553 352 553 239 553 353 554 344 554 352 554 247 555 353 555 352 555 247 556 352 556 245 556 355 557 247 557 354 557 356 558 355 558 354 558 357 559 356 559 354 559 357 560 354 560 358 560 358 561 354 561 249 561 249 562 354 562 248 562 250 563 357 563 358 563 250 564 249 564 342 564 359 565 250 565 342 565 250 566 359 566 357 566 342 567 346 567 359 567 241 568 342 568 251 568 251 569 342 569 249 569 240 570 241 570 251 570 365 571 368 571 366 571 367 572 365 572 366 572 364 573 371 573 363 573 363 574 371 574 361 574 364 575 362 575 371 575 373 576 372 576 370 576 363 577 370 577 364 577 364 578 370 578 372 578 363 579 373 579 370 579 373 580 363 580 369 580 256 581 364 581 255 581 367 582 252 582 365 582 254 583 369 583 365 583 365 584 253 584 254 584 255 585 364 585 372 585 365 586 252 586 253 586 362 587 364 587 360 587 256 588 360 588 364 588 254 589 373 589 369 589 365 590 369 590 368 590 362 591 259 591 260 591 360 592 257 592 362 592 257 593 360 593 258 593 258 594 360 594 256 594 362 595 260 595 371 595 259 596 362 596 257 596 259 597 374 597 260 597 259 598 375 598 374 598 374 599 375 599 376 599 375 600 259 600 185 600 257 601 185 601 259 601 261 602 376 602 375 602 261 603 375 603 262 603 185 604 262 604 375 604 262 605 377 605 378 605 262 606 378 606 261 606 367 607 378 607 377 607 378 608 367 608 366 608 377 609 252 609 367 609 184 610 377 610 262 610 184 611 252 611 377 611 318 612 313 612 379 612 379 613 313 613 316 613 379 614 316 614 382 614 273 615 382 615 316 615 383 616 384 616 385 616 387 617 383 617 385 617 387 618 386 618 383 618 379 619 380 619 318 619 379 620 382 620 380 620 382 621 381 621 380 621 381 622 385 622 388 622 273 623 264 623 382 623 382 624 264 624 381 624 264 625 387 625 385 625 388 626 385 626 384 626 385 627 381 627 264 627 190 628 389 628 191 628 191 629 389 629 390 629 191 630 390 630 192 630 192 631 390 631 186 631 186 632 390 632 391 632 186 633 391 633 187 633 187 634 391 634 392 634 187 635 392 635 195 635 195 636 392 636 393 636 195 637 393 637 194 637 194 638 393 638 193 638 193 639 393 639 394 639 193 640 394 640 188 640 188 641 394 641 189 641 189 642 394 642 395 642 189 643 395 643 190 643 190 644 395 644 389 644 393 645 265 645 268 645 268 646 266 646 394 646 271 647 265 647 393 647 263 648 554 648 386 648 396 649 554 649 263 649 266 650 397 650 394 650 398 651 397 651 266 651 399 652 398 652 266 652 267 653 399 653 266 653 402 654 404 654 398 654 398 655 403 655 402 655 399 656 400 656 401 656 400 657 274 657 401 657 399 658 267 658 310 658 403 659 399 659 401 659 399 660 310 660 400 660 399 661 403 661 398 661 297 662 214 662 284 662 302 663 215 663 297 663 409 664 285 664 406 664 405 665 201 665 200 665 215 666 411 666 315 666 315 667 309 667 215 667 215 668 309 668 236 668 408 669 298 669 409 669 284 670 285 670 409 670 214 671 297 671 215 671 405 672 278 672 201 672 410 673 315 673 411 673 302 674 304 674 215 674 215 675 304 675 411 675 204 676 293 676 294 676 204 677 294 677 280 677 314 678 279 678 235 678 291 679 206 679 231 679 231 680 206 680 282 680 314 681 235 681 236 681 408 682 303 682 298 682 297 683 284 683 298 683 298 684 284 684 409 684 202 685 293 685 204 685 293 686 202 686 233 686 233 687 202 687 203 687 233 688 203 688 234 688 291 689 207 689 206 689 315 690 410 690 413 690 413 691 274 691 315 691 309 692 314 692 236 692 285 693 217 693 406 693 218 694 277 694 407 694 280 695 294 695 279 695 234 696 203 696 292 696 212 697 290 697 213 697 213 698 290 698 228 698 213 699 228 699 208 699 222 700 221 700 276 700 276 701 221 701 220 701 279 702 314 702 200 702 281 703 207 703 291 703 274 704 413 704 412 704 226 705 225 705 198 705 198 706 225 706 289 706 196 707 224 707 288 707 196 708 288 708 226 708 196 709 226 709 198 709 200 710 314 710 405 710 281 711 230 711 205 711 205 712 230 712 203 712 203 713 230 713 292 713 198 714 289 714 211 714 211 715 289 715 227 715 211 716 227 716 290 716 231 717 282 717 229 717 229 718 282 718 283 718 229 719 283 719 209 719 276 720 220 720 275 720 275 721 220 721 287 721 275 722 287 722 197 722 276 723 223 723 222 723 291 724 230 724 281 724 290 725 212 725 210 725 290 726 210 726 211 726 208 727 228 727 209 727 209 728 228 728 229 728 197 729 287 729 196 729 196 730 287 730 224 730 199 731 219 731 223 731 199 732 223 732 276 732 313 733 414 733 314 733 314 734 414 734 405 734 415 735 414 735 313 735 235 736 279 736 294 736 217 737 286 737 406 737 406 738 286 738 218 738 406 739 218 739 407 739 278 740 405 740 277 740 277 741 405 741 407 741 415 742 313 742 416 742 277 743 218 743 199 743 199 744 218 744 219 744 422 745 423 745 418 745 418 746 419 746 417 746 421 747 422 747 418 747 417 748 421 748 418 748 306 749 417 749 305 749 305 750 417 750 304 750 419 751 420 751 304 751 419 752 304 752 417 752 418 753 423 753 419 753 331 754 421 754 319 754 421 755 417 755 319 755 319 756 417 756 306 756 331 757 323 757 329 757 331 758 329 758 328 758 326 759 237 759 332 759 326 760 332 760 327 760 323 761 331 761 319 761 323 762 319 762 324 762 324 763 330 763 325 763 326 764 325 764 320 764 326 765 320 765 237 765 331 766 328 766 332 766 332 767 328 767 327 767 425 768 332 768 335 768 424 769 425 769 335 769 335 770 334 770 424 770 434 771 356 771 357 771 435 772 355 772 356 772 437 773 350 773 343 773 350 774 406 774 348 774 363 775 361 775 439 775 369 776 363 776 405 776 369 777 440 777 368 777 366 778 368 778 440 778 441 779 378 779 366 779 378 780 441 780 442 780 378 781 442 781 261 781 318 782 416 782 313 782 405 783 363 783 443 783 443 784 407 784 405 784 444 785 406 785 407 785 345 786 348 786 444 786 444 787 348 787 406 787 350 788 438 788 406 788 406 789 438 789 409 789 408 790 525 790 303 790 337 791 303 791 519 791 470 792 388 792 384 792 388 793 470 793 471 793 388 794 471 794 381 794 380 795 381 795 471 795 429 796 374 796 376 796 374 797 429 797 462 797 474 798 407 798 443 798 463 799 428 799 475 799 475 800 428 800 476 800 475 801 476 801 477 801 475 802 477 802 478 802 478 803 477 803 479 803 478 804 479 804 480 804 480 805 479 805 481 805 405 806 414 806 481 806 405 807 481 807 369 807 369 808 481 808 440 808 440 809 479 809 366 809 366 810 479 810 477 810 366 811 477 811 441 811 441 812 477 812 476 812 441 813 476 813 428 813 441 814 428 814 442 814 464 815 463 815 475 815 482 816 475 816 478 816 464 817 475 817 483 817 483 818 475 818 482 818 478 819 480 819 484 819 480 820 481 820 415 820 466 821 465 821 485 821 485 822 465 822 483 822 485 823 483 823 486 823 486 824 483 824 482 824 486 825 482 825 487 825 487 826 482 826 484 826 487 827 484 827 488 827 465 828 464 828 483 828 482 829 478 829 484 829 484 830 480 830 488 830 488 831 480 831 415 831 414 832 415 832 481 832 481 833 479 833 440 833 468 834 467 834 485 834 468 835 485 835 489 835 489 836 485 836 486 836 489 837 486 837 490 837 490 838 486 838 487 838 490 839 487 839 491 839 491 840 488 840 415 840 426 841 427 841 492 841 492 842 489 842 493 842 493 843 489 843 490 843 494 844 491 844 416 844 427 845 468 845 492 845 492 846 468 846 489 846 490 847 491 847 494 847 491 848 415 848 416 848 426 849 492 849 493 849 495 850 493 850 490 850 495 851 490 851 494 851 469 852 426 852 493 852 469 853 493 853 496 853 496 854 493 854 497 854 497 855 493 855 495 855 497 856 495 856 498 856 498 857 495 857 494 857 498 858 494 858 499 858 499 859 494 859 416 859 470 860 469 860 496 860 470 861 496 861 471 861 471 862 496 862 497 862 471 863 497 863 498 863 380 864 498 864 499 864 499 865 416 865 318 865 471 866 498 866 380 866 380 867 499 867 318 867 488 868 491 868 487 868 485 869 467 869 466 869 343 870 344 870 500 870 500 871 501 871 502 871 503 872 502 872 504 872 503 873 504 873 505 873 505 874 504 874 541 874 505 875 541 875 506 875 506 876 507 876 508 876 508 877 507 877 509 877 508 878 509 878 433 878 433 879 509 879 445 879 437 880 343 880 500 880 524 881 516 881 347 881 347 882 516 882 346 882 517 883 437 883 500 883 517 884 500 884 502 884 517 885 502 885 518 885 518 886 502 886 503 886 518 887 503 887 505 887 508 888 505 888 506 888 519 889 508 889 433 889 519 890 433 890 337 890 523 891 522 891 515 891 523 892 515 892 524 892 345 893 524 893 347 893 439 894 361 894 510 894 439 895 510 895 520 895 520 896 510 896 511 896 520 897 511 897 521 897 521 898 511 898 512 898 521 899 512 899 513 899 521 900 513 900 522 900 522 901 513 901 514 901 522 902 514 902 515 902 524 903 515 903 516 903 525 904 518 904 505 904 525 905 505 905 508 905 519 906 303 906 525 906 508 907 519 907 525 907 518 908 525 908 408 908 517 909 438 909 437 909 518 910 408 910 409 910 518 911 409 911 517 911 517 912 409 912 438 912 437 913 438 913 350 913 407 914 474 914 526 914 407 915 526 915 444 915 444 916 526 916 523 916 443 917 363 917 439 917 443 918 439 918 520 918 443 919 520 919 474 919 474 920 520 920 521 920 474 921 521 921 526 921 526 922 521 922 522 922 526 923 522 923 523 923 444 924 523 924 524 924 444 925 524 925 345 925 247 926 355 926 431 926 449 927 527 927 450 927 450 928 527 928 528 928 450 929 528 929 451 929 451 930 528 930 529 930 451 931 529 931 452 931 431 932 436 932 247 932 353 933 247 933 436 933 339 934 432 934 333 934 530 935 436 935 431 935 530 936 431 936 452 936 530 937 452 937 529 937 538 938 529 938 528 938 531 939 527 939 449 939 531 940 449 940 532 940 532 941 449 941 448 941 532 942 448 942 533 942 533 943 448 943 447 943 533 944 447 944 446 944 533 945 446 945 445 945 445 946 446 946 432 946 445 947 432 947 339 947 434 948 435 948 356 948 434 949 357 949 534 949 434 950 534 950 453 950 455 951 454 951 535 951 455 952 535 952 430 952 430 953 535 953 536 953 473 954 456 954 546 954 456 955 430 955 536 955 456 956 536 956 546 956 453 957 534 957 537 957 453 958 537 958 454 958 454 959 537 959 535 959 461 960 460 960 472 960 472 961 460 961 459 961 458 962 457 962 473 962 473 963 457 963 456 963 353 964 436 964 530 964 538 965 530 965 529 965 539 966 538 966 528 966 539 967 528 967 527 967 540 968 353 968 530 968 540 969 530 969 538 969 501 970 538 970 539 970 504 971 539 971 527 971 504 972 527 972 531 972 541 973 531 973 532 973 541 974 532 974 507 974 507 975 532 975 533 975 507 976 533 976 509 976 509 977 533 977 445 977 336 978 445 978 339 978 344 979 353 979 540 979 501 980 540 980 538 980 502 981 501 981 539 981 502 982 539 982 504 982 504 983 531 983 541 983 546 984 545 984 473 984 359 985 534 985 357 985 550 986 549 986 546 986 515 987 551 987 535 987 515 988 535 988 552 988 516 989 552 989 534 989 516 990 534 990 346 990 346 991 534 991 359 991 371 992 260 992 542 992 547 993 542 993 543 993 547 994 543 994 548 994 548 995 543 995 544 995 548 996 544 996 549 996 549 997 544 997 545 997 549 998 545 998 546 998 550 999 546 999 551 999 551 1000 546 1000 536 1000 551 1001 536 1001 535 1001 552 1002 535 1002 537 1002 552 1003 537 1003 534 1003 260 1004 374 1004 542 1004 542 1005 374 1005 462 1005 542 1006 462 1006 543 1006 543 1007 462 1007 461 1007 543 1008 461 1008 544 1008 544 1009 461 1009 472 1009 544 1010 472 1010 545 1010 545 1011 472 1011 459 1011 545 1012 459 1012 458 1012 545 1013 458 1013 473 1013 500 1014 344 1014 540 1014 500 1015 540 1015 501 1015 506 1016 541 1016 507 1016 433 1017 445 1017 336 1017 433 1018 336 1018 337 1018 361 1019 371 1019 542 1019 361 1020 542 1020 510 1020 510 1021 542 1021 547 1021 510 1022 547 1022 511 1022 511 1023 547 1023 548 1023 511 1024 548 1024 512 1024 512 1025 548 1025 549 1025 512 1026 549 1026 513 1026 513 1027 549 1027 550 1027 513 1028 550 1028 514 1028 514 1029 550 1029 551 1029 514 1030 551 1030 515 1030 516 1031 515 1031 552 1031 554 1032 383 1032 386 1032 553 1033 384 1033 383 1033 383 1034 554 1034 553 1034 389 1035 395 1035 397 1035 554 1036 390 1036 397 1036 397 1037 390 1037 389 1037 394 1038 397 1038 395 1038 391 1039 390 1039 554 1039 271 1040 393 1040 392 1040 271 1041 392 1041 396 1041 396 1042 392 1042 391 1042 396 1043 391 1043 554 1043 393 1044 268 1044 394 1044 402 1045 555 1045 404 1045 404 1046 555 1046 556 1046 556 1047 398 1047 404 1047 397 1048 398 1048 556 1048 564 1049 557 1049 569 1049 564 1050 569 1050 570 1050 565 1051 563 1051 571 1051 563 1052 564 1052 570 1052 563 1053 570 1053 571 1053 567 1054 572 1054 573 1054 422 1055 568 1055 574 1055 422 1056 574 1056 423 1056 423 1057 574 1057 573 1057 568 1058 566 1058 567 1058 568 1059 567 1059 574 1059 574 1060 567 1060 573 1060 567 1061 565 1061 572 1061 572 1062 565 1062 571 1062 575 1063 274 1063 412 1063 575 1064 412 1064 576 1064 576 1065 412 1065 577 1065 573 1066 419 1066 423 1066 578 1067 579 1067 570 1067 570 1068 579 1068 571 1068 571 1069 579 1069 410 1069 571 1070 410 1070 580 1070 571 1071 580 1071 572 1071 572 1072 580 1072 573 1072 573 1073 580 1073 411 1073 573 1074 411 1074 420 1074 573 1075 420 1075 419 1075 577 1076 412 1076 413 1076 577 1077 413 1077 578 1077 578 1078 413 1078 579 1078 579 1079 413 1079 410 1079 410 1080 411 1080 580 1080 411 1081 304 1081 420 1081 561 1082 562 1082 582 1082 562 1083 402 1083 403 1083 562 1084 403 1084 582 1084 582 1085 403 1085 401 1085 560 1086 581 1086 583 1086 583 1087 582 1087 575 1087 575 1088 582 1088 584 1088 584 1089 401 1089 274 1089 557 1090 559 1090 558 1090 558 1091 559 1091 576 1091 558 1092 576 1092 578 1092 575 1093 584 1093 274 1093 559 1094 560 1094 583 1094 559 1095 583 1095 576 1095 576 1096 583 1096 575 1096 581 1097 561 1097 583 1097 583 1098 561 1098 582 1098 584 1099 582 1099 401 1099 557 1100 558 1100 569 1100 569 1101 558 1101 570 1101 570 1102 558 1102 578 1102 578 1103 576 1103 577 1103 585 1104 421 1104 331 1104 421 1105 585 1105 422 1105 587 1106 592 1106 675 1106 586 1107 591 1107 588 1107 586 1108 588 1108 589 1108 590 1109 591 1109 586 1109 589 1110 675 1110 586 1110 587 1111 675 1111 589 1111 594 1112 424 1112 655 1112 595 1113 424 1113 594 1113 424 1114 595 1114 425 1114 332 1115 425 1115 331 1115 425 1116 595 1116 331 1116 599 1117 384 1117 553 1117 599 1118 553 1118 598 1118 598 1119 553 1119 597 1119 600 1120 469 1120 599 1120 599 1121 469 1121 470 1121 599 1122 470 1122 384 1122 469 1123 600 1123 601 1123 469 1124 601 1124 426 1124 426 1125 601 1125 427 1125 427 1126 601 1126 645 1126 596 1127 467 1127 468 1127 427 1128 645 1128 596 1128 427 1129 596 1129 468 1129 596 1130 466 1130 467 1130 596 1131 603 1131 466 1131 466 1132 603 1132 465 1132 465 1133 603 1133 464 1133 464 1134 603 1134 602 1134 604 1135 605 1135 463 1135 463 1136 605 1136 428 1136 602 1137 604 1137 464 1137 464 1138 604 1138 463 1138 428 1139 605 1139 442 1139 606 1140 261 1140 607 1140 442 1141 605 1141 607 1141 442 1142 607 1142 261 1142 649 1143 429 1143 606 1143 606 1144 429 1144 376 1144 606 1145 376 1145 261 1145 608 1146 460 1146 461 1146 649 1147 609 1147 429 1147 429 1148 609 1148 462 1148 462 1149 609 1149 608 1149 462 1150 608 1150 461 1150 608 1151 592 1151 460 1151 460 1152 592 1152 587 1152 460 1153 587 1153 459 1153 588 1154 457 1154 589 1154 589 1155 457 1155 458 1155 589 1156 458 1156 587 1156 587 1157 458 1157 459 1157 456 1158 588 1158 430 1158 457 1159 588 1159 456 1159 430 1160 588 1160 591 1160 430 1161 591 1161 455 1161 455 1162 591 1162 454 1162 454 1163 591 1163 632 1163 454 1164 632 1164 453 1164 453 1165 632 1165 434 1165 434 1166 632 1166 611 1166 434 1167 611 1167 435 1167 435 1168 611 1168 610 1168 612 1169 452 1169 431 1169 612 1170 431 1170 613 1170 613 1171 431 1171 355 1171 613 1172 355 1172 610 1172 610 1173 355 1173 435 1173 612 1174 614 1174 452 1174 452 1175 614 1175 615 1175 452 1176 615 1176 451 1176 451 1177 615 1177 616 1177 637 1178 450 1178 616 1178 616 1179 450 1179 451 1179 617 1180 448 1180 618 1180 618 1181 448 1181 449 1181 618 1182 449 1182 638 1182 638 1183 449 1183 637 1183 637 1184 449 1184 450 1184 448 1185 617 1185 619 1185 619 1186 447 1186 448 1186 424 1187 620 1187 655 1187 619 1188 658 1188 447 1188 447 1189 658 1189 446 1189 446 1190 658 1190 432 1190 432 1191 658 1191 621 1191 432 1192 621 1192 620 1192 432 1193 620 1193 333 1193 333 1194 620 1194 424 1194 597 1195 553 1195 622 1195 553 1196 623 1196 622 1196 623 1197 553 1197 397 1197 553 1198 554 1198 397 1198 623 1199 397 1199 556 1199 623 1200 556 1200 622 1200 622 1201 556 1201 555 1201 402 1202 624 1202 555 1202 624 1203 402 1203 562 1203 624 1204 562 1204 561 1204 624 1205 561 1205 625 1205 625 1206 561 1206 581 1206 625 1207 581 1207 626 1207 626 1208 581 1208 560 1208 626 1209 560 1209 672 1209 672 1210 560 1210 559 1210 672 1211 559 1211 673 1211 559 1212 557 1212 673 1212 663 1213 557 1213 564 1213 671 1214 627 1214 565 1214 565 1215 627 1215 563 1215 563 1216 627 1216 564 1216 564 1217 627 1217 663 1217 671 1218 567 1218 566 1218 671 1219 565 1219 567 1219 671 1220 566 1220 670 1220 670 1221 566 1221 568 1221 670 1222 568 1222 628 1222 422 1223 585 1223 568 1223 568 1224 585 1224 628 1224 595 1225 585 1225 331 1225 593 1226 631 1226 590 1226 591 1227 590 1227 632 1227 590 1228 631 1228 633 1228 632 1229 590 1229 633 1229 636 1230 634 1230 633 1230 618 1231 629 1231 617 1231 618 1232 638 1232 679 1232 637 1233 630 1233 641 1233 638 1234 637 1234 640 1234 638 1235 640 1235 679 1235 639 1236 641 1236 630 1236 637 1237 616 1237 630 1237 630 1238 616 1238 615 1238 612 1239 613 1239 634 1239 634 1240 613 1240 610 1240 634 1241 610 1241 611 1241 634 1242 611 1242 633 1242 633 1243 611 1243 632 1243 679 1244 629 1244 618 1244 634 1245 636 1245 680 1245 634 1246 680 1246 635 1246 635 1247 680 1247 639 1247 630 1248 615 1248 639 1248 639 1249 615 1249 614 1249 639 1250 614 1250 612 1250 639 1251 612 1251 635 1251 635 1252 612 1252 634 1252 647 1253 643 1253 603 1253 647 1254 603 1254 646 1254 646 1255 596 1255 645 1255 644 1256 642 1256 604 1256 644 1257 604 1257 643 1257 708 1258 644 1258 643 1258 642 1259 650 1259 648 1259 649 1260 653 1260 652 1260 651 1261 649 1261 652 1261 649 1262 648 1262 653 1262 649 1263 651 1263 609 1263 592 1264 608 1264 651 1264 651 1265 608 1265 609 1265 603 1266 596 1266 646 1266 592 1267 651 1267 675 1267 649 1268 606 1268 648 1268 648 1269 606 1269 607 1269 648 1270 607 1270 642 1270 642 1271 607 1271 605 1271 642 1272 605 1272 604 1272 604 1273 602 1273 643 1273 643 1274 602 1274 603 1274 654 1275 594 1275 655 1275 594 1276 654 1276 668 1276 678 1277 657 1277 629 1277 621 1278 656 1278 620 1278 629 1279 658 1279 619 1279 619 1280 617 1280 629 1280 621 1281 658 1281 656 1281 656 1282 654 1282 655 1282 656 1283 655 1283 620 1283 629 1284 657 1284 658 1284 660 1285 600 1285 599 1285 598 1286 660 1286 599 1286 645 1287 601 1287 662 1287 601 1288 600 1288 662 1288 662 1289 600 1289 659 1289 598 1290 597 1290 661 1290 598 1291 661 1291 660 1291 600 1292 660 1292 659 1292 597 1293 622 1293 661 1293 747 1294 667 1294 668 1294 669 1295 670 1295 667 1295 669 1296 666 1296 671 1296 664 1297 674 1297 673 1297 626 1298 741 1298 625 1298 665 1299 625 1299 741 1299 673 1300 742 1300 672 1300 626 1301 672 1301 742 1301 626 1302 742 1302 741 1302 664 1303 673 1303 557 1303 625 1304 665 1304 624 1304 628 1305 585 1305 668 1305 628 1306 668 1306 667 1306 670 1307 669 1307 671 1307 667 1308 670 1308 628 1308 671 1309 666 1309 627 1309 666 1310 663 1310 627 1310 665 1311 739 1311 622 1311 665 1312 622 1312 555 1312 665 1313 555 1313 624 1313 663 1314 664 1314 557 1314 595 1315 594 1315 668 1315 595 1316 668 1316 585 1316 684 1317 651 1317 652 1317 684 1318 675 1318 651 1318 640 1319 637 1319 641 1319 650 1320 653 1320 648 1320 682 1321 680 1321 636 1321 682 1322 636 1322 694 1322 694 1323 636 1323 693 1323 693 1324 636 1324 685 1324 678 1325 629 1325 679 1325 686 1326 641 1326 639 1326 685 1327 636 1327 633 1327 593 1328 590 1328 586 1328 593 1329 586 1329 683 1329 686 1330 639 1330 680 1330 593 1331 690 1331 631 1331 692 1332 693 1332 685 1332 692 1333 685 1333 631 1333 696 1334 686 1334 681 1334 681 1335 686 1335 680 1335 682 1336 695 1336 680 1336 680 1337 695 1337 681 1337 700 1338 678 1338 701 1338 696 1339 697 1339 686 1339 699 1340 679 1340 640 1340 699 1341 640 1341 698 1341 698 1342 640 1342 641 1342 698 1343 641 1343 697 1343 697 1344 641 1344 686 1344 701 1345 678 1345 679 1345 701 1346 679 1346 699 1346 631 1347 685 1347 633 1347 703 1348 702 1348 704 1348 706 1349 707 1349 708 1349 692 1350 631 1350 691 1350 691 1351 631 1351 690 1351 713 1352 653 1352 712 1352 712 1353 653 1353 710 1353 645 1354 717 1354 646 1354 646 1355 717 1355 703 1355 703 1356 717 1356 702 1356 704 1357 705 1357 718 1357 704 1358 718 1358 647 1358 647 1359 646 1359 703 1359 647 1360 703 1360 704 1360 707 1361 709 1361 644 1361 707 1362 644 1362 708 1362 719 1363 711 1363 650 1363 709 1364 719 1364 644 1364 708 1365 647 1365 718 1365 708 1366 718 1366 705 1366 708 1367 705 1367 706 1367 714 1368 715 1368 684 1368 677 1369 714 1369 652 1369 652 1370 714 1370 684 1370 710 1371 653 1371 650 1371 713 1372 677 1372 653 1372 653 1373 677 1373 652 1373 715 1374 675 1374 684 1374 676 1375 687 1375 675 1375 711 1376 710 1376 650 1376 719 1377 650 1377 642 1377 719 1378 642 1378 644 1378 647 1379 708 1379 643 1379 709 1380 711 1380 719 1380 715 1381 716 1381 675 1381 675 1382 716 1382 676 1382 688 1383 689 1383 593 1383 593 1384 689 1384 690 1384 683 1385 586 1385 675 1385 688 1386 593 1386 683 1386 688 1387 683 1387 687 1387 687 1388 683 1388 675 1388 739 1389 661 1389 622 1389 668 1390 654 1390 747 1390 726 1391 724 1391 738 1391 748 1392 749 1392 722 1392 729 1393 741 1393 730 1393 730 1394 742 1394 674 1394 730 1395 674 1395 731 1395 731 1396 674 1396 732 1396 743 1397 744 1397 733 1397 744 1398 745 1398 734 1398 721 1399 678 1399 700 1399 737 1400 736 1400 747 1400 747 1401 736 1401 746 1401 741 1402 729 1402 728 1402 741 1403 728 1403 740 1403 740 1404 728 1404 727 1404 740 1405 727 1405 739 1405 739 1406 727 1406 726 1406 720 1407 702 1407 717 1407 722 1408 737 1408 748 1408 738 1409 724 1409 725 1409 725 1410 723 1410 720 1410 720 1411 723 1411 702 1411 734 1412 733 1412 744 1412 736 1413 735 1413 746 1413 746 1414 735 1414 734 1414 746 1415 734 1415 745 1415 658 1416 657 1416 749 1416 658 1417 749 1417 656 1417 656 1418 749 1418 748 1418 656 1419 748 1419 654 1419 667 1420 745 1420 669 1420 669 1421 744 1421 666 1421 663 1422 674 1422 664 1422 674 1423 742 1423 673 1423 741 1424 740 1424 665 1424 665 1425 740 1425 739 1425 678 1426 721 1426 657 1426 657 1427 721 1427 749 1427 748 1428 737 1428 654 1428 654 1429 737 1429 747 1429 747 1430 746 1430 667 1430 667 1431 746 1431 745 1431 739 1432 726 1432 661 1432 661 1433 726 1433 738 1433 661 1434 738 1434 660 1434 660 1435 738 1435 659 1435 659 1436 738 1436 725 1436 659 1437 725 1437 720 1437 659 1438 720 1438 662 1438 662 1439 720 1439 717 1439 674 1440 663 1440 732 1440 732 1441 663 1441 666 1441 732 1442 666 1442 743 1442 743 1443 666 1443 744 1443 744 1444 669 1444 745 1444 645 1445 662 1445 717 1445 741 1446 742 1446 730 1446 749 1447 721 1447 722 1447 692 1448 750 1448 693 1448 693 1449 750 1449 694 1449 751 1450 690 1450 689 1450 711 1451 752 1451 710 1451 711 1452 709 1452 752 1452 755 1453 736 1453 808 1453 755 1454 735 1454 736 1454 755 1455 809 1455 735 1455 756 1456 734 1456 809 1456 809 1457 734 1457 735 1457 754 1458 733 1458 756 1458 756 1459 733 1459 734 1459 757 1460 743 1460 733 1460 757 1461 733 1461 754 1461 807 1462 732 1462 743 1462 807 1463 743 1463 757 1463 789 1464 731 1464 732 1464 789 1465 732 1465 807 1465 758 1466 731 1466 789 1466 731 1467 758 1467 730 1467 730 1468 758 1468 791 1468 730 1469 791 1469 759 1469 730 1470 759 1470 729 1470 729 1471 759 1471 760 1471 729 1472 760 1472 728 1472 728 1473 760 1473 761 1473 762 1474 727 1474 761 1474 761 1475 727 1475 728 1475 762 1476 753 1476 726 1476 762 1477 726 1477 727 1477 724 1478 726 1478 753 1478 736 1479 737 1479 808 1479 808 1480 737 1480 722 1480 808 1481 722 1481 763 1481 722 1482 721 1482 763 1482 763 1483 721 1483 816 1483 816 1484 721 1484 700 1484 816 1485 700 1485 764 1485 764 1486 700 1486 765 1486 765 1487 700 1487 701 1487 765 1488 701 1488 766 1488 766 1489 701 1489 699 1489 766 1490 699 1490 698 1490 766 1491 698 1491 767 1491 767 1492 698 1492 768 1492 768 1493 698 1493 697 1493 697 1494 696 1494 768 1494 768 1495 696 1495 769 1495 769 1496 696 1496 681 1496 769 1497 681 1497 770 1497 770 1498 681 1498 695 1498 770 1499 695 1499 682 1499 770 1500 682 1500 694 1500 770 1501 694 1501 771 1501 771 1502 694 1502 750 1502 771 1503 750 1503 815 1503 750 1504 692 1504 815 1504 815 1505 692 1505 772 1505 772 1506 692 1506 691 1506 772 1507 691 1507 690 1507 772 1508 690 1508 773 1508 773 1509 690 1509 774 1509 690 1510 751 1510 774 1510 774 1511 751 1511 689 1511 774 1512 689 1512 814 1512 814 1513 689 1513 688 1513 814 1514 688 1514 775 1514 775 1515 688 1515 687 1515 775 1516 687 1516 676 1516 775 1517 676 1517 776 1517 776 1518 676 1518 716 1518 776 1519 716 1519 777 1519 716 1520 715 1520 777 1520 777 1521 715 1521 778 1521 778 1522 715 1522 714 1522 778 1523 714 1523 779 1523 714 1524 677 1524 779 1524 779 1525 677 1525 780 1525 780 1526 677 1526 713 1526 780 1527 713 1527 712 1527 780 1528 712 1528 781 1528 781 1529 712 1529 710 1529 781 1530 710 1530 782 1530 752 1531 782 1531 710 1531 752 1532 783 1532 782 1532 752 1533 709 1533 783 1533 783 1534 709 1534 707 1534 783 1535 707 1535 784 1535 705 1536 793 1536 706 1536 706 1537 793 1537 784 1537 706 1538 784 1538 707 1538 793 1539 705 1539 785 1539 705 1540 704 1540 785 1540 785 1541 704 1541 786 1541 786 1542 704 1542 702 1542 786 1543 702 1543 787 1543 702 1544 723 1544 787 1544 723 1545 725 1545 787 1545 787 1546 725 1546 788 1546 788 1547 725 1547 724 1547 788 1548 724 1548 753 1548 762 1549 805 1549 753 1549 805 1550 788 1550 753 1550 799 1551 798 1551 784 1551 799 1552 793 1552 800 1552 800 1553 793 1553 785 1553 800 1554 785 1554 786 1554 800 1555 786 1555 801 1555 801 1556 786 1556 787 1556 801 1557 787 1557 788 1557 778 1558 779 1558 803 1558 804 1559 779 1559 794 1559 794 1560 779 1560 780 1560 794 1561 780 1561 795 1561 796 1562 795 1562 781 1562 796 1563 781 1563 782 1563 797 1564 782 1564 798 1564 798 1565 782 1565 783 1565 798 1566 783 1566 784 1566 799 1567 784 1567 793 1567 777 1568 778 1568 803 1568 777 1569 803 1569 802 1569 776 1570 777 1570 802 1570 802 1571 790 1571 776 1571 795 1572 780 1572 781 1572 791 1573 760 1573 759 1573 796 1574 794 1574 795 1574 797 1575 796 1575 782 1575 775 1576 776 1576 790 1576 804 1577 803 1577 779 1577 792 1578 762 1578 761 1578 792 1579 761 1579 760 1579 769 1580 770 1580 823 1580 790 1581 814 1581 775 1581 820 1582 821 1582 772 1582 820 1583 772 1583 773 1583 821 1584 815 1584 812 1584 812 1585 815 1585 772 1585 821 1586 812 1586 772 1586 813 1587 820 1587 773 1587 813 1588 773 1588 774 1588 823 1589 770 1589 771 1589 769 1590 824 1590 768 1590 815 1591 811 1591 771 1591 810 1592 809 1592 755 1592 810 1593 755 1593 808 1593 816 1594 818 1594 819 1594 821 1595 822 1595 815 1595 819 1596 763 1596 816 1596 806 1597 814 1597 790 1597 818 1598 816 1598 764 1598 807 1599 757 1599 754 1599 754 1600 756 1600 809 1600 819 1601 808 1601 763 1601 818 1602 764 1602 765 1602 818 1603 765 1603 817 1603 817 1604 765 1604 766 1604 817 1605 766 1605 825 1605 825 1606 766 1606 767 1606 825 1607 767 1607 768 1607 825 1608 768 1608 824 1608 823 1609 824 1609 769 1609 822 1610 823 1610 771 1610 822 1611 771 1611 811 1611 822 1612 811 1612 815 1612 820 1613 813 1613 806 1613 806 1614 813 1614 774 1614 806 1615 774 1615 814 1615 834 1616 832 1616 835 1616 835 1617 832 1617 833 1617 842 1618 840 1618 841 1618 827 1619 851 1619 826 1619 850 1620 852 1620 849 1620 853 1621 790 1621 802 1621 877 1622 807 1622 881 1622 933 1623 758 1623 789 1623 933 1624 789 1624 877 1624 877 1625 789 1625 807 1625 876 1626 820 1626 875 1626 875 1627 820 1627 806 1627 875 1628 806 1628 882 1628 882 1629 806 1629 790 1629 882 1630 790 1630 853 1630 896 1631 821 1631 854 1631 854 1632 821 1632 820 1632 854 1633 820 1633 876 1633 862 1634 792 1634 855 1634 855 1635 792 1635 760 1635 855 1636 760 1636 856 1636 857 1637 809 1637 858 1637 881 1638 807 1638 754 1638 881 1639 754 1639 883 1639 857 1640 754 1640 809 1640 760 1641 791 1641 856 1641 856 1642 791 1642 933 1642 933 1643 791 1643 758 1643 853 1644 802 1644 932 1644 932 1645 802 1645 803 1645 932 1646 803 1646 859 1646 803 1647 804 1647 859 1647 859 1648 804 1648 944 1648 860 1649 822 1649 821 1649 899 1650 822 1650 860 1650 809 1651 810 1651 858 1651 858 1652 810 1652 808 1652 861 1653 805 1653 762 1653 804 1654 794 1654 944 1654 944 1655 794 1655 796 1655 944 1656 796 1656 943 1656 861 1657 762 1657 934 1657 934 1658 762 1658 792 1658 934 1659 792 1659 862 1659 863 1660 801 1660 788 1660 863 1661 788 1661 864 1661 864 1662 788 1662 805 1662 864 1663 805 1663 861 1663 865 1664 825 1664 866 1664 866 1665 825 1665 824 1665 824 1666 823 1666 867 1666 867 1667 823 1667 899 1667 899 1668 823 1668 822 1668 868 1669 800 1669 863 1669 863 1670 800 1670 801 1670 858 1671 808 1671 869 1671 869 1672 808 1672 819 1672 943 1673 796 1673 797 1673 943 1674 797 1674 870 1674 871 1675 799 1675 868 1675 868 1676 799 1676 800 1676 797 1677 798 1677 870 1677 870 1678 798 1678 872 1678 873 1679 817 1679 865 1679 865 1680 817 1680 825 1680 884 1681 819 1681 818 1681 884 1682 818 1682 874 1682 872 1683 798 1683 871 1683 871 1684 798 1684 799 1684 874 1685 818 1685 885 1685 885 1686 818 1686 873 1686 873 1687 818 1687 817 1687 867 1688 866 1688 824 1688 898 1689 899 1689 860 1689 891 1690 883 1690 857 1690 891 1691 857 1691 890 1691 880 1692 890 1692 858 1692 880 1693 858 1693 869 1693 878 1694 877 1694 881 1694 890 1695 857 1695 858 1695 754 1696 857 1696 883 1696 819 1697 884 1697 869 1697 892 1698 894 1698 893 1698 877 1699 878 1699 879 1699 895 1700 875 1700 882 1700 896 1701 897 1701 860 1701 898 1702 860 1702 897 1702 888 1703 884 1703 887 1703 893 1704 878 1704 881 1704 893 1705 881 1705 892 1705 892 1706 881 1706 883 1706 892 1707 883 1707 891 1707 889 1708 869 1708 888 1708 888 1709 869 1709 884 1709 887 1710 884 1710 874 1710 887 1711 874 1711 886 1711 886 1712 874 1712 885 1712 886 1713 885 1713 838 1713 838 1714 885 1714 873 1714 838 1715 873 1715 901 1715 901 1716 873 1716 865 1716 901 1717 865 1717 902 1717 902 1718 865 1718 900 1718 900 1719 865 1719 866 1719 867 1720 900 1720 866 1720 889 1721 880 1721 869 1721 896 1722 860 1722 821 1722 827 1723 903 1723 851 1723 832 1724 952 1725 833 1726 834 1727 836 1727 832 1727 832 1728 836 1728 838 1728 836 1729 908 1730 838 1731 911 1732 840 1732 842 1732 844 1733 843 1733 841 1733 841 1734 843 1734 842 1734 929 1735 849 1735 852 1735 852 1736 826 1736 851 1736 852 1737 850 1737 826 1737 933 1738 930 1738 856 1738 864 1739 935 1739 951 1739 863 1740 951 1740 936 1740 863 1741 936 1741 868 1741 862 1742 948 1742 934 1742 863 1743 864 1743 951 1743 871 1744 868 1744 937 1744 936 1745 938 1745 868 1745 859 1746 944 1746 945 1746 935 1747 917 1747 951 1747 933 1748 879 1748 930 1748 859 1749 945 1749 946 1749 933 1750 877 1750 879 1750 862 1751 855 1751 947 1751 862 1752 947 1752 948 1752 934 1753 948 1753 949 1753 934 1754 949 1754 861 1754 861 1755 949 1755 950 1755 861 1756 950 1756 935 1756 868 1757 938 1757 937 1757 871 1758 940 1758 941 1758 872 1759 941 1759 942 1759 856 1760 930 1760 914 1760 856 1761 914 1761 855 1761 871 1762 937 1762 939 1762 871 1763 939 1763 940 1763 895 1764 882 1764 853 1764 931 1765 853 1765 932 1765 859 1766 946 1766 932 1766 864 1767 861 1767 935 1767 872 1768 871 1768 941 1768 870 1769 872 1769 942 1769 904 1770 953 1771 905 1772 956 1773 957 1773 955 1773 895 1774 852 1774 851 1774 851 1775 903 1775 895 1775 895 1776 903 1776 969 1776 968 1777 904 1777 828 1777 895 1778 969 1778 875 1778 875 1779 969 1779 968 1779 875 1780 968 1780 876 1780 876 1781 968 1781 828 1781 828 1782 829 1782 854 1782 876 1783 828 1783 854 1783 854 1784 829 1784 905 1784 854 1785 905 1785 973 1785 899 1786 898 1786 970 1786 970 1787 898 1787 971 1787 971 1788 898 1788 897 1788 971 1789 897 1789 972 1789 972 1790 897 1790 973 1790 973 1791 897 1791 896 1791 973 1792 896 1792 854 1792 1012 1793 906 1793 830 1793 1012 1794 830 1794 974 1794 970 1795 975 1795 899 1795 899 1796 975 1796 867 1796 867 1797 975 1797 974 1797 867 1798 974 1798 830 1798 867 1799 830 1799 900 1799 830 1800 831 1800 900 1800 831 1801 907 1801 976 1801 978 1802 952 1802 832 1802 900 1803 831 1803 976 1803 900 1804 976 1804 902 1804 902 1805 976 1805 977 1805 902 1806 977 1806 901 1806 901 1807 977 1807 978 1807 901 1808 978 1808 832 1808 901 1809 832 1809 838 1809 838 1810 908 1810 886 1810 908 1811 979 1811 886 1811 979 1812 980 1812 886 1812 886 1813 980 1813 887 1813 887 1814 980 1814 981 1814 839 1815 981 1815 961 1815 887 1816 981 1816 839 1816 887 1817 839 1817 888 1817 888 1818 839 1818 909 1818 888 1819 909 1819 962 1819 888 1820 962 1820 982 1820 967 1821 880 1821 889 1821 967 1822 889 1822 983 1822 983 1823 889 1823 984 1823 984 1824 889 1824 982 1824 982 1825 889 1825 888 1825 985 1826 891 1826 890 1826 880 1827 967 1827 890 1827 890 1828 967 1828 986 1828 890 1829 986 1829 985 1829 963 1830 892 1830 985 1830 985 1831 892 1831 891 1831 894 1832 910 1832 893 1832 893 1833 910 1833 987 1833 987 1834 988 1834 893 1834 893 1835 988 1835 878 1835 911 1836 842 1836 989 1836 843 1837 879 1837 842 1837 842 1838 879 1838 878 1838 842 1839 878 1839 989 1839 989 1840 878 1840 988 1840 990 1841 930 1841 1024 1841 1024 1842 930 1842 879 1842 1024 1843 879 1843 912 1843 912 1844 879 1844 843 1844 913 1845 914 1845 991 1845 991 1846 914 1846 930 1846 991 1847 930 1847 990 1847 855 1848 914 1848 915 1848 855 1849 915 1849 947 1849 992 1850 915 1850 965 1850 915 1851 992 1851 947 1851 947 1852 992 1852 993 1852 947 1853 993 1853 948 1853 948 1854 993 1854 949 1854 949 1855 993 1855 994 1855 949 1856 994 1856 950 1856 950 1857 994 1857 995 1857 916 1858 917 1858 935 1858 916 1859 935 1859 996 1859 950 1860 995 1860 996 1860 950 1861 996 1861 935 1861 951 1862 917 1862 918 1862 951 1863 918 1863 936 1863 997 1864 918 1864 919 1864 997 1865 919 1865 960 1865 998 1866 938 1866 936 1866 998 1867 936 1867 997 1867 997 1868 936 1868 918 1868 938 1869 998 1869 937 1869 937 1870 998 1870 920 1870 937 1871 920 1871 845 1871 937 1872 845 1872 846 1872 937 1873 846 1873 939 1873 846 1874 921 1874 939 1874 939 1875 921 1875 999 1875 939 1876 999 1876 940 1876 940 1877 999 1877 1000 1877 940 1878 1000 1878 941 1878 922 1879 923 1879 941 1879 922 1880 941 1880 1000 1880 941 1881 923 1881 924 1881 941 1882 924 1882 942 1882 924 1883 925 1883 942 1883 942 1884 925 1884 1001 1884 942 1885 1001 1885 870 1885 1001 1886 1002 1886 870 1886 870 1887 1002 1887 1003 1887 870 1888 1003 1888 943 1888 943 1889 1003 1889 1004 1889 943 1890 1004 1890 944 1890 1004 1891 1005 1891 944 1891 944 1892 1005 1892 945 1892 1005 1893 1006 1893 945 1893 945 1894 1006 1894 966 1894 945 1895 966 1895 946 1895 966 1896 927 1896 946 1896 946 1897 927 1897 847 1897 946 1898 847 1898 932 1898 932 1899 847 1899 848 1899 931 1900 932 1900 1007 1900 1007 1901 932 1901 848 1901 1007 1902 848 1902 928 1902 931 1903 1007 1903 853 1903 929 1904 852 1904 1008 1904 1007 1905 1008 1905 853 1905 853 1906 1008 1906 852 1906 853 1907 852 1907 895 1907 1014 1908 956 1908 955 1908 969 1909 903 1909 956 1909 969 1910 956 1910 1014 1910 953 1911 904 1911 1011 1911 1011 1912 904 1912 1015 1912 1015 1913 904 1913 968 1913 906 1914 1012 1914 954 1914 1016 1915 1010 1915 1011 1915 1016 1916 1011 1916 1015 1916 968 1917 969 1917 1013 1917 968 1918 1013 1918 1015 1918 1013 1919 969 1919 1014 1919 973 1920 905 1920 1011 1920 928 1921 959 1921 1017 1921 1007 1922 928 1922 1017 1922 1008 1923 958 1923 929 1923 1019 1924 1017 1924 959 1924 1019 1925 959 1925 1020 1925 1020 1926 959 1926 1023 1926 1020 1927 1023 1927 1022 1927 1021 1928 1020 1928 1022 1928 1008 1929 1007 1929 1018 1929 1018 1930 1007 1930 1017 1930 911 1931 989 1931 964 1931 1025 1932 963 1932 985 1932 1025 1933 985 1933 986 1933 962 1934 984 1934 982 1934 987 1935 910 1935 1025 1935 1025 1936 910 1936 963 1936 1009 1937 979 1937 908 1937</p>
        </triangles>
      </mesh>
    </geometry>
    <geometry id="eSeries_UR5e_015-mesh" name="eSeries UR5e.015">
      <mesh>
        <source id="eSeries_UR5e_015-mesh-positions">
          <float_array id="eSeries_UR5e_015-mesh-positions-array" count="24">-5.757929 429.9172 53.52612 0.08368134 351.3378 53.55968 38.2101 386.2136 53.13091 25.39654 422.5019 53.62814 -38.42734 389.6464 46.46175 -36.87687 407.5601 53.47784 -25.45638 362.0321 53.37418 31.30035 367.1817 53.46933</float_array>
          <technique_common>
            <accessor source="#eSeries_UR5e_015-mesh-positions-array" count="8" stride="3">
              <param name="X" type="float"/>
              <param name="Y" type="float"/>
              <param name="Z" type="float"/>
            </accessor>
          </technique_common>
        </source>
        <source id="eSeries_UR5e_015-mesh-normals">
          <float_array id="eSeries_UR5e_015-mesh-normals-array" count="21">0.001764178 -2.96002e-4 -0.9999985 0.007134497 0.01621949 -0.999843 -0.1153046 -0.291839 -0.9494919 -0.01016348 -0.001182675 -0.9999477 0.4467708 0.2924769 -0.84549 0.007513344 -0.02050554 -0.9997615 -0.7423265 -0.1876741 0.6432183</float_array>
          <technique_common>
            <accessor source="#eSeries_UR5e_015-mesh-normals-array" count="7" stride="3">
              <param name="X" type="float"/>
              <param name="Y" type="float"/>
              <param name="Z" type="float"/>
            </accessor>
          </technique_common>
        </source>
        <vertices id="eSeries_UR5e_015-mesh-vertices">
          <input semantic="POSITION" source="#eSeries_UR5e_015-mesh-positions"/>
        </vertices>
        <triangles material="Black_008-material" count="7">
          <input semantic="VERTEX" source="#eSeries_UR5e_015-mesh-vertices" offset="0"/>
          <input semantic="NORMAL" source="#eSeries_UR5e_015-mesh-normals" offset="1"/>
          <p>0 0 1 0 5 0 2 1 0 1 3 1 1 2 6 2 4 2 0 3 2 3 1 3 1 4 4 4 5 4 2 5 7 5 1 5 4 6 6 6 5 6</p>
        </triangles>
      </mesh>
    </geometry>
    <geometry id="eSeries_UR5e_014-mesh" name="eSeries UR5e.014">
      <mesh>
        <source id="eSeries_UR5e_014-mesh-positions">
          <float_array id="eSeries_UR5e_014-mesh-positions-array" count="117">1.597321 420.4559 -52.15465 -1.2293 425.1259 -50.91474 26.34912 376.97 -51.41291 -28.36297 369.3623 -51.58867 -23.8506 377.741 -53.60155 28.85638 369.6985 -51.02367 -30.97104 378.0372 -50.89197 -33.89851 394.0858 -55.16512 34.18459 380.1044 -51.41079 21.97056 377.6297 -56.1674 -28.76262 418.6456 -12.09185 19.5638 418.6892 -54.49861 34.01033 403.3798 -50.07728 5.076698 354.9933 -55.46424 -18.93745 422.8934 -49.94889 -10.00313 429.9895 -8.671548 -37.78839 391.9444 -24.69606 -34.95206 408.541 -19.0731 34.31926 371.9282 -34.1473 13.26506 428.3393 -11.82139 38.30603 395.3381 -26.47921 19.30729 357.3896 -39.48486 -0.6323128 353.8055 -39.85959 34.33086 410.4624 -18.59105 -40.13278 390.7953 -27.50389 -30.22323 366.5948 -35.47412 -16.37471 356.393 -39.71085 38.8358 394.6837 -21.22629 -0.8841015 429.4668 -10.0932 0.5857154 429.5329 -10.4737 37.84746 392.3622 -25.0846 37.98397 392.4916 -25.27881 24.34257 420.8692 -14.10607 -0.6936857 430.8432 -10.78651 -19.37825 425.3735 -12.42665 37.80382 391.5804 -24.65155 0.6702815 354.0005 -40.0026 37.82737 392.3565 -25.08917 0.5712934 429.5291 -10.47126</float_array>
          <technique_common>
            <accessor source="#eSeries_UR5e_014-mesh-positions-array" count="39" stride="3">
              <param name="X" type="float"/>
              <param name="Y" type="float"/>
              <param name="Z" type="float"/>
            </accessor>
          </technique_common>
        </source>
        <source id="eSeries_UR5e_014-mesh-normals">
          <float_array id="eSeries_UR5e_014-mesh-normals-array" count="162">-0.3566402 -0.03223574 -0.9336855 -0.006068468 0.04025369 -0.999171 -0.02219957 -0.0144841 -0.9996486 0.01902961 -0.04689866 -0.9987184 0.732765 0.2181595 -0.6445636 0.3361061 -0.8399443 -0.4260591 -0.1734527 -0.1407561 -0.9747317 0.3425697 -0.2834872 -0.8957014 -0.2529606 -0.2450395 -0.9359309 0.3519363 0.05859744 -0.9341881 -0.1014838 0.2466297 -0.9637816 -0.1082011 0.1934179 -0.9751318 0.3462092 0.05624461 -0.9364699 -0.07874637 0.2170732 -0.972974 -0.07967895 0.2104716 -0.9743475 -0.3501393 -0.3001295 -0.8873133 -0.5122021 0.8580827 -0.03665101 -0.9306792 -0.327201 -0.1636335 -0.9382447 -0.2641352 -0.223449 -0.9416447 -0.2357433 -0.2402718 -0.4458857 0.89507 0.005979597 -0.972887 0.2035002 -0.1099027 -0.8496075 0.4805801 -0.2172783 -0.7977317 0.5862343 -0.1412573 -0.1313716 0.9813588 -0.1402728 -0.6201776 -0.758064 -0.2017887 -0.1619606 -0.9777008 -0.1336788 -0.3942873 -0.7917469 -0.466556 0.1770895 -0.9841427 -0.01012337 0.6798199 -0.507637 -0.5292918 0.5332019 -0.8437771 -0.06112426 0.8648679 -0.4510453 -0.2203673 0.9867902 -0.1433004 -0.07556635 0.9847073 0.01730412 -0.1733557 0.9541363 0.2898486 -0.07491254 0.6294506 0.7727202 -0.08182555 0.7404618 0.6540606 -0.1546651 0.2633722 0.9485741 -0.17562 0.05654424 0.9931149 -0.1025949 0.9847802 -0.1298789 -0.1154972 0.9570288 0.2834599 -0.061208 -0.1326949 -0.8261816 -0.5475548 -0.1683144 0.9598197 -0.2245362 -0.9686563 0.05467188 0.242314 -0.9759675 0.1447312 0.1629124 -0.7878237 0.5956645 -0.1565807 -0.8821991 -0.3109314 0.3536191 0.1957302 0.5405063 -0.8182559 0.1956739 -0.8266345 0.5276241 0.5276126 -0.7552877 -0.3888001 0.505244 -0.6781833 0.5336629 -0.1635299 -0.4251067 -0.8902485 -0.163681 -0.4252005 -0.8901758 -0.1633102 -0.4250453 -0.8903181</float_array>
          <technique_common>
            <accessor source="#eSeries_UR5e_014-mesh-normals-array" count="54" stride="3">
              <param name="X" type="float"/>
              <param name="Y" type="float"/>
              <param name="Z" type="float"/>
            </accessor>
          </technique_common>
        </source>
        <vertices id="eSeries_UR5e_014-mesh-vertices">
          <input semantic="POSITION" source="#eSeries_UR5e_014-mesh-positions"/>
        </vertices>
        <lines count="3">
          <input semantic="VERTEX" source="#eSeries_UR5e_014-mesh-vertices" offset="0"/>
          <p>29 28 38 29 37 30</p>
        </lines>
        <triangles material="URBlue_005-material" count="52">
          <input semantic="VERTEX" source="#eSeries_UR5e_014-mesh-vertices" offset="0"/>
          <input semantic="NORMAL" source="#eSeries_UR5e_014-mesh-normals" offset="1"/>
          <p>4 0 3 0 6 0 9 1 7 1 11 1 13 2 7 2 9 2 5 3 2 3 8 3 2 4 5 4 9 4 9 5 8 5 2 5 3 6 4 6 13 6 9 7 5 7 13 7 13 8 4 8 7 8 8 9 9 9 11 9 11 10 7 10 0 10 11 11 0 11 1 11 8 12 11 12 12 12 7 13 14 13 0 13 1 14 0 14 14 14 4 15 6 15 7 15 10 16 15 16 14 16 25 17 24 17 3 17 3 18 24 18 6 18 6 19 24 19 7 19 7 20 24 20 16 20 16 21 17 21 7 21 17 22 14 22 7 22 14 23 17 23 10 23 14 24 15 24 1 24 25 25 3 25 26 25 13 26 22 26 26 26 13 27 26 27 3 27 22 28 13 28 21 28 21 29 13 29 18 29 18 30 13 30 5 30 8 31 18 31 5 31 18 32 8 32 20 32 12 33 20 33 8 33 12 34 23 34 20 34 11 35 19 35 23 35 11 36 23 36 12 36 19 37 11 37 1 37 19 38 1 38 15 38 20 39 27 39 18 39 23 40 27 40 20 40 15 41 28 41 19 41 36 42 22 42 21 42 35 43 18 43 27 43 30 44 35 44 27 44 30 45 27 45 31 45 31 46 27 46 23 46 32 47 23 47 19 47 15 48 34 48 33 48 34 49 15 49 10 49 34 50 10 50 17 50 33 51 28 52 15 53</p>
        </triangles>
      </mesh>
    </geometry>
    <geometry id="eSeries_UR5e_012-mesh" name="eSeries UR5e.012">
      <mesh>
        <source id="eSeries_UR5e_012-mesh-positions">
          <float_array id="eSeries_UR5e_012-mesh-positions-array" count="30">36.53034 346.1985 -8.334453 34.77528 346.1888 12.7105 -17.16583 346.1781 40.65562 -37.31822 346.3129 4.896762 -11.86388 345.9642 -38.94839 7.520606 338.7916 -42.35103 22.58136 338.907 35.52537 -34.33977 338.885 -16.84387 36.74908 338.835 6.049678 -32.99645 338.9225 20.52042</float_array>
          <technique_common>
            <accessor source="#eSeries_UR5e_012-mesh-positions-array" count="10" stride="3">
              <param name="X" type="float"/>
              <param name="Y" type="float"/>
              <param name="Z" type="float"/>
            </accessor>
          </technique_common>
        </source>
        <source id="eSeries_UR5e_012-mesh-normals">
          <float_array id="eSeries_UR5e_012-mesh-normals-array" count="30">-0.8911932 -0.4524586 0.03249496 -0.5664933 0.7529587 -0.3348709 -0.367981 -0.7092411 -0.6013044 0.2532641 0.8775814 -0.4070729 0.6107099 -0.7010589 -0.3681709 0.978636 0.188671 0.08170092 0.8910747 -0.1491027 0.4286658 0.2145937 0.891399 0.3991959 -0.1119116 -0.9035637 0.4135802 -0.7682932 0.4698061 0.4347503</float_array>
          <technique_common>
            <accessor source="#eSeries_UR5e_012-mesh-normals-array" count="10" stride="3">
              <param name="X" type="float"/>
              <param name="Y" type="float"/>
              <param name="Z" type="float"/>
            </accessor>
          </technique_common>
        </source>
        <vertices id="eSeries_UR5e_012-mesh-vertices">
          <input semantic="POSITION" source="#eSeries_UR5e_012-mesh-positions"/>
        </vertices>
        <triangles material="Black_008-material" count="10">
          <input semantic="VERTEX" source="#eSeries_UR5e_012-mesh-vertices" offset="0"/>
          <input semantic="NORMAL" source="#eSeries_UR5e_012-mesh-normals" offset="1"/>
          <p>9 0 3 0 7 0 7 1 3 1 4 1 7 2 4 2 5 2 5 3 4 3 0 3 5 4 0 4 8 4 8 5 0 5 1 5 8 6 1 6 6 6 6 7 1 7 2 7 6 8 2 8 9 8 9 9 2 9 3 9</p>
        </triangles>
      </mesh>
    </geometry>
  </library_geometries>
  <library_visual_scenes>
    <visual_scene id="Scene" name="Scene">
      <node id="eSeries_UR5e_019" name="eSeries_UR5e_019" type="NODE">
        <matrix sid="transform">-9.99987e-4 0 -3.89409e-10 0 -3.89409e-10 -7.54969e-11 9.99987e-4 0 0 9.99987e-4 7.54969e-11 0 0 0 0 1</matrix>
        <instance_geometry url="#eSeries_UR5e_026-mesh" name="eSeries_UR5e_019">
          <bind_material>
            <technique_common>
              <instance_material symbol="Black_010-material" target="#Black_010-material"/>
            </technique_common>
          </bind_material>
        </instance_geometry>
      </node>
      <node id="eSeries_UR5e_018" name="eSeries_UR5e_018" type="NODE">
        <matrix sid="transform">-9.99987e-4 0 -3.89409e-10 0 -3.89409e-10 -7.54969e-11 9.99987e-4 0 0 9.99987e-4 7.54969e-11 0 0 0 0 1</matrix>
        <instance_geometry url="#eSeries_UR5e_025-mesh" name="eSeries_UR5e_018">
          <bind_material>
            <technique_common>
              <instance_material symbol="JointGrey_010-material" target="#JointGrey_010-material"/>
            </technique_common>
          </bind_material>
        </instance_geometry>
      </node>
      <node id="eSeries_UR5e_017" name="eSeries_UR5e_017" type="NODE">
        <matrix sid="transform">-9.99987e-4 0 -3.89409e-10 0 -3.89409e-10 -7.54969e-11 9.99987e-4 0 0 9.99987e-4 7.54969e-11 0 0 0 0 1</matrix>
        <instance_geometry url="#eSeries_UR5e_024-mesh" name="eSeries_UR5e_017">
          <bind_material>
            <technique_common>
              <instance_material symbol="Black_010-material" target="#Black_010-material"/>
            </technique_common>
          </bind_material>
        </instance_geometry>
      </node>
      <node id="eSeries_UR5e_014" name="eSeries_UR5e_014" type="NODE">
        <matrix sid="transform">-9.99987e-4 0 -3.89409e-10 0 -3.89409e-10 -7.54969e-11 9.99987e-4 0 0 9.99987e-4 7.54969e-11 0 0 0 0 1</matrix>
        <instance_geometry url="#eSeries_UR5e_023-mesh" name="eSeries_UR5e_014">
          <bind_material>
            <technique_common>
              <instance_material symbol="LinkGrey_006-material" target="#LinkGrey_006-material"/>
            </technique_common>
          </bind_material>
        </instance_geometry>
      </node>
      <node id="eSeries_UR5e_012" name="eSeries_UR5e_012" type="NODE">
        <matrix sid="transform">-9.99987e-4 0 -3.89409e-10 0 -3.89409e-10 -7.54969e-11 9.99987e-4 0 0 9.99987e-4 7.54969e-11 0 0 0 0 1</matrix>
        <instance_geometry url="#eSeries_UR5e_022-mesh" name="eSeries_UR5e_012">
          <bind_material>
            <technique_common>
              <instance_material symbol="URBlue_007-material" target="#URBlue_007-material"/>
            </technique_common>
          </bind_material>
        </instance_geometry>
      </node>
      <node id="eSeries_UR5e_011" name="eSeries_UR5e_011" type="NODE">
        <matrix sid="transform">-9.99987e-4 0 -3.89409e-10 0 -3.89409e-10 -7.54969e-11 9.99987e-4 0 0 9.99987e-4 7.54969e-11 0 0 0 0 1</matrix>
        <instance_geometry url="#eSeries_UR5e_021-mesh" name="eSeries_UR5e_011">
          <bind_material>
            <technique_common>
              <instance_material symbol="Black_010-material" target="#Black_010-material"/>
            </technique_common>
          </bind_material>
        </instance_geometry>
      </node>
      <node id="eSeries_UR5e_010" name="eSeries_UR5e_010" type="NODE">
        <matrix sid="transform">-9.99987e-4 0 -3.89409e-10 0 -3.89409e-10 -7.54969e-11 9.99987e-4 0 0 9.99987e-4 7.54969e-11 0 0 0 0 1</matrix>
        <instance_geometry url="#eSeries_UR5e_020-mesh" name="eSeries_UR5e_010">
          <bind_material>
            <technique_common>
              <instance_material symbol="JointGrey_010-material" target="#JointGrey_010-material"/>
            </technique_common>
          </bind_material>
        </instance_geometry>
      </node>
      <node id="eSeries_UR5e_009" name="eSeries_UR5e_009" type="NODE">
        <matrix sid="transform">-9.99987e-4 0 -3.89409e-10 0 -3.89409e-10 -7.54969e-11 9.99987e-4 0 0 9.99987e-4 7.54969e-11 0 0 0 0 1</matrix>
        <instance_geometry url="#eSeries_UR5e_019-mesh" name="eSeries_UR5e_009">
          <bind_material>
            <technique_common>
              <instance_material symbol="URBlue_007-material" target="#URBlue_007-material"/>
            </technique_common>
          </bind_material>
        </instance_geometry>
      </node>
      <node id="eSeries_UR5e_025" name="eSeries_UR5e_025" type="NODE">
        <matrix sid="transform">-9.99987e-4 0 -3.89409e-10 0 -3.89409e-10 -7.54969e-11 9.99987e-4 0 0 9.99987e-4 7.54969e-11 0 0 0 0 1</matrix>
        <instance_geometry url="#eSeries_UR5e_015-mesh" name="eSeries_UR5e_025">
          <bind_material>
            <technique_common>
              <instance_material symbol="Black_008-material" target="#Black_008-material"/>
            </technique_common>
          </bind_material>
        </instance_geometry>
      </node>
      <node id="eSeries_UR5e_024" name="eSeries_UR5e_024" type="NODE">
        <matrix sid="transform">-9.99987e-4 0 -3.89409e-10 0 -3.89409e-10 -7.54969e-11 9.99987e-4 0 0 9.99987e-4 7.54969e-11 0 0 0 0 1</matrix>
        <instance_geometry url="#eSeries_UR5e_014-mesh" name="eSeries_UR5e_024">
          <bind_material>
            <technique_common>
              <instance_material symbol="URBlue_005-material" target="#URBlue_005-material"/>
            </technique_common>
          </bind_material>
        </instance_geometry>
      </node>
      <node id="eSeries_UR5e_023" name="eSeries_UR5e_023" type="NODE">
        <matrix sid="transform">-9.99987e-4 0 -3.89409e-10 0 -3.89409e-10 -7.54969e-11 9.99987e-4 0 0 9.99987e-4 7.54969e-11 0 0 0 0 1</matrix>
        <instance_geometry url="#eSeries_UR5e_012-mesh" name="eSeries_UR5e_023">
          <bind_material>
            <technique_common>
              <instance_material symbol="Black_008-material" target="#Black_008-material"/>
            </technique_common>
          </bind_material>
        </instance_geometry>
      </node>
      <node id="Camera" name="Camera" type="NODE">
        <matrix sid="transform">0.6859207 -0.3240135 0.6515582 7.358891 0.7276763 0.3054208 -0.6141704 -6.925791 0 0.8953956 0.4452714 4.958309 0 0 0 1</matrix>
        <instance_camera url="#Camera-camera"/>
      </node>
      <node id="Light" name="Light" type="NODE">
        <matrix sid="transform">-0.2908646 -0.7711008 0.5663932 4.076245 0.9551712 -0.1998834 0.2183912 1.005454 -0.05518906 0.6045247 0.7946723 5.903862 0 0 0 1</matrix>
        <instance_light url="#Light-light"/>
      </node>
    </visual_scene>
  </library_visual_scenes>
  <scene>
    <instance_visual_scene url="#Scene"/>
  </scene>
</COLLADA>