[0.190s] Invoking command in '/home/meta/Documents/robotics_workspace_new/build/robokpy_interfaces': CMAKE_PREFIX_PATH=${CMAKE_PREFIX_PATH}:/home/meta/Documents/robotics_workspace_new/install/robokpy_controller:/home/meta/Documents/robotics_workspace_new/install/robokpy:/opt/ros/jazzy DEBUGINFOD_URLS=https://debuginfod.ubuntu.com /bin/cmake --build /home/meta/Documents/robotics_workspace_new/build/robokpy_interfaces -- -j4 -l4
[0.961s] [  1%] Built target robokpy_interfaces__rosidl_generator_type_description
[1.666s] [  1%] Built target ament_cmake_python_copy_robokpy_interfaces
[1.955s] [ 29%] Built target robokpy_interfaces__rosidl_generator_c
[3.225s] running egg_info
[3.307s] writing robokpy_interfaces.egg-info/PKG-INFO
[3.308s] writing dependency_links to robokpy_interfaces.egg-info/dependency_links.txt
[3.308s] writing top-level names to robokpy_interfaces.egg-info/top_level.txt
[3.552s] reading manifest file 'robokpy_interfaces.egg-info/SOURCES.txt'
[3.568s] writing manifest file 'robokpy_interfaces.egg-info/SOURCES.txt'
[3.632s] [ 29%] Built target ament_cmake_python_build_robokpy_interfaces_egg
[4.362s] [ 39%] Built target robokpy_interfaces__rosidl_typesupport_introspection_c
[4.825s] [ 49%] Built target robokpy_interfaces__rosidl_typesupport_c
[5.278s] [ 59%] Built target robokpy_interfaces__rosidl_typesupport_fastrtps_c
[5.477s] [ 59%] Built target robokpy_interfaces__cpp
[5.937s] [ 68%] Built target robokpy_interfaces__rosidl_typesupport_cpp
[6.434s] [ 78%] Built target robokpy_interfaces__rosidl_typesupport_introspection_cpp
[6.990s] [ 88%] Built target robokpy_interfaces__rosidl_typesupport_fastrtps_cpp
[7.150s] [ 88%] Built target robokpy_interfaces
[7.300s] [ 88%] Built target robokpy_interfaces__py
[7.970s] [ 97%] Built target robokpy_interfaces__rosidl_generator_py
[8.496s] [ 98%] Built target robokpy_interfaces_s__rosidl_typesupport_fastrtps_c
[8.689s] [ 99%] Built target robokpy_interfaces_s__rosidl_typesupport_c
[8.818s] [100%] Built target robokpy_interfaces_s__rosidl_typesupport_introspection_c
[8.843s] Invoked command in '/home/meta/Documents/robotics_workspace_new/build/robokpy_interfaces' returned '0': CMAKE_PREFIX_PATH=${CMAKE_PREFIX_PATH}:/home/meta/Documents/robotics_workspace_new/install/robokpy_controller:/home/meta/Documents/robotics_workspace_new/install/robokpy:/opt/ros/jazzy DEBUGINFOD_URLS=https://debuginfod.ubuntu.com /bin/cmake --build /home/meta/Documents/robotics_workspace_new/build/robokpy_interfaces -- -j4 -l4
[9.733s] Invoking command in '/home/meta/Documents/robotics_workspace_new/build/robokpy_interfaces': CMAKE_PREFIX_PATH=${CMAKE_PREFIX_PATH}:/home/meta/Documents/robotics_workspace_new/install/robokpy_controller:/home/meta/Documents/robotics_workspace_new/install/robokpy:/opt/ros/jazzy DEBUGINFOD_URLS=https://debuginfod.ubuntu.com /bin/cmake --install /home/meta/Documents/robotics_workspace_new/build/robokpy_interfaces
[9.815s] -- Install configuration: ""
[9.815s] -- Up-to-date: /home/meta/Documents/robotics_workspace_new/install/robokpy_interfaces/share/ament_index/resource_index/rosidl_interfaces/robokpy_interfaces
[9.816s] -- Up-to-date: /home/meta/Documents/robotics_workspace_new/install/robokpy_interfaces/share/robokpy_interfaces/srv/ExecutionState.json
[9.816s] -- Up-to-date: /home/meta/Documents/robotics_workspace_new/install/robokpy_interfaces/share/robokpy_interfaces/srv/SystemMode.json
[9.816s] -- Up-to-date: /home/meta/Documents/robotics_workspace_new/install/robokpy_interfaces/share/robokpy_interfaces/srv/FK.json
[9.817s] -- Up-to-date: /home/meta/Documents/robotics_workspace_new/install/robokpy_interfaces/share/robokpy_interfaces/srv/IK.json
[9.817s] -- Up-to-date: /home/meta/Documents/robotics_workspace_new/install/robokpy_interfaces/share/robokpy_interfaces/srv/Jacobian.json
[9.817s] -- Up-to-date: /home/meta/Documents/robotics_workspace_new/install/robokpy_interfaces/share/robokpy_interfaces/srv/Reachable.json
[9.817s] -- Up-to-date: /home/meta/Documents/robotics_workspace_new/install/robokpy_interfaces/share/robokpy_interfaces/srv/ChainFK.json
[9.818s] -- Up-to-date: /home/meta/Documents/robotics_workspace_new/install/robokpy_interfaces/share/robokpy_interfaces/srv/SetPlanningTipLink.json
[9.818s] -- Up-to-date: /home/meta/Documents/robotics_workspace_new/install/robokpy_interfaces/share/robokpy_interfaces/srv/GraspAttach.json
[9.819s] -- Up-to-date: /home/meta/Documents/robotics_workspace_new/install/robokpy_interfaces/share/robokpy_interfaces/srv/ResumeExecution.json
[9.819s] -- Up-to-date: /home/meta/Documents/robotics_workspace_new/install/robokpy_interfaces/share/robokpy_interfaces/srv/LoadRecipe.json
[9.819s] -- Up-to-date: /home/meta/Documents/robotics_workspace_new/install/robokpy_interfaces/share/robokpy_interfaces/srv/SpawnObject.json
[9.857s] -- Up-to-date: /home/meta/Documents/robotics_workspace_new/install/robokpy_interfaces/share/robokpy_interfaces/srv/DespawnObject.json
[9.903s] -- Up-to-date: /home/meta/Documents/robotics_workspace_new/install/robokpy_interfaces/share/robokpy_interfaces/srv/ResolveObjectPose.json
[9.903s] -- Up-to-date: /home/meta/Documents/robotics_workspace_new/install/robokpy_interfaces/share/robokpy_interfaces/msg/CellState.json
[9.918s] -- Up-to-date: /home/meta/Documents/robotics_workspace_new/install/robokpy_interfaces/share/robokpy_interfaces/action/ExecuteMotion.json
[9.919s] -- Up-to-date: /home/meta/Documents/robotics_workspace_new/install/robokpy_interfaces/share/robokpy_interfaces/action/ExecuteToolOp.json
[9.920s] -- Up-to-date: /home/meta/Documents/robotics_workspace_new/install/robokpy_interfaces/share/robokpy_interfaces/action/ExecuteVisionOp.json
[9.920s] -- Up-to-date: /home/meta/Documents/robotics_workspace_new/install/robokpy_interfaces/share/robokpy_interfaces/action/SetJointTarget.json
[9.920s] -- Up-to-date: /home/meta/Documents/robotics_workspace_new/install/robokpy_interfaces/include/robokpy_interfaces/robokpy_interfaces
[9.966s] -- Up-to-date: /home/meta/Documents/robotics_workspace_new/install/robokpy_interfaces/include/robokpy_interfaces/robokpy_interfaces/srv
[10.006s] -- Up-to-date: /home/meta/Documents/robotics_workspace_new/install/robokpy_interfaces/include/robokpy_interfaces/robokpy_interfaces/srv/set_planning_tip_link.h
[10.007s] -- Up-to-date: /home/meta/Documents/robotics_workspace_new/install/robokpy_interfaces/include/robokpy_interfaces/robokpy_interfaces/srv/execution_state.h
[10.007s] -- Up-to-date: /home/meta/Documents/robotics_workspace_new/install/robokpy_interfaces/include/robokpy_interfaces/robokpy_interfaces/srv/ik.h
[10.007s] -- Up-to-date: /home/meta/Documents/robotics_workspace_new/install/robokpy_interfaces/include/robokpy_interfaces/robokpy_interfaces/srv/system_mode.h
[10.008s] -- Up-to-date: /home/meta/Documents/robotics_workspace_new/install/robokpy_interfaces/include/robokpy_interfaces/robokpy_interfaces/srv/fk.h
[10.008s] -- Up-to-date: /home/meta/Documents/robotics_workspace_new/install/robokpy_interfaces/include/robokpy_interfaces/robokpy_interfaces/srv/detail
[10.044s] -- Installing: /home/meta/Documents/robotics_workspace_new/install/robokpy_interfaces/include/robokpy_interfaces/robokpy_interfaces/srv/detail/spawn_object__type_support.c
[10.165s] -- Up-to-date: /home/meta/Documents/robotics_workspace_new/install/robokpy_interfaces/include/robokpy_interfaces/robokpy_interfaces/srv/detail/despawnobject__struct.h
[10.165s] -- Up-to-date: /home/meta/Documents/robotics_workspace_new/install/robokpy_interfaces/include/robokpy_interfaces/robokpy_interfaces/srv/detail/jacobian__struct.h
[10.165s] -- Up-to-date: /home/meta/Documents/robotics_workspace_new/install/robokpy_interfaces/include/robokpy_interfaces/robokpy_interfaces/srv/detail/chain_fk__struct.h
[10.202s] -- Up-to-date: /home/meta/Documents/robotics_workspace_new/install/robokpy_interfaces/include/robokpy_interfaces/robokpy_interfaces/srv/detail/jacobian__functions.h
[10.202s] -- Installing: /home/meta/Documents/robotics_workspace_new/install/robokpy_interfaces/include/robokpy_interfaces/robokpy_interfaces/srv/detail/system_mode__type_support.c
[10.246s] -- Up-to-date: /home/meta/Documents/robotics_workspace_new/install/robokpy_interfaces/include/robokpy_interfaces/robokpy_interfaces/srv/detail/resume_execution__functions.c
[10.246s] -- Up-to-date: /home/meta/Documents/robotics_workspace_new/install/robokpy_interfaces/include/robokpy_interfaces/robokpy_interfaces/srv/detail/ik__functions.h
[10.246s] -- Up-to-date: /home/meta/Documents/robotics_workspace_new/install/robokpy_interfaces/include/robokpy_interfaces/robokpy_interfaces/srv/detail/fk__struct.h
[10.247s] -- Up-to-date: /home/meta/Documents/robotics_workspace_new/install/robokpy_interfaces/include/robokpy_interfaces/robokpy_interfaces/srv/detail/execution_state__description.c
[10.247s] -- Up-to-date: /home/meta/Documents/robotics_workspace_new/install/robokpy_interfaces/include/robokpy_interfaces/robokpy_interfaces/srv/detail/chain_fk__functions.h
[10.247s] -- Up-to-date: /home/meta/Documents/robotics_workspace_new/install/robokpy_interfaces/include/robokpy_interfaces/robokpy_interfaces/srv/detail/fk__functions.h
[10.247s] -- Up-to-date: /home/meta/Documents/robotics_workspace_new/install/robokpy_interfaces/include/robokpy_interfaces/robokpy_interfaces/srv/detail/execution_state__functions.c
[10.247s] -- Installing: /home/meta/Documents/robotics_workspace_new/install/robokpy_interfaces/include/robokpy_interfaces/robokpy_interfaces/srv/detail/despawn_object__type_support.c
[10.290s] -- Up-to-date: /home/meta/Documents/robotics_workspace_new/install/robokpy_interfaces/include/robokpy_interfaces/robokpy_interfaces/srv/detail/resolve_object_pose__functions.h
[10.290s] -- Up-to-date: /home/meta/Documents/robotics_workspace_new/install/robokpy_interfaces/include/robokpy_interfaces/robokpy_interfaces/srv/detail/chain_fk__type_support.h
[10.290s] -- Up-to-date: /home/meta/Documents/robotics_workspace_new/install/robokpy_interfaces/include/robokpy_interfaces/robokpy_interfaces/srv/detail/despawnobject__description.c
[10.290s] -- Up-to-date: /home/meta/Documents/robotics_workspace_new/install/robokpy_interfaces/include/robokpy_interfaces/robokpy_interfaces/srv/detail/system_mode__type_support.h
[10.291s] -- Up-to-date: /home/meta/Documents/robotics_workspace_new/install/robokpy_interfaces/include/robokpy_interfaces/robokpy_interfaces/srv/detail/chain_fk__description.c
[10.291s] -- Up-to-date: /home/meta/Documents/robotics_workspace_new/install/robokpy_interfaces/include/robokpy_interfaces/robokpy_interfaces/srv/detail/system_mode__functions.c
[10.291s] -- Up-to-date: /home/meta/Documents/robotics_workspace_new/install/robokpy_interfaces/include/robokpy_interfaces/robokpy_interfaces/srv/detail/set_planning_tip_link__type_support.h
[10.291s] -- Up-to-date: /home/meta/Documents/robotics_workspace_new/install/robokpy_interfaces/include/robokpy_interfaces/robokpy_interfaces/srv/detail/spawn_object__functions.c
[10.291s] -- Up-to-date: /home/meta/Documents/robotics_workspace_new/install/robokpy_interfaces/include/robokpy_interfaces/robokpy_interfaces/srv/detail/grasp_attach__functions.h
[10.291s] -- Installing: /home/meta/Documents/robotics_workspace_new/install/robokpy_interfaces/include/robokpy_interfaces/robokpy_interfaces/srv/detail/chain_fk__type_support.c
[10.346s] -- Up-to-date: /home/meta/Documents/robotics_workspace_new/install/robokpy_interfaces/include/robokpy_interfaces/robokpy_interfaces/srv/detail/despawn_object__description.c
[10.346s] -- Up-to-date: /home/meta/Documents/robotics_workspace_new/install/robokpy_interfaces/include/robokpy_interfaces/robokpy_interfaces/srv/detail/set_planning_tip_link__description.c
[10.347s] -- Up-to-date: /home/meta/Documents/robotics_workspace_new/install/robokpy_interfaces/include/robokpy_interfaces/robokpy_interfaces/srv/detail/reachable__functions.h
[10.347s] -- Up-to-date: /home/meta/Documents/robotics_workspace_new/install/robokpy_interfaces/include/robokpy_interfaces/robokpy_interfaces/srv/detail/ik__struct.h
[10.347s] -- Installing: /home/meta/Documents/robotics_workspace_new/install/robokpy_interfaces/include/robokpy_interfaces/robokpy_interfaces/srv/detail/despawnobject__type_support.c
[10.380s] -- Up-to-date: /home/meta/Documents/robotics_workspace_new/install/robokpy_interfaces/include/robokpy_interfaces/robokpy_interfaces/srv/detail/spawn_object__functions.h
[10.380s] -- Up-to-date: /home/meta/Documents/robotics_workspace_new/install/robokpy_interfaces/include/robokpy_interfaces/robokpy_interfaces/srv/detail/resume_execution__type_support.h
[10.380s] -- Up-to-date: /home/meta/Documents/robotics_workspace_new/install/robokpy_interfaces/include/robokpy_interfaces/robokpy_interfaces/srv/detail/spawn_object__type_support.h
[10.381s] -- Up-to-date: /home/meta/Documents/robotics_workspace_new/install/robokpy_interfaces/include/robokpy_interfaces/robokpy_interfaces/srv/detail/load_recipe__struct.h
[10.381s] -- Up-to-date: /home/meta/Documents/robotics_workspace_new/install/robokpy_interfaces/include/robokpy_interfaces/robokpy_interfaces/srv/detail/set_planning_tip_link__struct.h
[10.381s] -- Installing: /home/meta/Documents/robotics_workspace_new/install/robokpy_interfaces/include/robokpy_interfaces/robokpy_interfaces/srv/detail/reachable__type_support.c
[10.407s] -- Installing: /home/meta/Documents/robotics_workspace_new/install/robokpy_interfaces/include/robokpy_interfaces/robokpy_interfaces/srv/detail/resolve_object_pose__type_support.c
[10.437s] -- Up-to-date: /home/meta/Documents/robotics_workspace_new/install/robokpy_interfaces/include/robokpy_interfaces/robokpy_interfaces/srv/detail/jacobian__description.c
[10.438s] -- Up-to-date: /home/meta/Documents/robotics_workspace_new/install/robokpy_interfaces/include/robokpy_interfaces/robokpy_interfaces/srv/detail/despawn_object__functions.h
[10.438s] -- Up-to-date: /home/meta/Documents/robotics_workspace_new/install/robokpy_interfaces/include/robokpy_interfaces/robokpy_interfaces/srv/detail/spawnobject__functions.h
[10.438s] -- Installing: /home/meta/Documents/robotics_workspace_new/install/robokpy_interfaces/include/robokpy_interfaces/robokpy_interfaces/srv/detail/spawnobject__type_support.c
[10.461s] -- Up-to-date: /home/meta/Documents/robotics_workspace_new/install/robokpy_interfaces/include/robokpy_interfaces/robokpy_interfaces/srv/detail/resolve_object_pose__struct.h
[10.461s] -- Up-to-date: /home/meta/Documents/robotics_workspace_new/install/robokpy_interfaces/include/robokpy_interfaces/robokpy_interfaces/srv/detail/spawn_object__struct.h
[10.461s] -- Up-to-date: /home/meta/Documents/robotics_workspace_new/install/robokpy_interfaces/include/robokpy_interfaces/robokpy_interfaces/srv/detail/despawnobject__functions.h
[10.461s] -- Up-to-date: /home/meta/Documents/robotics_workspace_new/install/robokpy_interfaces/include/robokpy_interfaces/robokpy_interfaces/srv/detail/load_recipe__functions.c
[10.461s] -- Installing: /home/meta/Documents/robotics_workspace_new/install/robokpy_interfaces/include/robokpy_interfaces/robokpy_interfaces/srv/detail/ik__type_support.c
[10.504s] -- Up-to-date: /home/meta/Documents/robotics_workspace_new/install/robokpy_interfaces/include/robokpy_interfaces/robokpy_interfaces/srv/detail/fk__functions.c
[10.504s] -- Installing: /home/meta/Documents/robotics_workspace_new/install/robokpy_interfaces/include/robokpy_interfaces/robokpy_interfaces/srv/detail/fk__type_support.c
[10.522s] -- Installing: /home/meta/Documents/robotics_workspace_new/install/robokpy_interfaces/include/robokpy_interfaces/robokpy_interfaces/srv/detail/resume_execution__type_support.c
[10.552s] -- Installing: /home/meta/Documents/robotics_workspace_new/install/robokpy_interfaces/include/robokpy_interfaces/robokpy_interfaces/srv/detail/set_planning_tip_link__type_support.c
[10.602s] -- Up-to-date: /home/meta/Documents/robotics_workspace_new/install/robokpy_interfaces/include/robokpy_interfaces/robokpy_interfaces/srv/detail/spawnobject__type_support.h
[10.603s] -- Up-to-date: /home/meta/Documents/robotics_workspace_new/install/robokpy_interfaces/include/robokpy_interfaces/robokpy_interfaces/srv/detail/grasp_attach__description.c
[10.603s] -- Up-to-date: /home/meta/Documents/robotics_workspace_new/install/robokpy_interfaces/include/robokpy_interfaces/robokpy_interfaces/srv/detail/despawnobject__type_support.h
[10.603s] -- Up-to-date: /home/meta/Documents/robotics_workspace_new/install/robokpy_interfaces/include/robokpy_interfaces/robokpy_interfaces/srv/detail/execution_state__struct.h
[10.603s] -- Up-to-date: /home/meta/Documents/robotics_workspace_new/install/robokpy_interfaces/include/robokpy_interfaces/robokpy_interfaces/srv/detail/ik__type_support.h
[10.603s] -- Up-to-date: /home/meta/Documents/robotics_workspace_new/install/robokpy_interfaces/include/robokpy_interfaces/robokpy_interfaces/srv/detail/grasp_attach__struct.h
[10.603s] -- Up-to-date: /home/meta/Documents/robotics_workspace_new/install/robokpy_interfaces/include/robokpy_interfaces/robokpy_interfaces/srv/detail/ik__functions.c
[10.604s] -- Up-to-date: /home/meta/Documents/robotics_workspace_new/install/robokpy_interfaces/include/robokpy_interfaces/robokpy_interfaces/srv/detail/set_planning_tip_link__functions.h
[10.604s] -- Up-to-date: /home/meta/Documents/robotics_workspace_new/install/robokpy_interfaces/include/robokpy_interfaces/robokpy_interfaces/srv/detail/resume_execution__description.c
[10.604s] -- Up-to-date: /home/meta/Documents/robotics_workspace_new/install/robokpy_interfaces/include/robokpy_interfaces/robokpy_interfaces/srv/detail/load_recipe__description.c
[10.604s] -- Up-to-date: /home/meta/Documents/robotics_workspace_new/install/robokpy_interfaces/include/robokpy_interfaces/robokpy_interfaces/srv/detail/resolve_object_pose__type_support.h
[10.605s] -- Installing: /home/meta/Documents/robotics_workspace_new/install/robokpy_interfaces/include/robokpy_interfaces/robokpy_interfaces/srv/detail/load_recipe__type_support.c
[10.686s] -- Up-to-date: /home/meta/Documents/robotics_workspace_new/install/robokpy_interfaces/include/robokpy_interfaces/robokpy_interfaces/srv/detail/reachable__type_support.h
[10.686s] -- Up-to-date: /home/meta/Documents/robotics_workspace_new/install/robokpy_interfaces/include/robokpy_interfaces/robokpy_interfaces/srv/detail/chain_fk__functions.c
[10.686s] -- Installing: /home/meta/Documents/robotics_workspace_new/install/robokpy_interfaces/include/robokpy_interfaces/robokpy_interfaces/srv/detail/jacobian__type_support.c
[10.738s] -- Up-to-date: /home/meta/Documents/robotics_workspace_new/install/robokpy_interfaces/include/robokpy_interfaces/robokpy_interfaces/srv/detail/resolve_object_pose__description.c
[10.738s] -- Up-to-date: /home/meta/Documents/robotics_workspace_new/install/robokpy_interfaces/include/robokpy_interfaces/robokpy_interfaces/srv/detail/spawnobject__functions.c
[10.738s] -- Up-to-date: /home/meta/Documents/robotics_workspace_new/install/robokpy_interfaces/include/robokpy_interfaces/robokpy_interfaces/srv/detail/reachable__description.c
[10.739s] -- Up-to-date: /home/meta/Documents/robotics_workspace_new/install/robokpy_interfaces/include/robokpy_interfaces/robokpy_interfaces/srv/detail/reachable__functions.c
[10.739s] -- Up-to-date: /home/meta/Documents/robotics_workspace_new/install/robokpy_interfaces/include/robokpy_interfaces/robokpy_interfaces/srv/detail/despawn_object__functions.c
[10.739s] -- Up-to-date: /home/meta/Documents/robotics_workspace_new/install/robokpy_interfaces/include/robokpy_interfaces/robokpy_interfaces/srv/detail/jacobian__functions.c
[10.739s] -- Up-to-date: /home/meta/Documents/robotics_workspace_new/install/robokpy_interfaces/include/robokpy_interfaces/robokpy_interfaces/srv/detail/resolve_object_pose__functions.c
[10.740s] -- Installing: /home/meta/Documents/robotics_workspace_new/install/robokpy_interfaces/include/robokpy_interfaces/robokpy_interfaces/srv/detail/grasp_attach__type_support.c
[10.755s] -- Up-to-date: /home/meta/Documents/robotics_workspace_new/install/robokpy_interfaces/include/robokpy_interfaces/robokpy_interfaces/srv/detail/execution_state__type_support.h
[10.755s] -- Up-to-date: /home/meta/Documents/robotics_workspace_new/install/robokpy_interfaces/include/robokpy_interfaces/robokpy_interfaces/srv/detail/spawn_object__description.c
[10.756s] -- Up-to-date: /home/meta/Documents/robotics_workspace_new/install/robokpy_interfaces/include/robokpy_interfaces/robokpy_interfaces/srv/detail/despawn_object__struct.h
[10.756s] -- Up-to-date: /home/meta/Documents/robotics_workspace_new/install/robokpy_interfaces/include/robokpy_interfaces/robokpy_interfaces/srv/detail/load_recipe__type_support.h
[10.756s] -- Up-to-date: /home/meta/Documents/robotics_workspace_new/install/robokpy_interfaces/include/robokpy_interfaces/robokpy_interfaces/srv/detail/resume_execution__functions.h
[10.756s] -- Up-to-date: /home/meta/Documents/robotics_workspace_new/install/robokpy_interfaces/include/robokpy_interfaces/robokpy_interfaces/srv/detail/ik__description.c
[10.756s] -- Up-to-date: /home/meta/Documents/robotics_workspace_new/install/robokpy_interfaces/include/robokpy_interfaces/robokpy_interfaces/srv/detail/grasp_attach__type_support.h
[10.756s] -- Up-to-date: /home/meta/Documents/robotics_workspace_new/install/robokpy_interfaces/include/robokpy_interfaces/robokpy_interfaces/srv/detail/spawnobject__struct.h
[10.756s] -- Up-to-date: /home/meta/Documents/robotics_workspace_new/install/robokpy_interfaces/include/robokpy_interfaces/robokpy_interfaces/srv/detail/set_planning_tip_link__functions.c
[10.757s] -- Up-to-date: /home/meta/Documents/robotics_workspace_new/install/robokpy_interfaces/include/robokpy_interfaces/robokpy_interfaces/srv/detail/grasp_attach__functions.c
[10.757s] -- Up-to-date: /home/meta/Documents/robotics_workspace_new/install/robokpy_interfaces/include/robokpy_interfaces/robokpy_interfaces/srv/detail/fk__description.c
[10.757s] -- Up-to-date: /home/meta/Documents/robotics_workspace_new/install/robokpy_interfaces/include/robokpy_interfaces/robokpy_interfaces/srv/detail/load_recipe__functions.h
[10.757s] -- Up-to-date: /home/meta/Documents/robotics_workspace_new/install/robokpy_interfaces/include/robokpy_interfaces/robokpy_interfaces/srv/detail/despawn_object__type_support.h
[10.757s] -- Up-to-date: /home/meta/Documents/robotics_workspace_new/install/robokpy_interfaces/include/robokpy_interfaces/robokpy_interfaces/srv/detail/reachable__struct.h
[10.757s] -- Installing: /home/meta/Documents/robotics_workspace_new/install/robokpy_interfaces/include/robokpy_interfaces/robokpy_interfaces/srv/detail/execution_state__type_support.c
[10.822s] -- Up-to-date: /home/meta/Documents/robotics_workspace_new/install/robokpy_interfaces/include/robokpy_interfaces/robokpy_interfaces/srv/detail/fk__type_support.h
[10.823s] -- Up-to-date: /home/meta/Documents/robotics_workspace_new/install/robokpy_interfaces/include/robokpy_interfaces/robokpy_interfaces/srv/detail/resume_execution__struct.h
[10.823s] -- Up-to-date: /home/meta/Documents/robotics_workspace_new/install/robokpy_interfaces/include/robokpy_interfaces/robokpy_interfaces/srv/detail/system_mode__description.c
[10.823s] -- Up-to-date: /home/meta/Documents/robotics_workspace_new/install/robokpy_interfaces/include/robokpy_interfaces/robokpy_interfaces/srv/detail/system_mode__struct.h
[10.823s] -- Up-to-date: /home/meta/Documents/robotics_workspace_new/install/robokpy_interfaces/include/robokpy_interfaces/robokpy_interfaces/srv/detail/despawnobject__functions.c
[10.824s] -- Up-to-date: /home/meta/Documents/robotics_workspace_new/install/robokpy_interfaces/include/robokpy_interfaces/robokpy_interfaces/srv/detail/spawnobject__description.c
[10.824s] -- Up-to-date: /home/meta/Documents/robotics_workspace_new/install/robokpy_interfaces/include/robokpy_interfaces/robokpy_interfaces/srv/detail/system_mode__functions.h
[10.824s] -- Up-to-date: /home/meta/Documents/robotics_workspace_new/install/robokpy_interfaces/include/robokpy_interfaces/robokpy_interfaces/srv/detail/jacobian__type_support.h
[10.824s] -- Up-to-date: /home/meta/Documents/robotics_workspace_new/install/robokpy_interfaces/include/robokpy_interfaces/robokpy_interfaces/srv/detail/execution_state__functions.h
[10.825s] -- Up-to-date: /home/meta/Documents/robotics_workspace_new/install/robokpy_interfaces/include/robokpy_interfaces/robokpy_interfaces/srv/grasp_attach.h
[10.825s] -- Up-to-date: /home/meta/Documents/robotics_workspace_new/install/robokpy_interfaces/include/robokpy_interfaces/robokpy_interfaces/srv/reachable.h
[10.825s] -- Up-to-date: /home/meta/Documents/robotics_workspace_new/install/robokpy_interfaces/include/robokpy_interfaces/robokpy_interfaces/srv/chain_fk.h
[10.825s] -- Up-to-date: /home/meta/Documents/robotics_workspace_new/install/robokpy_interfaces/include/robokpy_interfaces/robokpy_interfaces/srv/spawnobject.h
[10.826s] -- Up-to-date: /home/meta/Documents/robotics_workspace_new/install/robokpy_interfaces/include/robokpy_interfaces/robokpy_interfaces/srv/resolve_object_pose.h
[10.826s] -- Up-to-date: /home/meta/Documents/robotics_workspace_new/install/robokpy_interfaces/include/robokpy_interfaces/robokpy_interfaces/srv/jacobian.h
[10.826s] -- Up-to-date: /home/meta/Documents/robotics_workspace_new/install/robokpy_interfaces/include/robokpy_interfaces/robokpy_interfaces/srv/resume_execution.h
[10.826s] -- Up-to-date: /home/meta/Documents/robotics_workspace_new/install/robokpy_interfaces/include/robokpy_interfaces/robokpy_interfaces/srv/spawn_object.h
[10.827s] -- Up-to-date: /home/meta/Documents/robotics_workspace_new/install/robokpy_interfaces/include/robokpy_interfaces/robokpy_interfaces/srv/despawn_object.h
[10.827s] -- Up-to-date: /home/meta/Documents/robotics_workspace_new/install/robokpy_interfaces/include/robokpy_interfaces/robokpy_interfaces/srv/load_recipe.h
[10.827s] -- Up-to-date: /home/meta/Documents/robotics_workspace_new/install/robokpy_interfaces/include/robokpy_interfaces/robokpy_interfaces/srv/despawnobject.h
[10.827s] -- Up-to-date: /home/meta/Documents/robotics_workspace_new/install/robokpy_interfaces/include/robokpy_interfaces/robokpy_interfaces/action
[10.860s] -- Up-to-date: /home/meta/Documents/robotics_workspace_new/install/robokpy_interfaces/include/robokpy_interfaces/robokpy_interfaces/action/robot_trajectory.h
[10.861s] -- Up-to-date: /home/meta/Documents/robotics_workspace_new/install/robokpy_interfaces/include/robokpy_interfaces/robokpy_interfaces/action/detail
[10.916s] -- Up-to-date: /home/meta/Documents/robotics_workspace_new/install/robokpy_interfaces/include/robokpy_interfaces/robokpy_interfaces/action/detail/tool_execution__type_support.h
[10.918s] -- Up-to-date: /home/meta/Documents/robotics_workspace_new/install/robokpy_interfaces/include/robokpy_interfaces/robokpy_interfaces/action/detail/execute_vision_op__type_support.h
[10.918s] -- Up-to-date: /home/meta/Documents/robotics_workspace_new/install/robokpy_interfaces/include/robokpy_interfaces/robokpy_interfaces/action/detail/robot_trajectory__type_support.h
[10.919s] -- Up-to-date: /home/meta/Documents/robotics_workspace_new/install/robokpy_interfaces/include/robokpy_interfaces/robokpy_interfaces/action/detail/tool_execution__description.c
[10.919s] -- Installing: /home/meta/Documents/robotics_workspace_new/install/robokpy_interfaces/include/robokpy_interfaces/robokpy_interfaces/action/detail/set_joint_target__type_support.c
[11.094s] -- Up-to-date: /home/meta/Documents/robotics_workspace_new/install/robokpy_interfaces/include/robokpy_interfaces/robokpy_interfaces/action/detail/robot_trajectory__functions.h
[11.094s] -- Up-to-date: /home/meta/Documents/robotics_workspace_new/install/robokpy_interfaces/include/robokpy_interfaces/robokpy_interfaces/action/detail/execute_vision_op__struct.h
[11.094s] -- Installing: /home/meta/Documents/robotics_workspace_new/install/robokpy_interfaces/include/robokpy_interfaces/robokpy_interfaces/action/detail/execute_vision_op__type_support.c
[11.166s] -- Up-to-date: /home/meta/Documents/robotics_workspace_new/install/robokpy_interfaces/include/robokpy_interfaces/robokpy_interfaces/action/detail/robot_trajectory__functions.c
[11.166s] -- Up-to-date: /home/meta/Documents/robotics_workspace_new/install/robokpy_interfaces/include/robokpy_interfaces/robokpy_interfaces/action/detail/set_joint_target__struct.h
[11.166s] -- Installing: /home/meta/Documents/robotics_workspace_new/install/robokpy_interfaces/include/robokpy_interfaces/robokpy_interfaces/action/detail/execute_tool_op__type_support.c
[11.166s] -- Up-to-date: /home/meta/Documents/robotics_workspace_new/install/robokpy_interfaces/include/robokpy_interfaces/robokpy_interfaces/action/detail/execute_tool_op__struct.h
[11.167s] -- Up-to-date: /home/meta/Documents/robotics_workspace_new/install/robokpy_interfaces/include/robokpy_interfaces/robokpy_interfaces/action/detail/set_joint_target__functions.h
[11.167s] -- Up-to-date: /home/meta/Documents/robotics_workspace_new/install/robokpy_interfaces/include/robokpy_interfaces/robokpy_interfaces/action/detail/execute_tool_op__functions.h
[11.167s] -- Up-to-date: /home/meta/Documents/robotics_workspace_new/install/robokpy_interfaces/include/robokpy_interfaces/robokpy_interfaces/action/detail/execute_motion__type_support.h
[11.167s] -- Up-to-date: /home/meta/Documents/robotics_workspace_new/install/robokpy_interfaces/include/robokpy_interfaces/robokpy_interfaces/action/detail/set_joint_target__functions.c
[11.167s] -- Installing: /home/meta/Documents/robotics_workspace_new/install/robokpy_interfaces/include/robokpy_interfaces/robokpy_interfaces/action/detail/robot_trajectory__type_support.c
[11.225s] -- Up-to-date: /home/meta/Documents/robotics_workspace_new/install/robokpy_interfaces/include/robokpy_interfaces/robokpy_interfaces/action/detail/robot_trajectory__struct.h
[11.225s] -- Up-to-date: /home/meta/Documents/robotics_workspace_new/install/robokpy_interfaces/include/robokpy_interfaces/robokpy_interfaces/action/detail/set_joint_target__description.c
[11.226s] -- Up-to-date: /home/meta/Documents/robotics_workspace_new/install/robokpy_interfaces/include/robokpy_interfaces/robokpy_interfaces/action/detail/execute_tool_op__type_support.h
[11.226s] -- Up-to-date: /home/meta/Documents/robotics_workspace_new/install/robokpy_interfaces/include/robokpy_interfaces/robokpy_interfaces/action/detail/execute_vision_op__functions.c
[11.226s] -- Up-to-date: /home/meta/Documents/robotics_workspace_new/install/robokpy_interfaces/include/robokpy_interfaces/robokpy_interfaces/action/detail/execute_vision_op__functions.h
[11.226s] -- Up-to-date: /home/meta/Documents/robotics_workspace_new/install/robokpy_interfaces/include/robokpy_interfaces/robokpy_interfaces/action/detail/execute_vision_op__description.c
[11.227s] -- Up-to-date: /home/meta/Documents/robotics_workspace_new/install/robokpy_interfaces/include/robokpy_interfaces/robokpy_interfaces/action/detail/tool_execution__functions.h
[11.227s] -- Up-to-date: /home/meta/Documents/robotics_workspace_new/install/robokpy_interfaces/include/robokpy_interfaces/robokpy_interfaces/action/detail/robot_trajectory__description.c
[11.227s] -- Installing: /home/meta/Documents/robotics_workspace_new/install/robokpy_interfaces/include/robokpy_interfaces/robokpy_interfaces/action/detail/tool_execution__type_support.c
[11.259s] -- Up-to-date: /home/meta/Documents/robotics_workspace_new/install/robokpy_interfaces/include/robokpy_interfaces/robokpy_interfaces/action/detail/execute_motion__functions.h
[11.259s] -- Installing: /home/meta/Documents/robotics_workspace_new/install/robokpy_interfaces/include/robokpy_interfaces/robokpy_interfaces/action/detail/execute_motion__type_support.c
[11.297s] -- Up-to-date: /home/meta/Documents/robotics_workspace_new/install/robokpy_interfaces/include/robokpy_interfaces/robokpy_interfaces/action/detail/execute_motion__struct.h
[11.297s] -- Up-to-date: /home/meta/Documents/robotics_workspace_new/install/robokpy_interfaces/include/robokpy_interfaces/robokpy_interfaces/action/detail/set_joint_target__type_support.h
[11.297s] -- Up-to-date: /home/meta/Documents/robotics_workspace_new/install/robokpy_interfaces/include/robokpy_interfaces/robokpy_interfaces/action/detail/tool_execution__functions.c
[11.297s] -- Up-to-date: /home/meta/Documents/robotics_workspace_new/install/robokpy_interfaces/include/robokpy_interfaces/robokpy_interfaces/action/detail/tool_execution__struct.h
[11.297s] -- Up-to-date: /home/meta/Documents/robotics_workspace_new/install/robokpy_interfaces/include/robokpy_interfaces/robokpy_interfaces/action/detail/execute_tool_op__functions.c
[11.298s] -- Up-to-date: /home/meta/Documents/robotics_workspace_new/install/robokpy_interfaces/include/robokpy_interfaces/robokpy_interfaces/action/detail/execute_motion__functions.c
[11.298s] -- Up-to-date: /home/meta/Documents/robotics_workspace_new/install/robokpy_interfaces/include/robokpy_interfaces/robokpy_interfaces/action/detail/execute_tool_op__description.c
[11.298s] -- Up-to-date: /home/meta/Documents/robotics_workspace_new/install/robokpy_interfaces/include/robokpy_interfaces/robokpy_interfaces/action/detail/execute_motion__description.c
[11.298s] -- Up-to-date: /home/meta/Documents/robotics_workspace_new/install/robokpy_interfaces/include/robokpy_interfaces/robokpy_interfaces/action/tool_execution.h
[11.298s] -- Up-to-date: /home/meta/Documents/robotics_workspace_new/install/robokpy_interfaces/include/robokpy_interfaces/robokpy_interfaces/action/set_joint_target.h
[11.298s] -- Up-to-date: /home/meta/Documents/robotics_workspace_new/install/robokpy_interfaces/include/robokpy_interfaces/robokpy_interfaces/action/execute_motion.h
[11.298s] -- Up-to-date: /home/meta/Documents/robotics_workspace_new/install/robokpy_interfaces/include/robokpy_interfaces/robokpy_interfaces/action/execute_vision_op.h
[11.299s] -- Up-to-date: /home/meta/Documents/robotics_workspace_new/install/robokpy_interfaces/include/robokpy_interfaces/robokpy_interfaces/action/execute_tool_op.h
[11.299s] -- Up-to-date: /home/meta/Documents/robotics_workspace_new/install/robokpy_interfaces/include/robokpy_interfaces/robokpy_interfaces/msg
[11.342s] -- Up-to-date: /home/meta/Documents/robotics_workspace_new/install/robokpy_interfaces/include/robokpy_interfaces/robokpy_interfaces/msg/cell_state.h
[11.342s] -- Up-to-date: /home/meta/Documents/robotics_workspace_new/install/robokpy_interfaces/include/robokpy_interfaces/robokpy_interfaces/msg/detail
[11.363s] -- Up-to-date: /home/meta/Documents/robotics_workspace_new/install/robokpy_interfaces/include/robokpy_interfaces/robokpy_interfaces/msg/detail/cell_state__functions.h
[11.363s] -- Up-to-date: /home/meta/Documents/robotics_workspace_new/install/robokpy_interfaces/include/robokpy_interfaces/robokpy_interfaces/msg/detail/cell_state__functions.c
[11.363s] -- Up-to-date: /home/meta/Documents/robotics_workspace_new/install/robokpy_interfaces/include/robokpy_interfaces/robokpy_interfaces/msg/detail/cell_state__type_support.h
[11.363s] -- Up-to-date: /home/meta/Documents/robotics_workspace_new/install/robokpy_interfaces/include/robokpy_interfaces/robokpy_interfaces/msg/detail/cell_state__struct.h
[11.364s] -- Installing: /home/meta/Documents/robotics_workspace_new/install/robokpy_interfaces/include/robokpy_interfaces/robokpy_interfaces/msg/detail/cell_state__type_support.c
[11.440s] -- Up-to-date: /home/meta/Documents/robotics_workspace_new/install/robokpy_interfaces/include/robokpy_interfaces/robokpy_interfaces/msg/detail/cell_state__description.c
[11.441s] -- Up-to-date: /home/meta/Documents/robotics_workspace_new/install/robokpy_interfaces/include/robokpy_interfaces/robokpy_interfaces/msg/rosidl_generator_c__visibility_control.h
[11.441s] -- Up-to-date: /home/meta/Documents/robotics_workspace_new/install/robokpy_interfaces/share/robokpy_interfaces/environment/library_path.sh
[11.441s] -- Up-to-date: /home/meta/Documents/robotics_workspace_new/install/robokpy_interfaces/share/robokpy_interfaces/environment/library_path.dsv
[11.472s] -- Up-to-date: /home/meta/Documents/robotics_workspace_new/install/robokpy_interfaces/lib/librobokpy_interfaces__rosidl_generator_c.so
[11.473s] -- Up-to-date: /home/meta/Documents/robotics_workspace_new/install/robokpy_interfaces/include/robokpy_interfaces/robokpy_interfaces
[11.490s] -- Up-to-date: /home/meta/Documents/robotics_workspace_new/install/robokpy_interfaces/include/robokpy_interfaces/robokpy_interfaces/srv
[11.511s] -- Up-to-date: /home/meta/Documents/robotics_workspace_new/install/robokpy_interfaces/include/robokpy_interfaces/robokpy_interfaces/srv/detail
[11.556s] -- Up-to-date: /home/meta/Documents/robotics_workspace_new/install/robokpy_interfaces/include/robokpy_interfaces/robokpy_interfaces/srv/detail/despawn_object__rosidl_typesupport_fastrtps_c.h
[11.557s] -- Up-to-date: /home/meta/Documents/robotics_workspace_new/install/robokpy_interfaces/include/robokpy_interfaces/robokpy_interfaces/srv/detail/grasp_attach__rosidl_typesupport_fastrtps_c.h
[11.557s] -- Up-to-date: /home/meta/Documents/robotics_workspace_new/install/robokpy_interfaces/include/robokpy_interfaces/robokpy_interfaces/srv/detail/spawn_object__rosidl_typesupport_fastrtps_c.h
[11.557s] -- Up-to-date: /home/meta/Documents/robotics_workspace_new/install/robokpy_interfaces/include/robokpy_interfaces/robokpy_interfaces/srv/detail/system_mode__rosidl_typesupport_fastrtps_c.h
[11.557s] -- Up-to-date: /home/meta/Documents/robotics_workspace_new/install/robokpy_interfaces/include/robokpy_interfaces/robokpy_interfaces/srv/detail/jacobian__rosidl_typesupport_fastrtps_c.h
[11.557s] -- Up-to-date: /home/meta/Documents/robotics_workspace_new/install/robokpy_interfaces/include/robokpy_interfaces/robokpy_interfaces/srv/detail/fk__rosidl_typesupport_fastrtps_c.h
[11.557s] -- Up-to-date: /home/meta/Documents/robotics_workspace_new/install/robokpy_interfaces/include/robokpy_interfaces/robokpy_interfaces/srv/detail/ik__rosidl_typesupport_fastrtps_c.h
[11.558s] -- Up-to-date: /home/meta/Documents/robotics_workspace_new/install/robokpy_interfaces/include/robokpy_interfaces/robokpy_interfaces/srv/detail/resolve_object_pose__rosidl_typesupport_fastrtps_c.h
[11.558s] -- Up-to-date: /home/meta/Documents/robotics_workspace_new/install/robokpy_interfaces/include/robokpy_interfaces/robokpy_interfaces/srv/detail/despawnobject__rosidl_typesupport_fastrtps_c.h
[11.558s] -- Up-to-date: /home/meta/Documents/robotics_workspace_new/install/robokpy_interfaces/include/robokpy_interfaces/robokpy_interfaces/srv/detail/execution_state__rosidl_typesupport_fastrtps_c.h
[11.558s] -- Up-to-date: /home/meta/Documents/robotics_workspace_new/install/robokpy_interfaces/include/robokpy_interfaces/robokpy_interfaces/srv/detail/reachable__rosidl_typesupport_fastrtps_c.h
[11.558s] -- Up-to-date: /home/meta/Documents/robotics_workspace_new/install/robokpy_interfaces/include/robokpy_interfaces/robokpy_interfaces/srv/detail/chain_fk__rosidl_typesupport_fastrtps_c.h
[11.558s] -- Up-to-date: /home/meta/Documents/robotics_workspace_new/install/robokpy_interfaces/include/robokpy_interfaces/robokpy_interfaces/srv/detail/set_planning_tip_link__rosidl_typesupport_fastrtps_c.h
[11.558s] -- Up-to-date: /home/meta/Documents/robotics_workspace_new/install/robokpy_interfaces/include/robokpy_interfaces/robokpy_interfaces/srv/detail/load_recipe__rosidl_typesupport_fastrtps_c.h
[11.559s] -- Up-to-date: /home/meta/Documents/robotics_workspace_new/install/robokpy_interfaces/include/robokpy_interfaces/robokpy_interfaces/srv/detail/spawnobject__rosidl_typesupport_fastrtps_c.h
[11.559s] -- Up-to-date: /home/meta/Documents/robotics_workspace_new/install/robokpy_interfaces/include/robokpy_interfaces/robokpy_interfaces/srv/detail/resume_execution__rosidl_typesupport_fastrtps_c.h
[11.559s] -- Up-to-date: /home/meta/Documents/robotics_workspace_new/install/robokpy_interfaces/include/robokpy_interfaces/robokpy_interfaces/action
[11.609s] -- Up-to-date: /home/meta/Documents/robotics_workspace_new/install/robokpy_interfaces/include/robokpy_interfaces/robokpy_interfaces/action/detail
[11.665s] -- Up-to-date: /home/meta/Documents/robotics_workspace_new/install/robokpy_interfaces/include/robokpy_interfaces/robokpy_interfaces/action/detail/execute_tool_op__rosidl_typesupport_fastrtps_c.h
[11.665s] -- Up-to-date: /home/meta/Documents/robotics_workspace_new/install/robokpy_interfaces/include/robokpy_interfaces/robokpy_interfaces/action/detail/tool_execution__rosidl_typesupport_fastrtps_c.h
[11.666s] -- Up-to-date: /home/meta/Documents/robotics_workspace_new/install/robokpy_interfaces/include/robokpy_interfaces/robokpy_interfaces/action/detail/set_joint_target__rosidl_typesupport_fastrtps_c.h
[11.666s] -- Up-to-date: /home/meta/Documents/robotics_workspace_new/install/robokpy_interfaces/include/robokpy_interfaces/robokpy_interfaces/action/detail/execute_vision_op__rosidl_typesupport_fastrtps_c.h
[11.666s] -- Up-to-date: /home/meta/Documents/robotics_workspace_new/install/robokpy_interfaces/include/robokpy_interfaces/robokpy_interfaces/action/detail/execute_motion__rosidl_typesupport_fastrtps_c.h
[11.666s] -- Up-to-date: /home/meta/Documents/robotics_workspace_new/install/robokpy_interfaces/include/robokpy_interfaces/robokpy_interfaces/action/detail/robot_trajectory__rosidl_typesupport_fastrtps_c.h
[11.667s] -- Up-to-date: /home/meta/Documents/robotics_workspace_new/install/robokpy_interfaces/include/robokpy_interfaces/robokpy_interfaces/msg
[11.696s] -- Up-to-date: /home/meta/Documents/robotics_workspace_new/install/robokpy_interfaces/include/robokpy_interfaces/robokpy_interfaces/msg/detail
[11.697s] -- Up-to-date: /home/meta/Documents/robotics_workspace_new/install/robokpy_interfaces/include/robokpy_interfaces/robokpy_interfaces/msg/detail/cell_state__rosidl_typesupport_fastrtps_c.h
[11.697s] -- Up-to-date: /home/meta/Documents/robotics_workspace_new/install/robokpy_interfaces/include/robokpy_interfaces/robokpy_interfaces/msg/rosidl_typesupport_fastrtps_c__visibility_control.h
[11.809s] -- Up-to-date: /home/meta/Documents/robotics_workspace_new/install/robokpy_interfaces/lib/librobokpy_interfaces__rosidl_typesupport_fastrtps_c.so
[11.809s] -- Up-to-date: /home/meta/Documents/robotics_workspace_new/install/robokpy_interfaces/include/robokpy_interfaces/robokpy_interfaces
[11.854s] -- Up-to-date: /home/meta/Documents/robotics_workspace_new/install/robokpy_interfaces/include/robokpy_interfaces/robokpy_interfaces/srv
[11.897s] -- Up-to-date: /home/meta/Documents/robotics_workspace_new/install/robokpy_interfaces/include/robokpy_interfaces/robokpy_interfaces/srv/detail
[11.903s] -- Installing: /home/meta/Documents/robotics_workspace_new/install/robokpy_interfaces/include/robokpy_interfaces/robokpy_interfaces/srv/detail/spawn_object__type_support.c
[11.967s] -- Installing: /home/meta/Documents/robotics_workspace_new/install/robokpy_interfaces/include/robokpy_interfaces/robokpy_interfaces/srv/detail/system_mode__type_support.c
[12.060s] -- Installing: /home/meta/Documents/robotics_workspace_new/install/robokpy_interfaces/include/robokpy_interfaces/robokpy_interfaces/srv/detail/despawn_object__type_support.c
[12.145s] -- Up-to-date: /home/meta/Documents/robotics_workspace_new/install/robokpy_interfaces/include/robokpy_interfaces/robokpy_interfaces/srv/detail/fk__rosidl_typesupport_introspection_c.h
[12.145s] -- Installing: /home/meta/Documents/robotics_workspace_new/install/robokpy_interfaces/include/robokpy_interfaces/robokpy_interfaces/srv/detail/chain_fk__type_support.c
[12.224s] -- Up-to-date: /home/meta/Documents/robotics_workspace_new/install/robokpy_interfaces/include/robokpy_interfaces/robokpy_interfaces/srv/detail/spawnobject__rosidl_typesupport_introspection_c.h
[12.224s] -- Installing: /home/meta/Documents/robotics_workspace_new/install/robokpy_interfaces/include/robokpy_interfaces/robokpy_interfaces/srv/detail/despawnobject__type_support.c
[12.265s] -- Up-to-date: /home/meta/Documents/robotics_workspace_new/install/robokpy_interfaces/include/robokpy_interfaces/robokpy_interfaces/srv/detail/grasp_attach__rosidl_typesupport_introspection_c.h
[12.265s] -- Installing: /home/meta/Documents/robotics_workspace_new/install/robokpy_interfaces/include/robokpy_interfaces/robokpy_interfaces/srv/detail/reachable__type_support.c
[12.305s] -- Installing: /home/meta/Documents/robotics_workspace_new/install/robokpy_interfaces/include/robokpy_interfaces/robokpy_interfaces/srv/detail/resolve_object_pose__type_support.c
[12.382s] -- Installing: /home/meta/Documents/robotics_workspace_new/install/robokpy_interfaces/include/robokpy_interfaces/robokpy_interfaces/srv/detail/spawnobject__type_support.c
[12.453s] -- Up-to-date: /home/meta/Documents/robotics_workspace_new/install/robokpy_interfaces/include/robokpy_interfaces/robokpy_interfaces/srv/detail/ik__rosidl_typesupport_introspection_c.h
[12.453s] -- Up-to-date: /home/meta/Documents/robotics_workspace_new/install/robokpy_interfaces/include/robokpy_interfaces/robokpy_interfaces/srv/detail/set_planning_tip_link__rosidl_typesupport_introspection_c.h
[12.454s] -- Installing: /home/meta/Documents/robotics_workspace_new/install/robokpy_interfaces/include/robokpy_interfaces/robokpy_interfaces/srv/detail/ik__type_support.c
[12.481s] -- Installing: /home/meta/Documents/robotics_workspace_new/install/robokpy_interfaces/include/robokpy_interfaces/robokpy_interfaces/srv/detail/fk__type_support.c
[12.560s] -- Installing: /home/meta/Documents/robotics_workspace_new/install/robokpy_interfaces/include/robokpy_interfaces/robokpy_interfaces/srv/detail/resume_execution__type_support.c
[12.574s] -- Installing: /home/meta/Documents/robotics_workspace_new/install/robokpy_interfaces/include/robokpy_interfaces/robokpy_interfaces/srv/detail/set_planning_tip_link__type_support.c
[12.608s] -- Up-to-date: /home/meta/Documents/robotics_workspace_new/install/robokpy_interfaces/include/robokpy_interfaces/robokpy_interfaces/srv/detail/despawn_object__rosidl_typesupport_introspection_c.h
[12.609s] -- Up-to-date: /home/meta/Documents/robotics_workspace_new/install/robokpy_interfaces/include/robokpy_interfaces/robokpy_interfaces/srv/detail/jacobian__rosidl_typesupport_introspection_c.h
[12.609s] -- Installing: /home/meta/Documents/robotics_workspace_new/install/robokpy_interfaces/include/robokpy_interfaces/robokpy_interfaces/srv/detail/load_recipe__type_support.c
[12.636s] -- Installing: /home/meta/Documents/robotics_workspace_new/install/robokpy_interfaces/include/robokpy_interfaces/robokpy_interfaces/srv/detail/jacobian__type_support.c
[12.715s] -- Up-to-date: /home/meta/Documents/robotics_workspace_new/install/robokpy_interfaces/include/robokpy_interfaces/robokpy_interfaces/srv/detail/resolve_object_pose__rosidl_typesupport_introspection_c.h
[12.716s] -- Up-to-date: /home/meta/Documents/robotics_workspace_new/install/robokpy_interfaces/include/robokpy_interfaces/robokpy_interfaces/srv/detail/reachable__rosidl_typesupport_introspection_c.h
[12.716s] -- Up-to-date: /home/meta/Documents/robotics_workspace_new/install/robokpy_interfaces/include/robokpy_interfaces/robokpy_interfaces/srv/detail/load_recipe__rosidl_typesupport_introspection_c.h
[12.716s] -- Installing: /home/meta/Documents/robotics_workspace_new/install/robokpy_interfaces/include/robokpy_interfaces/robokpy_interfaces/srv/detail/grasp_attach__type_support.c
[12.734s] -- Up-to-date: /home/meta/Documents/robotics_workspace_new/install/robokpy_interfaces/include/robokpy_interfaces/robokpy_interfaces/srv/detail/despawnobject__rosidl_typesupport_introspection_c.h
[12.734s] -- Installing: /home/meta/Documents/robotics_workspace_new/install/robokpy_interfaces/include/robokpy_interfaces/robokpy_interfaces/srv/detail/execution_state__type_support.c
[12.742s] -- Up-to-date: /home/meta/Documents/robotics_workspace_new/install/robokpy_interfaces/include/robokpy_interfaces/robokpy_interfaces/srv/detail/chain_fk__rosidl_typesupport_introspection_c.h
[12.742s] -- Up-to-date: /home/meta/Documents/robotics_workspace_new/install/robokpy_interfaces/include/robokpy_interfaces/robokpy_interfaces/srv/detail/resume_execution__rosidl_typesupport_introspection_c.h
[12.743s] -- Up-to-date: /home/meta/Documents/robotics_workspace_new/install/robokpy_interfaces/include/robokpy_interfaces/robokpy_interfaces/srv/detail/execution_state__rosidl_typesupport_introspection_c.h
[12.743s] -- Up-to-date: /home/meta/Documents/robotics_workspace_new/install/robokpy_interfaces/include/robokpy_interfaces/robokpy_interfaces/srv/detail/system_mode__rosidl_typesupport_introspection_c.h
[12.743s] -- Up-to-date: /home/meta/Documents/robotics_workspace_new/install/robokpy_interfaces/include/robokpy_interfaces/robokpy_interfaces/srv/detail/spawn_object__rosidl_typesupport_introspection_c.h
[12.743s] -- Up-to-date: /home/meta/Documents/robotics_workspace_new/install/robokpy_interfaces/include/robokpy_interfaces/robokpy_interfaces/action
[12.769s] -- Up-to-date: /home/meta/Documents/robotics_workspace_new/install/robokpy_interfaces/include/robokpy_interfaces/robokpy_interfaces/action/detail
[12.814s] -- Up-to-date: /home/meta/Documents/robotics_workspace_new/install/robokpy_interfaces/include/robokpy_interfaces/robokpy_interfaces/action/detail/robot_trajectory__rosidl_typesupport_introspection_c.h
[12.814s] -- Up-to-date: /home/meta/Documents/robotics_workspace_new/install/robokpy_interfaces/include/robokpy_interfaces/robokpy_interfaces/action/detail/execute_tool_op__rosidl_typesupport_introspection_c.h
[12.815s] -- Installing: /home/meta/Documents/robotics_workspace_new/install/robokpy_interfaces/include/robokpy_interfaces/robokpy_interfaces/action/detail/set_joint_target__type_support.c
[12.834s] -- Installing: /home/meta/Documents/robotics_workspace_new/install/robokpy_interfaces/include/robokpy_interfaces/robokpy_interfaces/action/detail/execute_vision_op__type_support.c
[12.835s] -- Installing: /home/meta/Documents/robotics_workspace_new/install/robokpy_interfaces/include/robokpy_interfaces/robokpy_interfaces/action/detail/execute_tool_op__type_support.c
[12.842s] -- Up-to-date: /home/meta/Documents/robotics_workspace_new/install/robokpy_interfaces/include/robokpy_interfaces/robokpy_interfaces/action/detail/tool_execution__rosidl_typesupport_introspection_c.h
[12.843s] -- Installing: /home/meta/Documents/robotics_workspace_new/install/robokpy_interfaces/include/robokpy_interfaces/robokpy_interfaces/action/detail/robot_trajectory__type_support.c
[12.860s] -- Installing: /home/meta/Documents/robotics_workspace_new/install/robokpy_interfaces/include/robokpy_interfaces/robokpy_interfaces/action/detail/tool_execution__type_support.c
[12.873s] -- Up-to-date: /home/meta/Documents/robotics_workspace_new/install/robokpy_interfaces/include/robokpy_interfaces/robokpy_interfaces/action/detail/execute_vision_op__rosidl_typesupport_introspection_c.h
[12.873s] -- Installing: /home/meta/Documents/robotics_workspace_new/install/robokpy_interfaces/include/robokpy_interfaces/robokpy_interfaces/action/detail/execute_motion__type_support.c
[12.892s] -- Up-to-date: /home/meta/Documents/robotics_workspace_new/install/robokpy_interfaces/include/robokpy_interfaces/robokpy_interfaces/action/detail/set_joint_target__rosidl_typesupport_introspection_c.h
[12.893s] -- Up-to-date: /home/meta/Documents/robotics_workspace_new/install/robokpy_interfaces/include/robokpy_interfaces/robokpy_interfaces/action/detail/execute_motion__rosidl_typesupport_introspection_c.h
[12.893s] -- Up-to-date: /home/meta/Documents/robotics_workspace_new/install/robokpy_interfaces/include/robokpy_interfaces/robokpy_interfaces/msg
[12.908s] -- Up-to-date: /home/meta/Documents/robotics_workspace_new/install/robokpy_interfaces/include/robokpy_interfaces/robokpy_interfaces/msg/detail
[12.908s] -- Installing: /home/meta/Documents/robotics_workspace_new/install/robokpy_interfaces/include/robokpy_interfaces/robokpy_interfaces/msg/detail/cell_state__type_support.c
[12.926s] -- Up-to-date: /home/meta/Documents/robotics_workspace_new/install/robokpy_interfaces/include/robokpy_interfaces/robokpy_interfaces/msg/detail/cell_state__rosidl_typesupport_introspection_c.h
[12.926s] -- Up-to-date: /home/meta/Documents/robotics_workspace_new/install/robokpy_interfaces/include/robokpy_interfaces/robokpy_interfaces/msg/rosidl_typesupport_introspection_c__visibility_control.h
[12.972s] -- Up-to-date: /home/meta/Documents/robotics_workspace_new/install/robokpy_interfaces/lib/librobokpy_interfaces__rosidl_typesupport_introspection_c.so
[13.031s] -- Up-to-date: /home/meta/Documents/robotics_workspace_new/install/robokpy_interfaces/lib/librobokpy_interfaces__rosidl_typesupport_c.so
[13.031s] -- Up-to-date: /home/meta/Documents/robotics_workspace_new/install/robokpy_interfaces/include/robokpy_interfaces/robokpy_interfaces
[13.085s] -- Up-to-date: /home/meta/Documents/robotics_workspace_new/install/robokpy_interfaces/include/robokpy_interfaces/robokpy_interfaces/srv
[13.102s] -- Up-to-date: /home/meta/Documents/robotics_workspace_new/install/robokpy_interfaces/include/robokpy_interfaces/robokpy_interfaces/srv/spawn_object.hpp
[13.103s] -- Up-to-date: /home/meta/Documents/robotics_workspace_new/install/robokpy_interfaces/include/robokpy_interfaces/robokpy_interfaces/srv/system_mode.hpp
[13.103s] -- Up-to-date: /home/meta/Documents/robotics_workspace_new/install/robokpy_interfaces/include/robokpy_interfaces/robokpy_interfaces/srv/set_planning_tip_link.hpp
[13.103s] -- Up-to-date: /home/meta/Documents/robotics_workspace_new/install/robokpy_interfaces/include/robokpy_interfaces/robokpy_interfaces/srv/execution_state.hpp
[13.103s] -- Up-to-date: /home/meta/Documents/robotics_workspace_new/install/robokpy_interfaces/include/robokpy_interfaces/robokpy_interfaces/srv/jacobian.hpp
[13.103s] -- Up-to-date: /home/meta/Documents/robotics_workspace_new/install/robokpy_interfaces/include/robokpy_interfaces/robokpy_interfaces/srv/grasp_attach.hpp
[13.103s] -- Up-to-date: /home/meta/Documents/robotics_workspace_new/install/robokpy_interfaces/include/robokpy_interfaces/robokpy_interfaces/srv/load_recipe.hpp
[13.104s] -- Up-to-date: /home/meta/Documents/robotics_workspace_new/install/robokpy_interfaces/include/robokpy_interfaces/robokpy_interfaces/srv/detail
[13.145s] -- Up-to-date: /home/meta/Documents/robotics_workspace_new/install/robokpy_interfaces/include/robokpy_interfaces/robokpy_interfaces/srv/detail/grasp_attach__struct.hpp
[13.146s] -- Up-to-date: /home/meta/Documents/robotics_workspace_new/install/robokpy_interfaces/include/robokpy_interfaces/robokpy_interfaces/srv/detail/resume_execution__type_support.hpp
[13.146s] -- Up-to-date: /home/meta/Documents/robotics_workspace_new/install/robokpy_interfaces/include/robokpy_interfaces/robokpy_interfaces/srv/detail/ik__struct.hpp
[13.146s] -- Up-to-date: /home/meta/Documents/robotics_workspace_new/install/robokpy_interfaces/include/robokpy_interfaces/robokpy_interfaces/srv/detail/reachable__type_support.hpp
[13.147s] -- Up-to-date: /home/meta/Documents/robotics_workspace_new/install/robokpy_interfaces/include/robokpy_interfaces/robokpy_interfaces/srv/detail/system_mode__type_support.hpp
[13.147s] -- Up-to-date: /home/meta/Documents/robotics_workspace_new/install/robokpy_interfaces/include/robokpy_interfaces/robokpy_interfaces/srv/detail/despawnobject__builder.hpp
[13.147s] -- Up-to-date: /home/meta/Documents/robotics_workspace_new/install/robokpy_interfaces/include/robokpy_interfaces/robokpy_interfaces/srv/detail/despawnobject__type_support.hpp
[13.147s] -- Up-to-date: /home/meta/Documents/robotics_workspace_new/install/robokpy_interfaces/include/robokpy_interfaces/robokpy_interfaces/srv/detail/execution_state__type_support.hpp
[13.148s] -- Up-to-date: /home/meta/Documents/robotics_workspace_new/install/robokpy_interfaces/include/robokpy_interfaces/robokpy_interfaces/srv/detail/fk__type_support.hpp
[13.148s] -- Up-to-date: /home/meta/Documents/robotics_workspace_new/install/robokpy_interfaces/include/robokpy_interfaces/robokpy_interfaces/srv/detail/jacobian__struct.hpp
[13.148s] -- Up-to-date: /home/meta/Documents/robotics_workspace_new/install/robokpy_interfaces/include/robokpy_interfaces/robokpy_interfaces/srv/detail/ik__traits.hpp
[13.149s] -- Up-to-date: /home/meta/Documents/robotics_workspace_new/install/robokpy_interfaces/include/robokpy_interfaces/robokpy_interfaces/srv/detail/fk__struct.hpp
[13.149s] -- Up-to-date: /home/meta/Documents/robotics_workspace_new/install/robokpy_interfaces/include/robokpy_interfaces/robokpy_interfaces/srv/detail/grasp_attach__type_support.hpp
[13.149s] -- Up-to-date: /home/meta/Documents/robotics_workspace_new/install/robokpy_interfaces/include/robokpy_interfaces/robokpy_interfaces/srv/detail/execution_state__struct.hpp
[13.149s] -- Up-to-date: /home/meta/Documents/robotics_workspace_new/install/robokpy_interfaces/include/robokpy_interfaces/robokpy_interfaces/srv/detail/resume_execution__builder.hpp
[13.150s] -- Up-to-date: /home/meta/Documents/robotics_workspace_new/install/robokpy_interfaces/include/robokpy_interfaces/robokpy_interfaces/srv/detail/despawnobject__traits.hpp
[13.150s] -- Up-to-date: /home/meta/Documents/robotics_workspace_new/install/robokpy_interfaces/include/robokpy_interfaces/robokpy_interfaces/srv/detail/execution_state__traits.hpp
[13.150s] -- Up-to-date: /home/meta/Documents/robotics_workspace_new/install/robokpy_interfaces/include/robokpy_interfaces/robokpy_interfaces/srv/detail/chain_fk__type_support.hpp
[13.150s] -- Up-to-date: /home/meta/Documents/robotics_workspace_new/install/robokpy_interfaces/include/robokpy_interfaces/robokpy_interfaces/srv/detail/resolve_object_pose__builder.hpp
[13.151s] -- Up-to-date: /home/meta/Documents/robotics_workspace_new/install/robokpy_interfaces/include/robokpy_interfaces/robokpy_interfaces/srv/detail/resolve_object_pose__type_support.hpp
[13.151s] -- Up-to-date: /home/meta/Documents/robotics_workspace_new/install/robokpy_interfaces/include/robokpy_interfaces/robokpy_interfaces/srv/detail/fk__traits.hpp
[13.152s] -- Up-to-date: /home/meta/Documents/robotics_workspace_new/install/robokpy_interfaces/include/robokpy_interfaces/robokpy_interfaces/srv/detail/jacobian__type_support.hpp
[13.152s] -- Up-to-date: /home/meta/Documents/robotics_workspace_new/install/robokpy_interfaces/include/robokpy_interfaces/robokpy_interfaces/srv/detail/resolve_object_pose__struct.hpp
[13.152s] -- Up-to-date: /home/meta/Documents/robotics_workspace_new/install/robokpy_interfaces/include/robokpy_interfaces/robokpy_interfaces/srv/detail/despawn_object__traits.hpp
[13.152s] -- Up-to-date: /home/meta/Documents/robotics_workspace_new/install/robokpy_interfaces/include/robokpy_interfaces/robokpy_interfaces/srv/detail/load_recipe__type_support.hpp
[13.153s] -- Up-to-date: /home/meta/Documents/robotics_workspace_new/install/robokpy_interfaces/include/robokpy_interfaces/robokpy_interfaces/srv/detail/reachable__traits.hpp
[13.153s] -- Up-to-date: /home/meta/Documents/robotics_workspace_new/install/robokpy_interfaces/include/robokpy_interfaces/robokpy_interfaces/srv/detail/spawnobject__struct.hpp
[13.153s] -- Up-to-date: /home/meta/Documents/robotics_workspace_new/install/robokpy_interfaces/include/robokpy_interfaces/robokpy_interfaces/srv/detail/system_mode__builder.hpp
[13.153s] -- Up-to-date: /home/meta/Documents/robotics_workspace_new/install/robokpy_interfaces/include/robokpy_interfaces/robokpy_interfaces/srv/detail/set_planning_tip_link__builder.hpp
[13.154s] -- Up-to-date: /home/meta/Documents/robotics_workspace_new/install/robokpy_interfaces/include/robokpy_interfaces/robokpy_interfaces/srv/detail/resolve_object_pose__traits.hpp
[13.154s] -- Up-to-date: /home/meta/Documents/robotics_workspace_new/install/robokpy_interfaces/include/robokpy_interfaces/robokpy_interfaces/srv/detail/set_planning_tip_link__type_support.hpp
[13.154s] -- Up-to-date: /home/meta/Documents/robotics_workspace_new/install/robokpy_interfaces/include/robokpy_interfaces/robokpy_interfaces/srv/detail/reachable__struct.hpp
[13.154s] -- Up-to-date: /home/meta/Documents/robotics_workspace_new/install/robokpy_interfaces/include/robokpy_interfaces/robokpy_interfaces/srv/detail/resume_execution__struct.hpp
[13.154s] -- Up-to-date: /home/meta/Documents/robotics_workspace_new/install/robokpy_interfaces/include/robokpy_interfaces/robokpy_interfaces/srv/detail/spawn_object__type_support.hpp
[13.155s] -- Up-to-date: /home/meta/Documents/robotics_workspace_new/install/robokpy_interfaces/include/robokpy_interfaces/robokpy_interfaces/srv/detail/spawnobject__builder.hpp
[13.665s] -- Up-to-date: /home/meta/Documents/robotics_workspace_new/install/robokpy_interfaces/include/robokpy_interfaces/robokpy_interfaces/srv/detail/despawn_object__type_support.hpp
[13.665s] -- Up-to-date: /home/meta/Documents/robotics_workspace_new/install/robokpy_interfaces/include/robokpy_interfaces/robokpy_interfaces/srv/detail/system_mode__traits.hpp
[13.665s] -- Up-to-date: /home/meta/Documents/robotics_workspace_new/install/robokpy_interfaces/include/robokpy_interfaces/robokpy_interfaces/srv/detail/spawnobject__type_support.hpp
[13.700s] -- Up-to-date: /home/meta/Documents/robotics_workspace_new/install/robokpy_interfaces/include/robokpy_interfaces/robokpy_interfaces/srv/detail/spawn_object__struct.hpp
[13.700s] -- Up-to-date: /home/meta/Documents/robotics_workspace_new/install/robokpy_interfaces/include/robokpy_interfaces/robokpy_interfaces/srv/detail/ik__builder.hpp
[13.700s] -- Up-to-date: /home/meta/Documents/robotics_workspace_new/install/robokpy_interfaces/include/robokpy_interfaces/robokpy_interfaces/srv/detail/chain_fk__traits.hpp
[13.700s] -- Up-to-date: /home/meta/Documents/robotics_workspace_new/install/robokpy_interfaces/include/robokpy_interfaces/robokpy_interfaces/srv/detail/ik__type_support.hpp
[13.701s] -- Up-to-date: /home/meta/Documents/robotics_workspace_new/install/robokpy_interfaces/include/robokpy_interfaces/robokpy_interfaces/srv/detail/load_recipe__traits.hpp
[13.701s] -- Up-to-date: /home/meta/Documents/robotics_workspace_new/install/robokpy_interfaces/include/robokpy_interfaces/robokpy_interfaces/srv/detail/jacobian__traits.hpp
[13.702s] -- Up-to-date: /home/meta/Documents/robotics_workspace_new/install/robokpy_interfaces/include/robokpy_interfaces/robokpy_interfaces/srv/detail/despawnobject__struct.hpp
[13.702s] -- Up-to-date: /home/meta/Documents/robotics_workspace_new/install/robokpy_interfaces/include/robokpy_interfaces/robokpy_interfaces/srv/detail/execution_state__builder.hpp
[13.702s] -- Up-to-date: /home/meta/Documents/robotics_workspace_new/install/robokpy_interfaces/include/robokpy_interfaces/robokpy_interfaces/srv/detail/grasp_attach__builder.hpp
[13.702s] -- Up-to-date: /home/meta/Documents/robotics_workspace_new/install/robokpy_interfaces/include/robokpy_interfaces/robokpy_interfaces/srv/detail/jacobian__builder.hpp
[13.702s] -- Up-to-date: /home/meta/Documents/robotics_workspace_new/install/robokpy_interfaces/include/robokpy_interfaces/robokpy_interfaces/srv/detail/spawn_object__builder.hpp
[13.702s] -- Up-to-date: /home/meta/Documents/robotics_workspace_new/install/robokpy_interfaces/include/robokpy_interfaces/robokpy_interfaces/srv/detail/spawnobject__traits.hpp
[13.704s] -- Up-to-date: /home/meta/Documents/robotics_workspace_new/install/robokpy_interfaces/include/robokpy_interfaces/robokpy_interfaces/srv/detail/reachable__builder.hpp
[13.704s] -- Up-to-date: /home/meta/Documents/robotics_workspace_new/install/robokpy_interfaces/include/robokpy_interfaces/robokpy_interfaces/srv/detail/chain_fk__builder.hpp
[13.705s] -- Up-to-date: /home/meta/Documents/robotics_workspace_new/install/robokpy_interfaces/include/robokpy_interfaces/robokpy_interfaces/srv/detail/system_mode__struct.hpp
[13.705s] -- Up-to-date: /home/meta/Documents/robotics_workspace_new/install/robokpy_interfaces/include/robokpy_interfaces/robokpy_interfaces/srv/detail/grasp_attach__traits.hpp
[13.705s] -- Up-to-date: /home/meta/Documents/robotics_workspace_new/install/robokpy_interfaces/include/robokpy_interfaces/robokpy_interfaces/srv/detail/spawn_object__traits.hpp
[13.705s] -- Up-to-date: /home/meta/Documents/robotics_workspace_new/install/robokpy_interfaces/include/robokpy_interfaces/robokpy_interfaces/srv/detail/fk__builder.hpp
[13.706s] -- Up-to-date: /home/meta/Documents/robotics_workspace_new/install/robokpy_interfaces/include/robokpy_interfaces/robokpy_interfaces/srv/detail/load_recipe__builder.hpp
[13.706s] -- Up-to-date: /home/meta/Documents/robotics_workspace_new/install/robokpy_interfaces/include/robokpy_interfaces/robokpy_interfaces/srv/detail/resume_execution__traits.hpp
[13.706s] -- Up-to-date: /home/meta/Documents/robotics_workspace_new/install/robokpy_interfaces/include/robokpy_interfaces/robokpy_interfaces/srv/detail/chain_fk__struct.hpp
[13.706s] -- Up-to-date: /home/meta/Documents/robotics_workspace_new/install/robokpy_interfaces/include/robokpy_interfaces/robokpy_interfaces/srv/detail/set_planning_tip_link__traits.hpp
[13.706s] -- Up-to-date: /home/meta/Documents/robotics_workspace_new/install/robokpy_interfaces/include/robokpy_interfaces/robokpy_interfaces/srv/detail/despawn_object__builder.hpp
[13.706s] -- Up-to-date: /home/meta/Documents/robotics_workspace_new/install/robokpy_interfaces/include/robokpy_interfaces/robokpy_interfaces/srv/detail/despawn_object__struct.hpp
[13.706s] -- Up-to-date: /home/meta/Documents/robotics_workspace_new/install/robokpy_interfaces/include/robokpy_interfaces/robokpy_interfaces/srv/detail/load_recipe__struct.hpp
[13.707s] -- Up-to-date: /home/meta/Documents/robotics_workspace_new/install/robokpy_interfaces/include/robokpy_interfaces/robokpy_interfaces/srv/detail/set_planning_tip_link__struct.hpp
[13.707s] -- Up-to-date: /home/meta/Documents/robotics_workspace_new/install/robokpy_interfaces/include/robokpy_interfaces/robokpy_interfaces/srv/despawnobject.hpp
[13.707s] -- Up-to-date: /home/meta/Documents/robotics_workspace_new/install/robokpy_interfaces/include/robokpy_interfaces/robokpy_interfaces/srv/ik.hpp
[13.707s] -- Up-to-date: /home/meta/Documents/robotics_workspace_new/install/robokpy_interfaces/include/robokpy_interfaces/robokpy_interfaces/srv/spawnobject.hpp
[13.707s] -- Up-to-date: /home/meta/Documents/robotics_workspace_new/install/robokpy_interfaces/include/robokpy_interfaces/robokpy_interfaces/srv/resume_execution.hpp
[13.708s] -- Up-to-date: /home/meta/Documents/robotics_workspace_new/install/robokpy_interfaces/include/robokpy_interfaces/robokpy_interfaces/srv/reachable.hpp
[13.708s] -- Up-to-date: /home/meta/Documents/robotics_workspace_new/install/robokpy_interfaces/include/robokpy_interfaces/robokpy_interfaces/srv/fk.hpp
[13.708s] -- Up-to-date: /home/meta/Documents/robotics_workspace_new/install/robokpy_interfaces/include/robokpy_interfaces/robokpy_interfaces/srv/despawn_object.hpp
[13.708s] -- Up-to-date: /home/meta/Documents/robotics_workspace_new/install/robokpy_interfaces/include/robokpy_interfaces/robokpy_interfaces/srv/resolve_object_pose.hpp
[13.708s] -- Up-to-date: /home/meta/Documents/robotics_workspace_new/install/robokpy_interfaces/include/robokpy_interfaces/robokpy_interfaces/srv/chain_fk.hpp
[13.708s] -- Up-to-date: /home/meta/Documents/robotics_workspace_new/install/robokpy_interfaces/include/robokpy_interfaces/robokpy_interfaces/action
[13.751s] -- Up-to-date: /home/meta/Documents/robotics_workspace_new/install/robokpy_interfaces/include/robokpy_interfaces/robokpy_interfaces/action/robot_trajectory.hpp
[13.752s] -- Up-to-date: /home/meta/Documents/robotics_workspace_new/install/robokpy_interfaces/include/robokpy_interfaces/robokpy_interfaces/action/set_joint_target.hpp
[13.752s] -- Up-to-date: /home/meta/Documents/robotics_workspace_new/install/robokpy_interfaces/include/robokpy_interfaces/robokpy_interfaces/action/tool_execution.hpp
[13.752s] -- Up-to-date: /home/meta/Documents/robotics_workspace_new/install/robokpy_interfaces/include/robokpy_interfaces/robokpy_interfaces/action/detail
[13.755s] -- Up-to-date: /home/meta/Documents/robotics_workspace_new/install/robokpy_interfaces/include/robokpy_interfaces/robokpy_interfaces/action/detail/execute_motion__type_support.hpp
[13.756s] -- Up-to-date: /home/meta/Documents/robotics_workspace_new/install/robokpy_interfaces/include/robokpy_interfaces/robokpy_interfaces/action/detail/execute_tool_op__traits.hpp
[13.756s] -- Up-to-date: /home/meta/Documents/robotics_workspace_new/install/robokpy_interfaces/include/robokpy_interfaces/robokpy_interfaces/action/detail/robot_trajectory__type_support.hpp
[13.756s] -- Up-to-date: /home/meta/Documents/robotics_workspace_new/install/robokpy_interfaces/include/robokpy_interfaces/robokpy_interfaces/action/detail/robot_trajectory__struct.hpp
[13.757s] -- Up-to-date: /home/meta/Documents/robotics_workspace_new/install/robokpy_interfaces/include/robokpy_interfaces/robokpy_interfaces/action/detail/execute_vision_op__struct.hpp
[13.757s] -- Up-to-date: /home/meta/Documents/robotics_workspace_new/install/robokpy_interfaces/include/robokpy_interfaces/robokpy_interfaces/action/detail/execute_motion__traits.hpp
[13.757s] -- Up-to-date: /home/meta/Documents/robotics_workspace_new/install/robokpy_interfaces/include/robokpy_interfaces/robokpy_interfaces/action/detail/set_joint_target__builder.hpp
[13.757s] -- Up-to-date: /home/meta/Documents/robotics_workspace_new/install/robokpy_interfaces/include/robokpy_interfaces/robokpy_interfaces/action/detail/execute_vision_op__builder.hpp
[13.758s] -- Up-to-date: /home/meta/Documents/robotics_workspace_new/install/robokpy_interfaces/include/robokpy_interfaces/robokpy_interfaces/action/detail/execute_tool_op__type_support.hpp
[13.758s] -- Up-to-date: /home/meta/Documents/robotics_workspace_new/install/robokpy_interfaces/include/robokpy_interfaces/robokpy_interfaces/action/detail/tool_execution__builder.hpp
[13.758s] -- Up-to-date: /home/meta/Documents/robotics_workspace_new/install/robokpy_interfaces/include/robokpy_interfaces/robokpy_interfaces/action/detail/set_joint_target__traits.hpp
[13.758s] -- Up-to-date: /home/meta/Documents/robotics_workspace_new/install/robokpy_interfaces/include/robokpy_interfaces/robokpy_interfaces/action/detail/execute_vision_op__traits.hpp
[13.759s] -- Up-to-date: /home/meta/Documents/robotics_workspace_new/install/robokpy_interfaces/include/robokpy_interfaces/robokpy_interfaces/action/detail/execute_tool_op__struct.hpp
[13.759s] -- Up-to-date: /home/meta/Documents/robotics_workspace_new/install/robokpy_interfaces/include/robokpy_interfaces/robokpy_interfaces/action/detail/tool_execution__struct.hpp
[13.759s] -- Up-to-date: /home/meta/Documents/robotics_workspace_new/install/robokpy_interfaces/include/robokpy_interfaces/robokpy_interfaces/action/detail/set_joint_target__struct.hpp
[13.759s] -- Up-to-date: /home/meta/Documents/robotics_workspace_new/install/robokpy_interfaces/include/robokpy_interfaces/robokpy_interfaces/action/detail/execute_motion__builder.hpp
[13.760s] -- Up-to-date: /home/meta/Documents/robotics_workspace_new/install/robokpy_interfaces/include/robokpy_interfaces/robokpy_interfaces/action/detail/tool_execution__type_support.hpp
[13.760s] -- Up-to-date: /home/meta/Documents/robotics_workspace_new/install/robokpy_interfaces/include/robokpy_interfaces/robokpy_interfaces/action/detail/execute_tool_op__builder.hpp
[13.760s] -- Up-to-date: /home/meta/Documents/robotics_workspace_new/install/robokpy_interfaces/include/robokpy_interfaces/robokpy_interfaces/action/detail/tool_execution__traits.hpp
[13.760s] -- Up-to-date: /home/meta/Documents/robotics_workspace_new/install/robokpy_interfaces/include/robokpy_interfaces/robokpy_interfaces/action/detail/robot_trajectory__traits.hpp
[13.761s] -- Up-to-date: /home/meta/Documents/robotics_workspace_new/install/robokpy_interfaces/include/robokpy_interfaces/robokpy_interfaces/action/detail/robot_trajectory__builder.hpp
[13.761s] -- Up-to-date: /home/meta/Documents/robotics_workspace_new/install/robokpy_interfaces/include/robokpy_interfaces/robokpy_interfaces/action/detail/execute_vision_op__type_support.hpp
[13.761s] -- Up-to-date: /home/meta/Documents/robotics_workspace_new/install/robokpy_interfaces/include/robokpy_interfaces/robokpy_interfaces/action/detail/execute_motion__struct.hpp
[13.761s] -- Up-to-date: /home/meta/Documents/robotics_workspace_new/install/robokpy_interfaces/include/robokpy_interfaces/robokpy_interfaces/action/detail/set_joint_target__type_support.hpp
[13.762s] -- Up-to-date: /home/meta/Documents/robotics_workspace_new/install/robokpy_interfaces/include/robokpy_interfaces/robokpy_interfaces/action/execute_vision_op.hpp
[13.762s] -- Up-to-date: /home/meta/Documents/robotics_workspace_new/install/robokpy_interfaces/include/robokpy_interfaces/robokpy_interfaces/action/execute_motion.hpp
[13.762s] -- Up-to-date: /home/meta/Documents/robotics_workspace_new/install/robokpy_interfaces/include/robokpy_interfaces/robokpy_interfaces/action/execute_tool_op.hpp
[13.762s] -- Up-to-date: /home/meta/Documents/robotics_workspace_new/install/robokpy_interfaces/include/robokpy_interfaces/robokpy_interfaces/msg
[13.782s] -- Up-to-date: /home/meta/Documents/robotics_workspace_new/install/robokpy_interfaces/include/robokpy_interfaces/robokpy_interfaces/msg/rosidl_generator_cpp__visibility_control.hpp
[13.783s] -- Up-to-date: /home/meta/Documents/robotics_workspace_new/install/robokpy_interfaces/include/robokpy_interfaces/robokpy_interfaces/msg/cell_state.hpp
[13.783s] -- Up-to-date: /home/meta/Documents/robotics_workspace_new/install/robokpy_interfaces/include/robokpy_interfaces/robokpy_interfaces/msg/detail
[13.815s] -- Up-to-date: /home/meta/Documents/robotics_workspace_new/install/robokpy_interfaces/include/robokpy_interfaces/robokpy_interfaces/msg/detail/cell_state__traits.hpp
[13.815s] -- Up-to-date: /home/meta/Documents/robotics_workspace_new/install/robokpy_interfaces/include/robokpy_interfaces/robokpy_interfaces/msg/detail/cell_state__struct.hpp
[13.815s] -- Up-to-date: /home/meta/Documents/robotics_workspace_new/install/robokpy_interfaces/include/robokpy_interfaces/robokpy_interfaces/msg/detail/cell_state__type_support.hpp
[13.816s] -- Up-to-date: /home/meta/Documents/robotics_workspace_new/install/robokpy_interfaces/include/robokpy_interfaces/robokpy_interfaces/msg/detail/cell_state__builder.hpp
[13.816s] -- Up-to-date: /home/meta/Documents/robotics_workspace_new/install/robokpy_interfaces/include/robokpy_interfaces/robokpy_interfaces
[13.816s] -- Up-to-date: /home/meta/Documents/robotics_workspace_new/install/robokpy_interfaces/include/robokpy_interfaces/robokpy_interfaces/srv
[13.887s] -- Up-to-date: /home/meta/Documents/robotics_workspace_new/install/robokpy_interfaces/include/robokpy_interfaces/robokpy_interfaces/srv/detail
[13.973s] -- Up-to-date: /home/meta/Documents/robotics_workspace_new/install/robokpy_interfaces/include/robokpy_interfaces/robokpy_interfaces/srv/detail/spawn_object__rosidl_typesupport_fastrtps_cpp.hpp
[13.974s] -- Up-to-date: /home/meta/Documents/robotics_workspace_new/install/robokpy_interfaces/include/robokpy_interfaces/robokpy_interfaces/srv/detail/spawnobject__rosidl_typesupport_fastrtps_cpp.hpp
[13.974s] -- Up-to-date: /home/meta/Documents/robotics_workspace_new/install/robokpy_interfaces/include/robokpy_interfaces/robokpy_interfaces/srv/detail/reachable__rosidl_typesupport_fastrtps_cpp.hpp
[13.974s] -- Up-to-date: /home/meta/Documents/robotics_workspace_new/install/robokpy_interfaces/include/robokpy_interfaces/robokpy_interfaces/srv/detail/fk__rosidl_typesupport_fastrtps_cpp.hpp
[13.974s] -- Up-to-date: /home/meta/Documents/robotics_workspace_new/install/robokpy_interfaces/include/robokpy_interfaces/robokpy_interfaces/srv/detail/ik__rosidl_typesupport_fastrtps_cpp.hpp
[13.975s] -- Up-to-date: /home/meta/Documents/robotics_workspace_new/install/robokpy_interfaces/include/robokpy_interfaces/robokpy_interfaces/srv/detail/resolve_object_pose__rosidl_typesupport_fastrtps_cpp.hpp
[13.975s] -- Up-to-date: /home/meta/Documents/robotics_workspace_new/install/robokpy_interfaces/include/robokpy_interfaces/robokpy_interfaces/srv/detail/execution_state__rosidl_typesupport_fastrtps_cpp.hpp
[13.975s] -- Up-to-date: /home/meta/Documents/robotics_workspace_new/install/robokpy_interfaces/include/robokpy_interfaces/robokpy_interfaces/srv/detail/grasp_attach__rosidl_typesupport_fastrtps_cpp.hpp
[13.976s] -- Up-to-date: /home/meta/Documents/robotics_workspace_new/install/robokpy_interfaces/include/robokpy_interfaces/robokpy_interfaces/srv/detail/resume_execution__rosidl_typesupport_fastrtps_cpp.hpp
[13.976s] -- Up-to-date: /home/meta/Documents/robotics_workspace_new/install/robokpy_interfaces/include/robokpy_interfaces/robokpy_interfaces/srv/detail/chain_fk__rosidl_typesupport_fastrtps_cpp.hpp
[13.976s] -- Up-to-date: /home/meta/Documents/robotics_workspace_new/install/robokpy_interfaces/include/robokpy_interfaces/robokpy_interfaces/srv/detail/system_mode__rosidl_typesupport_fastrtps_cpp.hpp
[13.976s] -- Up-to-date: /home/meta/Documents/robotics_workspace_new/install/robokpy_interfaces/include/robokpy_interfaces/robokpy_interfaces/srv/detail/load_recipe__rosidl_typesupport_fastrtps_cpp.hpp
[13.976s] -- Up-to-date: /home/meta/Documents/robotics_workspace_new/install/robokpy_interfaces/include/robokpy_interfaces/robokpy_interfaces/srv/detail/despawn_object__rosidl_typesupport_fastrtps_cpp.hpp
[13.976s] -- Up-to-date: /home/meta/Documents/robotics_workspace_new/install/robokpy_interfaces/include/robokpy_interfaces/robokpy_interfaces/srv/detail/dds_fastrtps
[14.054s] -- Up-to-date: /home/meta/Documents/robotics_workspace_new/install/robokpy_interfaces/include/robokpy_interfaces/robokpy_interfaces/srv/detail/jacobian__rosidl_typesupport_fastrtps_cpp.hpp
[14.054s] -- Up-to-date: /home/meta/Documents/robotics_workspace_new/install/robokpy_interfaces/include/robokpy_interfaces/robokpy_interfaces/srv/detail/set_planning_tip_link__rosidl_typesupport_fastrtps_cpp.hpp
[14.054s] -- Up-to-date: /home/meta/Documents/robotics_workspace_new/install/robokpy_interfaces/include/robokpy_interfaces/robokpy_interfaces/srv/detail/despawnobject__rosidl_typesupport_fastrtps_cpp.hpp
[14.055s] -- Up-to-date: /home/meta/Documents/robotics_workspace_new/install/robokpy_interfaces/include/robokpy_interfaces/robokpy_interfaces/action
[14.093s] -- Up-to-date: /home/meta/Documents/robotics_workspace_new/install/robokpy_interfaces/include/robokpy_interfaces/robokpy_interfaces/action/detail
[14.117s] -- Up-to-date: /home/meta/Documents/robotics_workspace_new/install/robokpy_interfaces/include/robokpy_interfaces/robokpy_interfaces/action/detail/set_joint_target__rosidl_typesupport_fastrtps_cpp.hpp
[14.117s] -- Up-to-date: /home/meta/Documents/robotics_workspace_new/install/robokpy_interfaces/include/robokpy_interfaces/robokpy_interfaces/action/detail/robot_trajectory__rosidl_typesupport_fastrtps_cpp.hpp
[14.118s] -- Up-to-date: /home/meta/Documents/robotics_workspace_new/install/robokpy_interfaces/include/robokpy_interfaces/robokpy_interfaces/action/detail/tool_execution__rosidl_typesupport_fastrtps_cpp.hpp
[14.118s] -- Up-to-date: /home/meta/Documents/robotics_workspace_new/install/robokpy_interfaces/include/robokpy_interfaces/robokpy_interfaces/action/detail/execute_vision_op__rosidl_typesupport_fastrtps_cpp.hpp
[14.118s] -- Up-to-date: /home/meta/Documents/robotics_workspace_new/install/robokpy_interfaces/include/robokpy_interfaces/robokpy_interfaces/action/detail/dds_fastrtps
[14.161s] -- Up-to-date: /home/meta/Documents/robotics_workspace_new/install/robokpy_interfaces/include/robokpy_interfaces/robokpy_interfaces/action/detail/execute_motion__rosidl_typesupport_fastrtps_cpp.hpp
[14.162s] -- Up-to-date: /home/meta/Documents/robotics_workspace_new/install/robokpy_interfaces/include/robokpy_interfaces/robokpy_interfaces/action/detail/execute_tool_op__rosidl_typesupport_fastrtps_cpp.hpp
[14.162s] -- Up-to-date: /home/meta/Documents/robotics_workspace_new/install/robokpy_interfaces/include/robokpy_interfaces/robokpy_interfaces/msg
[14.194s] -- Up-to-date: /home/meta/Documents/robotics_workspace_new/install/robokpy_interfaces/include/robokpy_interfaces/robokpy_interfaces/msg/rosidl_typesupport_fastrtps_cpp__visibility_control.h
[14.194s] -- Up-to-date: /home/meta/Documents/robotics_workspace_new/install/robokpy_interfaces/include/robokpy_interfaces/robokpy_interfaces/msg/detail
[14.194s] -- Up-to-date: /home/meta/Documents/robotics_workspace_new/install/robokpy_interfaces/include/robokpy_interfaces/robokpy_interfaces/msg/detail/cell_state__rosidl_typesupport_fastrtps_cpp.hpp
[14.195s] -- Up-to-date: /home/meta/Documents/robotics_workspace_new/install/robokpy_interfaces/include/robokpy_interfaces/robokpy_interfaces/msg/detail/dds_fastrtps
[14.325s] -- Up-to-date: /home/meta/Documents/robotics_workspace_new/install/robokpy_interfaces/lib/librobokpy_interfaces__rosidl_typesupport_fastrtps_cpp.so
[14.326s] -- Up-to-date: /home/meta/Documents/robotics_workspace_new/install/robokpy_interfaces/include/robokpy_interfaces/robokpy_interfaces
[14.380s] -- Up-to-date: /home/meta/Documents/robotics_workspace_new/install/robokpy_interfaces/include/robokpy_interfaces/robokpy_interfaces/srv
[14.435s] -- Up-to-date: /home/meta/Documents/robotics_workspace_new/install/robokpy_interfaces/include/robokpy_interfaces/robokpy_interfaces/srv/detail
[14.435s] -- Up-to-date: /home/meta/Documents/robotics_workspace_new/install/robokpy_interfaces/include/robokpy_interfaces/robokpy_interfaces/srv/detail/spawnobject__rosidl_typesupport_introspection_cpp.hpp
[14.436s] -- Up-to-date: /home/meta/Documents/robotics_workspace_new/install/robokpy_interfaces/include/robokpy_interfaces/robokpy_interfaces/srv/detail/despawnobject__rosidl_typesupport_introspection_cpp.hpp
[14.437s] -- Up-to-date: /home/meta/Documents/robotics_workspace_new/install/robokpy_interfaces/include/robokpy_interfaces/robokpy_interfaces/srv/detail/ik__rosidl_typesupport_introspection_cpp.hpp
[14.437s] -- Up-to-date: /home/meta/Documents/robotics_workspace_new/install/robokpy_interfaces/include/robokpy_interfaces/robokpy_interfaces/srv/detail/ik__type_support.cpp
[14.437s] -- Up-to-date: /home/meta/Documents/robotics_workspace_new/install/robokpy_interfaces/include/robokpy_interfaces/robokpy_interfaces/srv/detail/jacobian__type_support.cpp
[14.437s] -- Up-to-date: /home/meta/Documents/robotics_workspace_new/install/robokpy_interfaces/include/robokpy_interfaces/robokpy_interfaces/srv/detail/despawn_object__type_support.cpp
[14.438s] -- Up-to-date: /home/meta/Documents/robotics_workspace_new/install/robokpy_interfaces/include/robokpy_interfaces/robokpy_interfaces/srv/detail/system_mode__rosidl_typesupport_introspection_cpp.hpp
[14.438s] -- Up-to-date: /home/meta/Documents/robotics_workspace_new/install/robokpy_interfaces/include/robokpy_interfaces/robokpy_interfaces/srv/detail/fk__type_support.cpp
[14.438s] -- Up-to-date: /home/meta/Documents/robotics_workspace_new/install/robokpy_interfaces/include/robokpy_interfaces/robokpy_interfaces/srv/detail/despawn_object__rosidl_typesupport_introspection_cpp.hpp
[14.438s] -- Up-to-date: /home/meta/Documents/robotics_workspace_new/install/robokpy_interfaces/include/robokpy_interfaces/robokpy_interfaces/srv/detail/despawnobject__type_support.cpp
[14.439s] -- Up-to-date: /home/meta/Documents/robotics_workspace_new/install/robokpy_interfaces/include/robokpy_interfaces/robokpy_interfaces/srv/detail/system_mode__type_support.cpp
[14.439s] -- Up-to-date: /home/meta/Documents/robotics_workspace_new/install/robokpy_interfaces/include/robokpy_interfaces/robokpy_interfaces/srv/detail/load_recipe__type_support.cpp
[14.439s] -- Up-to-date: /home/meta/Documents/robotics_workspace_new/install/robokpy_interfaces/include/robokpy_interfaces/robokpy_interfaces/srv/detail/set_planning_tip_link__type_support.cpp
[14.439s] -- Up-to-date: /home/meta/Documents/robotics_workspace_new/install/robokpy_interfaces/include/robokpy_interfaces/robokpy_interfaces/srv/detail/grasp_attach__rosidl_typesupport_introspection_cpp.hpp
[14.440s] -- Up-to-date: /home/meta/Documents/robotics_workspace_new/install/robokpy_interfaces/include/robokpy_interfaces/robokpy_interfaces/srv/detail/jacobian__rosidl_typesupport_introspection_cpp.hpp
[14.440s] -- Up-to-date: /home/meta/Documents/robotics_workspace_new/install/robokpy_interfaces/include/robokpy_interfaces/robokpy_interfaces/srv/detail/resume_execution__rosidl_typesupport_introspection_cpp.hpp
[14.440s] -- Up-to-date: /home/meta/Documents/robotics_workspace_new/install/robokpy_interfaces/include/robokpy_interfaces/robokpy_interfaces/srv/detail/chain_fk__rosidl_typesupport_introspection_cpp.hpp
[14.440s] -- Up-to-date: /home/meta/Documents/robotics_workspace_new/install/robokpy_interfaces/include/robokpy_interfaces/robokpy_interfaces/srv/detail/spawn_object__rosidl_typesupport_introspection_cpp.hpp
[14.441s] -- Up-to-date: /home/meta/Documents/robotics_workspace_new/install/robokpy_interfaces/include/robokpy_interfaces/robokpy_interfaces/srv/detail/reachable__type_support.cpp
[14.441s] -- Up-to-date: /home/meta/Documents/robotics_workspace_new/install/robokpy_interfaces/include/robokpy_interfaces/robokpy_interfaces/srv/detail/execution_state__rosidl_typesupport_introspection_cpp.hpp
[14.441s] -- Up-to-date: /home/meta/Documents/robotics_workspace_new/install/robokpy_interfaces/include/robokpy_interfaces/robokpy_interfaces/srv/detail/resume_execution__type_support.cpp
[14.441s] -- Up-to-date: /home/meta/Documents/robotics_workspace_new/install/robokpy_interfaces/include/robokpy_interfaces/robokpy_interfaces/srv/detail/resolve_object_pose__type_support.cpp
[14.442s] -- Up-to-date: /home/meta/Documents/robotics_workspace_new/install/robokpy_interfaces/include/robokpy_interfaces/robokpy_interfaces/srv/detail/grasp_attach__type_support.cpp
[14.442s] -- Up-to-date: /home/meta/Documents/robotics_workspace_new/install/robokpy_interfaces/include/robokpy_interfaces/robokpy_interfaces/srv/detail/execution_state__type_support.cpp
[14.442s] -- Up-to-date: /home/meta/Documents/robotics_workspace_new/install/robokpy_interfaces/include/robokpy_interfaces/robokpy_interfaces/srv/detail/spawnobject__type_support.cpp
[14.442s] -- Up-to-date: /home/meta/Documents/robotics_workspace_new/install/robokpy_interfaces/include/robokpy_interfaces/robokpy_interfaces/srv/detail/set_planning_tip_link__rosidl_typesupport_introspection_cpp.hpp
[14.443s] -- Up-to-date: /home/meta/Documents/robotics_workspace_new/install/robokpy_interfaces/include/robokpy_interfaces/robokpy_interfaces/srv/detail/reachable__rosidl_typesupport_introspection_cpp.hpp
[14.443s] -- Up-to-date: /home/meta/Documents/robotics_workspace_new/install/robokpy_interfaces/include/robokpy_interfaces/robokpy_interfaces/srv/detail/load_recipe__rosidl_typesupport_introspection_cpp.hpp
[14.443s] -- Up-to-date: /home/meta/Documents/robotics_workspace_new/install/robokpy_interfaces/include/robokpy_interfaces/robokpy_interfaces/srv/detail/fk__rosidl_typesupport_introspection_cpp.hpp
[14.443s] -- Up-to-date: /home/meta/Documents/robotics_workspace_new/install/robokpy_interfaces/include/robokpy_interfaces/robokpy_interfaces/srv/detail/spawn_object__type_support.cpp
[14.443s] -- Up-to-date: /home/meta/Documents/robotics_workspace_new/install/robokpy_interfaces/include/robokpy_interfaces/robokpy_interfaces/srv/detail/resolve_object_pose__rosidl_typesupport_introspection_cpp.hpp
[14.444s] -- Up-to-date: /home/meta/Documents/robotics_workspace_new/install/robokpy_interfaces/include/robokpy_interfaces/robokpy_interfaces/srv/detail/chain_fk__type_support.cpp
[14.444s] -- Up-to-date: /home/meta/Documents/robotics_workspace_new/install/robokpy_interfaces/include/robokpy_interfaces/robokpy_interfaces/action
[14.494s] -- Up-to-date: /home/meta/Documents/robotics_workspace_new/install/robokpy_interfaces/include/robokpy_interfaces/robokpy_interfaces/action/detail
[14.495s] -- Up-to-date: /home/meta/Documents/robotics_workspace_new/install/robokpy_interfaces/include/robokpy_interfaces/robokpy_interfaces/action/detail/execute_tool_op__type_support.cpp
[14.495s] -- Up-to-date: /home/meta/Documents/robotics_workspace_new/install/robokpy_interfaces/include/robokpy_interfaces/robokpy_interfaces/action/detail/execute_vision_op__type_support.cpp
[14.496s] -- Up-to-date: /home/meta/Documents/robotics_workspace_new/install/robokpy_interfaces/include/robokpy_interfaces/robokpy_interfaces/action/detail/execute_vision_op__rosidl_typesupport_introspection_cpp.hpp
[14.496s] -- Up-to-date: /home/meta/Documents/robotics_workspace_new/install/robokpy_interfaces/include/robokpy_interfaces/robokpy_interfaces/action/detail/set_joint_target__type_support.cpp
[14.496s] -- Up-to-date: /home/meta/Documents/robotics_workspace_new/install/robokpy_interfaces/include/robokpy_interfaces/robokpy_interfaces/action/detail/robot_trajectory__rosidl_typesupport_introspection_cpp.hpp
[14.496s] -- Up-to-date: /home/meta/Documents/robotics_workspace_new/install/robokpy_interfaces/include/robokpy_interfaces/robokpy_interfaces/action/detail/set_joint_target__rosidl_typesupport_introspection_cpp.hpp
[14.497s] -- Up-to-date: /home/meta/Documents/robotics_workspace_new/install/robokpy_interfaces/include/robokpy_interfaces/robokpy_interfaces/action/detail/execute_tool_op__rosidl_typesupport_introspection_cpp.hpp
[14.497s] -- Up-to-date: /home/meta/Documents/robotics_workspace_new/install/robokpy_interfaces/include/robokpy_interfaces/robokpy_interfaces/action/detail/tool_execution__rosidl_typesupport_introspection_cpp.hpp
[14.497s] -- Up-to-date: /home/meta/Documents/robotics_workspace_new/install/robokpy_interfaces/include/robokpy_interfaces/robokpy_interfaces/action/detail/tool_execution__type_support.cpp
[14.497s] -- Up-to-date: /home/meta/Documents/robotics_workspace_new/install/robokpy_interfaces/include/robokpy_interfaces/robokpy_interfaces/action/detail/execute_motion__rosidl_typesupport_introspection_cpp.hpp
[14.498s] -- Up-to-date: /home/meta/Documents/robotics_workspace_new/install/robokpy_interfaces/include/robokpy_interfaces/robokpy_interfaces/action/detail/robot_trajectory__type_support.cpp
[14.498s] -- Up-to-date: /home/meta/Documents/robotics_workspace_new/install/robokpy_interfaces/include/robokpy_interfaces/robokpy_interfaces/action/detail/execute_motion__type_support.cpp
[14.498s] -- Up-to-date: /home/meta/Documents/robotics_workspace_new/install/robokpy_interfaces/include/robokpy_interfaces/robokpy_interfaces/msg
[14.527s] -- Up-to-date: /home/meta/Documents/robotics_workspace_new/install/robokpy_interfaces/include/robokpy_interfaces/robokpy_interfaces/msg/detail
[14.527s] -- Up-to-date: /home/meta/Documents/robotics_workspace_new/install/robokpy_interfaces/include/robokpy_interfaces/robokpy_interfaces/msg/detail/cell_state__type_support.cpp
[14.528s] -- Up-to-date: /home/meta/Documents/robotics_workspace_new/install/robokpy_interfaces/include/robokpy_interfaces/robokpy_interfaces/msg/detail/cell_state__rosidl_typesupport_introspection_cpp.hpp
[14.655s] -- Up-to-date: /home/meta/Documents/robotics_workspace_new/install/robokpy_interfaces/lib/librobokpy_interfaces__rosidl_typesupport_introspection_cpp.so
[14.800s] -- Up-to-date: /home/meta/Documents/robotics_workspace_new/install/robokpy_interfaces/lib/librobokpy_interfaces__rosidl_typesupport_cpp.so
[14.801s] -- Up-to-date: /home/meta/Documents/robotics_workspace_new/install/robokpy_interfaces/share/robokpy_interfaces/environment/pythonpath.sh
[14.801s] -- Up-to-date: /home/meta/Documents/robotics_workspace_new/install/robokpy_interfaces/share/robokpy_interfaces/environment/pythonpath.dsv
[14.802s] -- Up-to-date: /home/meta/Documents/robotics_workspace_new/install/robokpy_interfaces/lib/python3.12/site-packages/robokpy_interfaces-0.0.0-py3.12.egg-info
[14.802s] -- Installing: /home/meta/Documents/robotics_workspace_new/install/robokpy_interfaces/lib/python3.12/site-packages/robokpy_interfaces-0.0.0-py3.12.egg-info/dependency_links.txt
[14.802s] -- Installing: /home/meta/Documents/robotics_workspace_new/install/robokpy_interfaces/lib/python3.12/site-packages/robokpy_interfaces-0.0.0-py3.12.egg-info/SOURCES.txt
[14.803s] -- Installing: /home/meta/Documents/robotics_workspace_new/install/robokpy_interfaces/lib/python3.12/site-packages/robokpy_interfaces-0.0.0-py3.12.egg-info/PKG-INFO
[14.803s] -- Installing: /home/meta/Documents/robotics_workspace_new/install/robokpy_interfaces/lib/python3.12/site-packages/robokpy_interfaces-0.0.0-py3.12.egg-info/top_level.txt
[14.804s] -- Up-to-date: /home/meta/Documents/robotics_workspace_new/install/robokpy_interfaces/lib/python3.12/site-packages/robokpy_interfaces
[14.804s] -- Up-to-date: /home/meta/Documents/robotics_workspace_new/install/robokpy_interfaces/lib/python3.12/site-packages/robokpy_interfaces/srv
[14.805s] -- Up-to-date: /home/meta/Documents/robotics_workspace_new/install/robokpy_interfaces/lib/python3.12/site-packages/robokpy_interfaces/srv/_resolve_object_pose_s.c
[14.805s] -- Up-to-date: /home/meta/Documents/robotics_workspace_new/install/robokpy_interfaces/lib/python3.12/site-packages/robokpy_interfaces/srv/_jacobian.py
[14.806s] -- Up-to-date: /home/meta/Documents/robotics_workspace_new/install/robokpy_interfaces/lib/python3.12/site-packages/robokpy_interfaces/srv/_resume_execution.py
[14.806s] -- Up-to-date: /home/meta/Documents/robotics_workspace_new/install/robokpy_interfaces/lib/python3.12/site-packages/robokpy_interfaces/srv/_despawnobject.py
[14.806s] -- Up-to-date: /home/meta/Documents/robotics_workspace_new/install/robokpy_interfaces/lib/python3.12/site-packages/robokpy_interfaces/srv/_grasp_attach_s.c
[14.806s] -- Up-to-date: /home/meta/Documents/robotics_workspace_new/install/robokpy_interfaces/lib/python3.12/site-packages/robokpy_interfaces/srv/_spawnobject.py
[14.806s] -- Up-to-date: /home/meta/Documents/robotics_workspace_new/install/robokpy_interfaces/lib/python3.12/site-packages/robokpy_interfaces/srv/_despawn_object_s.c
[14.807s] -- Up-to-date: /home/meta/Documents/robotics_workspace_new/install/robokpy_interfaces/lib/python3.12/site-packages/robokpy_interfaces/srv/_load_recipe_s.c
[14.807s] -- Up-to-date: /home/meta/Documents/robotics_workspace_new/install/robokpy_interfaces/lib/python3.12/site-packages/robokpy_interfaces/srv/_resume_execution_s.c
[14.807s] -- Up-to-date: /home/meta/Documents/robotics_workspace_new/install/robokpy_interfaces/lib/python3.12/site-packages/robokpy_interfaces/srv/_execution_state_s.c
[14.807s] -- Up-to-date: /home/meta/Documents/robotics_workspace_new/install/robokpy_interfaces/lib/python3.12/site-packages/robokpy_interfaces/srv/_spawnobject_s.c
[14.808s] -- Up-to-date: /home/meta/Documents/robotics_workspace_new/install/robokpy_interfaces/lib/python3.12/site-packages/robokpy_interfaces/srv/_fk_s.c
[14.808s] -- Up-to-date: /home/meta/Documents/robotics_workspace_new/install/robokpy_interfaces/lib/python3.12/site-packages/robokpy_interfaces/srv/_reachable_s.c
[14.808s] -- Up-to-date: /home/meta/Documents/robotics_workspace_new/install/robokpy_interfaces/lib/python3.12/site-packages/robokpy_interfaces/srv/_despawn_object.py
[14.809s] -- Up-to-date: /home/meta/Documents/robotics_workspace_new/install/robokpy_interfaces/lib/python3.12/site-packages/robokpy_interfaces/srv/_spawn_object.py
[14.809s] -- Up-to-date: /home/meta/Documents/robotics_workspace_new/install/robokpy_interfaces/lib/python3.12/site-packages/robokpy_interfaces/srv/_load_recipe.py
[14.809s] -- Up-to-date: /home/meta/Documents/robotics_workspace_new/install/robokpy_interfaces/lib/python3.12/site-packages/robokpy_interfaces/srv/_fk.py
[14.809s] -- Up-to-date: /home/meta/Documents/robotics_workspace_new/install/robokpy_interfaces/lib/python3.12/site-packages/robokpy_interfaces/srv/_execution_state.py
[14.810s] -- Up-to-date: /home/meta/Documents/robotics_workspace_new/install/robokpy_interfaces/lib/python3.12/site-packages/robokpy_interfaces/srv/_resolve_object_pose.py
[14.810s] -- Up-to-date: /home/meta/Documents/robotics_workspace_new/install/robokpy_interfaces/lib/python3.12/site-packages/robokpy_interfaces/srv/_jacobian_s.c
[14.810s] -- Up-to-date: /home/meta/Documents/robotics_workspace_new/install/robokpy_interfaces/lib/python3.12/site-packages/robokpy_interfaces/srv/_system_mode.py
[14.810s] -- Up-to-date: /home/meta/Documents/robotics_workspace_new/install/robokpy_interfaces/lib/python3.12/site-packages/robokpy_interfaces/srv/_chain_fk.py
[14.810s] -- Up-to-date: /home/meta/Documents/robotics_workspace_new/install/robokpy_interfaces/lib/python3.12/site-packages/robokpy_interfaces/srv/_reachable.py
[14.811s] -- Up-to-date: /home/meta/Documents/robotics_workspace_new/install/robokpy_interfaces/lib/python3.12/site-packages/robokpy_interfaces/srv/_system_mode_s.c
[14.811s] -- Up-to-date: /home/meta/Documents/robotics_workspace_new/install/robokpy_interfaces/lib/python3.12/site-packages/robokpy_interfaces/srv/_ik_s.c
[14.811s] -- Up-to-date: /home/meta/Documents/robotics_workspace_new/install/robokpy_interfaces/lib/python3.12/site-packages/robokpy_interfaces/srv/__init__.py
[14.811s] -- Up-to-date: /home/meta/Documents/robotics_workspace_new/install/robokpy_interfaces/lib/python3.12/site-packages/robokpy_interfaces/srv/_ik.py
[14.812s] -- Up-to-date: /home/meta/Documents/robotics_workspace_new/install/robokpy_interfaces/lib/python3.12/site-packages/robokpy_interfaces/srv/_grasp_attach.py
[14.812s] -- Up-to-date: /home/meta/Documents/robotics_workspace_new/install/robokpy_interfaces/lib/python3.12/site-packages/robokpy_interfaces/srv/_despawnobject_s.c
[14.812s] -- Up-to-date: /home/meta/Documents/robotics_workspace_new/install/robokpy_interfaces/lib/python3.12/site-packages/robokpy_interfaces/srv/_set_planning_tip_link_s.c
[14.812s] -- Up-to-date: /home/meta/Documents/robotics_workspace_new/install/robokpy_interfaces/lib/python3.12/site-packages/robokpy_interfaces/srv/_spawn_object_s.c
[14.813s] -- Up-to-date: /home/meta/Documents/robotics_workspace_new/install/robokpy_interfaces/lib/python3.12/site-packages/robokpy_interfaces/srv/_set_planning_tip_link.py
[14.813s] -- Up-to-date: /home/meta/Documents/robotics_workspace_new/install/robokpy_interfaces/lib/python3.12/site-packages/robokpy_interfaces/srv/_chain_fk_s.c
[14.813s] -- Up-to-date: /home/meta/Documents/robotics_workspace_new/install/robokpy_interfaces/lib/python3.12/site-packages/robokpy_interfaces/robokpy_interfaces_s__rosidl_typesupport_c.so
[14.854s] -- Up-to-date: /home/meta/Documents/robotics_workspace_new/install/robokpy_interfaces/lib/python3.12/site-packages/robokpy_interfaces/_robokpy_interfaces_s.ep.rosidl_typesupport_introspection_c.c
[14.854s] -- Up-to-date: /home/meta/Documents/robotics_workspace_new/install/robokpy_interfaces/lib/python3.12/site-packages/robokpy_interfaces/action
[14.855s] -- Up-to-date: /home/meta/Documents/robotics_workspace_new/install/robokpy_interfaces/lib/python3.12/site-packages/robokpy_interfaces/action/_execute_tool_op_s.c
[14.855s] -- Up-to-date: /home/meta/Documents/robotics_workspace_new/install/robokpy_interfaces/lib/python3.12/site-packages/robokpy_interfaces/action/_execute_vision_op.py
[14.855s] -- Up-to-date: /home/meta/Documents/robotics_workspace_new/install/robokpy_interfaces/lib/python3.12/site-packages/robokpy_interfaces/action/_tool_execution.py
[14.856s] -- Up-to-date: /home/meta/Documents/robotics_workspace_new/install/robokpy_interfaces/lib/python3.12/site-packages/robokpy_interfaces/action/_robot_trajectory.py
[14.856s] -- Up-to-date: /home/meta/Documents/robotics_workspace_new/install/robokpy_interfaces/lib/python3.12/site-packages/robokpy_interfaces/action/_tool_execution_s.c
[14.856s] -- Up-to-date: /home/meta/Documents/robotics_workspace_new/install/robokpy_interfaces/lib/python3.12/site-packages/robokpy_interfaces/action/_execute_tool_op.py
[14.856s] -- Up-to-date: /home/meta/Documents/robotics_workspace_new/install/robokpy_interfaces/lib/python3.12/site-packages/robokpy_interfaces/action/_set_joint_target.py
[14.856s] -- Up-to-date: /home/meta/Documents/robotics_workspace_new/install/robokpy_interfaces/lib/python3.12/site-packages/robokpy_interfaces/action/_execute_motion_s.c
[14.856s] -- Up-to-date: /home/meta/Documents/robotics_workspace_new/install/robokpy_interfaces/lib/python3.12/site-packages/robokpy_interfaces/action/__init__.py
[14.856s] -- Up-to-date: /home/meta/Documents/robotics_workspace_new/install/robokpy_interfaces/lib/python3.12/site-packages/robokpy_interfaces/action/_execute_vision_op_s.c
[14.857s] -- Up-to-date: /home/meta/Documents/robotics_workspace_new/install/robokpy_interfaces/lib/python3.12/site-packages/robokpy_interfaces/action/_set_joint_target_s.c
[14.857s] -- Up-to-date: /home/meta/Documents/robotics_workspace_new/install/robokpy_interfaces/lib/python3.12/site-packages/robokpy_interfaces/action/_execute_motion.py
[14.857s] -- Up-to-date: /home/meta/Documents/robotics_workspace_new/install/robokpy_interfaces/lib/python3.12/site-packages/robokpy_interfaces/action/_robot_trajectory_s.c
[14.857s] -- Up-to-date: /home/meta/Documents/robotics_workspace_new/install/robokpy_interfaces/lib/python3.12/site-packages/robokpy_interfaces/msg
[14.857s] -- Up-to-date: /home/meta/Documents/robotics_workspace_new/install/robokpy_interfaces/lib/python3.12/site-packages/robokpy_interfaces/msg/_cell_state_s.c
[14.857s] -- Up-to-date: /home/meta/Documents/robotics_workspace_new/install/robokpy_interfaces/lib/python3.12/site-packages/robokpy_interfaces/msg/__init__.py
[14.857s] -- Up-to-date: /home/meta/Documents/robotics_workspace_new/install/robokpy_interfaces/lib/python3.12/site-packages/robokpy_interfaces/msg/_cell_state.py
[14.858s] -- Up-to-date: /home/meta/Documents/robotics_workspace_new/install/robokpy_interfaces/lib/python3.12/site-packages/robokpy_interfaces/robokpy_interfaces_s__rosidl_typesupport_fastrtps_c.so
[14.858s] -- Up-to-date: /home/meta/Documents/robotics_workspace_new/install/robokpy_interfaces/lib/python3.12/site-packages/robokpy_interfaces/_robokpy_interfaces_s.ep.rosidl_typesupport_c.c
[14.858s] -- Up-to-date: /home/meta/Documents/robotics_workspace_new/install/robokpy_interfaces/lib/python3.12/site-packages/robokpy_interfaces/robokpy_interfaces_s__rosidl_typesupport_introspection_c.so
[14.858s] -- Up-to-date: /home/meta/Documents/robotics_workspace_new/install/robokpy_interfaces/lib/python3.12/site-packages/robokpy_interfaces/__init__.py
[14.858s] -- Up-to-date: /home/meta/Documents/robotics_workspace_new/install/robokpy_interfaces/lib/python3.12/site-packages/robokpy_interfaces/_robokpy_interfaces_s.ep.rosidl_typesupport_fastrtps_c.c
[15.269s] Listing '/home/meta/Documents/robotics_workspace_new/install/robokpy_interfaces/lib/python3.12/site-packages/robokpy_interfaces'...
[15.270s] Listing '/home/meta/Documents/robotics_workspace_new/install/robokpy_interfaces/lib/python3.12/site-packages/robokpy_interfaces/action'...
[15.270s] Listing '/home/meta/Documents/robotics_workspace_new/install/robokpy_interfaces/lib/python3.12/site-packages/robokpy_interfaces/msg'...
[15.270s] Listing '/home/meta/Documents/robotics_workspace_new/install/robokpy_interfaces/lib/python3.12/site-packages/robokpy_interfaces/srv'...
[15.403s] -- Up-to-date: /home/meta/Documents/robotics_workspace_new/install/robokpy_interfaces/lib/python3.12/site-packages/robokpy_interfaces/robokpy_interfaces_s__rosidl_typesupport_fastrtps_c.so
[15.547s] -- Up-to-date: /home/meta/Documents/robotics_workspace_new/install/robokpy_interfaces/lib/python3.12/site-packages/robokpy_interfaces/robokpy_interfaces_s__rosidl_typesupport_introspection_c.so
[15.609s] -- Up-to-date: /home/meta/Documents/robotics_workspace_new/install/robokpy_interfaces/lib/python3.12/site-packages/robokpy_interfaces/robokpy_interfaces_s__rosidl_typesupport_c.so
[15.664s] -- Up-to-date: /home/meta/Documents/robotics_workspace_new/install/robokpy_interfaces/lib/librobokpy_interfaces__rosidl_generator_py.so
[15.664s] -- Up-to-date: /home/meta/Documents/robotics_workspace_new/install/robokpy_interfaces/share/robokpy_interfaces/srv/ExecutionState.idl
[15.719s] -- Up-to-date: /home/meta/Documents/robotics_workspace_new/install/robokpy_interfaces/share/robokpy_interfaces/srv/SystemMode.idl
[15.720s] -- Up-to-date: /home/meta/Documents/robotics_workspace_new/install/robokpy_interfaces/share/robokpy_interfaces/srv/FK.idl
[15.720s] -- Up-to-date: /home/meta/Documents/robotics_workspace_new/install/robokpy_interfaces/share/robokpy_interfaces/srv/IK.idl
[15.721s] -- Up-to-date: /home/meta/Documents/robotics_workspace_new/install/robokpy_interfaces/share/robokpy_interfaces/srv/Jacobian.idl
[15.721s] -- Up-to-date: /home/meta/Documents/robotics_workspace_new/install/robokpy_interfaces/share/robokpy_interfaces/srv/Reachable.idl
[15.721s] -- Up-to-date: /home/meta/Documents/robotics_workspace_new/install/robokpy_interfaces/share/robokpy_interfaces/srv/ChainFK.idl
[15.721s] -- Up-to-date: /home/meta/Documents/robotics_workspace_new/install/robokpy_interfaces/share/robokpy_interfaces/srv/SetPlanningTipLink.idl
[15.722s] -- Up-to-date: /home/meta/Documents/robotics_workspace_new/install/robokpy_interfaces/share/robokpy_interfaces/srv/GraspAttach.idl
[15.725s] -- Up-to-date: /home/meta/Documents/robotics_workspace_new/install/robokpy_interfaces/share/robokpy_interfaces/srv/ResumeExecution.idl
[15.726s] -- Up-to-date: /home/meta/Documents/robotics_workspace_new/install/robokpy_interfaces/share/robokpy_interfaces/srv/LoadRecipe.idl
[15.727s] -- Up-to-date: /home/meta/Documents/robotics_workspace_new/install/robokpy_interfaces/share/robokpy_interfaces/srv/SpawnObject.idl
[15.727s] -- Up-to-date: /home/meta/Documents/robotics_workspace_new/install/robokpy_interfaces/share/robokpy_interfaces/srv/DespawnObject.idl
[15.727s] -- Up-to-date: /home/meta/Documents/robotics_workspace_new/install/robokpy_interfaces/share/robokpy_interfaces/srv/ResolveObjectPose.idl
[15.728s] -- Up-to-date: /home/meta/Documents/robotics_workspace_new/install/robokpy_interfaces/share/robokpy_interfaces/msg/CellState.idl
[15.728s] -- Up-to-date: /home/meta/Documents/robotics_workspace_new/install/robokpy_interfaces/share/robokpy_interfaces/action/ExecuteMotion.idl
[15.728s] -- Up-to-date: /home/meta/Documents/robotics_workspace_new/install/robokpy_interfaces/share/robokpy_interfaces/action/ExecuteToolOp.idl
[15.728s] -- Up-to-date: /home/meta/Documents/robotics_workspace_new/install/robokpy_interfaces/share/robokpy_interfaces/action/ExecuteVisionOp.idl
[15.728s] -- Up-to-date: /home/meta/Documents/robotics_workspace_new/install/robokpy_interfaces/share/robokpy_interfaces/action/SetJointTarget.idl
[15.777s] -- Up-to-date: /home/meta/Documents/robotics_workspace_new/install/robokpy_interfaces/share/robokpy_interfaces/srv/ExecutionState.srv
[15.785s] -- Up-to-date: /home/meta/Documents/robotics_workspace_new/install/robokpy_interfaces/share/robokpy_interfaces/srv/SystemMode.srv
[15.786s] -- Up-to-date: /home/meta/Documents/robotics_workspace_new/install/robokpy_interfaces/share/robokpy_interfaces/srv/FK.srv
[15.786s] -- Up-to-date: /home/meta/Documents/robotics_workspace_new/install/robokpy_interfaces/share/robokpy_interfaces/srv/IK.srv
[15.786s] -- Up-to-date: /home/meta/Documents/robotics_workspace_new/install/robokpy_interfaces/share/robokpy_interfaces/srv/Jacobian.srv
[15.786s] -- Up-to-date: /home/meta/Documents/robotics_workspace_new/install/robokpy_interfaces/share/robokpy_interfaces/srv/Reachable.srv
[15.787s] -- Up-to-date: /home/meta/Documents/robotics_workspace_new/install/robokpy_interfaces/share/robokpy_interfaces/srv/ChainFK.srv
[15.787s] -- Up-to-date: /home/meta/Documents/robotics_workspace_new/install/robokpy_interfaces/share/robokpy_interfaces/srv/SetPlanningTipLink.srv
[15.788s] -- Up-to-date: /home/meta/Documents/robotics_workspace_new/install/robokpy_interfaces/share/robokpy_interfaces/srv/GraspAttach.srv
[15.788s] -- Up-to-date: /home/meta/Documents/robotics_workspace_new/install/robokpy_interfaces/share/robokpy_interfaces/srv/ResumeExecution.srv
[15.788s] -- Up-to-date: /home/meta/Documents/robotics_workspace_new/install/robokpy_interfaces/share/robokpy_interfaces/srv/LoadRecipe.srv
[15.797s] -- Up-to-date: /home/meta/Documents/robotics_workspace_new/install/robokpy_interfaces/share/robokpy_interfaces/srv/SpawnObject.srv
[15.798s] -- Up-to-date: /home/meta/Documents/robotics_workspace_new/install/robokpy_interfaces/share/robokpy_interfaces/srv/DespawnObject.srv
[15.798s] -- Up-to-date: /home/meta/Documents/robotics_workspace_new/install/robokpy_interfaces/share/robokpy_interfaces/srv/ResolveObjectPose.srv
[15.798s] -- Up-to-date: /home/meta/Documents/robotics_workspace_new/install/robokpy_interfaces/share/robokpy_interfaces/msg/CellState.msg
[15.799s] -- Up-to-date: /home/meta/Documents/robotics_workspace_new/install/robokpy_interfaces/share/robokpy_interfaces/action/ExecuteMotion.action
[15.799s] -- Up-to-date: /home/meta/Documents/robotics_workspace_new/install/robokpy_interfaces/share/robokpy_interfaces/action/ExecuteToolOp.action
[15.799s] -- Up-to-date: /home/meta/Documents/robotics_workspace_new/install/robokpy_interfaces/share/robokpy_interfaces/action/ExecuteVisionOp.action
[15.799s] -- Up-to-date: /home/meta/Documents/robotics_workspace_new/install/robokpy_interfaces/share/robokpy_interfaces/action/SetJointTarget.action
[15.799s] -- Up-to-date: /home/meta/Documents/robotics_workspace_new/install/robokpy_interfaces/include
[15.860s] -- Up-to-date: /home/meta/Documents/robotics_workspace_new/install/robokpy_interfaces/include/robokpy_interfaces
[15.861s] -- Up-to-date: /home/meta/Documents/robotics_workspace_new/install/robokpy_interfaces/share/ament_index/resource_index/package_run_dependencies/robokpy_interfaces
[15.861s] -- Up-to-date: /home/meta/Documents/robotics_workspace_new/install/robokpy_interfaces/share/ament_index/resource_index/parent_prefix_path/robokpy_interfaces
[15.862s] -- Up-to-date: /home/meta/Documents/robotics_workspace_new/install/robokpy_interfaces/share/robokpy_interfaces/environment/ament_prefix_path.sh
[15.862s] -- Up-to-date: /home/meta/Documents/robotics_workspace_new/install/robokpy_interfaces/share/robokpy_interfaces/environment/ament_prefix_path.dsv
[15.864s] -- Up-to-date: /home/meta/Documents/robotics_workspace_new/install/robokpy_interfaces/share/robokpy_interfaces/environment/path.sh
[15.864s] -- Up-to-date: /home/meta/Documents/robotics_workspace_new/install/robokpy_interfaces/share/robokpy_interfaces/environment/path.dsv
[15.864s] -- Up-to-date: /home/meta/Documents/robotics_workspace_new/install/robokpy_interfaces/share/robokpy_interfaces/local_setup.bash
[15.864s] -- Up-to-date: /home/meta/Documents/robotics_workspace_new/install/robokpy_interfaces/share/robokpy_interfaces/local_setup.sh
[15.865s] -- Up-to-date: /home/meta/Documents/robotics_workspace_new/install/robokpy_interfaces/share/robokpy_interfaces/local_setup.zsh
[15.865s] -- Up-to-date: /home/meta/Documents/robotics_workspace_new/install/robokpy_interfaces/share/robokpy_interfaces/local_setup.dsv
[15.865s] -- Installing: /home/meta/Documents/robotics_workspace_new/install/robokpy_interfaces/share/robokpy_interfaces/package.dsv
[15.889s] -- Up-to-date: /home/meta/Documents/robotics_workspace_new/install/robokpy_interfaces/share/ament_index/resource_index/packages/robokpy_interfaces
[15.916s] -- Up-to-date: /home/meta/Documents/robotics_workspace_new/install/robokpy_interfaces/share/robokpy_interfaces/cmake/export_robokpy_interfaces__rosidl_generator_cExport.cmake
[15.917s] -- Up-to-date: /home/meta/Documents/robotics_workspace_new/install/robokpy_interfaces/share/robokpy_interfaces/cmake/export_robokpy_interfaces__rosidl_generator_cExport-noconfig.cmake
[15.917s] -- Up-to-date: /home/meta/Documents/robotics_workspace_new/install/robokpy_interfaces/share/robokpy_interfaces/cmake/export_robokpy_interfaces__rosidl_typesupport_fastrtps_cExport.cmake
[15.918s] -- Up-to-date: /home/meta/Documents/robotics_workspace_new/install/robokpy_interfaces/share/robokpy_interfaces/cmake/export_robokpy_interfaces__rosidl_typesupport_fastrtps_cExport-noconfig.cmake
[15.938s] -- Up-to-date: /home/meta/Documents/robotics_workspace_new/install/robokpy_interfaces/share/robokpy_interfaces/cmake/robokpy_interfaces__rosidl_typesupport_introspection_cExport.cmake
[15.939s] -- Up-to-date: /home/meta/Documents/robotics_workspace_new/install/robokpy_interfaces/share/robokpy_interfaces/cmake/robokpy_interfaces__rosidl_typesupport_introspection_cExport-noconfig.cmake
[15.964s] -- Up-to-date: /home/meta/Documents/robotics_workspace_new/install/robokpy_interfaces/share/robokpy_interfaces/cmake/robokpy_interfaces__rosidl_typesupport_cExport.cmake
[15.965s] -- Up-to-date: /home/meta/Documents/robotics_workspace_new/install/robokpy_interfaces/share/robokpy_interfaces/cmake/robokpy_interfaces__rosidl_typesupport_cExport-noconfig.cmake
[15.984s] -- Up-to-date: /home/meta/Documents/robotics_workspace_new/install/robokpy_interfaces/share/robokpy_interfaces/cmake/export_robokpy_interfaces__rosidl_generator_cppExport.cmake
[15.985s] -- Up-to-date: /home/meta/Documents/robotics_workspace_new/install/robokpy_interfaces/share/robokpy_interfaces/cmake/export_robokpy_interfaces__rosidl_typesupport_fastrtps_cppExport.cmake
[15.985s] -- Up-to-date: /home/meta/Documents/robotics_workspace_new/install/robokpy_interfaces/share/robokpy_interfaces/cmake/export_robokpy_interfaces__rosidl_typesupport_fastrtps_cppExport-noconfig.cmake
[16.016s] -- Up-to-date: /home/meta/Documents/robotics_workspace_new/install/robokpy_interfaces/share/robokpy_interfaces/cmake/robokpy_interfaces__rosidl_typesupport_introspection_cppExport.cmake
[16.017s] -- Up-to-date: /home/meta/Documents/robotics_workspace_new/install/robokpy_interfaces/share/robokpy_interfaces/cmake/robokpy_interfaces__rosidl_typesupport_introspection_cppExport-noconfig.cmake
[16.041s] -- Up-to-date: /home/meta/Documents/robotics_workspace_new/install/robokpy_interfaces/share/robokpy_interfaces/cmake/robokpy_interfaces__rosidl_typesupport_cppExport.cmake
[16.041s] -- Up-to-date: /home/meta/Documents/robotics_workspace_new/install/robokpy_interfaces/share/robokpy_interfaces/cmake/robokpy_interfaces__rosidl_typesupport_cppExport-noconfig.cmake
[16.087s] -- Up-to-date: /home/meta/Documents/robotics_workspace_new/install/robokpy_interfaces/share/robokpy_interfaces/cmake/export_robokpy_interfaces__rosidl_generator_pyExport.cmake
[16.088s] -- Up-to-date: /home/meta/Documents/robotics_workspace_new/install/robokpy_interfaces/share/robokpy_interfaces/cmake/export_robokpy_interfaces__rosidl_generator_pyExport-noconfig.cmake
[16.088s] -- Up-to-date: /home/meta/Documents/robotics_workspace_new/install/robokpy_interfaces/share/robokpy_interfaces/cmake/rosidl_cmake-extras.cmake
[16.089s] -- Up-to-date: /home/meta/Documents/robotics_workspace_new/install/robokpy_interfaces/share/robokpy_interfaces/cmake/ament_cmake_export_dependencies-extras.cmake
[16.089s] -- Up-to-date: /home/meta/Documents/robotics_workspace_new/install/robokpy_interfaces/share/robokpy_interfaces/cmake/ament_cmake_export_include_directories-extras.cmake
[16.089s] -- Up-to-date: /home/meta/Documents/robotics_workspace_new/install/robokpy_interfaces/share/robokpy_interfaces/cmake/ament_cmake_export_libraries-extras.cmake
[16.090s] -- Up-to-date: /home/meta/Documents/robotics_workspace_new/install/robokpy_interfaces/share/robokpy_interfaces/cmake/ament_cmake_export_targets-extras.cmake
[16.090s] -- Up-to-date: /home/meta/Documents/robotics_workspace_new/install/robokpy_interfaces/share/robokpy_interfaces/cmake/rosidl_cmake_export_typesupport_targets-extras.cmake
[16.090s] -- Up-to-date: /home/meta/Documents/robotics_workspace_new/install/robokpy_interfaces/share/robokpy_interfaces/cmake/rosidl_cmake_export_typesupport_libraries-extras.cmake
[16.130s] -- Up-to-date: /home/meta/Documents/robotics_workspace_new/install/robokpy_interfaces/share/robokpy_interfaces/cmake/robokpy_interfacesConfig.cmake
[16.131s] -- Up-to-date: /home/meta/Documents/robotics_workspace_new/install/robokpy_interfaces/share/robokpy_interfaces/cmake/robokpy_interfacesConfig-version.cmake
[16.131s] -- Up-to-date: /home/meta/Documents/robotics_workspace_new/install/robokpy_interfaces/share/robokpy_interfaces/package.xml
[16.231s] Invoked command in '/home/meta/Documents/robotics_workspace_new/build/robokpy_interfaces' returned '0': CMAKE_PREFIX_PATH=${CMAKE_PREFIX_PATH}:/home/meta/Documents/robotics_workspace_new/install/robokpy_controller:/home/meta/Documents/robotics_workspace_new/install/robokpy:/opt/ros/jazzy DEBUGINFOD_URLS=https://debuginfod.ubuntu.com /bin/cmake --install /home/meta/Documents/robotics_workspace_new/build/robokpy_interfaces
