[0.224s] Invoking command in '/home/meta/Documents/robotics_workspace_new/build/robokpy_interfaces': CMAKE_PREFIX_PATH=${CMAKE_PREFIX_PATH}:/home/meta/Documents/robotics_workspace_new/install/robokpy_controller:/home/meta/Documents/robotics_workspace_new/install/robokpy:/opt/ros/jazzy DEBUGINFOD_URLS=https://debuginfod.ubuntu.com /bin/cmake --build /home/meta/Documents/robotics_workspace_new/build/robokpy_interfaces -- -j4 -l4
[2.204s] [  1%] Built target robokpy_interfaces__rosidl_generator_type_description
[2.382s] [  1%] Built target robokpy_interfaces__cpp
[2.628s] [ 29%] Built target robokpy_interfaces__rosidl_generator_c
[3.049s] [ 39%] Built target robokpy_interfaces__rosidl_typesupport_introspection_c
[3.079s] [ 49%] Built target robokpy_interfaces__rosidl_typesupport_fastrtps_c
[3.157s] [ 58%] Built target robokpy_interfaces__rosidl_typesupport_cpp
[3.505s] [ 68%] Built target robokpy_interfaces__rosidl_typesupport_c
[3.638s] [ 78%] Built target robokpy_interfaces__rosidl_typesupport_fastrtps_cpp
[3.842s] [ 88%] Built target robokpy_interfaces__rosidl_typesupport_introspection_cpp
[4.005s] [ 88%] Built target robokpy_interfaces
[4.367s] [ 88%] Built target robokpy_interfaces__py
[5.168s] [ 97%] Built target robokpy_interfaces__rosidl_generator_py
[5.520s] [ 98%] Built target robokpy_interfaces_s__rosidl_typesupport_fastrtps_c
[5.564s] [ 98%] Built target ament_cmake_python_copy_robokpy_interfaces
[5.605s] [ 99%] Built target robokpy_interfaces_s__rosidl_typesupport_c
[5.637s] [100%] Built target robokpy_interfaces_s__rosidl_typesupport_introspection_c
[6.947s] running egg_info
[7.038s] writing robokpy_interfaces.egg-info/PKG-INFO
[7.038s] writing dependency_links to robokpy_interfaces.egg-info/dependency_links.txt
[7.038s] writing top-level names to robokpy_interfaces.egg-info/top_level.txt
[7.319s] reading manifest file 'robokpy_interfaces.egg-info/SOURCES.txt'
[7.321s] writing manifest file 'robokpy_interfaces.egg-info/SOURCES.txt'
[7.393s] [100%] Built target ament_cmake_python_build_robokpy_interfaces_egg
[7.423s] Invoked command in '/home/meta/Documents/robotics_workspace_new/build/robokpy_interfaces' returned '0': CMAKE_PREFIX_PATH=${CMAKE_PREFIX_PATH}:/home/meta/Documents/robotics_workspace_new/install/robokpy_controller:/home/meta/Documents/robotics_workspace_new/install/robokpy:/opt/ros/jazzy DEBUGINFOD_URLS=https://debuginfod.ubuntu.com /bin/cmake --build /home/meta/Documents/robotics_workspace_new/build/robokpy_interfaces -- -j4 -l4
[8.484s] Invoking command in '/home/meta/Documents/robotics_workspace_new/build/robokpy_interfaces': CMAKE_PREFIX_PATH=${CMAKE_PREFIX_PATH}:/home/meta/Documents/robotics_workspace_new/install/robokpy_controller:/home/meta/Documents/robotics_workspace_new/install/robokpy:/opt/ros/jazzy DEBUGINFOD_URLS=https://debuginfod.ubuntu.com /bin/cmake --install /home/meta/Documents/robotics_workspace_new/build/robokpy_interfaces
[8.553s] -- Install configuration: ""
[8.554s] -- Up-to-date: /home/meta/Documents/robotics_workspace_new/install/robokpy_interfaces/share/ament_index/resource_index/rosidl_interfaces/robokpy_interfaces
[8.554s] -- Up-to-date: /home/meta/Documents/robotics_workspace_new/install/robokpy_interfaces/share/robokpy_interfaces/srv/ExecutionState.json
[8.555s] -- Up-to-date: /home/meta/Documents/robotics_workspace_new/install/robokpy_interfaces/share/robokpy_interfaces/srv/SystemMode.json
[8.555s] -- Up-to-date: /home/meta/Documents/robotics_workspace_new/install/robokpy_interfaces/share/robokpy_interfaces/srv/FK.json
[8.556s] -- Up-to-date: /home/meta/Documents/robotics_workspace_new/install/robokpy_interfaces/share/robokpy_interfaces/srv/IK.json
[8.556s] -- Up-to-date: /home/meta/Documents/robotics_workspace_new/install/robokpy_interfaces/share/robokpy_interfaces/srv/Jacobian.json
[8.557s] -- Up-to-date: /home/meta/Documents/robotics_workspace_new/install/robokpy_interfaces/share/robokpy_interfaces/srv/Reachable.json
[8.557s] -- Up-to-date: /home/meta/Documents/robotics_workspace_new/install/robokpy_interfaces/share/robokpy_interfaces/srv/ChainFK.json
[8.557s] -- Up-to-date: /home/meta/Documents/robotics_workspace_new/install/robokpy_interfaces/share/robokpy_interfaces/srv/SetPlanningTipLink.json
[8.557s] -- Up-to-date: /home/meta/Documents/robotics_workspace_new/install/robokpy_interfaces/share/robokpy_interfaces/srv/GraspAttach.json
[8.558s] -- Up-to-date: /home/meta/Documents/robotics_workspace_new/install/robokpy_interfaces/share/robokpy_interfaces/srv/ResumeExecution.json
[8.558s] -- Up-to-date: /home/meta/Documents/robotics_workspace_new/install/robokpy_interfaces/share/robokpy_interfaces/srv/LoadRecipe.json
[8.558s] -- Up-to-date: /home/meta/Documents/robotics_workspace_new/install/robokpy_interfaces/share/robokpy_interfaces/srv/SpawnObject.json
[8.558s] -- Up-to-date: /home/meta/Documents/robotics_workspace_new/install/robokpy_interfaces/share/robokpy_interfaces/srv/DespawnObject.json
[8.558s] -- Up-to-date: /home/meta/Documents/robotics_workspace_new/install/robokpy_interfaces/share/robokpy_interfaces/srv/ResolveObjectPose.json
[8.559s] -- Up-to-date: /home/meta/Documents/robotics_workspace_new/install/robokpy_interfaces/share/robokpy_interfaces/msg/CellState.json
[8.559s] -- Up-to-date: /home/meta/Documents/robotics_workspace_new/install/robokpy_interfaces/share/robokpy_interfaces/action/ExecuteMotion.json
[8.559s] -- Up-to-date: /home/meta/Documents/robotics_workspace_new/install/robokpy_interfaces/share/robokpy_interfaces/action/ExecuteToolOp.json
[8.559s] -- Up-to-date: /home/meta/Documents/robotics_workspace_new/install/robokpy_interfaces/share/robokpy_interfaces/action/ExecuteVisionOp.json
[8.559s] -- Up-to-date: /home/meta/Documents/robotics_workspace_new/install/robokpy_interfaces/share/robokpy_interfaces/action/SetJointTarget.json
[8.559s] -- Up-to-date: /home/meta/Documents/robotics_workspace_new/install/robokpy_interfaces/include/robokpy_interfaces/robokpy_interfaces
[8.559s] -- Up-to-date: /home/meta/Documents/robotics_workspace_new/install/robokpy_interfaces/include/robokpy_interfaces/robokpy_interfaces/srv
[8.560s] -- Up-to-date: /home/meta/Documents/robotics_workspace_new/install/robokpy_interfaces/include/robokpy_interfaces/robokpy_interfaces/srv/set_planning_tip_link.h
[8.560s] -- Up-to-date: /home/meta/Documents/robotics_workspace_new/install/robokpy_interfaces/include/robokpy_interfaces/robokpy_interfaces/srv/execution_state.h
[8.560s] -- Up-to-date: /home/meta/Documents/robotics_workspace_new/install/robokpy_interfaces/include/robokpy_interfaces/robokpy_interfaces/srv/ik.h
[8.560s] -- Up-to-date: /home/meta/Documents/robotics_workspace_new/install/robokpy_interfaces/include/robokpy_interfaces/robokpy_interfaces/srv/system_mode.h
[8.560s] -- Up-to-date: /home/meta/Documents/robotics_workspace_new/install/robokpy_interfaces/include/robokpy_interfaces/robokpy_interfaces/srv/fk.h
[8.560s] -- Up-to-date: /home/meta/Documents/robotics_workspace_new/install/robokpy_interfaces/include/robokpy_interfaces/robokpy_interfaces/srv/detail
[8.560s] -- Installing: /home/meta/Documents/robotics_workspace_new/install/robokpy_interfaces/include/robokpy_interfaces/robokpy_interfaces/srv/detail/spawn_object__type_support.c
[8.576s] -- Up-to-date: /home/meta/Documents/robotics_workspace_new/install/robokpy_interfaces/include/robokpy_interfaces/robokpy_interfaces/srv/detail/despawnobject__struct.h
[8.576s] -- Up-to-date: /home/meta/Documents/robotics_workspace_new/install/robokpy_interfaces/include/robokpy_interfaces/robokpy_interfaces/srv/detail/jacobian__struct.h
[8.576s] -- Up-to-date: /home/meta/Documents/robotics_workspace_new/install/robokpy_interfaces/include/robokpy_interfaces/robokpy_interfaces/srv/detail/chain_fk__struct.h
[8.576s] -- Up-to-date: /home/meta/Documents/robotics_workspace_new/install/robokpy_interfaces/include/robokpy_interfaces/robokpy_interfaces/srv/detail/jacobian__functions.h
[8.576s] -- Installing: /home/meta/Documents/robotics_workspace_new/install/robokpy_interfaces/include/robokpy_interfaces/robokpy_interfaces/srv/detail/system_mode__type_support.c
[8.609s] -- Up-to-date: /home/meta/Documents/robotics_workspace_new/install/robokpy_interfaces/include/robokpy_interfaces/robokpy_interfaces/srv/detail/resume_execution__functions.c
[8.610s] -- Up-to-date: /home/meta/Documents/robotics_workspace_new/install/robokpy_interfaces/include/robokpy_interfaces/robokpy_interfaces/srv/detail/ik__functions.h
[8.610s] -- Up-to-date: /home/meta/Documents/robotics_workspace_new/install/robokpy_interfaces/include/robokpy_interfaces/robokpy_interfaces/srv/detail/fk__struct.h
[8.610s] -- Up-to-date: /home/meta/Documents/robotics_workspace_new/install/robokpy_interfaces/include/robokpy_interfaces/robokpy_interfaces/srv/detail/execution_state__description.c
[8.610s] -- Up-to-date: /home/meta/Documents/robotics_workspace_new/install/robokpy_interfaces/include/robokpy_interfaces/robokpy_interfaces/srv/detail/chain_fk__functions.h
[8.610s] -- Up-to-date: /home/meta/Documents/robotics_workspace_new/install/robokpy_interfaces/include/robokpy_interfaces/robokpy_interfaces/srv/detail/fk__functions.h
[8.610s] -- Up-to-date: /home/meta/Documents/robotics_workspace_new/install/robokpy_interfaces/include/robokpy_interfaces/robokpy_interfaces/srv/detail/execution_state__functions.c
[8.611s] -- Installing: /home/meta/Documents/robotics_workspace_new/install/robokpy_interfaces/include/robokpy_interfaces/robokpy_interfaces/srv/detail/despawn_object__type_support.c
[8.641s] -- Up-to-date: /home/meta/Documents/robotics_workspace_new/install/robokpy_interfaces/include/robokpy_interfaces/robokpy_interfaces/srv/detail/resolve_object_pose__functions.h
[8.642s] -- Up-to-date: /home/meta/Documents/robotics_workspace_new/install/robokpy_interfaces/include/robokpy_interfaces/robokpy_interfaces/srv/detail/chain_fk__type_support.h
[8.642s] -- Up-to-date: /home/meta/Documents/robotics_workspace_new/install/robokpy_interfaces/include/robokpy_interfaces/robokpy_interfaces/srv/detail/despawnobject__description.c
[8.642s] -- Up-to-date: /home/meta/Documents/robotics_workspace_new/install/robokpy_interfaces/include/robokpy_interfaces/robokpy_interfaces/srv/detail/system_mode__type_support.h
[8.642s] -- Up-to-date: /home/meta/Documents/robotics_workspace_new/install/robokpy_interfaces/include/robokpy_interfaces/robokpy_interfaces/srv/detail/chain_fk__description.c
[8.643s] -- Up-to-date: /home/meta/Documents/robotics_workspace_new/install/robokpy_interfaces/include/robokpy_interfaces/robokpy_interfaces/srv/detail/system_mode__functions.c
[8.643s] -- Up-to-date: /home/meta/Documents/robotics_workspace_new/install/robokpy_interfaces/include/robokpy_interfaces/robokpy_interfaces/srv/detail/set_planning_tip_link__type_support.h
[8.643s] -- Up-to-date: /home/meta/Documents/robotics_workspace_new/install/robokpy_interfaces/include/robokpy_interfaces/robokpy_interfaces/srv/detail/spawn_object__functions.c
[8.643s] -- Up-to-date: /home/meta/Documents/robotics_workspace_new/install/robokpy_interfaces/include/robokpy_interfaces/robokpy_interfaces/srv/detail/grasp_attach__functions.h
[8.643s] -- Installing: /home/meta/Documents/robotics_workspace_new/install/robokpy_interfaces/include/robokpy_interfaces/robokpy_interfaces/srv/detail/chain_fk__type_support.c
[8.684s] -- Up-to-date: /home/meta/Documents/robotics_workspace_new/install/robokpy_interfaces/include/robokpy_interfaces/robokpy_interfaces/srv/detail/despawn_object__description.c
[8.684s] -- Up-to-date: /home/meta/Documents/robotics_workspace_new/install/robokpy_interfaces/include/robokpy_interfaces/robokpy_interfaces/srv/detail/set_planning_tip_link__description.c
[8.684s] -- Up-to-date: /home/meta/Documents/robotics_workspace_new/install/robokpy_interfaces/include/robokpy_interfaces/robokpy_interfaces/srv/detail/reachable__functions.h
[8.684s] -- Up-to-date: /home/meta/Documents/robotics_workspace_new/install/robokpy_interfaces/include/robokpy_interfaces/robokpy_interfaces/srv/detail/ik__struct.h
[8.685s] -- Installing: /home/meta/Documents/robotics_workspace_new/install/robokpy_interfaces/include/robokpy_interfaces/robokpy_interfaces/srv/detail/despawnobject__type_support.c
[8.716s] -- Up-to-date: /home/meta/Documents/robotics_workspace_new/install/robokpy_interfaces/include/robokpy_interfaces/robokpy_interfaces/srv/detail/spawn_object__functions.h
[8.716s] -- Up-to-date: /home/meta/Documents/robotics_workspace_new/install/robokpy_interfaces/include/robokpy_interfaces/robokpy_interfaces/srv/detail/resume_execution__type_support.h
[8.717s] -- Up-to-date: /home/meta/Documents/robotics_workspace_new/install/robokpy_interfaces/include/robokpy_interfaces/robokpy_interfaces/srv/detail/spawn_object__type_support.h
[8.717s] -- Up-to-date: /home/meta/Documents/robotics_workspace_new/install/robokpy_interfaces/include/robokpy_interfaces/robokpy_interfaces/srv/detail/load_recipe__struct.h
[8.717s] -- Up-to-date: /home/meta/Documents/robotics_workspace_new/install/robokpy_interfaces/include/robokpy_interfaces/robokpy_interfaces/srv/detail/set_planning_tip_link__struct.h
[8.717s] -- Installing: /home/meta/Documents/robotics_workspace_new/install/robokpy_interfaces/include/robokpy_interfaces/robokpy_interfaces/srv/detail/reachable__type_support.c
[8.737s] -- Installing: /home/meta/Documents/robotics_workspace_new/install/robokpy_interfaces/include/robokpy_interfaces/robokpy_interfaces/srv/detail/resolve_object_pose__type_support.c
[8.754s] -- Up-to-date: /home/meta/Documents/robotics_workspace_new/install/robokpy_interfaces/include/robokpy_interfaces/robokpy_interfaces/srv/detail/jacobian__description.c
[8.754s] -- Up-to-date: /home/meta/Documents/robotics_workspace_new/install/robokpy_interfaces/include/robokpy_interfaces/robokpy_interfaces/srv/detail/despawn_object__functions.h
[8.754s] -- Up-to-date: /home/meta/Documents/robotics_workspace_new/install/robokpy_interfaces/include/robokpy_interfaces/robokpy_interfaces/srv/detail/spawnobject__functions.h
[8.755s] -- Installing: /home/meta/Documents/robotics_workspace_new/install/robokpy_interfaces/include/robokpy_interfaces/robokpy_interfaces/srv/detail/spawnobject__type_support.c
[8.775s] -- Up-to-date: /home/meta/Documents/robotics_workspace_new/install/robokpy_interfaces/include/robokpy_interfaces/robokpy_interfaces/srv/detail/resolve_object_pose__struct.h
[8.775s] -- Up-to-date: /home/meta/Documents/robotics_workspace_new/install/robokpy_interfaces/include/robokpy_interfaces/robokpy_interfaces/srv/detail/spawn_object__struct.h
[8.775s] -- Up-to-date: /home/meta/Documents/robotics_workspace_new/install/robokpy_interfaces/include/robokpy_interfaces/robokpy_interfaces/srv/detail/despawnobject__functions.h
[8.776s] -- Up-to-date: /home/meta/Documents/robotics_workspace_new/install/robokpy_interfaces/include/robokpy_interfaces/robokpy_interfaces/srv/detail/load_recipe__functions.c
[8.776s] -- Installing: /home/meta/Documents/robotics_workspace_new/install/robokpy_interfaces/include/robokpy_interfaces/robokpy_interfaces/srv/detail/ik__type_support.c
[8.791s] -- Up-to-date: /home/meta/Documents/robotics_workspace_new/install/robokpy_interfaces/include/robokpy_interfaces/robokpy_interfaces/srv/detail/fk__functions.c
[8.791s] -- Installing: /home/meta/Documents/robotics_workspace_new/install/robokpy_interfaces/include/robokpy_interfaces/robokpy_interfaces/srv/detail/fk__type_support.c
[8.821s] -- Installing: /home/meta/Documents/robotics_workspace_new/install/robokpy_interfaces/include/robokpy_interfaces/robokpy_interfaces/srv/detail/resume_execution__type_support.c
[8.840s] -- Installing: /home/meta/Documents/robotics_workspace_new/install/robokpy_interfaces/include/robokpy_interfaces/robokpy_interfaces/srv/detail/set_planning_tip_link__type_support.c
[8.861s] -- Up-to-date: /home/meta/Documents/robotics_workspace_new/install/robokpy_interfaces/include/robokpy_interfaces/robokpy_interfaces/srv/detail/spawnobject__type_support.h
[8.861s] -- Up-to-date: /home/meta/Documents/robotics_workspace_new/install/robokpy_interfaces/include/robokpy_interfaces/robokpy_interfaces/srv/detail/grasp_attach__description.c
[8.861s] -- Up-to-date: /home/meta/Documents/robotics_workspace_new/install/robokpy_interfaces/include/robokpy_interfaces/robokpy_interfaces/srv/detail/despawnobject__type_support.h
[8.861s] -- Up-to-date: /home/meta/Documents/robotics_workspace_new/install/robokpy_interfaces/include/robokpy_interfaces/robokpy_interfaces/srv/detail/execution_state__struct.h
[8.862s] -- Up-to-date: /home/meta/Documents/robotics_workspace_new/install/robokpy_interfaces/include/robokpy_interfaces/robokpy_interfaces/srv/detail/ik__type_support.h
[8.862s] -- Up-to-date: /home/meta/Documents/robotics_workspace_new/install/robokpy_interfaces/include/robokpy_interfaces/robokpy_interfaces/srv/detail/grasp_attach__struct.h
[8.862s] -- Up-to-date: /home/meta/Documents/robotics_workspace_new/install/robokpy_interfaces/include/robokpy_interfaces/robokpy_interfaces/srv/detail/ik__functions.c
[8.862s] -- Up-to-date: /home/meta/Documents/robotics_workspace_new/install/robokpy_interfaces/include/robokpy_interfaces/robokpy_interfaces/srv/detail/set_planning_tip_link__functions.h
[8.864s] -- Up-to-date: /home/meta/Documents/robotics_workspace_new/install/robokpy_interfaces/include/robokpy_interfaces/robokpy_interfaces/srv/detail/resume_execution__description.c
[8.864s] -- Up-to-date: /home/meta/Documents/robotics_workspace_new/install/robokpy_interfaces/include/robokpy_interfaces/robokpy_interfaces/srv/detail/load_recipe__description.c
[8.864s] -- Up-to-date: /home/meta/Documents/robotics_workspace_new/install/robokpy_interfaces/include/robokpy_interfaces/robokpy_interfaces/srv/detail/resolve_object_pose__type_support.h
[8.865s] -- Installing: /home/meta/Documents/robotics_workspace_new/install/robokpy_interfaces/include/robokpy_interfaces/robokpy_interfaces/srv/detail/load_recipe__type_support.c
[8.869s] -- Up-to-date: /home/meta/Documents/robotics_workspace_new/install/robokpy_interfaces/include/robokpy_interfaces/robokpy_interfaces/srv/detail/reachable__type_support.h
[8.869s] -- Up-to-date: /home/meta/Documents/robotics_workspace_new/install/robokpy_interfaces/include/robokpy_interfaces/robokpy_interfaces/srv/detail/chain_fk__functions.c
[8.870s] -- Installing: /home/meta/Documents/robotics_workspace_new/install/robokpy_interfaces/include/robokpy_interfaces/robokpy_interfaces/srv/detail/jacobian__type_support.c
[8.878s] -- Up-to-date: /home/meta/Documents/robotics_workspace_new/install/robokpy_interfaces/include/robokpy_interfaces/robokpy_interfaces/srv/detail/resolve_object_pose__description.c
[8.879s] -- Up-to-date: /home/meta/Documents/robotics_workspace_new/install/robokpy_interfaces/include/robokpy_interfaces/robokpy_interfaces/srv/detail/spawnobject__functions.c
[8.879s] -- Up-to-date: /home/meta/Documents/robotics_workspace_new/install/robokpy_interfaces/include/robokpy_interfaces/robokpy_interfaces/srv/detail/reachable__description.c
[8.879s] -- Up-to-date: /home/meta/Documents/robotics_workspace_new/install/robokpy_interfaces/include/robokpy_interfaces/robokpy_interfaces/srv/detail/reachable__functions.c
[8.879s] -- Up-to-date: /home/meta/Documents/robotics_workspace_new/install/robokpy_interfaces/include/robokpy_interfaces/robokpy_interfaces/srv/detail/despawn_object__functions.c
[8.881s] -- Up-to-date: /home/meta/Documents/robotics_workspace_new/install/robokpy_interfaces/include/robokpy_interfaces/robokpy_interfaces/srv/detail/jacobian__functions.c
[8.881s] -- Up-to-date: /home/meta/Documents/robotics_workspace_new/install/robokpy_interfaces/include/robokpy_interfaces/robokpy_interfaces/srv/detail/resolve_object_pose__functions.c
[8.883s] -- Installing: /home/meta/Documents/robotics_workspace_new/install/robokpy_interfaces/include/robokpy_interfaces/robokpy_interfaces/srv/detail/grasp_attach__type_support.c
[8.907s] -- Up-to-date: /home/meta/Documents/robotics_workspace_new/install/robokpy_interfaces/include/robokpy_interfaces/robokpy_interfaces/srv/detail/execution_state__type_support.h
[8.907s] -- Up-to-date: /home/meta/Documents/robotics_workspace_new/install/robokpy_interfaces/include/robokpy_interfaces/robokpy_interfaces/srv/detail/spawn_object__description.c
[8.908s] -- Up-to-date: /home/meta/Documents/robotics_workspace_new/install/robokpy_interfaces/include/robokpy_interfaces/robokpy_interfaces/srv/detail/despawn_object__struct.h
[8.908s] -- Up-to-date: /home/meta/Documents/robotics_workspace_new/install/robokpy_interfaces/include/robokpy_interfaces/robokpy_interfaces/srv/detail/load_recipe__type_support.h
[8.908s] -- Up-to-date: /home/meta/Documents/robotics_workspace_new/install/robokpy_interfaces/include/robokpy_interfaces/robokpy_interfaces/srv/detail/resume_execution__functions.h
[8.909s] -- Up-to-date: /home/meta/Documents/robotics_workspace_new/install/robokpy_interfaces/include/robokpy_interfaces/robokpy_interfaces/srv/detail/ik__description.c
[8.909s] -- Up-to-date: /home/meta/Documents/robotics_workspace_new/install/robokpy_interfaces/include/robokpy_interfaces/robokpy_interfaces/srv/detail/grasp_attach__type_support.h
[8.912s] -- Up-to-date: /home/meta/Documents/robotics_workspace_new/install/robokpy_interfaces/include/robokpy_interfaces/robokpy_interfaces/srv/detail/spawnobject__struct.h
[8.912s] -- Up-to-date: /home/meta/Documents/robotics_workspace_new/install/robokpy_interfaces/include/robokpy_interfaces/robokpy_interfaces/srv/detail/set_planning_tip_link__functions.c
[8.912s] -- Up-to-date: /home/meta/Documents/robotics_workspace_new/install/robokpy_interfaces/include/robokpy_interfaces/robokpy_interfaces/srv/detail/grasp_attach__functions.c
[8.912s] -- Up-to-date: /home/meta/Documents/robotics_workspace_new/install/robokpy_interfaces/include/robokpy_interfaces/robokpy_interfaces/srv/detail/fk__description.c
[8.915s] -- Up-to-date: /home/meta/Documents/robotics_workspace_new/install/robokpy_interfaces/include/robokpy_interfaces/robokpy_interfaces/srv/detail/load_recipe__functions.h
[8.915s] -- Up-to-date: /home/meta/Documents/robotics_workspace_new/install/robokpy_interfaces/include/robokpy_interfaces/robokpy_interfaces/srv/detail/despawn_object__type_support.h
[8.916s] -- Up-to-date: /home/meta/Documents/robotics_workspace_new/install/robokpy_interfaces/include/robokpy_interfaces/robokpy_interfaces/srv/detail/reachable__struct.h
[8.917s] -- Installing: /home/meta/Documents/robotics_workspace_new/install/robokpy_interfaces/include/robokpy_interfaces/robokpy_interfaces/srv/detail/execution_state__type_support.c
[8.940s] -- Up-to-date: /home/meta/Documents/robotics_workspace_new/install/robokpy_interfaces/include/robokpy_interfaces/robokpy_interfaces/srv/detail/fk__type_support.h
[8.940s] -- Up-to-date: /home/meta/Documents/robotics_workspace_new/install/robokpy_interfaces/include/robokpy_interfaces/robokpy_interfaces/srv/detail/resume_execution__struct.h
[8.941s] -- Up-to-date: /home/meta/Documents/robotics_workspace_new/install/robokpy_interfaces/include/robokpy_interfaces/robokpy_interfaces/srv/detail/system_mode__description.c
[8.941s] -- Up-to-date: /home/meta/Documents/robotics_workspace_new/install/robokpy_interfaces/include/robokpy_interfaces/robokpy_interfaces/srv/detail/system_mode__struct.h
[8.941s] -- Up-to-date: /home/meta/Documents/robotics_workspace_new/install/robokpy_interfaces/include/robokpy_interfaces/robokpy_interfaces/srv/detail/despawnobject__functions.c
[8.942s] -- Up-to-date: /home/meta/Documents/robotics_workspace_new/install/robokpy_interfaces/include/robokpy_interfaces/robokpy_interfaces/srv/detail/spawnobject__description.c
[8.942s] -- Up-to-date: /home/meta/Documents/robotics_workspace_new/install/robokpy_interfaces/include/robokpy_interfaces/robokpy_interfaces/srv/detail/system_mode__functions.h
[8.942s] -- Up-to-date: /home/meta/Documents/robotics_workspace_new/install/robokpy_interfaces/include/robokpy_interfaces/robokpy_interfaces/srv/detail/jacobian__type_support.h
[8.946s] -- Up-to-date: /home/meta/Documents/robotics_workspace_new/install/robokpy_interfaces/include/robokpy_interfaces/robokpy_interfaces/srv/detail/execution_state__functions.h
[8.946s] -- Up-to-date: /home/meta/Documents/robotics_workspace_new/install/robokpy_interfaces/include/robokpy_interfaces/robokpy_interfaces/srv/grasp_attach.h
[8.946s] -- Up-to-date: /home/meta/Documents/robotics_workspace_new/install/robokpy_interfaces/include/robokpy_interfaces/robokpy_interfaces/srv/reachable.h
[8.947s] -- Up-to-date: /home/meta/Documents/robotics_workspace_new/install/robokpy_interfaces/include/robokpy_interfaces/robokpy_interfaces/srv/chain_fk.h
[8.947s] -- Up-to-date: /home/meta/Documents/robotics_workspace_new/install/robokpy_interfaces/include/robokpy_interfaces/robokpy_interfaces/srv/spawnobject.h
[8.947s] -- Up-to-date: /home/meta/Documents/robotics_workspace_new/install/robokpy_interfaces/include/robokpy_interfaces/robokpy_interfaces/srv/resolve_object_pose.h
[8.948s] -- Up-to-date: /home/meta/Documents/robotics_workspace_new/install/robokpy_interfaces/include/robokpy_interfaces/robokpy_interfaces/srv/jacobian.h
[8.948s] -- Up-to-date: /home/meta/Documents/robotics_workspace_new/install/robokpy_interfaces/include/robokpy_interfaces/robokpy_interfaces/srv/resume_execution.h
[8.948s] -- Up-to-date: /home/meta/Documents/robotics_workspace_new/install/robokpy_interfaces/include/robokpy_interfaces/robokpy_interfaces/srv/spawn_object.h
[8.954s] -- Up-to-date: /home/meta/Documents/robotics_workspace_new/install/robokpy_interfaces/include/robokpy_interfaces/robokpy_interfaces/srv/despawn_object.h
[8.954s] -- Up-to-date: /home/meta/Documents/robotics_workspace_new/install/robokpy_interfaces/include/robokpy_interfaces/robokpy_interfaces/srv/load_recipe.h
[8.955s] -- Up-to-date: /home/meta/Documents/robotics_workspace_new/install/robokpy_interfaces/include/robokpy_interfaces/robokpy_interfaces/srv/despawnobject.h
[8.955s] -- Up-to-date: /home/meta/Documents/robotics_workspace_new/install/robokpy_interfaces/include/robokpy_interfaces/robokpy_interfaces/action
[8.955s] -- Up-to-date: /home/meta/Documents/robotics_workspace_new/install/robokpy_interfaces/include/robokpy_interfaces/robokpy_interfaces/action/robot_trajectory.h
[8.956s] -- Up-to-date: /home/meta/Documents/robotics_workspace_new/install/robokpy_interfaces/include/robokpy_interfaces/robokpy_interfaces/action/detail
[8.956s] -- Up-to-date: /home/meta/Documents/robotics_workspace_new/install/robokpy_interfaces/include/robokpy_interfaces/robokpy_interfaces/action/detail/tool_execution__type_support.h
[8.956s] -- Up-to-date: /home/meta/Documents/robotics_workspace_new/install/robokpy_interfaces/include/robokpy_interfaces/robokpy_interfaces/action/detail/execute_vision_op__type_support.h
[8.957s] -- Up-to-date: /home/meta/Documents/robotics_workspace_new/install/robokpy_interfaces/include/robokpy_interfaces/robokpy_interfaces/action/detail/robot_trajectory__type_support.h
[8.957s] -- Up-to-date: /home/meta/Documents/robotics_workspace_new/install/robokpy_interfaces/include/robokpy_interfaces/robokpy_interfaces/action/detail/tool_execution__description.c
[8.958s] -- Installing: /home/meta/Documents/robotics_workspace_new/install/robokpy_interfaces/include/robokpy_interfaces/robokpy_interfaces/action/detail/set_joint_target__type_support.c
[8.980s] -- Up-to-date: /home/meta/Documents/robotics_workspace_new/install/robokpy_interfaces/include/robokpy_interfaces/robokpy_interfaces/action/detail/robot_trajectory__functions.h
[8.980s] -- Up-to-date: /home/meta/Documents/robotics_workspace_new/install/robokpy_interfaces/include/robokpy_interfaces/robokpy_interfaces/action/detail/execute_vision_op__struct.h
[8.981s] -- Installing: /home/meta/Documents/robotics_workspace_new/install/robokpy_interfaces/include/robokpy_interfaces/robokpy_interfaces/action/detail/execute_vision_op__type_support.c
[9.004s] -- Up-to-date: /home/meta/Documents/robotics_workspace_new/install/robokpy_interfaces/include/robokpy_interfaces/robokpy_interfaces/action/detail/robot_trajectory__functions.c
[9.005s] -- Up-to-date: /home/meta/Documents/robotics_workspace_new/install/robokpy_interfaces/include/robokpy_interfaces/robokpy_interfaces/action/detail/set_joint_target__struct.h
[9.005s] -- Installing: /home/meta/Documents/robotics_workspace_new/install/robokpy_interfaces/include/robokpy_interfaces/robokpy_interfaces/action/detail/execute_tool_op__type_support.c
[9.012s] -- Up-to-date: /home/meta/Documents/robotics_workspace_new/install/robokpy_interfaces/include/robokpy_interfaces/robokpy_interfaces/action/detail/execute_tool_op__struct.h
[9.013s] -- Up-to-date: /home/meta/Documents/robotics_workspace_new/install/robokpy_interfaces/include/robokpy_interfaces/robokpy_interfaces/action/detail/set_joint_target__functions.h
[9.013s] -- Up-to-date: /home/meta/Documents/robotics_workspace_new/install/robokpy_interfaces/include/robokpy_interfaces/robokpy_interfaces/action/detail/execute_tool_op__functions.h
[9.017s] -- Up-to-date: /home/meta/Documents/robotics_workspace_new/install/robokpy_interfaces/include/robokpy_interfaces/robokpy_interfaces/action/detail/execute_motion__type_support.h
[9.017s] -- Up-to-date: /home/meta/Documents/robotics_workspace_new/install/robokpy_interfaces/include/robokpy_interfaces/robokpy_interfaces/action/detail/set_joint_target__functions.c
[9.017s] -- Installing: /home/meta/Documents/robotics_workspace_new/install/robokpy_interfaces/include/robokpy_interfaces/robokpy_interfaces/action/detail/robot_trajectory__type_support.c
[9.042s] -- Up-to-date: /home/meta/Documents/robotics_workspace_new/install/robokpy_interfaces/include/robokpy_interfaces/robokpy_interfaces/action/detail/robot_trajectory__struct.h
[9.042s] -- Up-to-date: /home/meta/Documents/robotics_workspace_new/install/robokpy_interfaces/include/robokpy_interfaces/robokpy_interfaces/action/detail/set_joint_target__description.c
[9.043s] -- Up-to-date: /home/meta/Documents/robotics_workspace_new/install/robokpy_interfaces/include/robokpy_interfaces/robokpy_interfaces/action/detail/execute_tool_op__type_support.h
[9.043s] -- Up-to-date: /home/meta/Documents/robotics_workspace_new/install/robokpy_interfaces/include/robokpy_interfaces/robokpy_interfaces/action/detail/execute_vision_op__functions.c
[9.043s] -- Up-to-date: /home/meta/Documents/robotics_workspace_new/install/robokpy_interfaces/include/robokpy_interfaces/robokpy_interfaces/action/detail/execute_vision_op__functions.h
[9.044s] -- Up-to-date: /home/meta/Documents/robotics_workspace_new/install/robokpy_interfaces/include/robokpy_interfaces/robokpy_interfaces/action/detail/execute_vision_op__description.c
[9.044s] -- Up-to-date: /home/meta/Documents/robotics_workspace_new/install/robokpy_interfaces/include/robokpy_interfaces/robokpy_interfaces/action/detail/tool_execution__functions.h
[9.045s] -- Up-to-date: /home/meta/Documents/robotics_workspace_new/install/robokpy_interfaces/include/robokpy_interfaces/robokpy_interfaces/action/detail/robot_trajectory__description.c
[9.045s] -- Installing: /home/meta/Documents/robotics_workspace_new/install/robokpy_interfaces/include/robokpy_interfaces/robokpy_interfaces/action/detail/tool_execution__type_support.c
[9.074s] -- Up-to-date: /home/meta/Documents/robotics_workspace_new/install/robokpy_interfaces/include/robokpy_interfaces/robokpy_interfaces/action/detail/execute_motion__functions.h
[9.074s] -- Installing: /home/meta/Documents/robotics_workspace_new/install/robokpy_interfaces/include/robokpy_interfaces/robokpy_interfaces/action/detail/execute_motion__type_support.c
[9.139s] -- Up-to-date: /home/meta/Documents/robotics_workspace_new/install/robokpy_interfaces/include/robokpy_interfaces/robokpy_interfaces/action/detail/execute_motion__struct.h
[9.140s] -- Up-to-date: /home/meta/Documents/robotics_workspace_new/install/robokpy_interfaces/include/robokpy_interfaces/robokpy_interfaces/action/detail/set_joint_target__type_support.h
[9.140s] -- Up-to-date: /home/meta/Documents/robotics_workspace_new/install/robokpy_interfaces/include/robokpy_interfaces/robokpy_interfaces/action/detail/tool_execution__functions.c
[9.140s] -- Up-to-date: /home/meta/Documents/robotics_workspace_new/install/robokpy_interfaces/include/robokpy_interfaces/robokpy_interfaces/action/detail/tool_execution__struct.h
[9.140s] -- Up-to-date: /home/meta/Documents/robotics_workspace_new/install/robokpy_interfaces/include/robokpy_interfaces/robokpy_interfaces/action/detail/execute_tool_op__functions.c
[9.144s] -- Up-to-date: /home/meta/Documents/robotics_workspace_new/install/robokpy_interfaces/include/robokpy_interfaces/robokpy_interfaces/action/detail/execute_motion__functions.c
[9.144s] -- Up-to-date: /home/meta/Documents/robotics_workspace_new/install/robokpy_interfaces/include/robokpy_interfaces/robokpy_interfaces/action/detail/execute_tool_op__description.c
[9.146s] -- Up-to-date: /home/meta/Documents/robotics_workspace_new/install/robokpy_interfaces/include/robokpy_interfaces/robokpy_interfaces/action/detail/execute_motion__description.c
[9.147s] -- Up-to-date: /home/meta/Documents/robotics_workspace_new/install/robokpy_interfaces/include/robokpy_interfaces/robokpy_interfaces/action/tool_execution.h
[9.147s] -- Up-to-date: /home/meta/Documents/robotics_workspace_new/install/robokpy_interfaces/include/robokpy_interfaces/robokpy_interfaces/action/set_joint_target.h
[9.147s] -- Up-to-date: /home/meta/Documents/robotics_workspace_new/install/robokpy_interfaces/include/robokpy_interfaces/robokpy_interfaces/action/execute_motion.h
[9.148s] -- Up-to-date: /home/meta/Documents/robotics_workspace_new/install/robokpy_interfaces/include/robokpy_interfaces/robokpy_interfaces/action/execute_vision_op.h
[9.148s] -- Up-to-date: /home/meta/Documents/robotics_workspace_new/install/robokpy_interfaces/include/robokpy_interfaces/robokpy_interfaces/action/execute_tool_op.h
[9.148s] -- Up-to-date: /home/meta/Documents/robotics_workspace_new/install/robokpy_interfaces/include/robokpy_interfaces/robokpy_interfaces/msg
[9.150s] -- Up-to-date: /home/meta/Documents/robotics_workspace_new/install/robokpy_interfaces/include/robokpy_interfaces/robokpy_interfaces/msg/cell_state.h
[9.152s] -- Up-to-date: /home/meta/Documents/robotics_workspace_new/install/robokpy_interfaces/include/robokpy_interfaces/robokpy_interfaces/msg/detail
[9.152s] -- Up-to-date: /home/meta/Documents/robotics_workspace_new/install/robokpy_interfaces/include/robokpy_interfaces/robokpy_interfaces/msg/detail/cell_state__functions.h
[9.154s] -- Up-to-date: /home/meta/Documents/robotics_workspace_new/install/robokpy_interfaces/include/robokpy_interfaces/robokpy_interfaces/msg/detail/cell_state__functions.c
[9.154s] -- Up-to-date: /home/meta/Documents/robotics_workspace_new/install/robokpy_interfaces/include/robokpy_interfaces/robokpy_interfaces/msg/detail/cell_state__type_support.h
[9.156s] -- Up-to-date: /home/meta/Documents/robotics_workspace_new/install/robokpy_interfaces/include/robokpy_interfaces/robokpy_interfaces/msg/detail/cell_state__struct.h
[9.156s] -- Installing: /home/meta/Documents/robotics_workspace_new/install/robokpy_interfaces/include/robokpy_interfaces/robokpy_interfaces/msg/detail/cell_state__type_support.c
[9.156s] -- Up-to-date: /home/meta/Documents/robotics_workspace_new/install/robokpy_interfaces/include/robokpy_interfaces/robokpy_interfaces/msg/detail/cell_state__description.c
[9.156s] -- Up-to-date: /home/meta/Documents/robotics_workspace_new/install/robokpy_interfaces/include/robokpy_interfaces/robokpy_interfaces/msg/rosidl_generator_c__visibility_control.h
[9.157s] -- Up-to-date: /home/meta/Documents/robotics_workspace_new/install/robokpy_interfaces/share/robokpy_interfaces/environment/library_path.sh
[9.158s] -- Up-to-date: /home/meta/Documents/robotics_workspace_new/install/robokpy_interfaces/share/robokpy_interfaces/environment/library_path.dsv
[9.160s] -- Up-to-date: /home/meta/Documents/robotics_workspace_new/install/robokpy_interfaces/lib/librobokpy_interfaces__rosidl_generator_c.so
[9.160s] -- Up-to-date: /home/meta/Documents/robotics_workspace_new/install/robokpy_interfaces/include/robokpy_interfaces/robokpy_interfaces
[9.160s] -- Up-to-date: /home/meta/Documents/robotics_workspace_new/install/robokpy_interfaces/include/robokpy_interfaces/robokpy_interfaces/srv
[9.162s] -- Up-to-date: /home/meta/Documents/robotics_workspace_new/install/robokpy_interfaces/include/robokpy_interfaces/robokpy_interfaces/srv/detail
[9.168s] -- Up-to-date: /home/meta/Documents/robotics_workspace_new/install/robokpy_interfaces/include/robokpy_interfaces/robokpy_interfaces/srv/detail/despawn_object__rosidl_typesupport_fastrtps_c.h
[9.170s] -- Up-to-date: /home/meta/Documents/robotics_workspace_new/install/robokpy_interfaces/include/robokpy_interfaces/robokpy_interfaces/srv/detail/grasp_attach__rosidl_typesupport_fastrtps_c.h
[9.170s] -- Up-to-date: /home/meta/Documents/robotics_workspace_new/install/robokpy_interfaces/include/robokpy_interfaces/robokpy_interfaces/srv/detail/spawn_object__rosidl_typesupport_fastrtps_c.h
[9.170s] -- Up-to-date: /home/meta/Documents/robotics_workspace_new/install/robokpy_interfaces/include/robokpy_interfaces/robokpy_interfaces/srv/detail/system_mode__rosidl_typesupport_fastrtps_c.h
[9.171s] -- Up-to-date: /home/meta/Documents/robotics_workspace_new/install/robokpy_interfaces/include/robokpy_interfaces/robokpy_interfaces/srv/detail/jacobian__rosidl_typesupport_fastrtps_c.h
[9.171s] -- Up-to-date: /home/meta/Documents/robotics_workspace_new/install/robokpy_interfaces/include/robokpy_interfaces/robokpy_interfaces/srv/detail/fk__rosidl_typesupport_fastrtps_c.h
[9.171s] -- Up-to-date: /home/meta/Documents/robotics_workspace_new/install/robokpy_interfaces/include/robokpy_interfaces/robokpy_interfaces/srv/detail/ik__rosidl_typesupport_fastrtps_c.h
[9.172s] -- Up-to-date: /home/meta/Documents/robotics_workspace_new/install/robokpy_interfaces/include/robokpy_interfaces/robokpy_interfaces/srv/detail/resolve_object_pose__rosidl_typesupport_fastrtps_c.h
[9.172s] -- Up-to-date: /home/meta/Documents/robotics_workspace_new/install/robokpy_interfaces/include/robokpy_interfaces/robokpy_interfaces/srv/detail/despawnobject__rosidl_typesupport_fastrtps_c.h
[9.172s] -- Up-to-date: /home/meta/Documents/robotics_workspace_new/install/robokpy_interfaces/include/robokpy_interfaces/robokpy_interfaces/srv/detail/execution_state__rosidl_typesupport_fastrtps_c.h
[9.172s] -- Up-to-date: /home/meta/Documents/robotics_workspace_new/install/robokpy_interfaces/include/robokpy_interfaces/robokpy_interfaces/srv/detail/reachable__rosidl_typesupport_fastrtps_c.h
[9.173s] -- Up-to-date: /home/meta/Documents/robotics_workspace_new/install/robokpy_interfaces/include/robokpy_interfaces/robokpy_interfaces/srv/detail/chain_fk__rosidl_typesupport_fastrtps_c.h
[9.173s] -- Up-to-date: /home/meta/Documents/robotics_workspace_new/install/robokpy_interfaces/include/robokpy_interfaces/robokpy_interfaces/srv/detail/set_planning_tip_link__rosidl_typesupport_fastrtps_c.h
[9.173s] -- Up-to-date: /home/meta/Documents/robotics_workspace_new/install/robokpy_interfaces/include/robokpy_interfaces/robokpy_interfaces/srv/detail/load_recipe__rosidl_typesupport_fastrtps_c.h
[9.174s] -- Up-to-date: /home/meta/Documents/robotics_workspace_new/install/robokpy_interfaces/include/robokpy_interfaces/robokpy_interfaces/srv/detail/spawnobject__rosidl_typesupport_fastrtps_c.h
[9.174s] -- Up-to-date: /home/meta/Documents/robotics_workspace_new/install/robokpy_interfaces/include/robokpy_interfaces/robokpy_interfaces/srv/detail/resume_execution__rosidl_typesupport_fastrtps_c.h
[9.175s] -- Up-to-date: /home/meta/Documents/robotics_workspace_new/install/robokpy_interfaces/include/robokpy_interfaces/robokpy_interfaces/action
[9.175s] -- Up-to-date: /home/meta/Documents/robotics_workspace_new/install/robokpy_interfaces/include/robokpy_interfaces/robokpy_interfaces/action/detail
[9.175s] -- Up-to-date: /home/meta/Documents/robotics_workspace_new/install/robokpy_interfaces/include/robokpy_interfaces/robokpy_interfaces/action/detail/execute_tool_op__rosidl_typesupport_fastrtps_c.h
[9.176s] -- Up-to-date: /home/meta/Documents/robotics_workspace_new/install/robokpy_interfaces/include/robokpy_interfaces/robokpy_interfaces/action/detail/tool_execution__rosidl_typesupport_fastrtps_c.h
[9.176s] -- Up-to-date: /home/meta/Documents/robotics_workspace_new/install/robokpy_interfaces/include/robokpy_interfaces/robokpy_interfaces/action/detail/set_joint_target__rosidl_typesupport_fastrtps_c.h
[9.176s] -- Up-to-date: /home/meta/Documents/robotics_workspace_new/install/robokpy_interfaces/include/robokpy_interfaces/robokpy_interfaces/action/detail/execute_vision_op__rosidl_typesupport_fastrtps_c.h
[9.176s] -- Up-to-date: /home/meta/Documents/robotics_workspace_new/install/robokpy_interfaces/include/robokpy_interfaces/robokpy_interfaces/action/detail/execute_motion__rosidl_typesupport_fastrtps_c.h
[9.177s] -- Up-to-date: /home/meta/Documents/robotics_workspace_new/install/robokpy_interfaces/include/robokpy_interfaces/robokpy_interfaces/action/detail/robot_trajectory__rosidl_typesupport_fastrtps_c.h
[9.177s] -- Up-to-date: /home/meta/Documents/robotics_workspace_new/install/robokpy_interfaces/include/robokpy_interfaces/robokpy_interfaces/msg
[9.177s] -- Up-to-date: /home/meta/Documents/robotics_workspace_new/install/robokpy_interfaces/include/robokpy_interfaces/robokpy_interfaces/msg/detail
[9.177s] -- Up-to-date: /home/meta/Documents/robotics_workspace_new/install/robokpy_interfaces/include/robokpy_interfaces/robokpy_interfaces/msg/detail/cell_state__rosidl_typesupport_fastrtps_c.h
[9.177s] -- Up-to-date: /home/meta/Documents/robotics_workspace_new/install/robokpy_interfaces/include/robokpy_interfaces/robokpy_interfaces/msg/rosidl_typesupport_fastrtps_c__visibility_control.h
[9.178s] -- Up-to-date: /home/meta/Documents/robotics_workspace_new/install/robokpy_interfaces/lib/librobokpy_interfaces__rosidl_typesupport_fastrtps_c.so
[9.178s] -- Up-to-date: /home/meta/Documents/robotics_workspace_new/install/robokpy_interfaces/include/robokpy_interfaces/robokpy_interfaces
[9.178s] -- Up-to-date: /home/meta/Documents/robotics_workspace_new/install/robokpy_interfaces/include/robokpy_interfaces/robokpy_interfaces/srv
[9.178s] -- Up-to-date: /home/meta/Documents/robotics_workspace_new/install/robokpy_interfaces/include/robokpy_interfaces/robokpy_interfaces/srv/detail
[9.178s] -- Installing: /home/meta/Documents/robotics_workspace_new/install/robokpy_interfaces/include/robokpy_interfaces/robokpy_interfaces/srv/detail/spawn_object__type_support.c
[9.188s] -- Installing: /home/meta/Documents/robotics_workspace_new/install/robokpy_interfaces/include/robokpy_interfaces/robokpy_interfaces/srv/detail/system_mode__type_support.c
[9.226s] -- Installing: /home/meta/Documents/robotics_workspace_new/install/robokpy_interfaces/include/robokpy_interfaces/robokpy_interfaces/srv/detail/despawn_object__type_support.c
[9.252s] -- Up-to-date: /home/meta/Documents/robotics_workspace_new/install/robokpy_interfaces/include/robokpy_interfaces/robokpy_interfaces/srv/detail/fk__rosidl_typesupport_introspection_c.h
[9.252s] -- Installing: /home/meta/Documents/robotics_workspace_new/install/robokpy_interfaces/include/robokpy_interfaces/robokpy_interfaces/srv/detail/chain_fk__type_support.c
[9.308s] -- Up-to-date: /home/meta/Documents/robotics_workspace_new/install/robokpy_interfaces/include/robokpy_interfaces/robokpy_interfaces/srv/detail/spawnobject__rosidl_typesupport_introspection_c.h
[9.309s] -- Installing: /home/meta/Documents/robotics_workspace_new/install/robokpy_interfaces/include/robokpy_interfaces/robokpy_interfaces/srv/detail/despawnobject__type_support.c
[9.357s] -- Up-to-date: /home/meta/Documents/robotics_workspace_new/install/robokpy_interfaces/include/robokpy_interfaces/robokpy_interfaces/srv/detail/grasp_attach__rosidl_typesupport_introspection_c.h
[9.358s] -- Installing: /home/meta/Documents/robotics_workspace_new/install/robokpy_interfaces/include/robokpy_interfaces/robokpy_interfaces/srv/detail/reachable__type_support.c
[9.363s] -- Installing: /home/meta/Documents/robotics_workspace_new/install/robokpy_interfaces/include/robokpy_interfaces/robokpy_interfaces/srv/detail/resolve_object_pose__type_support.c
[9.363s] -- Installing: /home/meta/Documents/robotics_workspace_new/install/robokpy_interfaces/include/robokpy_interfaces/robokpy_interfaces/srv/detail/spawnobject__type_support.c
[9.371s] -- Up-to-date: /home/meta/Documents/robotics_workspace_new/install/robokpy_interfaces/include/robokpy_interfaces/robokpy_interfaces/srv/detail/ik__rosidl_typesupport_introspection_c.h
[9.371s] -- Up-to-date: /home/meta/Documents/robotics_workspace_new/install/robokpy_interfaces/include/robokpy_interfaces/robokpy_interfaces/srv/detail/set_planning_tip_link__rosidl_typesupport_introspection_c.h
[9.371s] -- Installing: /home/meta/Documents/robotics_workspace_new/install/robokpy_interfaces/include/robokpy_interfaces/robokpy_interfaces/srv/detail/ik__type_support.c
[9.425s] -- Installing: /home/meta/Documents/robotics_workspace_new/install/robokpy_interfaces/include/robokpy_interfaces/robokpy_interfaces/srv/detail/fk__type_support.c
[9.433s] -- Installing: /home/meta/Documents/robotics_workspace_new/install/robokpy_interfaces/include/robokpy_interfaces/robokpy_interfaces/srv/detail/resume_execution__type_support.c
[9.456s] -- Installing: /home/meta/Documents/robotics_workspace_new/install/robokpy_interfaces/include/robokpy_interfaces/robokpy_interfaces/srv/detail/set_planning_tip_link__type_support.c
[9.456s] -- Up-to-date: /home/meta/Documents/robotics_workspace_new/install/robokpy_interfaces/include/robokpy_interfaces/robokpy_interfaces/srv/detail/despawn_object__rosidl_typesupport_introspection_c.h
[9.458s] -- Up-to-date: /home/meta/Documents/robotics_workspace_new/install/robokpy_interfaces/include/robokpy_interfaces/robokpy_interfaces/srv/detail/jacobian__rosidl_typesupport_introspection_c.h
[9.458s] -- Installing: /home/meta/Documents/robotics_workspace_new/install/robokpy_interfaces/include/robokpy_interfaces/robokpy_interfaces/srv/detail/load_recipe__type_support.c
[9.458s] -- Installing: /home/meta/Documents/robotics_workspace_new/install/robokpy_interfaces/include/robokpy_interfaces/robokpy_interfaces/srv/detail/jacobian__type_support.c
[9.482s] -- Up-to-date: /home/meta/Documents/robotics_workspace_new/install/robokpy_interfaces/include/robokpy_interfaces/robokpy_interfaces/srv/detail/resolve_object_pose__rosidl_typesupport_introspection_c.h
[9.482s] -- Up-to-date: /home/meta/Documents/robotics_workspace_new/install/robokpy_interfaces/include/robokpy_interfaces/robokpy_interfaces/srv/detail/reachable__rosidl_typesupport_introspection_c.h
[9.484s] -- Up-to-date: /home/meta/Documents/robotics_workspace_new/install/robokpy_interfaces/include/robokpy_interfaces/robokpy_interfaces/srv/detail/load_recipe__rosidl_typesupport_introspection_c.h
[9.484s] -- Installing: /home/meta/Documents/robotics_workspace_new/install/robokpy_interfaces/include/robokpy_interfaces/robokpy_interfaces/srv/detail/grasp_attach__type_support.c
[9.485s] -- Up-to-date: /home/meta/Documents/robotics_workspace_new/install/robokpy_interfaces/include/robokpy_interfaces/robokpy_interfaces/srv/detail/despawnobject__rosidl_typesupport_introspection_c.h
[9.485s] -- Installing: /home/meta/Documents/robotics_workspace_new/install/robokpy_interfaces/include/robokpy_interfaces/robokpy_interfaces/srv/detail/execution_state__type_support.c
[9.493s] -- Up-to-date: /home/meta/Documents/robotics_workspace_new/install/robokpy_interfaces/include/robokpy_interfaces/robokpy_interfaces/srv/detail/chain_fk__rosidl_typesupport_introspection_c.h
[9.494s] -- Up-to-date: /home/meta/Documents/robotics_workspace_new/install/robokpy_interfaces/include/robokpy_interfaces/robokpy_interfaces/srv/detail/resume_execution__rosidl_typesupport_introspection_c.h
[9.494s] -- Up-to-date: /home/meta/Documents/robotics_workspace_new/install/robokpy_interfaces/include/robokpy_interfaces/robokpy_interfaces/srv/detail/execution_state__rosidl_typesupport_introspection_c.h
[9.494s] -- Up-to-date: /home/meta/Documents/robotics_workspace_new/install/robokpy_interfaces/include/robokpy_interfaces/robokpy_interfaces/srv/detail/system_mode__rosidl_typesupport_introspection_c.h
[9.495s] -- Up-to-date: /home/meta/Documents/robotics_workspace_new/install/robokpy_interfaces/include/robokpy_interfaces/robokpy_interfaces/srv/detail/spawn_object__rosidl_typesupport_introspection_c.h
[9.495s] -- Up-to-date: /home/meta/Documents/robotics_workspace_new/install/robokpy_interfaces/include/robokpy_interfaces/robokpy_interfaces/action
[9.495s] -- Up-to-date: /home/meta/Documents/robotics_workspace_new/install/robokpy_interfaces/include/robokpy_interfaces/robokpy_interfaces/action/detail
[9.495s] -- Up-to-date: /home/meta/Documents/robotics_workspace_new/install/robokpy_interfaces/include/robokpy_interfaces/robokpy_interfaces/action/detail/robot_trajectory__rosidl_typesupport_introspection_c.h
[9.496s] -- Up-to-date: /home/meta/Documents/robotics_workspace_new/install/robokpy_interfaces/include/robokpy_interfaces/robokpy_interfaces/action/detail/execute_tool_op__rosidl_typesupport_introspection_c.h
[9.496s] -- Installing: /home/meta/Documents/robotics_workspace_new/install/robokpy_interfaces/include/robokpy_interfaces/robokpy_interfaces/action/detail/set_joint_target__type_support.c
[9.522s] -- Installing: /home/meta/Documents/robotics_workspace_new/install/robokpy_interfaces/include/robokpy_interfaces/robokpy_interfaces/action/detail/execute_vision_op__type_support.c
[9.555s] -- Installing: /home/meta/Documents/robotics_workspace_new/install/robokpy_interfaces/include/robokpy_interfaces/robokpy_interfaces/action/detail/execute_tool_op__type_support.c
[9.571s] -- Up-to-date: /home/meta/Documents/robotics_workspace_new/install/robokpy_interfaces/include/robokpy_interfaces/robokpy_interfaces/action/detail/tool_execution__rosidl_typesupport_introspection_c.h
[9.571s] -- Installing: /home/meta/Documents/robotics_workspace_new/install/robokpy_interfaces/include/robokpy_interfaces/robokpy_interfaces/action/detail/robot_trajectory__type_support.c
[9.632s] -- Installing: /home/meta/Documents/robotics_workspace_new/install/robokpy_interfaces/include/robokpy_interfaces/robokpy_interfaces/action/detail/tool_execution__type_support.c
[9.722s] -- Up-to-date: /home/meta/Documents/robotics_workspace_new/install/robokpy_interfaces/include/robokpy_interfaces/robokpy_interfaces/action/detail/execute_vision_op__rosidl_typesupport_introspection_c.h
[9.722s] -- Installing: /home/meta/Documents/robotics_workspace_new/install/robokpy_interfaces/include/robokpy_interfaces/robokpy_interfaces/action/detail/execute_motion__type_support.c
[9.844s] -- Up-to-date: /home/meta/Documents/robotics_workspace_new/install/robokpy_interfaces/include/robokpy_interfaces/robokpy_interfaces/action/detail/set_joint_target__rosidl_typesupport_introspection_c.h
[9.844s] -- Up-to-date: /home/meta/Documents/robotics_workspace_new/install/robokpy_interfaces/include/robokpy_interfaces/robokpy_interfaces/action/detail/execute_motion__rosidl_typesupport_introspection_c.h
[9.844s] -- Up-to-date: /home/meta/Documents/robotics_workspace_new/install/robokpy_interfaces/include/robokpy_interfaces/robokpy_interfaces/msg
[9.844s] -- Up-to-date: /home/meta/Documents/robotics_workspace_new/install/robokpy_interfaces/include/robokpy_interfaces/robokpy_interfaces/msg/detail
[9.845s] -- Installing: /home/meta/Documents/robotics_workspace_new/install/robokpy_interfaces/include/robokpy_interfaces/robokpy_interfaces/msg/detail/cell_state__type_support.c
[9.867s] -- Up-to-date: /home/meta/Documents/robotics_workspace_new/install/robokpy_interfaces/include/robokpy_interfaces/robokpy_interfaces/msg/detail/cell_state__rosidl_typesupport_introspection_c.h
[9.867s] -- Up-to-date: /home/meta/Documents/robotics_workspace_new/install/robokpy_interfaces/include/robokpy_interfaces/robokpy_interfaces/msg/rosidl_typesupport_introspection_c__visibility_control.h
[9.867s] -- Up-to-date: /home/meta/Documents/robotics_workspace_new/install/robokpy_interfaces/lib/librobokpy_interfaces__rosidl_typesupport_introspection_c.so
[9.868s] -- Up-to-date: /home/meta/Documents/robotics_workspace_new/install/robokpy_interfaces/lib/librobokpy_interfaces__rosidl_typesupport_c.so
[9.869s] -- Up-to-date: /home/meta/Documents/robotics_workspace_new/install/robokpy_interfaces/include/robokpy_interfaces/robokpy_interfaces
[9.869s] -- Up-to-date: /home/meta/Documents/robotics_workspace_new/install/robokpy_interfaces/include/robokpy_interfaces/robokpy_interfaces/srv
[9.870s] -- Up-to-date: /home/meta/Documents/robotics_workspace_new/install/robokpy_interfaces/include/robokpy_interfaces/robokpy_interfaces/srv/spawn_object.hpp
[9.870s] -- Up-to-date: /home/meta/Documents/robotics_workspace_new/install/robokpy_interfaces/include/robokpy_interfaces/robokpy_interfaces/srv/system_mode.hpp
[9.871s] -- Up-to-date: /home/meta/Documents/robotics_workspace_new/install/robokpy_interfaces/include/robokpy_interfaces/robokpy_interfaces/srv/set_planning_tip_link.hpp
[9.871s] -- Up-to-date: /home/meta/Documents/robotics_workspace_new/install/robokpy_interfaces/include/robokpy_interfaces/robokpy_interfaces/srv/execution_state.hpp
[9.871s] -- Up-to-date: /home/meta/Documents/robotics_workspace_new/install/robokpy_interfaces/include/robokpy_interfaces/robokpy_interfaces/srv/jacobian.hpp
[9.872s] -- Up-to-date: /home/meta/Documents/robotics_workspace_new/install/robokpy_interfaces/include/robokpy_interfaces/robokpy_interfaces/srv/grasp_attach.hpp
[9.872s] -- Up-to-date: /home/meta/Documents/robotics_workspace_new/install/robokpy_interfaces/include/robokpy_interfaces/robokpy_interfaces/srv/load_recipe.hpp
[9.872s] -- Up-to-date: /home/meta/Documents/robotics_workspace_new/install/robokpy_interfaces/include/robokpy_interfaces/robokpy_interfaces/srv/detail
[9.873s] -- Up-to-date: /home/meta/Documents/robotics_workspace_new/install/robokpy_interfaces/include/robokpy_interfaces/robokpy_interfaces/srv/detail/grasp_attach__struct.hpp
[9.873s] -- Up-to-date: /home/meta/Documents/robotics_workspace_new/install/robokpy_interfaces/include/robokpy_interfaces/robokpy_interfaces/srv/detail/resume_execution__type_support.hpp
[9.873s] -- Up-to-date: /home/meta/Documents/robotics_workspace_new/install/robokpy_interfaces/include/robokpy_interfaces/robokpy_interfaces/srv/detail/ik__struct.hpp
[9.873s] -- Up-to-date: /home/meta/Documents/robotics_workspace_new/install/robokpy_interfaces/include/robokpy_interfaces/robokpy_interfaces/srv/detail/reachable__type_support.hpp
[9.874s] -- Up-to-date: /home/meta/Documents/robotics_workspace_new/install/robokpy_interfaces/include/robokpy_interfaces/robokpy_interfaces/srv/detail/system_mode__type_support.hpp
[9.876s] -- Up-to-date: /home/meta/Documents/robotics_workspace_new/install/robokpy_interfaces/include/robokpy_interfaces/robokpy_interfaces/srv/detail/despawnobject__builder.hpp
[9.877s] -- Up-to-date: /home/meta/Documents/robotics_workspace_new/install/robokpy_interfaces/include/robokpy_interfaces/robokpy_interfaces/srv/detail/despawnobject__type_support.hpp
[9.877s] -- Up-to-date: /home/meta/Documents/robotics_workspace_new/install/robokpy_interfaces/include/robokpy_interfaces/robokpy_interfaces/srv/detail/execution_state__type_support.hpp
[9.877s] -- Up-to-date: /home/meta/Documents/robotics_workspace_new/install/robokpy_interfaces/include/robokpy_interfaces/robokpy_interfaces/srv/detail/fk__type_support.hpp
[9.878s] -- Up-to-date: /home/meta/Documents/robotics_workspace_new/install/robokpy_interfaces/include/robokpy_interfaces/robokpy_interfaces/srv/detail/jacobian__struct.hpp
[9.878s] -- Up-to-date: /home/meta/Documents/robotics_workspace_new/install/robokpy_interfaces/include/robokpy_interfaces/robokpy_interfaces/srv/detail/ik__traits.hpp
[9.878s] -- Up-to-date: /home/meta/Documents/robotics_workspace_new/install/robokpy_interfaces/include/robokpy_interfaces/robokpy_interfaces/srv/detail/fk__struct.hpp
[9.878s] -- Up-to-date: /home/meta/Documents/robotics_workspace_new/install/robokpy_interfaces/include/robokpy_interfaces/robokpy_interfaces/srv/detail/grasp_attach__type_support.hpp
[9.879s] -- Up-to-date: /home/meta/Documents/robotics_workspace_new/install/robokpy_interfaces/include/robokpy_interfaces/robokpy_interfaces/srv/detail/execution_state__struct.hpp
[9.883s] -- Up-to-date: /home/meta/Documents/robotics_workspace_new/install/robokpy_interfaces/include/robokpy_interfaces/robokpy_interfaces/srv/detail/resume_execution__builder.hpp
[9.883s] -- Up-to-date: /home/meta/Documents/robotics_workspace_new/install/robokpy_interfaces/include/robokpy_interfaces/robokpy_interfaces/srv/detail/despawnobject__traits.hpp
[9.886s] -- Up-to-date: /home/meta/Documents/robotics_workspace_new/install/robokpy_interfaces/include/robokpy_interfaces/robokpy_interfaces/srv/detail/execution_state__traits.hpp
[9.887s] -- Up-to-date: /home/meta/Documents/robotics_workspace_new/install/robokpy_interfaces/include/robokpy_interfaces/robokpy_interfaces/srv/detail/chain_fk__type_support.hpp
[9.888s] -- Up-to-date: /home/meta/Documents/robotics_workspace_new/install/robokpy_interfaces/include/robokpy_interfaces/robokpy_interfaces/srv/detail/resolve_object_pose__builder.hpp
[9.888s] -- Up-to-date: /home/meta/Documents/robotics_workspace_new/install/robokpy_interfaces/include/robokpy_interfaces/robokpy_interfaces/srv/detail/resolve_object_pose__type_support.hpp
[9.889s] -- Up-to-date: /home/meta/Documents/robotics_workspace_new/install/robokpy_interfaces/include/robokpy_interfaces/robokpy_interfaces/srv/detail/fk__traits.hpp
[9.889s] -- Up-to-date: /home/meta/Documents/robotics_workspace_new/install/robokpy_interfaces/include/robokpy_interfaces/robokpy_interfaces/srv/detail/jacobian__type_support.hpp
[9.890s] -- Up-to-date: /home/meta/Documents/robotics_workspace_new/install/robokpy_interfaces/include/robokpy_interfaces/robokpy_interfaces/srv/detail/resolve_object_pose__struct.hpp
[9.890s] -- Up-to-date: /home/meta/Documents/robotics_workspace_new/install/robokpy_interfaces/include/robokpy_interfaces/robokpy_interfaces/srv/detail/despawn_object__traits.hpp
[9.890s] -- Up-to-date: /home/meta/Documents/robotics_workspace_new/install/robokpy_interfaces/include/robokpy_interfaces/robokpy_interfaces/srv/detail/load_recipe__type_support.hpp
[9.891s] -- Up-to-date: /home/meta/Documents/robotics_workspace_new/install/robokpy_interfaces/include/robokpy_interfaces/robokpy_interfaces/srv/detail/reachable__traits.hpp
[9.892s] -- Up-to-date: /home/meta/Documents/robotics_workspace_new/install/robokpy_interfaces/include/robokpy_interfaces/robokpy_interfaces/srv/detail/spawnobject__struct.hpp
[9.892s] -- Up-to-date: /home/meta/Documents/robotics_workspace_new/install/robokpy_interfaces/include/robokpy_interfaces/robokpy_interfaces/srv/detail/system_mode__builder.hpp
[9.893s] -- Up-to-date: /home/meta/Documents/robotics_workspace_new/install/robokpy_interfaces/include/robokpy_interfaces/robokpy_interfaces/srv/detail/set_planning_tip_link__builder.hpp
[9.893s] -- Up-to-date: /home/meta/Documents/robotics_workspace_new/install/robokpy_interfaces/include/robokpy_interfaces/robokpy_interfaces/srv/detail/resolve_object_pose__traits.hpp
[9.893s] -- Up-to-date: /home/meta/Documents/robotics_workspace_new/install/robokpy_interfaces/include/robokpy_interfaces/robokpy_interfaces/srv/detail/set_planning_tip_link__type_support.hpp
[9.894s] -- Up-to-date: /home/meta/Documents/robotics_workspace_new/install/robokpy_interfaces/include/robokpy_interfaces/robokpy_interfaces/srv/detail/reachable__struct.hpp
[9.894s] -- Up-to-date: /home/meta/Documents/robotics_workspace_new/install/robokpy_interfaces/include/robokpy_interfaces/robokpy_interfaces/srv/detail/resume_execution__struct.hpp
[9.894s] -- Up-to-date: /home/meta/Documents/robotics_workspace_new/install/robokpy_interfaces/include/robokpy_interfaces/robokpy_interfaces/srv/detail/spawn_object__type_support.hpp
[9.894s] -- Up-to-date: /home/meta/Documents/robotics_workspace_new/install/robokpy_interfaces/include/robokpy_interfaces/robokpy_interfaces/srv/detail/spawnobject__builder.hpp
[9.895s] -- Up-to-date: /home/meta/Documents/robotics_workspace_new/install/robokpy_interfaces/include/robokpy_interfaces/robokpy_interfaces/srv/detail/despawn_object__type_support.hpp
[9.895s] -- Up-to-date: /home/meta/Documents/robotics_workspace_new/install/robokpy_interfaces/include/robokpy_interfaces/robokpy_interfaces/srv/detail/system_mode__traits.hpp
[9.895s] -- Up-to-date: /home/meta/Documents/robotics_workspace_new/install/robokpy_interfaces/include/robokpy_interfaces/robokpy_interfaces/srv/detail/spawnobject__type_support.hpp
[9.895s] -- Up-to-date: /home/meta/Documents/robotics_workspace_new/install/robokpy_interfaces/include/robokpy_interfaces/robokpy_interfaces/srv/detail/spawn_object__struct.hpp
[9.896s] -- Up-to-date: /home/meta/Documents/robotics_workspace_new/install/robokpy_interfaces/include/robokpy_interfaces/robokpy_interfaces/srv/detail/ik__builder.hpp
[9.896s] -- Up-to-date: /home/meta/Documents/robotics_workspace_new/install/robokpy_interfaces/include/robokpy_interfaces/robokpy_interfaces/srv/detail/chain_fk__traits.hpp
[9.896s] -- Up-to-date: /home/meta/Documents/robotics_workspace_new/install/robokpy_interfaces/include/robokpy_interfaces/robokpy_interfaces/srv/detail/ik__type_support.hpp
[9.898s] -- Up-to-date: /home/meta/Documents/robotics_workspace_new/install/robokpy_interfaces/include/robokpy_interfaces/robokpy_interfaces/srv/detail/load_recipe__traits.hpp
[9.899s] -- Up-to-date: /home/meta/Documents/robotics_workspace_new/install/robokpy_interfaces/include/robokpy_interfaces/robokpy_interfaces/srv/detail/jacobian__traits.hpp
[9.899s] -- Up-to-date: /home/meta/Documents/robotics_workspace_new/install/robokpy_interfaces/include/robokpy_interfaces/robokpy_interfaces/srv/detail/despawnobject__struct.hpp
[9.899s] -- Up-to-date: /home/meta/Documents/robotics_workspace_new/install/robokpy_interfaces/include/robokpy_interfaces/robokpy_interfaces/srv/detail/execution_state__builder.hpp
[9.901s] -- Up-to-date: /home/meta/Documents/robotics_workspace_new/install/robokpy_interfaces/include/robokpy_interfaces/robokpy_interfaces/srv/detail/grasp_attach__builder.hpp
[9.901s] -- Up-to-date: /home/meta/Documents/robotics_workspace_new/install/robokpy_interfaces/include/robokpy_interfaces/robokpy_interfaces/srv/detail/jacobian__builder.hpp
[9.902s] -- Up-to-date: /home/meta/Documents/robotics_workspace_new/install/robokpy_interfaces/include/robokpy_interfaces/robokpy_interfaces/srv/detail/spawn_object__builder.hpp
[9.902s] -- Up-to-date: /home/meta/Documents/robotics_workspace_new/install/robokpy_interfaces/include/robokpy_interfaces/robokpy_interfaces/srv/detail/spawnobject__traits.hpp
[9.902s] -- Up-to-date: /home/meta/Documents/robotics_workspace_new/install/robokpy_interfaces/include/robokpy_interfaces/robokpy_interfaces/srv/detail/reachable__builder.hpp
[9.903s] -- Up-to-date: /home/meta/Documents/robotics_workspace_new/install/robokpy_interfaces/include/robokpy_interfaces/robokpy_interfaces/srv/detail/chain_fk__builder.hpp
[9.903s] -- Up-to-date: /home/meta/Documents/robotics_workspace_new/install/robokpy_interfaces/include/robokpy_interfaces/robokpy_interfaces/srv/detail/system_mode__struct.hpp
[9.903s] -- Up-to-date: /home/meta/Documents/robotics_workspace_new/install/robokpy_interfaces/include/robokpy_interfaces/robokpy_interfaces/srv/detail/grasp_attach__traits.hpp
[9.904s] -- Up-to-date: /home/meta/Documents/robotics_workspace_new/install/robokpy_interfaces/include/robokpy_interfaces/robokpy_interfaces/srv/detail/spawn_object__traits.hpp
[9.905s] -- Up-to-date: /home/meta/Documents/robotics_workspace_new/install/robokpy_interfaces/include/robokpy_interfaces/robokpy_interfaces/srv/detail/fk__builder.hpp
[9.905s] -- Up-to-date: /home/meta/Documents/robotics_workspace_new/install/robokpy_interfaces/include/robokpy_interfaces/robokpy_interfaces/srv/detail/load_recipe__builder.hpp
[9.905s] -- Up-to-date: /home/meta/Documents/robotics_workspace_new/install/robokpy_interfaces/include/robokpy_interfaces/robokpy_interfaces/srv/detail/resume_execution__traits.hpp
[9.905s] -- Up-to-date: /home/meta/Documents/robotics_workspace_new/install/robokpy_interfaces/include/robokpy_interfaces/robokpy_interfaces/srv/detail/chain_fk__struct.hpp
[9.906s] -- Up-to-date: /home/meta/Documents/robotics_workspace_new/install/robokpy_interfaces/include/robokpy_interfaces/robokpy_interfaces/srv/detail/set_planning_tip_link__traits.hpp
[9.906s] -- Up-to-date: /home/meta/Documents/robotics_workspace_new/install/robokpy_interfaces/include/robokpy_interfaces/robokpy_interfaces/srv/detail/despawn_object__builder.hpp
[9.906s] -- Up-to-date: /home/meta/Documents/robotics_workspace_new/install/robokpy_interfaces/include/robokpy_interfaces/robokpy_interfaces/srv/detail/despawn_object__struct.hpp
[9.906s] -- Up-to-date: /home/meta/Documents/robotics_workspace_new/install/robokpy_interfaces/include/robokpy_interfaces/robokpy_interfaces/srv/detail/load_recipe__struct.hpp
[9.907s] -- Up-to-date: /home/meta/Documents/robotics_workspace_new/install/robokpy_interfaces/include/robokpy_interfaces/robokpy_interfaces/srv/detail/set_planning_tip_link__struct.hpp
[9.907s] -- Up-to-date: /home/meta/Documents/robotics_workspace_new/install/robokpy_interfaces/include/robokpy_interfaces/robokpy_interfaces/srv/despawnobject.hpp
[9.907s] -- Up-to-date: /home/meta/Documents/robotics_workspace_new/install/robokpy_interfaces/include/robokpy_interfaces/robokpy_interfaces/srv/ik.hpp
[9.907s] -- Up-to-date: /home/meta/Documents/robotics_workspace_new/install/robokpy_interfaces/include/robokpy_interfaces/robokpy_interfaces/srv/spawnobject.hpp
[9.908s] -- Up-to-date: /home/meta/Documents/robotics_workspace_new/install/robokpy_interfaces/include/robokpy_interfaces/robokpy_interfaces/srv/resume_execution.hpp
[9.908s] -- Up-to-date: /home/meta/Documents/robotics_workspace_new/install/robokpy_interfaces/include/robokpy_interfaces/robokpy_interfaces/srv/reachable.hpp
[9.908s] -- Up-to-date: /home/meta/Documents/robotics_workspace_new/install/robokpy_interfaces/include/robokpy_interfaces/robokpy_interfaces/srv/fk.hpp
[9.909s] -- Up-to-date: /home/meta/Documents/robotics_workspace_new/install/robokpy_interfaces/include/robokpy_interfaces/robokpy_interfaces/srv/despawn_object.hpp
[9.909s] -- Up-to-date: /home/meta/Documents/robotics_workspace_new/install/robokpy_interfaces/include/robokpy_interfaces/robokpy_interfaces/srv/resolve_object_pose.hpp
[9.909s] -- Up-to-date: /home/meta/Documents/robotics_workspace_new/install/robokpy_interfaces/include/robokpy_interfaces/robokpy_interfaces/srv/chain_fk.hpp
[9.909s] -- Up-to-date: /home/meta/Documents/robotics_workspace_new/install/robokpy_interfaces/include/robokpy_interfaces/robokpy_interfaces/action
[9.910s] -- Up-to-date: /home/meta/Documents/robotics_workspace_new/install/robokpy_interfaces/include/robokpy_interfaces/robokpy_interfaces/action/robot_trajectory.hpp
[9.910s] -- Up-to-date: /home/meta/Documents/robotics_workspace_new/install/robokpy_interfaces/include/robokpy_interfaces/robokpy_interfaces/action/set_joint_target.hpp
[9.910s] -- Up-to-date: /home/meta/Documents/robotics_workspace_new/install/robokpy_interfaces/include/robokpy_interfaces/robokpy_interfaces/action/tool_execution.hpp
[9.911s] -- Up-to-date: /home/meta/Documents/robotics_workspace_new/install/robokpy_interfaces/include/robokpy_interfaces/robokpy_interfaces/action/detail
[9.911s] -- Up-to-date: /home/meta/Documents/robotics_workspace_new/install/robokpy_interfaces/include/robokpy_interfaces/robokpy_interfaces/action/detail/execute_motion__type_support.hpp
[9.911s] -- Up-to-date: /home/meta/Documents/robotics_workspace_new/install/robokpy_interfaces/include/robokpy_interfaces/robokpy_interfaces/action/detail/execute_tool_op__traits.hpp
[9.911s] -- Up-to-date: /home/meta/Documents/robotics_workspace_new/install/robokpy_interfaces/include/robokpy_interfaces/robokpy_interfaces/action/detail/robot_trajectory__type_support.hpp
[9.912s] -- Up-to-date: /home/meta/Documents/robotics_workspace_new/install/robokpy_interfaces/include/robokpy_interfaces/robokpy_interfaces/action/detail/robot_trajectory__struct.hpp
[9.912s] -- Up-to-date: /home/meta/Documents/robotics_workspace_new/install/robokpy_interfaces/include/robokpy_interfaces/robokpy_interfaces/action/detail/execute_vision_op__struct.hpp
[9.912s] -- Up-to-date: /home/meta/Documents/robotics_workspace_new/install/robokpy_interfaces/include/robokpy_interfaces/robokpy_interfaces/action/detail/execute_motion__traits.hpp
[9.912s] -- Up-to-date: /home/meta/Documents/robotics_workspace_new/install/robokpy_interfaces/include/robokpy_interfaces/robokpy_interfaces/action/detail/set_joint_target__builder.hpp
[9.913s] -- Up-to-date: /home/meta/Documents/robotics_workspace_new/install/robokpy_interfaces/include/robokpy_interfaces/robokpy_interfaces/action/detail/execute_vision_op__builder.hpp
[9.913s] -- Up-to-date: /home/meta/Documents/robotics_workspace_new/install/robokpy_interfaces/include/robokpy_interfaces/robokpy_interfaces/action/detail/execute_tool_op__type_support.hpp
[9.913s] -- Up-to-date: /home/meta/Documents/robotics_workspace_new/install/robokpy_interfaces/include/robokpy_interfaces/robokpy_interfaces/action/detail/tool_execution__builder.hpp
[9.914s] -- Up-to-date: /home/meta/Documents/robotics_workspace_new/install/robokpy_interfaces/include/robokpy_interfaces/robokpy_interfaces/action/detail/set_joint_target__traits.hpp
[9.914s] -- Up-to-date: /home/meta/Documents/robotics_workspace_new/install/robokpy_interfaces/include/robokpy_interfaces/robokpy_interfaces/action/detail/execute_vision_op__traits.hpp
[9.914s] -- Up-to-date: /home/meta/Documents/robotics_workspace_new/install/robokpy_interfaces/include/robokpy_interfaces/robokpy_interfaces/action/detail/execute_tool_op__struct.hpp
[9.914s] -- Up-to-date: /home/meta/Documents/robotics_workspace_new/install/robokpy_interfaces/include/robokpy_interfaces/robokpy_interfaces/action/detail/tool_execution__struct.hpp
[9.915s] -- Up-to-date: /home/meta/Documents/robotics_workspace_new/install/robokpy_interfaces/include/robokpy_interfaces/robokpy_interfaces/action/detail/set_joint_target__struct.hpp
[9.916s] -- Up-to-date: /home/meta/Documents/robotics_workspace_new/install/robokpy_interfaces/include/robokpy_interfaces/robokpy_interfaces/action/detail/execute_motion__builder.hpp
[9.916s] -- Up-to-date: /home/meta/Documents/robotics_workspace_new/install/robokpy_interfaces/include/robokpy_interfaces/robokpy_interfaces/action/detail/tool_execution__type_support.hpp
[9.917s] -- Up-to-date: /home/meta/Documents/robotics_workspace_new/install/robokpy_interfaces/include/robokpy_interfaces/robokpy_interfaces/action/detail/execute_tool_op__builder.hpp
[9.917s] -- Up-to-date: /home/meta/Documents/robotics_workspace_new/install/robokpy_interfaces/include/robokpy_interfaces/robokpy_interfaces/action/detail/tool_execution__traits.hpp
[9.917s] -- Up-to-date: /home/meta/Documents/robotics_workspace_new/install/robokpy_interfaces/include/robokpy_interfaces/robokpy_interfaces/action/detail/robot_trajectory__traits.hpp
[9.918s] -- Up-to-date: /home/meta/Documents/robotics_workspace_new/install/robokpy_interfaces/include/robokpy_interfaces/robokpy_interfaces/action/detail/robot_trajectory__builder.hpp
[9.918s] -- Up-to-date: /home/meta/Documents/robotics_workspace_new/install/robokpy_interfaces/include/robokpy_interfaces/robokpy_interfaces/action/detail/execute_vision_op__type_support.hpp
[9.918s] -- Up-to-date: /home/meta/Documents/robotics_workspace_new/install/robokpy_interfaces/include/robokpy_interfaces/robokpy_interfaces/action/detail/execute_motion__struct.hpp
[9.919s] -- Up-to-date: /home/meta/Documents/robotics_workspace_new/install/robokpy_interfaces/include/robokpy_interfaces/robokpy_interfaces/action/detail/set_joint_target__type_support.hpp
[9.919s] -- Up-to-date: /home/meta/Documents/robotics_workspace_new/install/robokpy_interfaces/include/robokpy_interfaces/robokpy_interfaces/action/execute_vision_op.hpp
[9.919s] -- Up-to-date: /home/meta/Documents/robotics_workspace_new/install/robokpy_interfaces/include/robokpy_interfaces/robokpy_interfaces/action/execute_motion.hpp
[9.919s] -- Up-to-date: /home/meta/Documents/robotics_workspace_new/install/robokpy_interfaces/include/robokpy_interfaces/robokpy_interfaces/action/execute_tool_op.hpp
[9.919s] -- Up-to-date: /home/meta/Documents/robotics_workspace_new/install/robokpy_interfaces/include/robokpy_interfaces/robokpy_interfaces/msg
[9.919s] -- Up-to-date: /home/meta/Documents/robotics_workspace_new/install/robokpy_interfaces/include/robokpy_interfaces/robokpy_interfaces/msg/rosidl_generator_cpp__visibility_control.hpp
[9.919s] -- Up-to-date: /home/meta/Documents/robotics_workspace_new/install/robokpy_interfaces/include/robokpy_interfaces/robokpy_interfaces/msg/cell_state.hpp
[9.920s] -- Up-to-date: /home/meta/Documents/robotics_workspace_new/install/robokpy_interfaces/include/robokpy_interfaces/robokpy_interfaces/msg/detail
[9.920s] -- Up-to-date: /home/meta/Documents/robotics_workspace_new/install/robokpy_interfaces/include/robokpy_interfaces/robokpy_interfaces/msg/detail/cell_state__traits.hpp
[9.920s] -- Up-to-date: /home/meta/Documents/robotics_workspace_new/install/robokpy_interfaces/include/robokpy_interfaces/robokpy_interfaces/msg/detail/cell_state__struct.hpp
[9.920s] -- Up-to-date: /home/meta/Documents/robotics_workspace_new/install/robokpy_interfaces/include/robokpy_interfaces/robokpy_interfaces/msg/detail/cell_state__type_support.hpp
[9.920s] -- Up-to-date: /home/meta/Documents/robotics_workspace_new/install/robokpy_interfaces/include/robokpy_interfaces/robokpy_interfaces/msg/detail/cell_state__builder.hpp
[9.920s] -- Up-to-date: /home/meta/Documents/robotics_workspace_new/install/robokpy_interfaces/include/robokpy_interfaces/robokpy_interfaces
[9.921s] -- Up-to-date: /home/meta/Documents/robotics_workspace_new/install/robokpy_interfaces/include/robokpy_interfaces/robokpy_interfaces/srv
[9.921s] -- Up-to-date: /home/meta/Documents/robotics_workspace_new/install/robokpy_interfaces/include/robokpy_interfaces/robokpy_interfaces/srv/detail
[9.921s] -- Up-to-date: /home/meta/Documents/robotics_workspace_new/install/robokpy_interfaces/include/robokpy_interfaces/robokpy_interfaces/srv/detail/spawn_object__rosidl_typesupport_fastrtps_cpp.hpp
[9.922s] -- Up-to-date: /home/meta/Documents/robotics_workspace_new/install/robokpy_interfaces/include/robokpy_interfaces/robokpy_interfaces/srv/detail/spawnobject__rosidl_typesupport_fastrtps_cpp.hpp
[9.922s] -- Up-to-date: /home/meta/Documents/robotics_workspace_new/install/robokpy_interfaces/include/robokpy_interfaces/robokpy_interfaces/srv/detail/reachable__rosidl_typesupport_fastrtps_cpp.hpp
[9.922s] -- Up-to-date: /home/meta/Documents/robotics_workspace_new/install/robokpy_interfaces/include/robokpy_interfaces/robokpy_interfaces/srv/detail/fk__rosidl_typesupport_fastrtps_cpp.hpp
[9.922s] -- Up-to-date: /home/meta/Documents/robotics_workspace_new/install/robokpy_interfaces/include/robokpy_interfaces/robokpy_interfaces/srv/detail/ik__rosidl_typesupport_fastrtps_cpp.hpp
[9.922s] -- Up-to-date: /home/meta/Documents/robotics_workspace_new/install/robokpy_interfaces/include/robokpy_interfaces/robokpy_interfaces/srv/detail/resolve_object_pose__rosidl_typesupport_fastrtps_cpp.hpp
[9.922s] -- Up-to-date: /home/meta/Documents/robotics_workspace_new/install/robokpy_interfaces/include/robokpy_interfaces/robokpy_interfaces/srv/detail/execution_state__rosidl_typesupport_fastrtps_cpp.hpp
[9.923s] -- Up-to-date: /home/meta/Documents/robotics_workspace_new/install/robokpy_interfaces/include/robokpy_interfaces/robokpy_interfaces/srv/detail/grasp_attach__rosidl_typesupport_fastrtps_cpp.hpp
[9.923s] -- Up-to-date: /home/meta/Documents/robotics_workspace_new/install/robokpy_interfaces/include/robokpy_interfaces/robokpy_interfaces/srv/detail/resume_execution__rosidl_typesupport_fastrtps_cpp.hpp
[9.923s] -- Up-to-date: /home/meta/Documents/robotics_workspace_new/install/robokpy_interfaces/include/robokpy_interfaces/robokpy_interfaces/srv/detail/chain_fk__rosidl_typesupport_fastrtps_cpp.hpp
[9.923s] -- Up-to-date: /home/meta/Documents/robotics_workspace_new/install/robokpy_interfaces/include/robokpy_interfaces/robokpy_interfaces/srv/detail/system_mode__rosidl_typesupport_fastrtps_cpp.hpp
[9.923s] -- Up-to-date: /home/meta/Documents/robotics_workspace_new/install/robokpy_interfaces/include/robokpy_interfaces/robokpy_interfaces/srv/detail/load_recipe__rosidl_typesupport_fastrtps_cpp.hpp
[9.923s] -- Up-to-date: /home/meta/Documents/robotics_workspace_new/install/robokpy_interfaces/include/robokpy_interfaces/robokpy_interfaces/srv/detail/despawn_object__rosidl_typesupport_fastrtps_cpp.hpp
[9.923s] -- Up-to-date: /home/meta/Documents/robotics_workspace_new/install/robokpy_interfaces/include/robokpy_interfaces/robokpy_interfaces/srv/detail/dds_fastrtps
[9.924s] -- Up-to-date: /home/meta/Documents/robotics_workspace_new/install/robokpy_interfaces/include/robokpy_interfaces/robokpy_interfaces/srv/detail/jacobian__rosidl_typesupport_fastrtps_cpp.hpp
[9.924s] -- Up-to-date: /home/meta/Documents/robotics_workspace_new/install/robokpy_interfaces/include/robokpy_interfaces/robokpy_interfaces/srv/detail/set_planning_tip_link__rosidl_typesupport_fastrtps_cpp.hpp
[9.924s] -- Up-to-date: /home/meta/Documents/robotics_workspace_new/install/robokpy_interfaces/include/robokpy_interfaces/robokpy_interfaces/srv/detail/despawnobject__rosidl_typesupport_fastrtps_cpp.hpp
[9.924s] -- Up-to-date: /home/meta/Documents/robotics_workspace_new/install/robokpy_interfaces/include/robokpy_interfaces/robokpy_interfaces/action
[9.924s] -- Up-to-date: /home/meta/Documents/robotics_workspace_new/install/robokpy_interfaces/include/robokpy_interfaces/robokpy_interfaces/action/detail
[9.924s] -- Up-to-date: /home/meta/Documents/robotics_workspace_new/install/robokpy_interfaces/include/robokpy_interfaces/robokpy_interfaces/action/detail/set_joint_target__rosidl_typesupport_fastrtps_cpp.hpp
[9.925s] -- Up-to-date: /home/meta/Documents/robotics_workspace_new/install/robokpy_interfaces/include/robokpy_interfaces/robokpy_interfaces/action/detail/robot_trajectory__rosidl_typesupport_fastrtps_cpp.hpp
[9.925s] -- Up-to-date: /home/meta/Documents/robotics_workspace_new/install/robokpy_interfaces/include/robokpy_interfaces/robokpy_interfaces/action/detail/tool_execution__rosidl_typesupport_fastrtps_cpp.hpp
[9.925s] -- Up-to-date: /home/meta/Documents/robotics_workspace_new/install/robokpy_interfaces/include/robokpy_interfaces/robokpy_interfaces/action/detail/execute_vision_op__rosidl_typesupport_fastrtps_cpp.hpp
[9.925s] -- Up-to-date: /home/meta/Documents/robotics_workspace_new/install/robokpy_interfaces/include/robokpy_interfaces/robokpy_interfaces/action/detail/dds_fastrtps
[9.926s] -- Up-to-date: /home/meta/Documents/robotics_workspace_new/install/robokpy_interfaces/include/robokpy_interfaces/robokpy_interfaces/action/detail/execute_motion__rosidl_typesupport_fastrtps_cpp.hpp
[9.926s] -- Up-to-date: /home/meta/Documents/robotics_workspace_new/install/robokpy_interfaces/include/robokpy_interfaces/robokpy_interfaces/action/detail/execute_tool_op__rosidl_typesupport_fastrtps_cpp.hpp
[9.926s] -- Up-to-date: /home/meta/Documents/robotics_workspace_new/install/robokpy_interfaces/include/robokpy_interfaces/robokpy_interfaces/msg
[9.927s] -- Up-to-date: /home/meta/Documents/robotics_workspace_new/install/robokpy_interfaces/include/robokpy_interfaces/robokpy_interfaces/msg/rosidl_typesupport_fastrtps_cpp__visibility_control.h
[9.927s] -- Up-to-date: /home/meta/Documents/robotics_workspace_new/install/robokpy_interfaces/include/robokpy_interfaces/robokpy_interfaces/msg/detail
[9.927s] -- Up-to-date: /home/meta/Documents/robotics_workspace_new/install/robokpy_interfaces/include/robokpy_interfaces/robokpy_interfaces/msg/detail/cell_state__rosidl_typesupport_fastrtps_cpp.hpp
[9.927s] -- Up-to-date: /home/meta/Documents/robotics_workspace_new/install/robokpy_interfaces/include/robokpy_interfaces/robokpy_interfaces/msg/detail/dds_fastrtps
[9.928s] -- Up-to-date: /home/meta/Documents/robotics_workspace_new/install/robokpy_interfaces/lib/librobokpy_interfaces__rosidl_typesupport_fastrtps_cpp.so
[9.928s] -- Up-to-date: /home/meta/Documents/robotics_workspace_new/install/robokpy_interfaces/include/robokpy_interfaces/robokpy_interfaces
[9.928s] -- Up-to-date: /home/meta/Documents/robotics_workspace_new/install/robokpy_interfaces/include/robokpy_interfaces/robokpy_interfaces/srv
[9.928s] -- Up-to-date: /home/meta/Documents/robotics_workspace_new/install/robokpy_interfaces/include/robokpy_interfaces/robokpy_interfaces/srv/detail
[9.929s] -- Up-to-date: /home/meta/Documents/robotics_workspace_new/install/robokpy_interfaces/include/robokpy_interfaces/robokpy_interfaces/srv/detail/spawnobject__rosidl_typesupport_introspection_cpp.hpp
[9.929s] -- Up-to-date: /home/meta/Documents/robotics_workspace_new/install/robokpy_interfaces/include/robokpy_interfaces/robokpy_interfaces/srv/detail/despawnobject__rosidl_typesupport_introspection_cpp.hpp
[9.929s] -- Up-to-date: /home/meta/Documents/robotics_workspace_new/install/robokpy_interfaces/include/robokpy_interfaces/robokpy_interfaces/srv/detail/ik__rosidl_typesupport_introspection_cpp.hpp
[9.930s] -- Up-to-date: /home/meta/Documents/robotics_workspace_new/install/robokpy_interfaces/include/robokpy_interfaces/robokpy_interfaces/srv/detail/ik__type_support.cpp
[9.930s] -- Up-to-date: /home/meta/Documents/robotics_workspace_new/install/robokpy_interfaces/include/robokpy_interfaces/robokpy_interfaces/srv/detail/jacobian__type_support.cpp
[9.930s] -- Up-to-date: /home/meta/Documents/robotics_workspace_new/install/robokpy_interfaces/include/robokpy_interfaces/robokpy_interfaces/srv/detail/despawn_object__type_support.cpp
[9.930s] -- Up-to-date: /home/meta/Documents/robotics_workspace_new/install/robokpy_interfaces/include/robokpy_interfaces/robokpy_interfaces/srv/detail/system_mode__rosidl_typesupport_introspection_cpp.hpp
[9.931s] -- Up-to-date: /home/meta/Documents/robotics_workspace_new/install/robokpy_interfaces/include/robokpy_interfaces/robokpy_interfaces/srv/detail/fk__type_support.cpp
[9.931s] -- Up-to-date: /home/meta/Documents/robotics_workspace_new/install/robokpy_interfaces/include/robokpy_interfaces/robokpy_interfaces/srv/detail/despawn_object__rosidl_typesupport_introspection_cpp.hpp
[9.931s] -- Up-to-date: /home/meta/Documents/robotics_workspace_new/install/robokpy_interfaces/include/robokpy_interfaces/robokpy_interfaces/srv/detail/despawnobject__type_support.cpp
[9.932s] -- Up-to-date: /home/meta/Documents/robotics_workspace_new/install/robokpy_interfaces/include/robokpy_interfaces/robokpy_interfaces/srv/detail/system_mode__type_support.cpp
[9.932s] -- Up-to-date: /home/meta/Documents/robotics_workspace_new/install/robokpy_interfaces/include/robokpy_interfaces/robokpy_interfaces/srv/detail/load_recipe__type_support.cpp
[9.932s] -- Up-to-date: /home/meta/Documents/robotics_workspace_new/install/robokpy_interfaces/include/robokpy_interfaces/robokpy_interfaces/srv/detail/set_planning_tip_link__type_support.cpp
[9.934s] -- Up-to-date: /home/meta/Documents/robotics_workspace_new/install/robokpy_interfaces/include/robokpy_interfaces/robokpy_interfaces/srv/detail/grasp_attach__rosidl_typesupport_introspection_cpp.hpp
[9.934s] -- Up-to-date: /home/meta/Documents/robotics_workspace_new/install/robokpy_interfaces/include/robokpy_interfaces/robokpy_interfaces/srv/detail/jacobian__rosidl_typesupport_introspection_cpp.hpp
[9.935s] -- Up-to-date: /home/meta/Documents/robotics_workspace_new/install/robokpy_interfaces/include/robokpy_interfaces/robokpy_interfaces/srv/detail/resume_execution__rosidl_typesupport_introspection_cpp.hpp
[9.935s] -- Up-to-date: /home/meta/Documents/robotics_workspace_new/install/robokpy_interfaces/include/robokpy_interfaces/robokpy_interfaces/srv/detail/chain_fk__rosidl_typesupport_introspection_cpp.hpp
[9.935s] -- Up-to-date: /home/meta/Documents/robotics_workspace_new/install/robokpy_interfaces/include/robokpy_interfaces/robokpy_interfaces/srv/detail/spawn_object__rosidl_typesupport_introspection_cpp.hpp
[9.936s] -- Up-to-date: /home/meta/Documents/robotics_workspace_new/install/robokpy_interfaces/include/robokpy_interfaces/robokpy_interfaces/srv/detail/reachable__type_support.cpp
[9.936s] -- Up-to-date: /home/meta/Documents/robotics_workspace_new/install/robokpy_interfaces/include/robokpy_interfaces/robokpy_interfaces/srv/detail/execution_state__rosidl_typesupport_introspection_cpp.hpp
[9.936s] -- Up-to-date: /home/meta/Documents/robotics_workspace_new/install/robokpy_interfaces/include/robokpy_interfaces/robokpy_interfaces/srv/detail/resume_execution__type_support.cpp
[9.936s] -- Up-to-date: /home/meta/Documents/robotics_workspace_new/install/robokpy_interfaces/include/robokpy_interfaces/robokpy_interfaces/srv/detail/resolve_object_pose__type_support.cpp
[9.937s] -- Up-to-date: /home/meta/Documents/robotics_workspace_new/install/robokpy_interfaces/include/robokpy_interfaces/robokpy_interfaces/srv/detail/grasp_attach__type_support.cpp
[9.937s] -- Up-to-date: /home/meta/Documents/robotics_workspace_new/install/robokpy_interfaces/include/robokpy_interfaces/robokpy_interfaces/srv/detail/execution_state__type_support.cpp
[9.938s] -- Up-to-date: /home/meta/Documents/robotics_workspace_new/install/robokpy_interfaces/include/robokpy_interfaces/robokpy_interfaces/srv/detail/spawnobject__type_support.cpp
[9.938s] -- Up-to-date: /home/meta/Documents/robotics_workspace_new/install/robokpy_interfaces/include/robokpy_interfaces/robokpy_interfaces/srv/detail/set_planning_tip_link__rosidl_typesupport_introspection_cpp.hpp
[9.938s] -- Up-to-date: /home/meta/Documents/robotics_workspace_new/install/robokpy_interfaces/include/robokpy_interfaces/robokpy_interfaces/srv/detail/reachable__rosidl_typesupport_introspection_cpp.hpp
[9.939s] -- Up-to-date: /home/meta/Documents/robotics_workspace_new/install/robokpy_interfaces/include/robokpy_interfaces/robokpy_interfaces/srv/detail/load_recipe__rosidl_typesupport_introspection_cpp.hpp
[9.939s] -- Up-to-date: /home/meta/Documents/robotics_workspace_new/install/robokpy_interfaces/include/robokpy_interfaces/robokpy_interfaces/srv/detail/fk__rosidl_typesupport_introspection_cpp.hpp
[9.939s] -- Up-to-date: /home/meta/Documents/robotics_workspace_new/install/robokpy_interfaces/include/robokpy_interfaces/robokpy_interfaces/srv/detail/spawn_object__type_support.cpp
[9.940s] -- Up-to-date: /home/meta/Documents/robotics_workspace_new/install/robokpy_interfaces/include/robokpy_interfaces/robokpy_interfaces/srv/detail/resolve_object_pose__rosidl_typesupport_introspection_cpp.hpp
[9.940s] -- Up-to-date: /home/meta/Documents/robotics_workspace_new/install/robokpy_interfaces/include/robokpy_interfaces/robokpy_interfaces/srv/detail/chain_fk__type_support.cpp
[9.940s] -- Up-to-date: /home/meta/Documents/robotics_workspace_new/install/robokpy_interfaces/include/robokpy_interfaces/robokpy_interfaces/action
[9.940s] -- Up-to-date: /home/meta/Documents/robotics_workspace_new/install/robokpy_interfaces/include/robokpy_interfaces/robokpy_interfaces/action/detail
[9.941s] -- Up-to-date: /home/meta/Documents/robotics_workspace_new/install/robokpy_interfaces/include/robokpy_interfaces/robokpy_interfaces/action/detail/execute_tool_op__type_support.cpp
[9.941s] -- Up-to-date: /home/meta/Documents/robotics_workspace_new/install/robokpy_interfaces/include/robokpy_interfaces/robokpy_interfaces/action/detail/execute_vision_op__type_support.cpp
[9.941s] -- Up-to-date: /home/meta/Documents/robotics_workspace_new/install/robokpy_interfaces/include/robokpy_interfaces/robokpy_interfaces/action/detail/execute_vision_op__rosidl_typesupport_introspection_cpp.hpp
[9.942s] -- Up-to-date: /home/meta/Documents/robotics_workspace_new/install/robokpy_interfaces/include/robokpy_interfaces/robokpy_interfaces/action/detail/set_joint_target__type_support.cpp
[9.942s] -- Up-to-date: /home/meta/Documents/robotics_workspace_new/install/robokpy_interfaces/include/robokpy_interfaces/robokpy_interfaces/action/detail/robot_trajectory__rosidl_typesupport_introspection_cpp.hpp
[9.943s] -- Up-to-date: /home/meta/Documents/robotics_workspace_new/install/robokpy_interfaces/include/robokpy_interfaces/robokpy_interfaces/action/detail/set_joint_target__rosidl_typesupport_introspection_cpp.hpp
[9.943s] -- Up-to-date: /home/meta/Documents/robotics_workspace_new/install/robokpy_interfaces/include/robokpy_interfaces/robokpy_interfaces/action/detail/execute_tool_op__rosidl_typesupport_introspection_cpp.hpp
[9.943s] -- Up-to-date: /home/meta/Documents/robotics_workspace_new/install/robokpy_interfaces/include/robokpy_interfaces/robokpy_interfaces/action/detail/tool_execution__rosidl_typesupport_introspection_cpp.hpp
[9.943s] -- Up-to-date: /home/meta/Documents/robotics_workspace_new/install/robokpy_interfaces/include/robokpy_interfaces/robokpy_interfaces/action/detail/tool_execution__type_support.cpp
[9.944s] -- Up-to-date: /home/meta/Documents/robotics_workspace_new/install/robokpy_interfaces/include/robokpy_interfaces/robokpy_interfaces/action/detail/execute_motion__rosidl_typesupport_introspection_cpp.hpp
[9.944s] -- Up-to-date: /home/meta/Documents/robotics_workspace_new/install/robokpy_interfaces/include/robokpy_interfaces/robokpy_interfaces/action/detail/robot_trajectory__type_support.cpp
[9.944s] -- Up-to-date: /home/meta/Documents/robotics_workspace_new/install/robokpy_interfaces/include/robokpy_interfaces/robokpy_interfaces/action/detail/execute_motion__type_support.cpp
[9.945s] -- Up-to-date: /home/meta/Documents/robotics_workspace_new/install/robokpy_interfaces/include/robokpy_interfaces/robokpy_interfaces/msg
[9.945s] -- Up-to-date: /home/meta/Documents/robotics_workspace_new/install/robokpy_interfaces/include/robokpy_interfaces/robokpy_interfaces/msg/detail
[9.945s] -- Up-to-date: /home/meta/Documents/robotics_workspace_new/install/robokpy_interfaces/include/robokpy_interfaces/robokpy_interfaces/msg/detail/cell_state__type_support.cpp
[9.945s] -- Up-to-date: /home/meta/Documents/robotics_workspace_new/install/robokpy_interfaces/include/robokpy_interfaces/robokpy_interfaces/msg/detail/cell_state__rosidl_typesupport_introspection_cpp.hpp
[9.946s] -- Up-to-date: /home/meta/Documents/robotics_workspace_new/install/robokpy_interfaces/lib/librobokpy_interfaces__rosidl_typesupport_introspection_cpp.so
[9.946s] -- Up-to-date: /home/meta/Documents/robotics_workspace_new/install/robokpy_interfaces/lib/librobokpy_interfaces__rosidl_typesupport_cpp.so
[9.946s] -- Up-to-date: /home/meta/Documents/robotics_workspace_new/install/robokpy_interfaces/share/robokpy_interfaces/environment/pythonpath.sh
[9.946s] -- Up-to-date: /home/meta/Documents/robotics_workspace_new/install/robokpy_interfaces/share/robokpy_interfaces/environment/pythonpath.dsv
[9.947s] -- Up-to-date: /home/meta/Documents/robotics_workspace_new/install/robokpy_interfaces/lib/python3.12/site-packages/robokpy_interfaces-0.0.0-py3.12.egg-info
[9.947s] -- Installing: /home/meta/Documents/robotics_workspace_new/install/robokpy_interfaces/lib/python3.12/site-packages/robokpy_interfaces-0.0.0-py3.12.egg-info/dependency_links.txt
[9.947s] -- Installing: /home/meta/Documents/robotics_workspace_new/install/robokpy_interfaces/lib/python3.12/site-packages/robokpy_interfaces-0.0.0-py3.12.egg-info/SOURCES.txt
[9.947s] -- Installing: /home/meta/Documents/robotics_workspace_new/install/robokpy_interfaces/lib/python3.12/site-packages/robokpy_interfaces-0.0.0-py3.12.egg-info/PKG-INFO
[9.948s] -- Installing: /home/meta/Documents/robotics_workspace_new/install/robokpy_interfaces/lib/python3.12/site-packages/robokpy_interfaces-0.0.0-py3.12.egg-info/top_level.txt
[9.948s] -- Up-to-date: /home/meta/Documents/robotics_workspace_new/install/robokpy_interfaces/lib/python3.12/site-packages/robokpy_interfaces
[9.948s] -- Up-to-date: /home/meta/Documents/robotics_workspace_new/install/robokpy_interfaces/lib/python3.12/site-packages/robokpy_interfaces/srv
[9.948s] -- Up-to-date: /home/meta/Documents/robotics_workspace_new/install/robokpy_interfaces/lib/python3.12/site-packages/robokpy_interfaces/srv/_resolve_object_pose_s.c
[9.949s] -- Up-to-date: /home/meta/Documents/robotics_workspace_new/install/robokpy_interfaces/lib/python3.12/site-packages/robokpy_interfaces/srv/_jacobian.py
[9.949s] -- Up-to-date: /home/meta/Documents/robotics_workspace_new/install/robokpy_interfaces/lib/python3.12/site-packages/robokpy_interfaces/srv/_resume_execution.py
[9.949s] -- Up-to-date: /home/meta/Documents/robotics_workspace_new/install/robokpy_interfaces/lib/python3.12/site-packages/robokpy_interfaces/srv/_despawnobject.py
[9.949s] -- Up-to-date: /home/meta/Documents/robotics_workspace_new/install/robokpy_interfaces/lib/python3.12/site-packages/robokpy_interfaces/srv/_grasp_attach_s.c
[9.950s] -- Up-to-date: /home/meta/Documents/robotics_workspace_new/install/robokpy_interfaces/lib/python3.12/site-packages/robokpy_interfaces/srv/_spawnobject.py
[9.950s] -- Up-to-date: /home/meta/Documents/robotics_workspace_new/install/robokpy_interfaces/lib/python3.12/site-packages/robokpy_interfaces/srv/_despawn_object_s.c
[9.950s] -- Up-to-date: /home/meta/Documents/robotics_workspace_new/install/robokpy_interfaces/lib/python3.12/site-packages/robokpy_interfaces/srv/_load_recipe_s.c
[9.950s] -- Up-to-date: /home/meta/Documents/robotics_workspace_new/install/robokpy_interfaces/lib/python3.12/site-packages/robokpy_interfaces/srv/_resume_execution_s.c
[9.954s] -- Up-to-date: /home/meta/Documents/robotics_workspace_new/install/robokpy_interfaces/lib/python3.12/site-packages/robokpy_interfaces/srv/_execution_state_s.c
[9.954s] -- Up-to-date: /home/meta/Documents/robotics_workspace_new/install/robokpy_interfaces/lib/python3.12/site-packages/robokpy_interfaces/srv/_spawnobject_s.c
[9.955s] -- Up-to-date: /home/meta/Documents/robotics_workspace_new/install/robokpy_interfaces/lib/python3.12/site-packages/robokpy_interfaces/srv/_fk_s.c
[9.955s] -- Up-to-date: /home/meta/Documents/robotics_workspace_new/install/robokpy_interfaces/lib/python3.12/site-packages/robokpy_interfaces/srv/_reachable_s.c
[9.955s] -- Up-to-date: /home/meta/Documents/robotics_workspace_new/install/robokpy_interfaces/lib/python3.12/site-packages/robokpy_interfaces/srv/_despawn_object.py
[9.955s] -- Up-to-date: /home/meta/Documents/robotics_workspace_new/install/robokpy_interfaces/lib/python3.12/site-packages/robokpy_interfaces/srv/_spawn_object.py
[9.956s] -- Up-to-date: /home/meta/Documents/robotics_workspace_new/install/robokpy_interfaces/lib/python3.12/site-packages/robokpy_interfaces/srv/_load_recipe.py
[9.956s] -- Up-to-date: /home/meta/Documents/robotics_workspace_new/install/robokpy_interfaces/lib/python3.12/site-packages/robokpy_interfaces/srv/_fk.py
[9.956s] -- Up-to-date: /home/meta/Documents/robotics_workspace_new/install/robokpy_interfaces/lib/python3.12/site-packages/robokpy_interfaces/srv/_execution_state.py
[9.958s] -- Up-to-date: /home/meta/Documents/robotics_workspace_new/install/robokpy_interfaces/lib/python3.12/site-packages/robokpy_interfaces/srv/_resolve_object_pose.py
[9.958s] -- Up-to-date: /home/meta/Documents/robotics_workspace_new/install/robokpy_interfaces/lib/python3.12/site-packages/robokpy_interfaces/srv/_jacobian_s.c
[9.958s] -- Up-to-date: /home/meta/Documents/robotics_workspace_new/install/robokpy_interfaces/lib/python3.12/site-packages/robokpy_interfaces/srv/_system_mode.py
[9.958s] -- Up-to-date: /home/meta/Documents/robotics_workspace_new/install/robokpy_interfaces/lib/python3.12/site-packages/robokpy_interfaces/srv/_chain_fk.py
[9.959s] -- Up-to-date: /home/meta/Documents/robotics_workspace_new/install/robokpy_interfaces/lib/python3.12/site-packages/robokpy_interfaces/srv/_reachable.py
[9.959s] -- Up-to-date: /home/meta/Documents/robotics_workspace_new/install/robokpy_interfaces/lib/python3.12/site-packages/robokpy_interfaces/srv/_system_mode_s.c
[9.959s] -- Up-to-date: /home/meta/Documents/robotics_workspace_new/install/robokpy_interfaces/lib/python3.12/site-packages/robokpy_interfaces/srv/_ik_s.c
[9.960s] -- Up-to-date: /home/meta/Documents/robotics_workspace_new/install/robokpy_interfaces/lib/python3.12/site-packages/robokpy_interfaces/srv/__init__.py
[9.961s] -- Up-to-date: /home/meta/Documents/robotics_workspace_new/install/robokpy_interfaces/lib/python3.12/site-packages/robokpy_interfaces/srv/_ik.py
[9.961s] -- Up-to-date: /home/meta/Documents/robotics_workspace_new/install/robokpy_interfaces/lib/python3.12/site-packages/robokpy_interfaces/srv/_grasp_attach.py
[9.961s] -- Up-to-date: /home/meta/Documents/robotics_workspace_new/install/robokpy_interfaces/lib/python3.12/site-packages/robokpy_interfaces/srv/_despawnobject_s.c
[9.962s] -- Up-to-date: /home/meta/Documents/robotics_workspace_new/install/robokpy_interfaces/lib/python3.12/site-packages/robokpy_interfaces/srv/_set_planning_tip_link_s.c
[9.962s] -- Up-to-date: /home/meta/Documents/robotics_workspace_new/install/robokpy_interfaces/lib/python3.12/site-packages/robokpy_interfaces/srv/_spawn_object_s.c
[9.962s] -- Up-to-date: /home/meta/Documents/robotics_workspace_new/install/robokpy_interfaces/lib/python3.12/site-packages/robokpy_interfaces/srv/_set_planning_tip_link.py
[9.962s] -- Up-to-date: /home/meta/Documents/robotics_workspace_new/install/robokpy_interfaces/lib/python3.12/site-packages/robokpy_interfaces/srv/_chain_fk_s.c
[9.962s] -- Up-to-date: /home/meta/Documents/robotics_workspace_new/install/robokpy_interfaces/lib/python3.12/site-packages/robokpy_interfaces/robokpy_interfaces_s__rosidl_typesupport_c.so
[9.963s] -- Up-to-date: /home/meta/Documents/robotics_workspace_new/install/robokpy_interfaces/lib/python3.12/site-packages/robokpy_interfaces/_robokpy_interfaces_s.ep.rosidl_typesupport_introspection_c.c
[9.965s] -- Up-to-date: /home/meta/Documents/robotics_workspace_new/install/robokpy_interfaces/lib/python3.12/site-packages/robokpy_interfaces/action
[9.967s] -- Up-to-date: /home/meta/Documents/robotics_workspace_new/install/robokpy_interfaces/lib/python3.12/site-packages/robokpy_interfaces/action/_execute_tool_op_s.c
[9.968s] -- Up-to-date: /home/meta/Documents/robotics_workspace_new/install/robokpy_interfaces/lib/python3.12/site-packages/robokpy_interfaces/action/_execute_vision_op.py
[9.968s] -- Up-to-date: /home/meta/Documents/robotics_workspace_new/install/robokpy_interfaces/lib/python3.12/site-packages/robokpy_interfaces/action/_tool_execution.py
[9.968s] -- Up-to-date: /home/meta/Documents/robotics_workspace_new/install/robokpy_interfaces/lib/python3.12/site-packages/robokpy_interfaces/action/_robot_trajectory.py
[9.968s] -- Up-to-date: /home/meta/Documents/robotics_workspace_new/install/robokpy_interfaces/lib/python3.12/site-packages/robokpy_interfaces/action/_tool_execution_s.c
[9.969s] -- Up-to-date: /home/meta/Documents/robotics_workspace_new/install/robokpy_interfaces/lib/python3.12/site-packages/robokpy_interfaces/action/_execute_tool_op.py
[9.969s] -- Up-to-date: /home/meta/Documents/robotics_workspace_new/install/robokpy_interfaces/lib/python3.12/site-packages/robokpy_interfaces/action/_set_joint_target.py
[9.969s] -- Up-to-date: /home/meta/Documents/robotics_workspace_new/install/robokpy_interfaces/lib/python3.12/site-packages/robokpy_interfaces/action/_execute_motion_s.c
[9.970s] -- Up-to-date: /home/meta/Documents/robotics_workspace_new/install/robokpy_interfaces/lib/python3.12/site-packages/robokpy_interfaces/action/__init__.py
[9.970s] -- Up-to-date: /home/meta/Documents/robotics_workspace_new/install/robokpy_interfaces/lib/python3.12/site-packages/robokpy_interfaces/action/_execute_vision_op_s.c
[9.970s] -- Up-to-date: /home/meta/Documents/robotics_workspace_new/install/robokpy_interfaces/lib/python3.12/site-packages/robokpy_interfaces/action/_set_joint_target_s.c
[9.970s] -- Up-to-date: /home/meta/Documents/robotics_workspace_new/install/robokpy_interfaces/lib/python3.12/site-packages/robokpy_interfaces/action/_execute_motion.py
[9.971s] -- Up-to-date: /home/meta/Documents/robotics_workspace_new/install/robokpy_interfaces/lib/python3.12/site-packages/robokpy_interfaces/action/_robot_trajectory_s.c
[9.971s] -- Up-to-date: /home/meta/Documents/robotics_workspace_new/install/robokpy_interfaces/lib/python3.12/site-packages/robokpy_interfaces/msg
[9.971s] -- Up-to-date: /home/meta/Documents/robotics_workspace_new/install/robokpy_interfaces/lib/python3.12/site-packages/robokpy_interfaces/msg/_cell_state_s.c
[9.972s] -- Up-to-date: /home/meta/Documents/robotics_workspace_new/install/robokpy_interfaces/lib/python3.12/site-packages/robokpy_interfaces/msg/__init__.py
[9.972s] -- Up-to-date: /home/meta/Documents/robotics_workspace_new/install/robokpy_interfaces/lib/python3.12/site-packages/robokpy_interfaces/msg/_cell_state.py
[9.972s] -- Up-to-date: /home/meta/Documents/robotics_workspace_new/install/robokpy_interfaces/lib/python3.12/site-packages/robokpy_interfaces/robokpy_interfaces_s__rosidl_typesupport_fastrtps_c.so
[9.973s] -- Up-to-date: /home/meta/Documents/robotics_workspace_new/install/robokpy_interfaces/lib/python3.12/site-packages/robokpy_interfaces/_robokpy_interfaces_s.ep.rosidl_typesupport_c.c
[9.973s] -- Up-to-date: /home/meta/Documents/robotics_workspace_new/install/robokpy_interfaces/lib/python3.12/site-packages/robokpy_interfaces/robokpy_interfaces_s__rosidl_typesupport_introspection_c.so
[9.973s] -- Up-to-date: /home/meta/Documents/robotics_workspace_new/install/robokpy_interfaces/lib/python3.12/site-packages/robokpy_interfaces/__init__.py
[9.973s] -- Up-to-date: /home/meta/Documents/robotics_workspace_new/install/robokpy_interfaces/lib/python3.12/site-packages/robokpy_interfaces/_robokpy_interfaces_s.ep.rosidl_typesupport_fastrtps_c.c
[10.675s] Listing '/home/meta/Documents/robotics_workspace_new/install/robokpy_interfaces/lib/python3.12/site-packages/robokpy_interfaces'...
[10.675s] Listing '/home/meta/Documents/robotics_workspace_new/install/robokpy_interfaces/lib/python3.12/site-packages/robokpy_interfaces/action'...
[10.675s] Listing '/home/meta/Documents/robotics_workspace_new/install/robokpy_interfaces/lib/python3.12/site-packages/robokpy_interfaces/msg'...
[10.675s] Listing '/home/meta/Documents/robotics_workspace_new/install/robokpy_interfaces/lib/python3.12/site-packages/robokpy_interfaces/srv'...
[10.689s] -- Up-to-date: /home/meta/Documents/robotics_workspace_new/install/robokpy_interfaces/lib/python3.12/site-packages/robokpy_interfaces/robokpy_interfaces_s__rosidl_typesupport_fastrtps_c.so
[10.690s] -- Up-to-date: /home/meta/Documents/robotics_workspace_new/install/robokpy_interfaces/lib/python3.12/site-packages/robokpy_interfaces/robokpy_interfaces_s__rosidl_typesupport_introspection_c.so
[10.691s] -- Up-to-date: /home/meta/Documents/robotics_workspace_new/install/robokpy_interfaces/lib/python3.12/site-packages/robokpy_interfaces/robokpy_interfaces_s__rosidl_typesupport_c.so
[10.692s] -- Up-to-date: /home/meta/Documents/robotics_workspace_new/install/robokpy_interfaces/lib/librobokpy_interfaces__rosidl_generator_py.so
[10.693s] -- Up-to-date: /home/meta/Documents/robotics_workspace_new/install/robokpy_interfaces/share/robokpy_interfaces/srv/ExecutionState.idl
[10.693s] -- Up-to-date: /home/meta/Documents/robotics_workspace_new/install/robokpy_interfaces/share/robokpy_interfaces/srv/SystemMode.idl
[10.693s] -- Up-to-date: /home/meta/Documents/robotics_workspace_new/install/robokpy_interfaces/share/robokpy_interfaces/srv/FK.idl
[10.694s] -- Up-to-date: /home/meta/Documents/robotics_workspace_new/install/robokpy_interfaces/share/robokpy_interfaces/srv/IK.idl
[10.694s] -- Up-to-date: /home/meta/Documents/robotics_workspace_new/install/robokpy_interfaces/share/robokpy_interfaces/srv/Jacobian.idl
[10.694s] -- Up-to-date: /home/meta/Documents/robotics_workspace_new/install/robokpy_interfaces/share/robokpy_interfaces/srv/Reachable.idl
[10.695s] -- Up-to-date: /home/meta/Documents/robotics_workspace_new/install/robokpy_interfaces/share/robokpy_interfaces/srv/ChainFK.idl
[10.695s] -- Up-to-date: /home/meta/Documents/robotics_workspace_new/install/robokpy_interfaces/share/robokpy_interfaces/srv/SetPlanningTipLink.idl
[10.695s] -- Up-to-date: /home/meta/Documents/robotics_workspace_new/install/robokpy_interfaces/share/robokpy_interfaces/srv/GraspAttach.idl
[10.696s] -- Up-to-date: /home/meta/Documents/robotics_workspace_new/install/robokpy_interfaces/share/robokpy_interfaces/srv/ResumeExecution.idl
[10.696s] -- Up-to-date: /home/meta/Documents/robotics_workspace_new/install/robokpy_interfaces/share/robokpy_interfaces/srv/LoadRecipe.idl
[10.697s] -- Up-to-date: /home/meta/Documents/robotics_workspace_new/install/robokpy_interfaces/share/robokpy_interfaces/srv/SpawnObject.idl
[10.697s] -- Up-to-date: /home/meta/Documents/robotics_workspace_new/install/robokpy_interfaces/share/robokpy_interfaces/srv/DespawnObject.idl
[10.698s] -- Up-to-date: /home/meta/Documents/robotics_workspace_new/install/robokpy_interfaces/share/robokpy_interfaces/srv/ResolveObjectPose.idl
[10.698s] -- Up-to-date: /home/meta/Documents/robotics_workspace_new/install/robokpy_interfaces/share/robokpy_interfaces/msg/CellState.idl
[10.700s] -- Up-to-date: /home/meta/Documents/robotics_workspace_new/install/robokpy_interfaces/share/robokpy_interfaces/action/ExecuteMotion.idl
[10.701s] -- Up-to-date: /home/meta/Documents/robotics_workspace_new/install/robokpy_interfaces/share/robokpy_interfaces/action/ExecuteToolOp.idl
[10.701s] -- Up-to-date: /home/meta/Documents/robotics_workspace_new/install/robokpy_interfaces/share/robokpy_interfaces/action/ExecuteVisionOp.idl
[10.701s] -- Up-to-date: /home/meta/Documents/robotics_workspace_new/install/robokpy_interfaces/share/robokpy_interfaces/action/SetJointTarget.idl
[10.702s] -- Up-to-date: /home/meta/Documents/robotics_workspace_new/install/robokpy_interfaces/share/robokpy_interfaces/srv/ExecutionState.srv
[10.702s] -- Up-to-date: /home/meta/Documents/robotics_workspace_new/install/robokpy_interfaces/share/robokpy_interfaces/srv/SystemMode.srv
[10.703s] -- Up-to-date: /home/meta/Documents/robotics_workspace_new/install/robokpy_interfaces/share/robokpy_interfaces/srv/FK.srv
[10.703s] -- Up-to-date: /home/meta/Documents/robotics_workspace_new/install/robokpy_interfaces/share/robokpy_interfaces/srv/IK.srv
[10.704s] -- Up-to-date: /home/meta/Documents/robotics_workspace_new/install/robokpy_interfaces/share/robokpy_interfaces/srv/Jacobian.srv
[10.704s] -- Up-to-date: /home/meta/Documents/robotics_workspace_new/install/robokpy_interfaces/share/robokpy_interfaces/srv/Reachable.srv
[10.704s] -- Up-to-date: /home/meta/Documents/robotics_workspace_new/install/robokpy_interfaces/share/robokpy_interfaces/srv/ChainFK.srv
[10.704s] -- Up-to-date: /home/meta/Documents/robotics_workspace_new/install/robokpy_interfaces/share/robokpy_interfaces/srv/SetPlanningTipLink.srv
[10.704s] -- Up-to-date: /home/meta/Documents/robotics_workspace_new/install/robokpy_interfaces/share/robokpy_interfaces/srv/GraspAttach.srv
[10.704s] -- Up-to-date: /home/meta/Documents/robotics_workspace_new/install/robokpy_interfaces/share/robokpy_interfaces/srv/ResumeExecution.srv
[10.705s] -- Up-to-date: /home/meta/Documents/robotics_workspace_new/install/robokpy_interfaces/share/robokpy_interfaces/srv/LoadRecipe.srv
[10.705s] -- Up-to-date: /home/meta/Documents/robotics_workspace_new/install/robokpy_interfaces/share/robokpy_interfaces/srv/SpawnObject.srv
[10.705s] -- Up-to-date: /home/meta/Documents/robotics_workspace_new/install/robokpy_interfaces/share/robokpy_interfaces/srv/DespawnObject.srv
[10.705s] -- Up-to-date: /home/meta/Documents/robotics_workspace_new/install/robokpy_interfaces/share/robokpy_interfaces/srv/ResolveObjectPose.srv
[10.705s] -- Up-to-date: /home/meta/Documents/robotics_workspace_new/install/robokpy_interfaces/share/robokpy_interfaces/msg/CellState.msg
[10.705s] -- Up-to-date: /home/meta/Documents/robotics_workspace_new/install/robokpy_interfaces/share/robokpy_interfaces/action/ExecuteMotion.action
[10.705s] -- Up-to-date: /home/meta/Documents/robotics_workspace_new/install/robokpy_interfaces/share/robokpy_interfaces/action/ExecuteToolOp.action
[10.705s] -- Up-to-date: /home/meta/Documents/robotics_workspace_new/install/robokpy_interfaces/share/robokpy_interfaces/action/ExecuteVisionOp.action
[10.706s] -- Up-to-date: /home/meta/Documents/robotics_workspace_new/install/robokpy_interfaces/share/robokpy_interfaces/action/SetJointTarget.action
[10.706s] -- Up-to-date: /home/meta/Documents/robotics_workspace_new/install/robokpy_interfaces/include
[10.742s] -- Up-to-date: /home/meta/Documents/robotics_workspace_new/install/robokpy_interfaces/include/robokpy_interfaces
[10.743s] -- Up-to-date: /home/meta/Documents/robotics_workspace_new/install/robokpy_interfaces/share/ament_index/resource_index/package_run_dependencies/robokpy_interfaces
[10.743s] -- Up-to-date: /home/meta/Documents/robotics_workspace_new/install/robokpy_interfaces/share/ament_index/resource_index/parent_prefix_path/robokpy_interfaces
[10.744s] -- Up-to-date: /home/meta/Documents/robotics_workspace_new/install/robokpy_interfaces/share/robokpy_interfaces/environment/ament_prefix_path.sh
[10.744s] -- Up-to-date: /home/meta/Documents/robotics_workspace_new/install/robokpy_interfaces/share/robokpy_interfaces/environment/ament_prefix_path.dsv
[10.744s] -- Up-to-date: /home/meta/Documents/robotics_workspace_new/install/robokpy_interfaces/share/robokpy_interfaces/environment/path.sh
[10.745s] -- Up-to-date: /home/meta/Documents/robotics_workspace_new/install/robokpy_interfaces/share/robokpy_interfaces/environment/path.dsv
[10.745s] -- Up-to-date: /home/meta/Documents/robotics_workspace_new/install/robokpy_interfaces/share/robokpy_interfaces/local_setup.bash
[10.746s] -- Up-to-date: /home/meta/Documents/robotics_workspace_new/install/robokpy_interfaces/share/robokpy_interfaces/local_setup.sh
[10.746s] -- Up-to-date: /home/meta/Documents/robotics_workspace_new/install/robokpy_interfaces/share/robokpy_interfaces/local_setup.zsh
[10.746s] -- Up-to-date: /home/meta/Documents/robotics_workspace_new/install/robokpy_interfaces/share/robokpy_interfaces/local_setup.dsv
[10.746s] -- Installing: /home/meta/Documents/robotics_workspace_new/install/robokpy_interfaces/share/robokpy_interfaces/package.dsv
[10.785s] -- Up-to-date: /home/meta/Documents/robotics_workspace_new/install/robokpy_interfaces/share/ament_index/resource_index/packages/robokpy_interfaces
[10.813s] -- Up-to-date: /home/meta/Documents/robotics_workspace_new/install/robokpy_interfaces/share/robokpy_interfaces/cmake/export_robokpy_interfaces__rosidl_generator_cExport.cmake
[10.813s] -- Up-to-date: /home/meta/Documents/robotics_workspace_new/install/robokpy_interfaces/share/robokpy_interfaces/cmake/export_robokpy_interfaces__rosidl_generator_cExport-noconfig.cmake
[10.846s] -- Up-to-date: /home/meta/Documents/robotics_workspace_new/install/robokpy_interfaces/share/robokpy_interfaces/cmake/export_robokpy_interfaces__rosidl_typesupport_fastrtps_cExport.cmake
[10.846s] -- Up-to-date: /home/meta/Documents/robotics_workspace_new/install/robokpy_interfaces/share/robokpy_interfaces/cmake/export_robokpy_interfaces__rosidl_typesupport_fastrtps_cExport-noconfig.cmake
[10.879s] -- Up-to-date: /home/meta/Documents/robotics_workspace_new/install/robokpy_interfaces/share/robokpy_interfaces/cmake/robokpy_interfaces__rosidl_typesupport_introspection_cExport.cmake
[10.880s] -- Up-to-date: /home/meta/Documents/robotics_workspace_new/install/robokpy_interfaces/share/robokpy_interfaces/cmake/robokpy_interfaces__rosidl_typesupport_introspection_cExport-noconfig.cmake
[10.924s] -- Up-to-date: /home/meta/Documents/robotics_workspace_new/install/robokpy_interfaces/share/robokpy_interfaces/cmake/robokpy_interfaces__rosidl_typesupport_cExport.cmake
[10.924s] -- Up-to-date: /home/meta/Documents/robotics_workspace_new/install/robokpy_interfaces/share/robokpy_interfaces/cmake/robokpy_interfaces__rosidl_typesupport_cExport-noconfig.cmake
[10.957s] -- Up-to-date: /home/meta/Documents/robotics_workspace_new/install/robokpy_interfaces/share/robokpy_interfaces/cmake/export_robokpy_interfaces__rosidl_generator_cppExport.cmake
[10.991s] -- Up-to-date: /home/meta/Documents/robotics_workspace_new/install/robokpy_interfaces/share/robokpy_interfaces/cmake/export_robokpy_interfaces__rosidl_typesupport_fastrtps_cppExport.cmake
[10.991s] -- Up-to-date: /home/meta/Documents/robotics_workspace_new/install/robokpy_interfaces/share/robokpy_interfaces/cmake/export_robokpy_interfaces__rosidl_typesupport_fastrtps_cppExport-noconfig.cmake
[11.035s] -- Up-to-date: /home/meta/Documents/robotics_workspace_new/install/robokpy_interfaces/share/robokpy_interfaces/cmake/robokpy_interfaces__rosidl_typesupport_introspection_cppExport.cmake
[11.035s] -- Up-to-date: /home/meta/Documents/robotics_workspace_new/install/robokpy_interfaces/share/robokpy_interfaces/cmake/robokpy_interfaces__rosidl_typesupport_introspection_cppExport-noconfig.cmake
[11.059s] -- Up-to-date: /home/meta/Documents/robotics_workspace_new/install/robokpy_interfaces/share/robokpy_interfaces/cmake/robokpy_interfaces__rosidl_typesupport_cppExport.cmake
[11.060s] -- Up-to-date: /home/meta/Documents/robotics_workspace_new/install/robokpy_interfaces/share/robokpy_interfaces/cmake/robokpy_interfaces__rosidl_typesupport_cppExport-noconfig.cmake
[11.094s] -- Up-to-date: /home/meta/Documents/robotics_workspace_new/install/robokpy_interfaces/share/robokpy_interfaces/cmake/export_robokpy_interfaces__rosidl_generator_pyExport.cmake
[11.096s] -- Up-to-date: /home/meta/Documents/robotics_workspace_new/install/robokpy_interfaces/share/robokpy_interfaces/cmake/export_robokpy_interfaces__rosidl_generator_pyExport-noconfig.cmake
[11.096s] -- Up-to-date: /home/meta/Documents/robotics_workspace_new/install/robokpy_interfaces/share/robokpy_interfaces/cmake/rosidl_cmake-extras.cmake
[11.096s] -- Up-to-date: /home/meta/Documents/robotics_workspace_new/install/robokpy_interfaces/share/robokpy_interfaces/cmake/ament_cmake_export_dependencies-extras.cmake
[11.097s] -- Up-to-date: /home/meta/Documents/robotics_workspace_new/install/robokpy_interfaces/share/robokpy_interfaces/cmake/ament_cmake_export_include_directories-extras.cmake
[11.098s] -- Up-to-date: /home/meta/Documents/robotics_workspace_new/install/robokpy_interfaces/share/robokpy_interfaces/cmake/ament_cmake_export_libraries-extras.cmake
[11.099s] -- Up-to-date: /home/meta/Documents/robotics_workspace_new/install/robokpy_interfaces/share/robokpy_interfaces/cmake/ament_cmake_export_targets-extras.cmake
[11.099s] -- Up-to-date: /home/meta/Documents/robotics_workspace_new/install/robokpy_interfaces/share/robokpy_interfaces/cmake/rosidl_cmake_export_typesupport_targets-extras.cmake
[11.099s] -- Up-to-date: /home/meta/Documents/robotics_workspace_new/install/robokpy_interfaces/share/robokpy_interfaces/cmake/rosidl_cmake_export_typesupport_libraries-extras.cmake
[11.099s] -- Up-to-date: /home/meta/Documents/robotics_workspace_new/install/robokpy_interfaces/share/robokpy_interfaces/cmake/robokpy_interfacesConfig.cmake
[11.100s] -- Up-to-date: /home/meta/Documents/robotics_workspace_new/install/robokpy_interfaces/share/robokpy_interfaces/cmake/robokpy_interfacesConfig-version.cmake
[11.100s] -- Up-to-date: /home/meta/Documents/robotics_workspace_new/install/robokpy_interfaces/share/robokpy_interfaces/package.xml
[11.128s] Invoked command in '/home/meta/Documents/robotics_workspace_new/build/robokpy_interfaces' returned '0': CMAKE_PREFIX_PATH=${CMAKE_PREFIX_PATH}:/home/meta/Documents/robotics_workspace_new/install/robokpy_controller:/home/meta/Documents/robotics_workspace_new/install/robokpy:/opt/ros/jazzy DEBUGINFOD_URLS=https://debuginfod.ubuntu.com /bin/cmake --install /home/meta/Documents/robotics_workspace_new/build/robokpy_interfaces
