[0.554s] DEBUG:colcon:Command line arguments: ['/bin/colcon', 'build', '--packages-select', 'motus_cli']
[0.554s] DEBUG:colcon:Parsed command line arguments: Namespace(log_base=None, log_level=None, verb_name='build', build_base='build', install_base='install', merge_install=False, symlink_install=False, test_result_base=None, continue_on_error=False, executor='parallel', parallel_workers=4, event_handlers=None, ignore_user_meta=False, metas=['./colcon.meta'], base_paths=['.'], packages_ignore=None, packages_ignore_regex=None, paths=None, packages_up_to=None, packages_up_to_regex=None, packages_above=None, packages_above_and_dependencies=None, packages_above_depth=None, packages_select_by_dep=None, packages_skip_by_dep=None, packages_skip_up_to=None, packages_select_build_failed=False, packages_skip_build_finished=False, packages_select_test_failures=False, packages_skip_test_passed=False, packages_select=['motus_cli'], packages_skip=None, packages_select_regex=None, packages_skip_regex=None, packages_start=None, packages_end=None, allow_overriding=[], cmake_args=None, cmake_target=None, cmake_target_skip_unavailable=False, cmake_clean_cache=False, cmake_clean_first=False, cmake_force_configure=False, ament_cmake_args=None, catkin_cmake_args=None, catkin_skip_building_tests=False, mixin_files=None, mixin=None, verb_parser=<colcon_mixin.mixin.mixin_argument.MixinArgumentDecorator object at 0x7599ee94fad0>, verb_extension=<colcon_core.verb.build.BuildVerb object at 0x7599ee94f5f0>, main=<bound method BuildVerb.main of <colcon_core.verb.build.BuildVerb object at 0x7599ee94f5f0>>, mixin_verb=('build',))
[0.687s] Level 1:colcon.colcon_core.package_discovery:discover_packages(colcon_meta) check parameters
[0.687s] Level 1:colcon.colcon_core.package_discovery:discover_packages(recursive) check parameters
[0.687s] Level 1:colcon.colcon_core.package_discovery:discover_packages(ignore) check parameters
[0.687s] Level 1:colcon.colcon_core.package_discovery:discover_packages(path) check parameters
[0.687s] Level 1:colcon.colcon_core.package_discovery:discover_packages(colcon_meta) discover
[0.688s] Level 1:colcon.colcon_core.package_discovery:discover_packages(recursive) discover
[0.688s] INFO:colcon.colcon_core.package_discovery:Crawling recursively for packages in '/home/meta/Documents/robotics_workspace_new'
[0.688s] Level 1:colcon.colcon_core.package_identification:_identify(.) by extensions ['ignore', 'ignore_ament_install']
[0.688s] Level 1:colcon.colcon_core.package_identification:_identify(.) by extension 'ignore'
[0.689s] Level 1:colcon.colcon_core.package_identification:_identify(.) by extension 'ignore_ament_install'
[0.689s] Level 1:colcon.colcon_core.package_identification:_identify(.) by extensions ['colcon_pkg']
[0.689s] Level 1:colcon.colcon_core.package_identification:_identify(.) by extension 'colcon_pkg'
[0.689s] Level 1:colcon.colcon_core.package_identification:_identify(.) by extensions ['colcon_meta']
[0.689s] Level 1:colcon.colcon_core.package_identification:_identify(.) by extension 'colcon_meta'
[0.689s] Level 1:colcon.colcon_core.package_identification:_identify(.) by extensions ['ros']
[0.689s] Level 1:colcon.colcon_core.package_identification:_identify(.) by extension 'ros'
[0.784s] Level 1:colcon.colcon_core.package_identification:_identify(.) by extensions ['cmake', 'python']
[0.784s] Level 1:colcon.colcon_core.package_identification:_identify(.) by extension 'cmake'
[0.784s] Level 1:colcon.colcon_core.package_identification:_identify(.) by extension 'python'
[0.784s] Level 1:colcon.colcon_core.package_identification:_identify(.) by extensions ['python_setup_py']
[0.784s] Level 1:colcon.colcon_core.package_identification:_identify(.) by extension 'python_setup_py'
[0.785s] Level 1:colcon.colcon_core.package_identification:_identify(Docs) by extensions ['ignore', 'ignore_ament_install']
[0.785s] Level 1:colcon.colcon_core.package_identification:_identify(Docs) by extension 'ignore'
[0.785s] Level 1:colcon.colcon_core.package_identification:_identify(Docs) by extension 'ignore_ament_install'
[0.786s] Level 1:colcon.colcon_core.package_identification:_identify(Docs) by extensions ['colcon_pkg']
[0.786s] Level 1:colcon.colcon_core.package_identification:_identify(Docs) by extension 'colcon_pkg'
[0.786s] Level 1:colcon.colcon_core.package_identification:_identify(Docs) by extensions ['colcon_meta']
[0.786s] Level 1:colcon.colcon_core.package_identification:_identify(Docs) by extension 'colcon_meta'
[0.786s] Level 1:colcon.colcon_core.package_identification:_identify(Docs) by extensions ['ros']
[0.787s] Level 1:colcon.colcon_core.package_identification:_identify(Docs) by extension 'ros'
[0.787s] Level 1:colcon.colcon_core.package_identification:_identify(Docs) by extensions ['cmake', 'python']
[0.787s] Level 1:colcon.colcon_core.package_identification:_identify(Docs) by extension 'cmake'
[0.787s] Level 1:colcon.colcon_core.package_identification:_identify(Docs) by extension 'python'
[0.787s] Level 1:colcon.colcon_core.package_identification:_identify(Docs) by extensions ['python_setup_py']
[0.787s] Level 1:colcon.colcon_core.package_identification:_identify(Docs) by extension 'python_setup_py'
[0.788s] Level 1:colcon.colcon_core.package_identification:_identify(build) by extensions ['ignore', 'ignore_ament_install']
[0.788s] Level 1:colcon.colcon_core.package_identification:_identify(build) by extension 'ignore'
[0.788s] Level 1:colcon.colcon_core.package_identification:_identify(build) ignored
[0.789s] Level 1:colcon.colcon_core.package_identification:_identify(install) by extensions ['ignore', 'ignore_ament_install']
[0.789s] Level 1:colcon.colcon_core.package_identification:_identify(install) by extension 'ignore'
[0.789s] Level 1:colcon.colcon_core.package_identification:_identify(install) ignored
[0.790s] Level 1:colcon.colcon_core.package_identification:_identify(log) by extensions ['ignore', 'ignore_ament_install']
[0.790s] Level 1:colcon.colcon_core.package_identification:_identify(log) by extension 'ignore'
[0.790s] Level 1:colcon.colcon_core.package_identification:_identify(log) ignored
[0.790s] Level 1:colcon.colcon_core.package_identification:_identify(motus_cli) by extensions ['ignore', 'ignore_ament_install']
[0.791s] Level 1:colcon.colcon_core.package_identification:_identify(motus_cli) by extension 'ignore'
[0.791s] Level 1:colcon.colcon_core.package_identification:_identify(motus_cli) by extension 'ignore_ament_install'
[0.791s] Level 1:colcon.colcon_core.package_identification:_identify(motus_cli) by extensions ['colcon_pkg']
[0.791s] Level 1:colcon.colcon_core.package_identification:_identify(motus_cli) by extension 'colcon_pkg'
[0.791s] Level 1:colcon.colcon_core.package_identification:_identify(motus_cli) by extensions ['colcon_meta']
[0.791s] Level 1:colcon.colcon_core.package_identification:_identify(motus_cli) by extension 'colcon_meta'
[0.792s] Level 1:colcon.colcon_core.package_identification:_identify(motus_cli) by extensions ['ros']
[0.792s] Level 1:colcon.colcon_core.package_identification:_identify(motus_cli) by extension 'ros'
[0.792s] Level 1:colcon.colcon_core.package_identification:_identify(motus_cli) by extensions ['cmake', 'python']
[0.792s] Level 1:colcon.colcon_core.package_identification:_identify(motus_cli) by extension 'cmake'
[0.792s] Level 1:colcon.colcon_core.package_identification:_identify(motus_cli) by extension 'python'
[0.792s] Level 1:colcon.colcon_core.package_identification:_identify(motus_cli) by extensions ['python_setup_py']
[0.793s] Level 1:colcon.colcon_core.package_identification:_identify(motus_cli) by extension 'python_setup_py'
[1.494s] DEBUG:colcon.colcon_core.package_identification:Package 'motus_cli' with type 'python' and name 'motus_cli'
[1.494s] Level 1:colcon.colcon_core.package_identification:_identify(mycobot_ros2) by extensions ['ignore', 'ignore_ament_install']
[1.494s] Level 1:colcon.colcon_core.package_identification:_identify(mycobot_ros2) by extension 'ignore'
[1.495s] Level 1:colcon.colcon_core.package_identification:_identify(mycobot_ros2) by extension 'ignore_ament_install'
[1.495s] Level 1:colcon.colcon_core.package_identification:_identify(mycobot_ros2) by extensions ['colcon_pkg']
[1.495s] Level 1:colcon.colcon_core.package_identification:_identify(mycobot_ros2) by extension 'colcon_pkg'
[1.495s] Level 1:colcon.colcon_core.package_identification:_identify(mycobot_ros2) by extensions ['colcon_meta']
[1.495s] Level 1:colcon.colcon_core.package_identification:_identify(mycobot_ros2) by extension 'colcon_meta'
[1.495s] Level 1:colcon.colcon_core.package_identification:_identify(mycobot_ros2) by extensions ['ros']
[1.495s] Level 1:colcon.colcon_core.package_identification:_identify(mycobot_ros2) by extension 'ros'
[1.495s] Level 1:colcon.colcon_core.package_identification:_identify(mycobot_ros2) by extensions ['cmake', 'python']
[1.495s] Level 1:colcon.colcon_core.package_identification:_identify(mycobot_ros2) by extension 'cmake'
[1.496s] Level 1:colcon.colcon_core.package_identification:_identify(mycobot_ros2) by extension 'python'
[1.496s] Level 1:colcon.colcon_core.package_identification:_identify(mycobot_ros2) by extensions ['python_setup_py']
[1.496s] Level 1:colcon.colcon_core.package_identification:_identify(mycobot_ros2) by extension 'python_setup_py'
[1.496s] Level 1:colcon.colcon_core.package_identification:_identify(mycobot_ros2/Mybuddy) by extensions ['ignore', 'ignore_ament_install']
[1.496s] Level 1:colcon.colcon_core.package_identification:_identify(mycobot_ros2/Mybuddy) by extension 'ignore'
[1.496s] Level 1:colcon.colcon_core.package_identification:_identify(mycobot_ros2/Mybuddy) by extension 'ignore_ament_install'
[1.496s] Level 1:colcon.colcon_core.package_identification:_identify(mycobot_ros2/Mybuddy) by extensions ['colcon_pkg']
[1.496s] Level 1:colcon.colcon_core.package_identification:_identify(mycobot_ros2/Mybuddy) by extension 'colcon_pkg'
[1.496s] Level 1:colcon.colcon_core.package_identification:_identify(mycobot_ros2/Mybuddy) by extensions ['colcon_meta']
[1.496s] Level 1:colcon.colcon_core.package_identification:_identify(mycobot_ros2/Mybuddy) by extension 'colcon_meta'
[1.497s] Level 1:colcon.colcon_core.package_identification:_identify(mycobot_ros2/Mybuddy) by extensions ['ros']
[1.497s] Level 1:colcon.colcon_core.package_identification:_identify(mycobot_ros2/Mybuddy) by extension 'ros'
[1.497s] Level 1:colcon.colcon_core.package_identification:_identify(mycobot_ros2/Mybuddy) by extensions ['cmake', 'python']
[1.497s] Level 1:colcon.colcon_core.package_identification:_identify(mycobot_ros2/Mybuddy) by extension 'cmake'
[1.497s] Level 1:colcon.colcon_core.package_identification:_identify(mycobot_ros2/Mybuddy) by extension 'python'
[1.497s] Level 1:colcon.colcon_core.package_identification:_identify(mycobot_ros2/Mybuddy) by extensions ['python_setup_py']
[1.497s] Level 1:colcon.colcon_core.package_identification:_identify(mycobot_ros2/Mybuddy) by extension 'python_setup_py'
[1.497s] Level 1:colcon.colcon_core.package_identification:_identify(mycobot_ros2/Mybuddy/mybuddy) by extensions ['ignore', 'ignore_ament_install']
[1.497s] Level 1:colcon.colcon_core.package_identification:_identify(mycobot_ros2/Mybuddy/mybuddy) by extension 'ignore'
[1.497s] Level 1:colcon.colcon_core.package_identification:_identify(mycobot_ros2/Mybuddy/mybuddy) by extension 'ignore_ament_install'
[1.498s] Level 1:colcon.colcon_core.package_identification:_identify(mycobot_ros2/Mybuddy/mybuddy) by extensions ['colcon_pkg']
[1.498s] Level 1:colcon.colcon_core.package_identification:_identify(mycobot_ros2/Mybuddy/mybuddy) by extension 'colcon_pkg'
[1.498s] Level 1:colcon.colcon_core.package_identification:_identify(mycobot_ros2/Mybuddy/mybuddy) by extensions ['colcon_meta']
[1.498s] Level 1:colcon.colcon_core.package_identification:_identify(mycobot_ros2/Mybuddy/mybuddy) by extension 'colcon_meta'
[1.498s] Level 1:colcon.colcon_core.package_identification:_identify(mycobot_ros2/Mybuddy/mybuddy) by extensions ['ros']
[1.498s] Level 1:colcon.colcon_core.package_identification:_identify(mycobot_ros2/Mybuddy/mybuddy) by extension 'ros'
[1.503s] DEBUG:colcon.colcon_core.package_identification:Package 'mycobot_ros2/Mybuddy/mybuddy' with type 'ros.ament_python' and name 'mybuddy'
[1.503s] Level 1:colcon.colcon_core.package_identification:_identify(mycobot_ros2/demo_img) by extensions ['ignore', 'ignore_ament_install']
[1.503s] Level 1:colcon.colcon_core.package_identification:_identify(mycobot_ros2/demo_img) by extension 'ignore'
[1.503s] Level 1:colcon.colcon_core.package_identification:_identify(mycobot_ros2/demo_img) by extension 'ignore_ament_install'
[1.503s] Level 1:colcon.colcon_core.package_identification:_identify(mycobot_ros2/demo_img) by extensions ['colcon_pkg']
[1.504s] Level 1:colcon.colcon_core.package_identification:_identify(mycobot_ros2/demo_img) by extension 'colcon_pkg'
[1.504s] Level 1:colcon.colcon_core.package_identification:_identify(mycobot_ros2/demo_img) by extensions ['colcon_meta']
[1.504s] Level 1:colcon.colcon_core.package_identification:_identify(mycobot_ros2/demo_img) by extension 'colcon_meta'
[1.504s] Level 1:colcon.colcon_core.package_identification:_identify(mycobot_ros2/demo_img) by extensions ['ros']
[1.504s] Level 1:colcon.colcon_core.package_identification:_identify(mycobot_ros2/demo_img) by extension 'ros'
[1.504s] Level 1:colcon.colcon_core.package_identification:_identify(mycobot_ros2/demo_img) by extensions ['cmake', 'python']
[1.504s] Level 1:colcon.colcon_core.package_identification:_identify(mycobot_ros2/demo_img) by extension 'cmake'
[1.504s] Level 1:colcon.colcon_core.package_identification:_identify(mycobot_ros2/demo_img) by extension 'python'
[1.504s] Level 1:colcon.colcon_core.package_identification:_identify(mycobot_ros2/demo_img) by extensions ['python_setup_py']
[1.504s] Level 1:colcon.colcon_core.package_identification:_identify(mycobot_ros2/demo_img) by extension 'python_setup_py'
[1.505s] Level 1:colcon.colcon_core.package_identification:_identify(mycobot_ros2/demo_img/260m5) by extensions ['ignore', 'ignore_ament_install']
[1.505s] Level 1:colcon.colcon_core.package_identification:_identify(mycobot_ros2/demo_img/260m5) by extension 'ignore'
[1.505s] Level 1:colcon.colcon_core.package_identification:_identify(mycobot_ros2/demo_img/260m5) by extension 'ignore_ament_install'
[1.505s] Level 1:colcon.colcon_core.package_identification:_identify(mycobot_ros2/demo_img/260m5) by extensions ['colcon_pkg']
[1.505s] Level 1:colcon.colcon_core.package_identification:_identify(mycobot_ros2/demo_img/260m5) by extension 'colcon_pkg'
[1.505s] Level 1:colcon.colcon_core.package_identification:_identify(mycobot_ros2/demo_img/260m5) by extensions ['colcon_meta']
[1.505s] Level 1:colcon.colcon_core.package_identification:_identify(mycobot_ros2/demo_img/260m5) by extension 'colcon_meta'
[1.505s] Level 1:colcon.colcon_core.package_identification:_identify(mycobot_ros2/demo_img/260m5) by extensions ['ros']
[1.505s] Level 1:colcon.colcon_core.package_identification:_identify(mycobot_ros2/demo_img/260m5) by extension 'ros'
[1.505s] Level 1:colcon.colcon_core.package_identification:_identify(mycobot_ros2/demo_img/260m5) by extensions ['cmake', 'python']
[1.505s] Level 1:colcon.colcon_core.package_identification:_identify(mycobot_ros2/demo_img/260m5) by extension 'cmake'
[1.506s] Level 1:colcon.colcon_core.package_identification:_identify(mycobot_ros2/demo_img/260m5) by extension 'python'
[1.506s] Level 1:colcon.colcon_core.package_identification:_identify(mycobot_ros2/demo_img/260m5) by extensions ['python_setup_py']
[1.506s] Level 1:colcon.colcon_core.package_identification:_identify(mycobot_ros2/demo_img/260m5) by extension 'python_setup_py'
[1.506s] Level 1:colcon.colcon_core.package_identification:_identify(mycobot_ros2/demo_img/260pi) by extensions ['ignore', 'ignore_ament_install']
[1.506s] Level 1:colcon.colcon_core.package_identification:_identify(mycobot_ros2/demo_img/260pi) by extension 'ignore'
[1.506s] Level 1:colcon.colcon_core.package_identification:_identify(mycobot_ros2/demo_img/260pi) by extension 'ignore_ament_install'
[1.506s] Level 1:colcon.colcon_core.package_identification:_identify(mycobot_ros2/demo_img/260pi) by extensions ['colcon_pkg']
[1.506s] Level 1:colcon.colcon_core.package_identification:_identify(mycobot_ros2/demo_img/260pi) by extension 'colcon_pkg'
[1.506s] Level 1:colcon.colcon_core.package_identification:_identify(mycobot_ros2/demo_img/260pi) by extensions ['colcon_meta']
[1.507s] Level 1:colcon.colcon_core.package_identification:_identify(mycobot_ros2/demo_img/260pi) by extension 'colcon_meta'
[1.507s] Level 1:colcon.colcon_core.package_identification:_identify(mycobot_ros2/demo_img/260pi) by extensions ['ros']
[1.507s] Level 1:colcon.colcon_core.package_identification:_identify(mycobot_ros2/demo_img/260pi) by extension 'ros'
[1.507s] Level 1:colcon.colcon_core.package_identification:_identify(mycobot_ros2/demo_img/260pi) by extensions ['cmake', 'python']
[1.507s] Level 1:colcon.colcon_core.package_identification:_identify(mycobot_ros2/demo_img/260pi) by extension 'cmake'
[1.507s] Level 1:colcon.colcon_core.package_identification:_identify(mycobot_ros2/demo_img/260pi) by extension 'python'
[1.507s] Level 1:colcon.colcon_core.package_identification:_identify(mycobot_ros2/demo_img/260pi) by extensions ['python_setup_py']
[1.507s] Level 1:colcon.colcon_core.package_identification:_identify(mycobot_ros2/demo_img/260pi) by extension 'python_setup_py'
[1.507s] Level 1:colcon.colcon_core.package_identification:_identify(mycobot_ros2/demo_img/270m5) by extensions ['ignore', 'ignore_ament_install']
[1.507s] Level 1:colcon.colcon_core.package_identification:_identify(mycobot_ros2/demo_img/270m5) by extension 'ignore'
[1.508s] Level 1:colcon.colcon_core.package_identification:_identify(mycobot_ros2/demo_img/270m5) by extension 'ignore_ament_install'
[1.508s] Level 1:colcon.colcon_core.package_identification:_identify(mycobot_ros2/demo_img/270m5) by extensions ['colcon_pkg']
[1.508s] Level 1:colcon.colcon_core.package_identification:_identify(mycobot_ros2/demo_img/270m5) by extension 'colcon_pkg'
[1.508s] Level 1:colcon.colcon_core.package_identification:_identify(mycobot_ros2/demo_img/270m5) by extensions ['colcon_meta']
[1.508s] Level 1:colcon.colcon_core.package_identification:_identify(mycobot_ros2/demo_img/270m5) by extension 'colcon_meta'
[1.508s] Level 1:colcon.colcon_core.package_identification:_identify(mycobot_ros2/demo_img/270m5) by extensions ['ros']
[1.508s] Level 1:colcon.colcon_core.package_identification:_identify(mycobot_ros2/demo_img/270m5) by extension 'ros'
[1.508s] Level 1:colcon.colcon_core.package_identification:_identify(mycobot_ros2/demo_img/270m5) by extensions ['cmake', 'python']
[1.508s] Level 1:colcon.colcon_core.package_identification:_identify(mycobot_ros2/demo_img/270m5) by extension 'cmake'
[1.508s] Level 1:colcon.colcon_core.package_identification:_identify(mycobot_ros2/demo_img/270m5) by extension 'python'
[1.508s] Level 1:colcon.colcon_core.package_identification:_identify(mycobot_ros2/demo_img/270m5) by extensions ['python_setup_py']
[1.508s] Level 1:colcon.colcon_core.package_identification:_identify(mycobot_ros2/demo_img/270m5) by extension 'python_setup_py'
[1.509s] Level 1:colcon.colcon_core.package_identification:_identify(mycobot_ros2/demo_img/270pi) by extensions ['ignore', 'ignore_ament_install']
[1.509s] Level 1:colcon.colcon_core.package_identification:_identify(mycobot_ros2/demo_img/270pi) by extension 'ignore'
[1.509s] Level 1:colcon.colcon_core.package_identification:_identify(mycobot_ros2/demo_img/270pi) by extension 'ignore_ament_install'
[1.509s] Level 1:colcon.colcon_core.package_identification:_identify(mycobot_ros2/demo_img/270pi) by extensions ['colcon_pkg']
[1.509s] Level 1:colcon.colcon_core.package_identification:_identify(mycobot_ros2/demo_img/270pi) by extension 'colcon_pkg'
[1.509s] Level 1:colcon.colcon_core.package_identification:_identify(mycobot_ros2/demo_img/270pi) by extensions ['colcon_meta']
[1.509s] Level 1:colcon.colcon_core.package_identification:_identify(mycobot_ros2/demo_img/270pi) by extension 'colcon_meta'
[1.509s] Level 1:colcon.colcon_core.package_identification:_identify(mycobot_ros2/demo_img/270pi) by extensions ['ros']
[1.509s] Level 1:colcon.colcon_core.package_identification:_identify(mycobot_ros2/demo_img/270pi) by extension 'ros'
[1.510s] Level 1:colcon.colcon_core.package_identification:_identify(mycobot_ros2/demo_img/270pi) by extensions ['cmake', 'python']
[1.510s] Level 1:colcon.colcon_core.package_identification:_identify(mycobot_ros2/demo_img/270pi) by extension 'cmake'
[1.510s] Level 1:colcon.colcon_core.package_identification:_identify(mycobot_ros2/demo_img/270pi) by extension 'python'
[1.510s] Level 1:colcon.colcon_core.package_identification:_identify(mycobot_ros2/demo_img/270pi) by extensions ['python_setup_py']
[1.510s] Level 1:colcon.colcon_core.package_identification:_identify(mycobot_ros2/demo_img/270pi) by extension 'python_setup_py'
[1.510s] Level 1:colcon.colcon_core.package_identification:_identify(mycobot_ros2/demo_img/280ar) by extensions ['ignore', 'ignore_ament_install']
[1.510s] Level 1:colcon.colcon_core.package_identification:_identify(mycobot_ros2/demo_img/280ar) by extension 'ignore'
[1.510s] Level 1:colcon.colcon_core.package_identification:_identify(mycobot_ros2/demo_img/280ar) by extension 'ignore_ament_install'
[1.511s] Level 1:colcon.colcon_core.package_identification:_identify(mycobot_ros2/demo_img/280ar) by extensions ['colcon_pkg']
[1.511s] Level 1:colcon.colcon_core.package_identification:_identify(mycobot_ros2/demo_img/280ar) by extension 'colcon_pkg'
[1.511s] Level 1:colcon.colcon_core.package_identification:_identify(mycobot_ros2/demo_img/280ar) by extensions ['colcon_meta']
[1.511s] Level 1:colcon.colcon_core.package_identification:_identify(mycobot_ros2/demo_img/280ar) by extension 'colcon_meta'
[1.511s] Level 1:colcon.colcon_core.package_identification:_identify(mycobot_ros2/demo_img/280ar) by extensions ['ros']
[1.511s] Level 1:colcon.colcon_core.package_identification:_identify(mycobot_ros2/demo_img/280ar) by extension 'ros'
[1.511s] Level 1:colcon.colcon_core.package_identification:_identify(mycobot_ros2/demo_img/280ar) by extensions ['cmake', 'python']
[1.511s] Level 1:colcon.colcon_core.package_identification:_identify(mycobot_ros2/demo_img/280ar) by extension 'cmake'
[1.511s] Level 1:colcon.colcon_core.package_identification:_identify(mycobot_ros2/demo_img/280ar) by extension 'python'
[1.511s] Level 1:colcon.colcon_core.package_identification:_identify(mycobot_ros2/demo_img/280ar) by extensions ['python_setup_py']
[1.511s] Level 1:colcon.colcon_core.package_identification:_identify(mycobot_ros2/demo_img/280ar) by extension 'python_setup_py'
[1.512s] Level 1:colcon.colcon_core.package_identification:_identify(mycobot_ros2/demo_img/280jn) by extensions ['ignore', 'ignore_ament_install']
[1.512s] Level 1:colcon.colcon_core.package_identification:_identify(mycobot_ros2/demo_img/280jn) by extension 'ignore'
[1.512s] Level 1:colcon.colcon_core.package_identification:_identify(mycobot_ros2/demo_img/280jn) by extension 'ignore_ament_install'
[1.512s] Level 1:colcon.colcon_core.package_identification:_identify(mycobot_ros2/demo_img/280jn) by extensions ['colcon_pkg']
[1.512s] Level 1:colcon.colcon_core.package_identification:_identify(mycobot_ros2/demo_img/280jn) by extension 'colcon_pkg'
[1.513s] Level 1:colcon.colcon_core.package_identification:_identify(mycobot_ros2/demo_img/280jn) by extensions ['colcon_meta']
[1.513s] Level 1:colcon.colcon_core.package_identification:_identify(mycobot_ros2/demo_img/280jn) by extension 'colcon_meta'
[1.513s] Level 1:colcon.colcon_core.package_identification:_identify(mycobot_ros2/demo_img/280jn) by extensions ['ros']
[1.513s] Level 1:colcon.colcon_core.package_identification:_identify(mycobot_ros2/demo_img/280jn) by extension 'ros'
[1.513s] Level 1:colcon.colcon_core.package_identification:_identify(mycobot_ros2/demo_img/280jn) by extensions ['cmake', 'python']
[1.513s] Level 1:colcon.colcon_core.package_identification:_identify(mycobot_ros2/demo_img/280jn) by extension 'cmake'
[1.513s] Level 1:colcon.colcon_core.package_identification:_identify(mycobot_ros2/demo_img/280jn) by extension 'python'
[1.513s] Level 1:colcon.colcon_core.package_identification:_identify(mycobot_ros2/demo_img/280jn) by extensions ['python_setup_py']
[1.514s] Level 1:colcon.colcon_core.package_identification:_identify(mycobot_ros2/demo_img/280jn) by extension 'python_setup_py'
[1.514s] Level 1:colcon.colcon_core.package_identification:_identify(mycobot_ros2/demo_img/280m5) by extensions ['ignore', 'ignore_ament_install']
[1.514s] Level 1:colcon.colcon_core.package_identification:_identify(mycobot_ros2/demo_img/280m5) by extension 'ignore'
[1.514s] Level 1:colcon.colcon_core.package_identification:_identify(mycobot_ros2/demo_img/280m5) by extension 'ignore_ament_install'
[1.514s] Level 1:colcon.colcon_core.package_identification:_identify(mycobot_ros2/demo_img/280m5) by extensions ['colcon_pkg']
[1.515s] Level 1:colcon.colcon_core.package_identification:_identify(mycobot_ros2/demo_img/280m5) by extension 'colcon_pkg'
[1.515s] Level 1:colcon.colcon_core.package_identification:_identify(mycobot_ros2/demo_img/280m5) by extensions ['colcon_meta']
[1.515s] Level 1:colcon.colcon_core.package_identification:_identify(mycobot_ros2/demo_img/280m5) by extension 'colcon_meta'
[1.515s] Level 1:colcon.colcon_core.package_identification:_identify(mycobot_ros2/demo_img/280m5) by extensions ['ros']
[1.515s] Level 1:colcon.colcon_core.package_identification:_identify(mycobot_ros2/demo_img/280m5) by extension 'ros'
[1.515s] Level 1:colcon.colcon_core.package_identification:_identify(mycobot_ros2/demo_img/280m5) by extensions ['cmake', 'python']
[1.515s] Level 1:colcon.colcon_core.package_identification:_identify(mycobot_ros2/demo_img/280m5) by extension 'cmake'
[1.515s] Level 1:colcon.colcon_core.package_identification:_identify(mycobot_ros2/demo_img/280m5) by extension 'python'
[1.516s] Level 1:colcon.colcon_core.package_identification:_identify(mycobot_ros2/demo_img/280m5) by extensions ['python_setup_py']
[1.516s] Level 1:colcon.colcon_core.package_identification:_identify(mycobot_ros2/demo_img/280m5) by extension 'python_setup_py'
[1.516s] Level 1:colcon.colcon_core.package_identification:_identify(mycobot_ros2/demo_img/280pi) by extensions ['ignore', 'ignore_ament_install']
[1.516s] Level 1:colcon.colcon_core.package_identification:_identify(mycobot_ros2/demo_img/280pi) by extension 'ignore'
[1.516s] Level 1:colcon.colcon_core.package_identification:_identify(mycobot_ros2/demo_img/280pi) by extension 'ignore_ament_install'
[1.517s] Level 1:colcon.colcon_core.package_identification:_identify(mycobot_ros2/demo_img/280pi) by extensions ['colcon_pkg']
[1.517s] Level 1:colcon.colcon_core.package_identification:_identify(mycobot_ros2/demo_img/280pi) by extension 'colcon_pkg'
[1.517s] Level 1:colcon.colcon_core.package_identification:_identify(mycobot_ros2/demo_img/280pi) by extensions ['colcon_meta']
[1.517s] Level 1:colcon.colcon_core.package_identification:_identify(mycobot_ros2/demo_img/280pi) by extension 'colcon_meta'
[1.517s] Level 1:colcon.colcon_core.package_identification:_identify(mycobot_ros2/demo_img/280pi) by extensions ['ros']
[1.517s] Level 1:colcon.colcon_core.package_identification:_identify(mycobot_ros2/demo_img/280pi) by extension 'ros'
[1.517s] Level 1:colcon.colcon_core.package_identification:_identify(mycobot_ros2/demo_img/280pi) by extensions ['cmake', 'python']
[1.518s] Level 1:colcon.colcon_core.package_identification:_identify(mycobot_ros2/demo_img/280pi) by extension 'cmake'
[1.518s] Level 1:colcon.colcon_core.package_identification:_identify(mycobot_ros2/demo_img/280pi) by extension 'python'
[1.518s] Level 1:colcon.colcon_core.package_identification:_identify(mycobot_ros2/demo_img/280pi) by extensions ['python_setup_py']
[1.518s] Level 1:colcon.colcon_core.package_identification:_identify(mycobot_ros2/demo_img/280pi) by extension 'python_setup_py'
[1.518s] Level 1:colcon.colcon_core.package_identification:_identify(mycobot_ros2/demo_img/280rdkx5) by extensions ['ignore', 'ignore_ament_install']
[1.518s] Level 1:colcon.colcon_core.package_identification:_identify(mycobot_ros2/demo_img/280rdkx5) by extension 'ignore'
[1.519s] Level 1:colcon.colcon_core.package_identification:_identify(mycobot_ros2/demo_img/280rdkx5) by extension 'ignore_ament_install'
[1.519s] Level 1:colcon.colcon_core.package_identification:_identify(mycobot_ros2/demo_img/280rdkx5) by extensions ['colcon_pkg']
[1.519s] Level 1:colcon.colcon_core.package_identification:_identify(mycobot_ros2/demo_img/280rdkx5) by extension 'colcon_pkg'
[1.519s] Level 1:colcon.colcon_core.package_identification:_identify(mycobot_ros2/demo_img/280rdkx5) by extensions ['colcon_meta']
[1.519s] Level 1:colcon.colcon_core.package_identification:_identify(mycobot_ros2/demo_img/280rdkx5) by extension 'colcon_meta'
[1.519s] Level 1:colcon.colcon_core.package_identification:_identify(mycobot_ros2/demo_img/280rdkx5) by extensions ['ros']
[1.519s] Level 1:colcon.colcon_core.package_identification:_identify(mycobot_ros2/demo_img/280rdkx5) by extension 'ros'
[1.520s] Level 1:colcon.colcon_core.package_identification:_identify(mycobot_ros2/demo_img/280rdkx5) by extensions ['cmake', 'python']
[1.520s] Level 1:colcon.colcon_core.package_identification:_identify(mycobot_ros2/demo_img/280rdkx5) by extension 'cmake'
[1.520s] Level 1:colcon.colcon_core.package_identification:_identify(mycobot_ros2/demo_img/280rdkx5) by extension 'python'
[1.520s] Level 1:colcon.colcon_core.package_identification:_identify(mycobot_ros2/demo_img/280rdkx5) by extensions ['python_setup_py']
[1.520s] Level 1:colcon.colcon_core.package_identification:_identify(mycobot_ros2/demo_img/280rdkx5) by extension 'python_setup_py'
[1.520s] Level 1:colcon.colcon_core.package_identification:_identify(mycobot_ros2/demo_img/320m5_2022) by extensions ['ignore', 'ignore_ament_install']
[1.521s] Level 1:colcon.colcon_core.package_identification:_identify(mycobot_ros2/demo_img/320m5_2022) by extension 'ignore'
[1.521s] Level 1:colcon.colcon_core.package_identification:_identify(mycobot_ros2/demo_img/320m5_2022) by extension 'ignore_ament_install'
[1.521s] Level 1:colcon.colcon_core.package_identification:_identify(mycobot_ros2/demo_img/320m5_2022) by extensions ['colcon_pkg']
[1.521s] Level 1:colcon.colcon_core.package_identification:_identify(mycobot_ros2/demo_img/320m5_2022) by extension 'colcon_pkg'
[1.521s] Level 1:colcon.colcon_core.package_identification:_identify(mycobot_ros2/demo_img/320m5_2022) by extensions ['colcon_meta']
[1.521s] Level 1:colcon.colcon_core.package_identification:_identify(mycobot_ros2/demo_img/320m5_2022) by extension 'colcon_meta'
[1.521s] Level 1:colcon.colcon_core.package_identification:_identify(mycobot_ros2/demo_img/320m5_2022) by extensions ['ros']
[1.521s] Level 1:colcon.colcon_core.package_identification:_identify(mycobot_ros2/demo_img/320m5_2022) by extension 'ros'
[1.522s] Level 1:colcon.colcon_core.package_identification:_identify(mycobot_ros2/demo_img/320m5_2022) by extensions ['cmake', 'python']
[1.522s] Level 1:colcon.colcon_core.package_identification:_identify(mycobot_ros2/demo_img/320m5_2022) by extension 'cmake'
[1.522s] Level 1:colcon.colcon_core.package_identification:_identify(mycobot_ros2/demo_img/320m5_2022) by extension 'python'
[1.522s] Level 1:colcon.colcon_core.package_identification:_identify(mycobot_ros2/demo_img/320m5_2022) by extensions ['python_setup_py']
[1.522s] Level 1:colcon.colcon_core.package_identification:_identify(mycobot_ros2/demo_img/320m5_2022) by extension 'python_setup_py'
[1.523s] Level 1:colcon.colcon_core.package_identification:_identify(mycobot_ros2/demo_img/320pi_2022) by extensions ['ignore', 'ignore_ament_install']
[1.523s] Level 1:colcon.colcon_core.package_identification:_identify(mycobot_ros2/demo_img/320pi_2022) by extension 'ignore'
[1.523s] Level 1:colcon.colcon_core.package_identification:_identify(mycobot_ros2/demo_img/320pi_2022) by extension 'ignore_ament_install'
[1.523s] Level 1:colcon.colcon_core.package_identification:_identify(mycobot_ros2/demo_img/320pi_2022) by extensions ['colcon_pkg']
[1.523s] Level 1:colcon.colcon_core.package_identification:_identify(mycobot_ros2/demo_img/320pi_2022) by extension 'colcon_pkg'
[1.524s] Level 1:colcon.colcon_core.package_identification:_identify(mycobot_ros2/demo_img/320pi_2022) by extensions ['colcon_meta']
[1.524s] Level 1:colcon.colcon_core.package_identification:_identify(mycobot_ros2/demo_img/320pi_2022) by extension 'colcon_meta'
[1.524s] Level 1:colcon.colcon_core.package_identification:_identify(mycobot_ros2/demo_img/320pi_2022) by extensions ['ros']
[1.524s] Level 1:colcon.colcon_core.package_identification:_identify(mycobot_ros2/demo_img/320pi_2022) by extension 'ros'
[1.524s] Level 1:colcon.colcon_core.package_identification:_identify(mycobot_ros2/demo_img/320pi_2022) by extensions ['cmake', 'python']
[1.524s] Level 1:colcon.colcon_core.package_identification:_identify(mycobot_ros2/demo_img/320pi_2022) by extension 'cmake'
[1.524s] Level 1:colcon.colcon_core.package_identification:_identify(mycobot_ros2/demo_img/320pi_2022) by extension 'python'
[1.524s] Level 1:colcon.colcon_core.package_identification:_identify(mycobot_ros2/demo_img/320pi_2022) by extensions ['python_setup_py']
[1.525s] Level 1:colcon.colcon_core.package_identification:_identify(mycobot_ros2/demo_img/320pi_2022) by extension 'python_setup_py'
[1.525s] Level 1:colcon.colcon_core.package_identification:_identify(mycobot_ros2/demo_img/myarm300) by extensions ['ignore', 'ignore_ament_install']
[1.525s] Level 1:colcon.colcon_core.package_identification:_identify(mycobot_ros2/demo_img/myarm300) by extension 'ignore'
[1.525s] Level 1:colcon.colcon_core.package_identification:_identify(mycobot_ros2/demo_img/myarm300) by extension 'ignore_ament_install'
[1.526s] Level 1:colcon.colcon_core.package_identification:_identify(mycobot_ros2/demo_img/myarm300) by extensions ['colcon_pkg']
[1.526s] Level 1:colcon.colcon_core.package_identification:_identify(mycobot_ros2/demo_img/myarm300) by extension 'colcon_pkg'
[1.526s] Level 1:colcon.colcon_core.package_identification:_identify(mycobot_ros2/demo_img/myarm300) by extensions ['colcon_meta']
[1.526s] Level 1:colcon.colcon_core.package_identification:_identify(mycobot_ros2/demo_img/myarm300) by extension 'colcon_meta'
[1.526s] Level 1:colcon.colcon_core.package_identification:_identify(mycobot_ros2/demo_img/myarm300) by extensions ['ros']
[1.526s] Level 1:colcon.colcon_core.package_identification:_identify(mycobot_ros2/demo_img/myarm300) by extension 'ros'
[1.527s] Level 1:colcon.colcon_core.package_identification:_identify(mycobot_ros2/demo_img/myarm300) by extensions ['cmake', 'python']
[1.527s] Level 1:colcon.colcon_core.package_identification:_identify(mycobot_ros2/demo_img/myarm300) by extension 'cmake'
[1.527s] Level 1:colcon.colcon_core.package_identification:_identify(mycobot_ros2/demo_img/myarm300) by extension 'python'
[1.527s] Level 1:colcon.colcon_core.package_identification:_identify(mycobot_ros2/demo_img/myarm300) by extensions ['python_setup_py']
[1.527s] Level 1:colcon.colcon_core.package_identification:_identify(mycobot_ros2/demo_img/myarm300) by extension 'python_setup_py'
[1.527s] Level 1:colcon.colcon_core.package_identification:_identify(mycobot_ros2/demo_img/mybuddy) by extensions ['ignore', 'ignore_ament_install']
[1.527s] Level 1:colcon.colcon_core.package_identification:_identify(mycobot_ros2/demo_img/mybuddy) by extension 'ignore'
[1.528s] Level 1:colcon.colcon_core.package_identification:_identify(mycobot_ros2/demo_img/mybuddy) by extension 'ignore_ament_install'
[1.528s] Level 1:colcon.colcon_core.package_identification:_identify(mycobot_ros2/demo_img/mybuddy) by extensions ['colcon_pkg']
[1.528s] Level 1:colcon.colcon_core.package_identification:_identify(mycobot_ros2/demo_img/mybuddy) by extension 'colcon_pkg'
[1.528s] Level 1:colcon.colcon_core.package_identification:_identify(mycobot_ros2/demo_img/mybuddy) by extensions ['colcon_meta']
[1.528s] Level 1:colcon.colcon_core.package_identification:_identify(mycobot_ros2/demo_img/mybuddy) by extension 'colcon_meta'
[1.528s] Level 1:colcon.colcon_core.package_identification:_identify(mycobot_ros2/demo_img/mybuddy) by extensions ['ros']
[1.528s] Level 1:colcon.colcon_core.package_identification:_identify(mycobot_ros2/demo_img/mybuddy) by extension 'ros'
[1.529s] Level 1:colcon.colcon_core.package_identification:_identify(mycobot_ros2/demo_img/mybuddy) by extensions ['cmake', 'python']
[1.529s] Level 1:colcon.colcon_core.package_identification:_identify(mycobot_ros2/demo_img/mybuddy) by extension 'cmake'
[1.529s] Level 1:colcon.colcon_core.package_identification:_identify(mycobot_ros2/demo_img/mybuddy) by extension 'python'
[1.529s] Level 1:colcon.colcon_core.package_identification:_identify(mycobot_ros2/demo_img/mybuddy) by extensions ['python_setup_py']
[1.529s] Level 1:colcon.colcon_core.package_identification:_identify(mycobot_ros2/demo_img/mybuddy) by extension 'python_setup_py'
[1.529s] Level 1:colcon.colcon_core.package_identification:_identify(mycobot_ros2/demo_img/pro450) by extensions ['ignore', 'ignore_ament_install']
[1.530s] Level 1:colcon.colcon_core.package_identification:_identify(mycobot_ros2/demo_img/pro450) by extension 'ignore'
[1.530s] Level 1:colcon.colcon_core.package_identification:_identify(mycobot_ros2/demo_img/pro450) by extension 'ignore_ament_install'
[1.530s] Level 1:colcon.colcon_core.package_identification:_identify(mycobot_ros2/demo_img/pro450) by extensions ['colcon_pkg']
[1.530s] Level 1:colcon.colcon_core.package_identification:_identify(mycobot_ros2/demo_img/pro450) by extension 'colcon_pkg'
[1.530s] Level 1:colcon.colcon_core.package_identification:_identify(mycobot_ros2/demo_img/pro450) by extensions ['colcon_meta']
[1.530s] Level 1:colcon.colcon_core.package_identification:_identify(mycobot_ros2/demo_img/pro450) by extension 'colcon_meta'
[1.530s] Level 1:colcon.colcon_core.package_identification:_identify(mycobot_ros2/demo_img/pro450) by extensions ['ros']
[1.531s] Level 1:colcon.colcon_core.package_identification:_identify(mycobot_ros2/demo_img/pro450) by extension 'ros'
[1.531s] Level 1:colcon.colcon_core.package_identification:_identify(mycobot_ros2/demo_img/pro450) by extensions ['cmake', 'python']
[1.531s] Level 1:colcon.colcon_core.package_identification:_identify(mycobot_ros2/demo_img/pro450) by extension 'cmake'
[1.531s] Level 1:colcon.colcon_core.package_identification:_identify(mycobot_ros2/demo_img/pro450) by extension 'python'
[1.531s] Level 1:colcon.colcon_core.package_identification:_identify(mycobot_ros2/demo_img/pro450) by extensions ['python_setup_py']
[1.531s] Level 1:colcon.colcon_core.package_identification:_identify(mycobot_ros2/demo_img/pro450) by extension 'python_setup_py'
[1.532s] Level 1:colcon.colcon_core.package_identification:_identify(mycobot_ros2/demo_img/pro600) by extensions ['ignore', 'ignore_ament_install']
[1.532s] Level 1:colcon.colcon_core.package_identification:_identify(mycobot_ros2/demo_img/pro600) by extension 'ignore'
[1.532s] Level 1:colcon.colcon_core.package_identification:_identify(mycobot_ros2/demo_img/pro600) by extension 'ignore_ament_install'
[1.532s] Level 1:colcon.colcon_core.package_identification:_identify(mycobot_ros2/demo_img/pro600) by extensions ['colcon_pkg']
[1.532s] Level 1:colcon.colcon_core.package_identification:_identify(mycobot_ros2/demo_img/pro600) by extension 'colcon_pkg'
[1.532s] Level 1:colcon.colcon_core.package_identification:_identify(mycobot_ros2/demo_img/pro600) by extensions ['colcon_meta']
[1.532s] Level 1:colcon.colcon_core.package_identification:_identify(mycobot_ros2/demo_img/pro600) by extension 'colcon_meta'
[1.533s] Level 1:colcon.colcon_core.package_identification:_identify(mycobot_ros2/demo_img/pro600) by extensions ['ros']
[1.533s] Level 1:colcon.colcon_core.package_identification:_identify(mycobot_ros2/demo_img/pro600) by extension 'ros'
[1.533s] Level 1:colcon.colcon_core.package_identification:_identify(mycobot_ros2/demo_img/pro600) by extensions ['cmake', 'python']
[1.533s] Level 1:colcon.colcon_core.package_identification:_identify(mycobot_ros2/demo_img/pro600) by extension 'cmake'
[1.533s] Level 1:colcon.colcon_core.package_identification:_identify(mycobot_ros2/demo_img/pro600) by extension 'python'
[1.533s] Level 1:colcon.colcon_core.package_identification:_identify(mycobot_ros2/demo_img/pro600) by extensions ['python_setup_py']
[1.533s] Level 1:colcon.colcon_core.package_identification:_identify(mycobot_ros2/demo_img/pro600) by extension 'python_setup_py'
[1.534s] Level 1:colcon.colcon_core.package_identification:_identify(mycobot_ros2/demo_img/pro630) by extensions ['ignore', 'ignore_ament_install']
[1.534s] Level 1:colcon.colcon_core.package_identification:_identify(mycobot_ros2/demo_img/pro630) by extension 'ignore'
[1.534s] Level 1:colcon.colcon_core.package_identification:_identify(mycobot_ros2/demo_img/pro630) by extension 'ignore_ament_install'
[1.534s] Level 1:colcon.colcon_core.package_identification:_identify(mycobot_ros2/demo_img/pro630) by extensions ['colcon_pkg']
[1.534s] Level 1:colcon.colcon_core.package_identification:_identify(mycobot_ros2/demo_img/pro630) by extension 'colcon_pkg'
[1.535s] Level 1:colcon.colcon_core.package_identification:_identify(mycobot_ros2/demo_img/pro630) by extensions ['colcon_meta']
[1.535s] Level 1:colcon.colcon_core.package_identification:_identify(mycobot_ros2/demo_img/pro630) by extension 'colcon_meta'
[1.535s] Level 1:colcon.colcon_core.package_identification:_identify(mycobot_ros2/demo_img/pro630) by extensions ['ros']
[1.535s] Level 1:colcon.colcon_core.package_identification:_identify(mycobot_ros2/demo_img/pro630) by extension 'ros'
[1.535s] Level 1:colcon.colcon_core.package_identification:_identify(mycobot_ros2/demo_img/pro630) by extensions ['cmake', 'python']
[1.535s] Level 1:colcon.colcon_core.package_identification:_identify(mycobot_ros2/demo_img/pro630) by extension 'cmake'
[1.535s] Level 1:colcon.colcon_core.package_identification:_identify(mycobot_ros2/demo_img/pro630) by extension 'python'
[1.536s] Level 1:colcon.colcon_core.package_identification:_identify(mycobot_ros2/demo_img/pro630) by extensions ['python_setup_py']
[1.536s] Level 1:colcon.colcon_core.package_identification:_identify(mycobot_ros2/demo_img/pro630) by extension 'python_setup_py'
[1.536s] Level 1:colcon.colcon_core.package_identification:_identify(mycobot_ros2/demo_img/ultraArm_p340) by extensions ['ignore', 'ignore_ament_install']
[1.536s] Level 1:colcon.colcon_core.package_identification:_identify(mycobot_ros2/demo_img/ultraArm_p340) by extension 'ignore'
[1.536s] Level 1:colcon.colcon_core.package_identification:_identify(mycobot_ros2/demo_img/ultraArm_p340) by extension 'ignore_ament_install'
[1.536s] Level 1:colcon.colcon_core.package_identification:_identify(mycobot_ros2/demo_img/ultraArm_p340) by extensions ['colcon_pkg']
[1.537s] Level 1:colcon.colcon_core.package_identification:_identify(mycobot_ros2/demo_img/ultraArm_p340) by extension 'colcon_pkg'
[1.537s] Level 1:colcon.colcon_core.package_identification:_identify(mycobot_ros2/demo_img/ultraArm_p340) by extensions ['colcon_meta']
[1.537s] Level 1:colcon.colcon_core.package_identification:_identify(mycobot_ros2/demo_img/ultraArm_p340) by extension 'colcon_meta'
[1.537s] Level 1:colcon.colcon_core.package_identification:_identify(mycobot_ros2/demo_img/ultraArm_p340) by extensions ['ros']
[1.537s] Level 1:colcon.colcon_core.package_identification:_identify(mycobot_ros2/demo_img/ultraArm_p340) by extension 'ros'
[1.537s] Level 1:colcon.colcon_core.package_identification:_identify(mycobot_ros2/demo_img/ultraArm_p340) by extensions ['cmake', 'python']
[1.537s] Level 1:colcon.colcon_core.package_identification:_identify(mycobot_ros2/demo_img/ultraArm_p340) by extension 'cmake'
[1.538s] Level 1:colcon.colcon_core.package_identification:_identify(mycobot_ros2/demo_img/ultraArm_p340) by extension 'python'
[1.538s] Level 1:colcon.colcon_core.package_identification:_identify(mycobot_ros2/demo_img/ultraArm_p340) by extensions ['python_setup_py']
[1.538s] Level 1:colcon.colcon_core.package_identification:_identify(mycobot_ros2/demo_img/ultraArm_p340) by extension 'python_setup_py'
[1.538s] Level 1:colcon.colcon_core.package_identification:_identify(mycobot_ros2/mecharm) by extensions ['ignore', 'ignore_ament_install']
[1.538s] Level 1:colcon.colcon_core.package_identification:_identify(mycobot_ros2/mecharm) by extension 'ignore'
[1.538s] Level 1:colcon.colcon_core.package_identification:_identify(mycobot_ros2/mecharm) by extension 'ignore_ament_install'
[1.539s] Level 1:colcon.colcon_core.package_identification:_identify(mycobot_ros2/mecharm) by extensions ['colcon_pkg']
[1.539s] Level 1:colcon.colcon_core.package_identification:_identify(mycobot_ros2/mecharm) by extension 'colcon_pkg'
[1.539s] Level 1:colcon.colcon_core.package_identification:_identify(mycobot_ros2/mecharm) by extensions ['colcon_meta']
[1.539s] Level 1:colcon.colcon_core.package_identification:_identify(mycobot_ros2/mecharm) by extension 'colcon_meta'
[1.539s] Level 1:colcon.colcon_core.package_identification:_identify(mycobot_ros2/mecharm) by extensions ['ros']
[1.539s] Level 1:colcon.colcon_core.package_identification:_identify(mycobot_ros2/mecharm) by extension 'ros'
[1.539s] Level 1:colcon.colcon_core.package_identification:_identify(mycobot_ros2/mecharm) by extensions ['cmake', 'python']
[1.539s] Level 1:colcon.colcon_core.package_identification:_identify(mycobot_ros2/mecharm) by extension 'cmake'
[1.540s] Level 1:colcon.colcon_core.package_identification:_identify(mycobot_ros2/mecharm) by extension 'python'
[1.540s] Level 1:colcon.colcon_core.package_identification:_identify(mycobot_ros2/mecharm) by extensions ['python_setup_py']
[1.540s] Level 1:colcon.colcon_core.package_identification:_identify(mycobot_ros2/mecharm) by extension 'python_setup_py'
[1.540s] Level 1:colcon.colcon_core.package_identification:_identify(mycobot_ros2/mecharm/mecharm) by extensions ['ignore', 'ignore_ament_install']
[1.540s] Level 1:colcon.colcon_core.package_identification:_identify(mycobot_ros2/mecharm/mecharm) by extension 'ignore'
[1.541s] Level 1:colcon.colcon_core.package_identification:_identify(mycobot_ros2/mecharm/mecharm) by extension 'ignore_ament_install'
[1.541s] Level 1:colcon.colcon_core.package_identification:_identify(mycobot_ros2/mecharm/mecharm) by extensions ['colcon_pkg']
[1.541s] Level 1:colcon.colcon_core.package_identification:_identify(mycobot_ros2/mecharm/mecharm) by extension 'colcon_pkg'
[1.541s] Level 1:colcon.colcon_core.package_identification:_identify(mycobot_ros2/mecharm/mecharm) by extensions ['colcon_meta']
[1.541s] Level 1:colcon.colcon_core.package_identification:_identify(mycobot_ros2/mecharm/mecharm) by extension 'colcon_meta'
[1.541s] Level 1:colcon.colcon_core.package_identification:_identify(mycobot_ros2/mecharm/mecharm) by extensions ['ros']
[1.541s] Level 1:colcon.colcon_core.package_identification:_identify(mycobot_ros2/mecharm/mecharm) by extension 'ros'
[1.543s] DEBUG:colcon.colcon_core.package_identification:Package 'mycobot_ros2/mecharm/mecharm' with type 'ros.ament_python' and name 'mecharm'
[1.543s] Level 1:colcon.colcon_core.package_identification:_identify(mycobot_ros2/mecharm/mecharm_communication) by extensions ['ignore', 'ignore_ament_install']
[1.543s] Level 1:colcon.colcon_core.package_identification:_identify(mycobot_ros2/mecharm/mecharm_communication) by extension 'ignore'
[1.543s] Level 1:colcon.colcon_core.package_identification:_identify(mycobot_ros2/mecharm/mecharm_communication) by extension 'ignore_ament_install'
[1.543s] Level 1:colcon.colcon_core.package_identification:_identify(mycobot_ros2/mecharm/mecharm_communication) by extensions ['colcon_pkg']
[1.544s] Level 1:colcon.colcon_core.package_identification:_identify(mycobot_ros2/mecharm/mecharm_communication) by extension 'colcon_pkg'
[1.544s] Level 1:colcon.colcon_core.package_identification:_identify(mycobot_ros2/mecharm/mecharm_communication) by extensions ['colcon_meta']
[1.544s] Level 1:colcon.colcon_core.package_identification:_identify(mycobot_ros2/mecharm/mecharm_communication) by extension 'colcon_meta'
[1.544s] Level 1:colcon.colcon_core.package_identification:_identify(mycobot_ros2/mecharm/mecharm_communication) by extensions ['ros']
[1.544s] Level 1:colcon.colcon_core.package_identification:_identify(mycobot_ros2/mecharm/mecharm_communication) by extension 'ros'
[1.545s] DEBUG:colcon.colcon_core.package_identification:Package 'mycobot_ros2/mecharm/mecharm_communication' with type 'ros.ament_python' and name 'mecharm_communication'
[1.546s] Level 1:colcon.colcon_core.package_identification:_identify(mycobot_ros2/mecharm/mecharm_interfaces) by extensions ['ignore', 'ignore_ament_install']
[1.546s] Level 1:colcon.colcon_core.package_identification:_identify(mycobot_ros2/mecharm/mecharm_interfaces) by extension 'ignore'
[1.546s] Level 1:colcon.colcon_core.package_identification:_identify(mycobot_ros2/mecharm/mecharm_interfaces) by extension 'ignore_ament_install'
[1.546s] Level 1:colcon.colcon_core.package_identification:_identify(mycobot_ros2/mecharm/mecharm_interfaces) by extensions ['colcon_pkg']
[1.546s] Level 1:colcon.colcon_core.package_identification:_identify(mycobot_ros2/mecharm/mecharm_interfaces) by extension 'colcon_pkg'
[1.547s] Level 1:colcon.colcon_core.package_identification:_identify(mycobot_ros2/mecharm/mecharm_interfaces) by extensions ['colcon_meta']
[1.547s] Level 1:colcon.colcon_core.package_identification:_identify(mycobot_ros2/mecharm/mecharm_interfaces) by extension 'colcon_meta'
[1.547s] Level 1:colcon.colcon_core.package_identification:_identify(mycobot_ros2/mecharm/mecharm_interfaces) by extensions ['ros']
[1.547s] Level 1:colcon.colcon_core.package_identification:_identify(mycobot_ros2/mecharm/mecharm_interfaces) by extension 'ros'
[1.548s] DEBUG:colcon.colcon_core.package_identification:Package 'mycobot_ros2/mecharm/mecharm_interfaces' with type 'ros.ament_cmake' and name 'mecharm_interfaces'
[1.548s] Level 1:colcon.colcon_core.package_identification:_identify(mycobot_ros2/mecharm/mecharm_pi) by extensions ['ignore', 'ignore_ament_install']
[1.549s] Level 1:colcon.colcon_core.package_identification:_identify(mycobot_ros2/mecharm/mecharm_pi) by extension 'ignore'
[1.549s] Level 1:colcon.colcon_core.package_identification:_identify(mycobot_ros2/mecharm/mecharm_pi) by extension 'ignore_ament_install'
[1.549s] Level 1:colcon.colcon_core.package_identification:_identify(mycobot_ros2/mecharm/mecharm_pi) by extensions ['colcon_pkg']
[1.549s] Level 1:colcon.colcon_core.package_identification:_identify(mycobot_ros2/mecharm/mecharm_pi) by extension 'colcon_pkg'
[1.549s] Level 1:colcon.colcon_core.package_identification:_identify(mycobot_ros2/mecharm/mecharm_pi) by extensions ['colcon_meta']
[1.549s] Level 1:colcon.colcon_core.package_identification:_identify(mycobot_ros2/mecharm/mecharm_pi) by extension 'colcon_meta'
[1.549s] Level 1:colcon.colcon_core.package_identification:_identify(mycobot_ros2/mecharm/mecharm_pi) by extensions ['ros']
[1.549s] Level 1:colcon.colcon_core.package_identification:_identify(mycobot_ros2/mecharm/mecharm_pi) by extension 'ros'
[1.551s] DEBUG:colcon.colcon_core.package_identification:Package 'mycobot_ros2/mecharm/mecharm_pi' with type 'ros.ament_python' and name 'mecharm_pi'
[1.551s] Level 1:colcon.colcon_core.package_identification:_identify(mycobot_ros2/myArm) by extensions ['ignore', 'ignore_ament_install']
[1.551s] Level 1:colcon.colcon_core.package_identification:_identify(mycobot_ros2/myArm) by extension 'ignore'
[1.551s] Level 1:colcon.colcon_core.package_identification:_identify(mycobot_ros2/myArm) by extension 'ignore_ament_install'
[1.552s] Level 1:colcon.colcon_core.package_identification:_identify(mycobot_ros2/myArm) by extensions ['colcon_pkg']
[1.552s] Level 1:colcon.colcon_core.package_identification:_identify(mycobot_ros2/myArm) by extension 'colcon_pkg'
[1.552s] Level 1:colcon.colcon_core.package_identification:_identify(mycobot_ros2/myArm) by extensions ['colcon_meta']
[1.552s] Level 1:colcon.colcon_core.package_identification:_identify(mycobot_ros2/myArm) by extension 'colcon_meta'
[1.552s] Level 1:colcon.colcon_core.package_identification:_identify(mycobot_ros2/myArm) by extensions ['ros']
[1.552s] Level 1:colcon.colcon_core.package_identification:_identify(mycobot_ros2/myArm) by extension 'ros'
[1.552s] Level 1:colcon.colcon_core.package_identification:_identify(mycobot_ros2/myArm) by extensions ['cmake', 'python']
[1.553s] Level 1:colcon.colcon_core.package_identification:_identify(mycobot_ros2/myArm) by extension 'cmake'
[1.553s] Level 1:colcon.colcon_core.package_identification:_identify(mycobot_ros2/myArm) by extension 'python'
[1.553s] Level 1:colcon.colcon_core.package_identification:_identify(mycobot_ros2/myArm) by extensions ['python_setup_py']
[1.553s] Level 1:colcon.colcon_core.package_identification:_identify(mycobot_ros2/myArm) by extension 'python_setup_py'
[1.553s] Level 1:colcon.colcon_core.package_identification:_identify(mycobot_ros2/myArm/myarm_300) by extensions ['ignore', 'ignore_ament_install']
[1.553s] Level 1:colcon.colcon_core.package_identification:_identify(mycobot_ros2/myArm/myarm_300) by extension 'ignore'
[1.554s] Level 1:colcon.colcon_core.package_identification:_identify(mycobot_ros2/myArm/myarm_300) by extension 'ignore_ament_install'
[1.554s] Level 1:colcon.colcon_core.package_identification:_identify(mycobot_ros2/myArm/myarm_300) by extensions ['colcon_pkg']
[1.554s] Level 1:colcon.colcon_core.package_identification:_identify(mycobot_ros2/myArm/myarm_300) by extension 'colcon_pkg'
[1.554s] Level 1:colcon.colcon_core.package_identification:_identify(mycobot_ros2/myArm/myarm_300) by extensions ['colcon_meta']
[1.554s] Level 1:colcon.colcon_core.package_identification:_identify(mycobot_ros2/myArm/myarm_300) by extension 'colcon_meta'
[1.554s] Level 1:colcon.colcon_core.package_identification:_identify(mycobot_ros2/myArm/myarm_300) by extensions ['ros']
[1.554s] Level 1:colcon.colcon_core.package_identification:_identify(mycobot_ros2/myArm/myarm_300) by extension 'ros'
[1.556s] DEBUG:colcon.colcon_core.package_identification:Package 'mycobot_ros2/myArm/myarm_300' with type 'ros.ament_python' and name 'myarm_300'
[1.557s] Level 1:colcon.colcon_core.package_identification:_identify(mycobot_ros2/myArm/myarm_c650) by extensions ['ignore', 'ignore_ament_install']
[1.557s] Level 1:colcon.colcon_core.package_identification:_identify(mycobot_ros2/myArm/myarm_c650) by extension 'ignore'
[1.557s] Level 1:colcon.colcon_core.package_identification:_identify(mycobot_ros2/myArm/myarm_c650) by extension 'ignore_ament_install'
[1.557s] Level 1:colcon.colcon_core.package_identification:_identify(mycobot_ros2/myArm/myarm_c650) by extensions ['colcon_pkg']
[1.557s] Level 1:colcon.colcon_core.package_identification:_identify(mycobot_ros2/myArm/myarm_c650) by extension 'colcon_pkg'
[1.557s] Level 1:colcon.colcon_core.package_identification:_identify(mycobot_ros2/myArm/myarm_c650) by extensions ['colcon_meta']
[1.558s] Level 1:colcon.colcon_core.package_identification:_identify(mycobot_ros2/myArm/myarm_c650) by extension 'colcon_meta'
[1.558s] Level 1:colcon.colcon_core.package_identification:_identify(mycobot_ros2/myArm/myarm_c650) by extensions ['ros']
[1.558s] Level 1:colcon.colcon_core.package_identification:_identify(mycobot_ros2/myArm/myarm_c650) by extension 'ros'
[1.559s] DEBUG:colcon.colcon_core.package_identification:Package 'mycobot_ros2/myArm/myarm_c650' with type 'ros.ament_python' and name 'myarm_c650'
[1.559s] Level 1:colcon.colcon_core.package_identification:_identify(mycobot_ros2/myArm/myarm_m750) by extensions ['ignore', 'ignore_ament_install']
[1.560s] Level 1:colcon.colcon_core.package_identification:_identify(mycobot_ros2/myArm/myarm_m750) by extension 'ignore'
[1.560s] Level 1:colcon.colcon_core.package_identification:_identify(mycobot_ros2/myArm/myarm_m750) by extension 'ignore_ament_install'
[1.560s] Level 1:colcon.colcon_core.package_identification:_identify(mycobot_ros2/myArm/myarm_m750) by extensions ['colcon_pkg']
[1.560s] Level 1:colcon.colcon_core.package_identification:_identify(mycobot_ros2/myArm/myarm_m750) by extension 'colcon_pkg'
[1.560s] Level 1:colcon.colcon_core.package_identification:_identify(mycobot_ros2/myArm/myarm_m750) by extensions ['colcon_meta']
[1.560s] Level 1:colcon.colcon_core.package_identification:_identify(mycobot_ros2/myArm/myarm_m750) by extension 'colcon_meta'
[1.560s] Level 1:colcon.colcon_core.package_identification:_identify(mycobot_ros2/myArm/myarm_m750) by extensions ['ros']
[1.560s] Level 1:colcon.colcon_core.package_identification:_identify(mycobot_ros2/myArm/myarm_m750) by extension 'ros'
[1.562s] DEBUG:colcon.colcon_core.package_identification:Package 'mycobot_ros2/myArm/myarm_m750' with type 'ros.ament_python' and name 'myarm_m750'
[1.562s] Level 1:colcon.colcon_core.package_identification:_identify(mycobot_ros2/mycobot_280) by extensions ['ignore', 'ignore_ament_install']
[1.562s] Level 1:colcon.colcon_core.package_identification:_identify(mycobot_ros2/mycobot_280) by extension 'ignore'
[1.562s] Level 1:colcon.colcon_core.package_identification:_identify(mycobot_ros2/mycobot_280) by extension 'ignore_ament_install'
[1.563s] Level 1:colcon.colcon_core.package_identification:_identify(mycobot_ros2/mycobot_280) by extensions ['colcon_pkg']
[1.563s] Level 1:colcon.colcon_core.package_identification:_identify(mycobot_ros2/mycobot_280) by extension 'colcon_pkg'
[1.563s] Level 1:colcon.colcon_core.package_identification:_identify(mycobot_ros2/mycobot_280) by extensions ['colcon_meta']
[1.563s] Level 1:colcon.colcon_core.package_identification:_identify(mycobot_ros2/mycobot_280) by extension 'colcon_meta'
[1.563s] Level 1:colcon.colcon_core.package_identification:_identify(mycobot_ros2/mycobot_280) by extensions ['ros']
[1.563s] Level 1:colcon.colcon_core.package_identification:_identify(mycobot_ros2/mycobot_280) by extension 'ros'
[1.563s] Level 1:colcon.colcon_core.package_identification:_identify(mycobot_ros2/mycobot_280) by extensions ['cmake', 'python']
[1.564s] Level 1:colcon.colcon_core.package_identification:_identify(mycobot_ros2/mycobot_280) by extension 'cmake'
[1.564s] Level 1:colcon.colcon_core.package_identification:_identify(mycobot_ros2/mycobot_280) by extension 'python'
[1.564s] Level 1:colcon.colcon_core.package_identification:_identify(mycobot_ros2/mycobot_280) by extensions ['python_setup_py']
[1.564s] Level 1:colcon.colcon_core.package_identification:_identify(mycobot_ros2/mycobot_280) by extension 'python_setup_py'
[1.564s] Level 1:colcon.colcon_core.package_identification:_identify(mycobot_ros2/mycobot_280/mycobot_280) by extensions ['ignore', 'ignore_ament_install']
[1.564s] Level 1:colcon.colcon_core.package_identification:_identify(mycobot_ros2/mycobot_280/mycobot_280) by extension 'ignore'
[1.565s] Level 1:colcon.colcon_core.package_identification:_identify(mycobot_ros2/mycobot_280/mycobot_280) by extension 'ignore_ament_install'
[1.565s] Level 1:colcon.colcon_core.package_identification:_identify(mycobot_ros2/mycobot_280/mycobot_280) by extensions ['colcon_pkg']
[1.565s] Level 1:colcon.colcon_core.package_identification:_identify(mycobot_ros2/mycobot_280/mycobot_280) by extension 'colcon_pkg'
[1.565s] Level 1:colcon.colcon_core.package_identification:_identify(mycobot_ros2/mycobot_280/mycobot_280) by extensions ['colcon_meta']
[1.565s] Level 1:colcon.colcon_core.package_identification:_identify(mycobot_ros2/mycobot_280/mycobot_280) by extension 'colcon_meta'
[1.565s] Level 1:colcon.colcon_core.package_identification:_identify(mycobot_ros2/mycobot_280/mycobot_280) by extensions ['ros']
[1.565s] Level 1:colcon.colcon_core.package_identification:_identify(mycobot_ros2/mycobot_280/mycobot_280) by extension 'ros'
[1.567s] DEBUG:colcon.colcon_core.package_identification:Package 'mycobot_ros2/mycobot_280/mycobot_280' with type 'ros.ament_python' and name 'mycobot_280'
[1.567s] Level 1:colcon.colcon_core.package_identification:_identify(mycobot_ros2/mycobot_280/mycobot_280_arduino) by extensions ['ignore', 'ignore_ament_install']
[1.567s] Level 1:colcon.colcon_core.package_identification:_identify(mycobot_ros2/mycobot_280/mycobot_280_arduino) by extension 'ignore'
[1.567s] Level 1:colcon.colcon_core.package_identification:_identify(mycobot_ros2/mycobot_280/mycobot_280_arduino) by extension 'ignore_ament_install'
[1.568s] Level 1:colcon.colcon_core.package_identification:_identify(mycobot_ros2/mycobot_280/mycobot_280_arduino) by extensions ['colcon_pkg']
[1.568s] Level 1:colcon.colcon_core.package_identification:_identify(mycobot_ros2/mycobot_280/mycobot_280_arduino) by extension 'colcon_pkg'
[1.568s] Level 1:colcon.colcon_core.package_identification:_identify(mycobot_ros2/mycobot_280/mycobot_280_arduino) by extensions ['colcon_meta']
[1.568s] Level 1:colcon.colcon_core.package_identification:_identify(mycobot_ros2/mycobot_280/mycobot_280_arduino) by extension 'colcon_meta'
[1.568s] Level 1:colcon.colcon_core.package_identification:_identify(mycobot_ros2/mycobot_280/mycobot_280_arduino) by extensions ['ros']
[1.568s] Level 1:colcon.colcon_core.package_identification:_identify(mycobot_ros2/mycobot_280/mycobot_280_arduino) by extension 'ros'
[1.570s] DEBUG:colcon.colcon_core.package_identification:Package 'mycobot_ros2/mycobot_280/mycobot_280_arduino' with type 'ros.ament_python' and name 'mycobot_280_arduino'
[1.570s] Level 1:colcon.colcon_core.package_identification:_identify(mycobot_ros2/mycobot_280/mycobot_280_moveit2) by extensions ['ignore', 'ignore_ament_install']
[1.570s] Level 1:colcon.colcon_core.package_identification:_identify(mycobot_ros2/mycobot_280/mycobot_280_moveit2) by extension 'ignore'
[1.570s] Level 1:colcon.colcon_core.package_identification:_identify(mycobot_ros2/mycobot_280/mycobot_280_moveit2) by extension 'ignore_ament_install'
[1.571s] Level 1:colcon.colcon_core.package_identification:_identify(mycobot_ros2/mycobot_280/mycobot_280_moveit2) by extensions ['colcon_pkg']
[1.571s] Level 1:colcon.colcon_core.package_identification:_identify(mycobot_ros2/mycobot_280/mycobot_280_moveit2) by extension 'colcon_pkg'
[1.571s] Level 1:colcon.colcon_core.package_identification:_identify(mycobot_ros2/mycobot_280/mycobot_280_moveit2) by extensions ['colcon_meta']
[1.571s] Level 1:colcon.colcon_core.package_identification:_identify(mycobot_ros2/mycobot_280/mycobot_280_moveit2) by extension 'colcon_meta'
[1.571s] Level 1:colcon.colcon_core.package_identification:_identify(mycobot_ros2/mycobot_280/mycobot_280_moveit2) by extensions ['ros']
[1.571s] Level 1:colcon.colcon_core.package_identification:_identify(mycobot_ros2/mycobot_280/mycobot_280_moveit2) by extension 'ros'
[1.573s] DEBUG:colcon.colcon_core.package_identification:Package 'mycobot_ros2/mycobot_280/mycobot_280_moveit2' with type 'ros.ament_cmake' and name 'mycobot_280_moveit2'
[1.573s] Level 1:colcon.colcon_core.package_identification:_identify(mycobot_ros2/mycobot_280/mycobot_280_moveit2_control) by extensions ['ignore', 'ignore_ament_install']
[1.573s] Level 1:colcon.colcon_core.package_identification:_identify(mycobot_ros2/mycobot_280/mycobot_280_moveit2_control) by extension 'ignore'
[1.574s] Level 1:colcon.colcon_core.package_identification:_identify(mycobot_ros2/mycobot_280/mycobot_280_moveit2_control) by extension 'ignore_ament_install'
[1.574s] Level 1:colcon.colcon_core.package_identification:_identify(mycobot_ros2/mycobot_280/mycobot_280_moveit2_control) by extensions ['colcon_pkg']
[1.574s] Level 1:colcon.colcon_core.package_identification:_identify(mycobot_ros2/mycobot_280/mycobot_280_moveit2_control) by extension 'colcon_pkg'
[1.574s] Level 1:colcon.colcon_core.package_identification:_identify(mycobot_ros2/mycobot_280/mycobot_280_moveit2_control) by extensions ['colcon_meta']
[1.574s] Level 1:colcon.colcon_core.package_identification:_identify(mycobot_ros2/mycobot_280/mycobot_280_moveit2_control) by extension 'colcon_meta'
[1.574s] Level 1:colcon.colcon_core.package_identification:_identify(mycobot_ros2/mycobot_280/mycobot_280_moveit2_control) by extensions ['ros']
[1.574s] Level 1:colcon.colcon_core.package_identification:_identify(mycobot_ros2/mycobot_280/mycobot_280_moveit2_control) by extension 'ros'
[1.576s] DEBUG:colcon.colcon_core.package_identification:Package 'mycobot_ros2/mycobot_280/mycobot_280_moveit2_control' with type 'ros.ament_python' and name 'mycobot_280_moveit2_control'
[1.576s] Level 1:colcon.colcon_core.package_identification:_identify(mycobot_ros2/mycobot_280/mycobot_280_rdkx5) by extensions ['ignore', 'ignore_ament_install']
[1.576s] Level 1:colcon.colcon_core.package_identification:_identify(mycobot_ros2/mycobot_280/mycobot_280_rdkx5) by extension 'ignore'
[1.576s] Level 1:colcon.colcon_core.package_identification:_identify(mycobot_ros2/mycobot_280/mycobot_280_rdkx5) by extension 'ignore_ament_install'
[1.577s] Level 1:colcon.colcon_core.package_identification:_identify(mycobot_ros2/mycobot_280/mycobot_280_rdkx5) by extensions ['colcon_pkg']
[1.577s] Level 1:colcon.colcon_core.package_identification:_identify(mycobot_ros2/mycobot_280/mycobot_280_rdkx5) by extension 'colcon_pkg'
[1.577s] Level 1:colcon.colcon_core.package_identification:_identify(mycobot_ros2/mycobot_280/mycobot_280_rdkx5) by extensions ['colcon_meta']
[1.577s] Level 1:colcon.colcon_core.package_identification:_identify(mycobot_ros2/mycobot_280/mycobot_280_rdkx5) by extension 'colcon_meta'
[1.577s] Level 1:colcon.colcon_core.package_identification:_identify(mycobot_ros2/mycobot_280/mycobot_280_rdkx5) by extensions ['ros']
[1.577s] Level 1:colcon.colcon_core.package_identification:_identify(mycobot_ros2/mycobot_280/mycobot_280_rdkx5) by extension 'ros'
[1.578s] DEBUG:colcon.colcon_core.package_identification:Package 'mycobot_ros2/mycobot_280/mycobot_280_rdkx5' with type 'ros.ament_python' and name 'mycobot_280_rdkx5'
[1.579s] Level 1:colcon.colcon_core.package_identification:_identify(mycobot_ros2/mycobot_280/mycobot_280_riscv) by extensions ['ignore', 'ignore_ament_install']
[1.579s] Level 1:colcon.colcon_core.package_identification:_identify(mycobot_ros2/mycobot_280/mycobot_280_riscv) by extension 'ignore'
[1.579s] Level 1:colcon.colcon_core.package_identification:_identify(mycobot_ros2/mycobot_280/mycobot_280_riscv) by extension 'ignore_ament_install'
[1.579s] Level 1:colcon.colcon_core.package_identification:_identify(mycobot_ros2/mycobot_280/mycobot_280_riscv) by extensions ['colcon_pkg']
[1.579s] Level 1:colcon.colcon_core.package_identification:_identify(mycobot_ros2/mycobot_280/mycobot_280_riscv) by extension 'colcon_pkg'
[1.580s] Level 1:colcon.colcon_core.package_identification:_identify(mycobot_ros2/mycobot_280/mycobot_280_riscv) by extensions ['colcon_meta']
[1.580s] Level 1:colcon.colcon_core.package_identification:_identify(mycobot_ros2/mycobot_280/mycobot_280_riscv) by extension 'colcon_meta'
[1.580s] Level 1:colcon.colcon_core.package_identification:_identify(mycobot_ros2/mycobot_280/mycobot_280_riscv) by extensions ['ros']
[1.580s] Level 1:colcon.colcon_core.package_identification:_identify(mycobot_ros2/mycobot_280/mycobot_280_riscv) by extension 'ros'
[1.581s] DEBUG:colcon.colcon_core.package_identification:Package 'mycobot_ros2/mycobot_280/mycobot_280_riscv' with type 'ros.ament_python' and name 'mycobot_280_riscv'
[1.582s] Level 1:colcon.colcon_core.package_identification:_identify(mycobot_ros2/mycobot_280/mycobot_280_x3pi) by extensions ['ignore', 'ignore_ament_install']
[1.582s] Level 1:colcon.colcon_core.package_identification:_identify(mycobot_ros2/mycobot_280/mycobot_280_x3pi) by extension 'ignore'
[1.582s] Level 1:colcon.colcon_core.package_identification:_identify(mycobot_ros2/mycobot_280/mycobot_280_x3pi) by extension 'ignore_ament_install'
[1.582s] Level 1:colcon.colcon_core.package_identification:_identify(mycobot_ros2/mycobot_280/mycobot_280_x3pi) by extensions ['colcon_pkg']
[1.582s] Level 1:colcon.colcon_core.package_identification:_identify(mycobot_ros2/mycobot_280/mycobot_280_x3pi) by extension 'colcon_pkg'
[1.582s] Level 1:colcon.colcon_core.package_identification:_identify(mycobot_ros2/mycobot_280/mycobot_280_x3pi) by extensions ['colcon_meta']
[1.583s] Level 1:colcon.colcon_core.package_identification:_identify(mycobot_ros2/mycobot_280/mycobot_280_x3pi) by extension 'colcon_meta'
[1.583s] Level 1:colcon.colcon_core.package_identification:_identify(mycobot_ros2/mycobot_280/mycobot_280_x3pi) by extensions ['ros']
[1.583s] Level 1:colcon.colcon_core.package_identification:_identify(mycobot_ros2/mycobot_280/mycobot_280_x3pi) by extension 'ros'
[1.584s] DEBUG:colcon.colcon_core.package_identification:Package 'mycobot_ros2/mycobot_280/mycobot_280_x3pi' with type 'ros.ament_python' and name 'mycobot_280_x3pi'
[1.584s] Level 1:colcon.colcon_core.package_identification:_identify(mycobot_ros2/mycobot_280/mycobot_280arduino_moveit2) by extensions ['ignore', 'ignore_ament_install']
[1.584s] Level 1:colcon.colcon_core.package_identification:_identify(mycobot_ros2/mycobot_280/mycobot_280arduino_moveit2) by extension 'ignore'
[1.585s] Level 1:colcon.colcon_core.package_identification:_identify(mycobot_ros2/mycobot_280/mycobot_280arduino_moveit2) by extension 'ignore_ament_install'
[1.585s] Level 1:colcon.colcon_core.package_identification:_identify(mycobot_ros2/mycobot_280/mycobot_280arduino_moveit2) by extensions ['colcon_pkg']
[1.585s] Level 1:colcon.colcon_core.package_identification:_identify(mycobot_ros2/mycobot_280/mycobot_280arduino_moveit2) by extension 'colcon_pkg'
[1.585s] Level 1:colcon.colcon_core.package_identification:_identify(mycobot_ros2/mycobot_280/mycobot_280arduino_moveit2) by extensions ['colcon_meta']
[1.585s] Level 1:colcon.colcon_core.package_identification:_identify(mycobot_ros2/mycobot_280/mycobot_280arduino_moveit2) by extension 'colcon_meta'
[1.585s] Level 1:colcon.colcon_core.package_identification:_identify(mycobot_ros2/mycobot_280/mycobot_280arduino_moveit2) by extensions ['ros']
[1.585s] Level 1:colcon.colcon_core.package_identification:_identify(mycobot_ros2/mycobot_280/mycobot_280arduino_moveit2) by extension 'ros'
[1.587s] DEBUG:colcon.colcon_core.package_identification:Package 'mycobot_ros2/mycobot_280/mycobot_280arduino_moveit2' with type 'ros.ament_cmake' and name 'mycobot_280arduino_moveit2'
[1.587s] Level 1:colcon.colcon_core.package_identification:_identify(mycobot_ros2/mycobot_280/mycobot_280jn) by extensions ['ignore', 'ignore_ament_install']
[1.587s] Level 1:colcon.colcon_core.package_identification:_identify(mycobot_ros2/mycobot_280/mycobot_280jn) by extension 'ignore'
[1.588s] Level 1:colcon.colcon_core.package_identification:_identify(mycobot_ros2/mycobot_280/mycobot_280jn) by extension 'ignore_ament_install'
[1.588s] Level 1:colcon.colcon_core.package_identification:_identify(mycobot_ros2/mycobot_280/mycobot_280jn) by extensions ['colcon_pkg']
[1.588s] Level 1:colcon.colcon_core.package_identification:_identify(mycobot_ros2/mycobot_280/mycobot_280jn) by extension 'colcon_pkg'
[1.588s] Level 1:colcon.colcon_core.package_identification:_identify(mycobot_ros2/mycobot_280/mycobot_280jn) by extensions ['colcon_meta']
[1.588s] Level 1:colcon.colcon_core.package_identification:_identify(mycobot_ros2/mycobot_280/mycobot_280jn) by extension 'colcon_meta'
[1.588s] Level 1:colcon.colcon_core.package_identification:_identify(mycobot_ros2/mycobot_280/mycobot_280jn) by extensions ['ros']
[1.588s] Level 1:colcon.colcon_core.package_identification:_identify(mycobot_ros2/mycobot_280/mycobot_280jn) by extension 'ros'
[1.591s] DEBUG:colcon.colcon_core.package_identification:Package 'mycobot_ros2/mycobot_280/mycobot_280jn' with type 'ros.ament_python' and name 'mycobot_280jn'
[1.591s] Level 1:colcon.colcon_core.package_identification:_identify(mycobot_ros2/mycobot_280/mycobot_280pi) by extensions ['ignore', 'ignore_ament_install']
[1.591s] Level 1:colcon.colcon_core.package_identification:_identify(mycobot_ros2/mycobot_280/mycobot_280pi) by extension 'ignore'
[1.592s] Level 1:colcon.colcon_core.package_identification:_identify(mycobot_ros2/mycobot_280/mycobot_280pi) by extension 'ignore_ament_install'
[1.592s] Level 1:colcon.colcon_core.package_identification:_identify(mycobot_ros2/mycobot_280/mycobot_280pi) by extensions ['colcon_pkg']
[1.592s] Level 1:colcon.colcon_core.package_identification:_identify(mycobot_ros2/mycobot_280/mycobot_280pi) by extension 'colcon_pkg'
[1.592s] Level 1:colcon.colcon_core.package_identification:_identify(mycobot_ros2/mycobot_280/mycobot_280pi) by extensions ['colcon_meta']
[1.592s] Level 1:colcon.colcon_core.package_identification:_identify(mycobot_ros2/mycobot_280/mycobot_280pi) by extension 'colcon_meta'
[1.592s] Level 1:colcon.colcon_core.package_identification:_identify(mycobot_ros2/mycobot_280/mycobot_280pi) by extensions ['ros']
[1.592s] Level 1:colcon.colcon_core.package_identification:_identify(mycobot_ros2/mycobot_280/mycobot_280pi) by extension 'ros'
[1.594s] DEBUG:colcon.colcon_core.package_identification:Package 'mycobot_ros2/mycobot_280/mycobot_280pi' with type 'ros.ament_python' and name 'mycobot_280pi'
[1.594s] Level 1:colcon.colcon_core.package_identification:_identify(mycobot_ros2/mycobot_280/mycobot_280rdkx5_moveit2) by extensions ['ignore', 'ignore_ament_install']
[1.594s] Level 1:colcon.colcon_core.package_identification:_identify(mycobot_ros2/mycobot_280/mycobot_280rdkx5_moveit2) by extension 'ignore'
[1.594s] Level 1:colcon.colcon_core.package_identification:_identify(mycobot_ros2/mycobot_280/mycobot_280rdkx5_moveit2) by extension 'ignore_ament_install'
[1.594s] Level 1:colcon.colcon_core.package_identification:_identify(mycobot_ros2/mycobot_280/mycobot_280rdkx5_moveit2) by extensions ['colcon_pkg']
[1.595s] Level 1:colcon.colcon_core.package_identification:_identify(mycobot_ros2/mycobot_280/mycobot_280rdkx5_moveit2) by extension 'colcon_pkg'
[1.595s] Level 1:colcon.colcon_core.package_identification:_identify(mycobot_ros2/mycobot_280/mycobot_280rdkx5_moveit2) by extensions ['colcon_meta']
[1.595s] Level 1:colcon.colcon_core.package_identification:_identify(mycobot_ros2/mycobot_280/mycobot_280rdkx5_moveit2) by extension 'colcon_meta'
[1.595s] Level 1:colcon.colcon_core.package_identification:_identify(mycobot_ros2/mycobot_280/mycobot_280rdkx5_moveit2) by extensions ['ros']
[1.595s] Level 1:colcon.colcon_core.package_identification:_identify(mycobot_ros2/mycobot_280/mycobot_280rdkx5_moveit2) by extension 'ros'
[1.596s] DEBUG:colcon.colcon_core.package_identification:Package 'mycobot_ros2/mycobot_280/mycobot_280rdkx5_moveit2' with type 'ros.ament_cmake' and name 'mycobot_280rdkx5_moveit2'
[1.597s] Level 1:colcon.colcon_core.package_identification:_identify(mycobot_ros2/mycobot_280/mycobot_interfaces) by extensions ['ignore', 'ignore_ament_install']
[1.597s] Level 1:colcon.colcon_core.package_identification:_identify(mycobot_ros2/mycobot_280/mycobot_interfaces) by extension 'ignore'
[1.597s] Level 1:colcon.colcon_core.package_identification:_identify(mycobot_ros2/mycobot_280/mycobot_interfaces) by extension 'ignore_ament_install'
[1.597s] Level 1:colcon.colcon_core.package_identification:_identify(mycobot_ros2/mycobot_280/mycobot_interfaces) by extensions ['colcon_pkg']
[1.597s] Level 1:colcon.colcon_core.package_identification:_identify(mycobot_ros2/mycobot_280/mycobot_interfaces) by extension 'colcon_pkg'
[1.598s] Level 1:colcon.colcon_core.package_identification:_identify(mycobot_ros2/mycobot_280/mycobot_interfaces) by extensions ['colcon_meta']
[1.598s] Level 1:colcon.colcon_core.package_identification:_identify(mycobot_ros2/mycobot_280/mycobot_interfaces) by extension 'colcon_meta'
[1.598s] Level 1:colcon.colcon_core.package_identification:_identify(mycobot_ros2/mycobot_280/mycobot_interfaces) by extensions ['ros']
[1.598s] Level 1:colcon.colcon_core.package_identification:_identify(mycobot_ros2/mycobot_280/mycobot_interfaces) by extension 'ros'
[1.599s] DEBUG:colcon.colcon_core.package_identification:Package 'mycobot_ros2/mycobot_280/mycobot_interfaces' with type 'ros.ament_cmake' and name 'mycobot_interfaces'
[1.599s] Level 1:colcon.colcon_core.package_identification:_identify(mycobot_ros2/mycobot_320) by extensions ['ignore', 'ignore_ament_install']
[1.599s] Level 1:colcon.colcon_core.package_identification:_identify(mycobot_ros2/mycobot_320) by extension 'ignore'
[1.600s] Level 1:colcon.colcon_core.package_identification:_identify(mycobot_ros2/mycobot_320) by extension 'ignore_ament_install'
[1.600s] Level 1:colcon.colcon_core.package_identification:_identify(mycobot_ros2/mycobot_320) by extensions ['colcon_pkg']
[1.600s] Level 1:colcon.colcon_core.package_identification:_identify(mycobot_ros2/mycobot_320) by extension 'colcon_pkg'
[1.600s] Level 1:colcon.colcon_core.package_identification:_identify(mycobot_ros2/mycobot_320) by extensions ['colcon_meta']
[1.600s] Level 1:colcon.colcon_core.package_identification:_identify(mycobot_ros2/mycobot_320) by extension 'colcon_meta'
[1.600s] Level 1:colcon.colcon_core.package_identification:_identify(mycobot_ros2/mycobot_320) by extensions ['ros']
[1.600s] Level 1:colcon.colcon_core.package_identification:_identify(mycobot_ros2/mycobot_320) by extension 'ros'
[1.601s] Level 1:colcon.colcon_core.package_identification:_identify(mycobot_ros2/mycobot_320) by extensions ['cmake', 'python']
[1.601s] Level 1:colcon.colcon_core.package_identification:_identify(mycobot_ros2/mycobot_320) by extension 'cmake'
[1.601s] Level 1:colcon.colcon_core.package_identification:_identify(mycobot_ros2/mycobot_320) by extension 'python'
[1.601s] Level 1:colcon.colcon_core.package_identification:_identify(mycobot_ros2/mycobot_320) by extensions ['python_setup_py']
[1.601s] Level 1:colcon.colcon_core.package_identification:_identify(mycobot_ros2/mycobot_320) by extension 'python_setup_py'
[1.601s] Level 1:colcon.colcon_core.package_identification:_identify(mycobot_ros2/mycobot_320/mycobot_320) by extensions ['ignore', 'ignore_ament_install']
[1.602s] Level 1:colcon.colcon_core.package_identification:_identify(mycobot_ros2/mycobot_320/mycobot_320) by extension 'ignore'
[1.602s] Level 1:colcon.colcon_core.package_identification:_identify(mycobot_ros2/mycobot_320/mycobot_320) by extension 'ignore_ament_install'
[1.602s] Level 1:colcon.colcon_core.package_identification:_identify(mycobot_ros2/mycobot_320/mycobot_320) by extensions ['colcon_pkg']
[1.602s] Level 1:colcon.colcon_core.package_identification:_identify(mycobot_ros2/mycobot_320/mycobot_320) by extension 'colcon_pkg'
[1.602s] Level 1:colcon.colcon_core.package_identification:_identify(mycobot_ros2/mycobot_320/mycobot_320) by extensions ['colcon_meta']
[1.602s] Level 1:colcon.colcon_core.package_identification:_identify(mycobot_ros2/mycobot_320/mycobot_320) by extension 'colcon_meta'
[1.602s] Level 1:colcon.colcon_core.package_identification:_identify(mycobot_ros2/mycobot_320/mycobot_320) by extensions ['ros']
[1.602s] Level 1:colcon.colcon_core.package_identification:_identify(mycobot_ros2/mycobot_320/mycobot_320) by extension 'ros'
[1.604s] DEBUG:colcon.colcon_core.package_identification:Package 'mycobot_ros2/mycobot_320/mycobot_320' with type 'ros.ament_python' and name 'mycobot_320'
[1.604s] Level 1:colcon.colcon_core.package_identification:_identify(mycobot_ros2/mycobot_320/mycobot_320_riscv) by extensions ['ignore', 'ignore_ament_install']
[1.604s] Level 1:colcon.colcon_core.package_identification:_identify(mycobot_ros2/mycobot_320/mycobot_320_riscv) by extension 'ignore'
[1.605s] Level 1:colcon.colcon_core.package_identification:_identify(mycobot_ros2/mycobot_320/mycobot_320_riscv) by extension 'ignore_ament_install'
[1.605s] Level 1:colcon.colcon_core.package_identification:_identify(mycobot_ros2/mycobot_320/mycobot_320_riscv) by extensions ['colcon_pkg']
[1.605s] Level 1:colcon.colcon_core.package_identification:_identify(mycobot_ros2/mycobot_320/mycobot_320_riscv) by extension 'colcon_pkg'
[1.605s] Level 1:colcon.colcon_core.package_identification:_identify(mycobot_ros2/mycobot_320/mycobot_320_riscv) by extensions ['colcon_meta']
[1.605s] Level 1:colcon.colcon_core.package_identification:_identify(mycobot_ros2/mycobot_320/mycobot_320_riscv) by extension 'colcon_meta'
[1.605s] Level 1:colcon.colcon_core.package_identification:_identify(mycobot_ros2/mycobot_320/mycobot_320_riscv) by extensions ['ros']
[1.605s] Level 1:colcon.colcon_core.package_identification:_identify(mycobot_ros2/mycobot_320/mycobot_320_riscv) by extension 'ros'
[1.607s] DEBUG:colcon.colcon_core.package_identification:Package 'mycobot_ros2/mycobot_320/mycobot_320_riscv' with type 'ros.ament_python' and name 'mycobot_320_riscv'
[1.607s] Level 1:colcon.colcon_core.package_identification:_identify(mycobot_ros2/mycobot_320/mycobot_320pi) by extensions ['ignore', 'ignore_ament_install']
[1.607s] Level 1:colcon.colcon_core.package_identification:_identify(mycobot_ros2/mycobot_320/mycobot_320pi) by extension 'ignore'
[1.607s] Level 1:colcon.colcon_core.package_identification:_identify(mycobot_ros2/mycobot_320/mycobot_320pi) by extension 'ignore_ament_install'
[1.607s] Level 1:colcon.colcon_core.package_identification:_identify(mycobot_ros2/mycobot_320/mycobot_320pi) by extensions ['colcon_pkg']
[1.607s] Level 1:colcon.colcon_core.package_identification:_identify(mycobot_ros2/mycobot_320/mycobot_320pi) by extension 'colcon_pkg'
[1.608s] Level 1:colcon.colcon_core.package_identification:_identify(mycobot_ros2/mycobot_320/mycobot_320pi) by extensions ['colcon_meta']
[1.608s] Level 1:colcon.colcon_core.package_identification:_identify(mycobot_ros2/mycobot_320/mycobot_320pi) by extension 'colcon_meta'
[1.608s] Level 1:colcon.colcon_core.package_identification:_identify(mycobot_ros2/mycobot_320/mycobot_320pi) by extensions ['ros']
[1.608s] Level 1:colcon.colcon_core.package_identification:_identify(mycobot_ros2/mycobot_320/mycobot_320pi) by extension 'ros'
[1.609s] DEBUG:colcon.colcon_core.package_identification:Package 'mycobot_ros2/mycobot_320/mycobot_320pi' with type 'ros.ament_python' and name 'mycobot_320pi'
[1.609s] Level 1:colcon.colcon_core.package_identification:_identify(mycobot_ros2/mycobot_communication) by extensions ['ignore', 'ignore_ament_install']
[1.610s] Level 1:colcon.colcon_core.package_identification:_identify(mycobot_ros2/mycobot_communication) by extension 'ignore'
[1.610s] Level 1:colcon.colcon_core.package_identification:_identify(mycobot_ros2/mycobot_communication) by extension 'ignore_ament_install'
[1.610s] Level 1:colcon.colcon_core.package_identification:_identify(mycobot_ros2/mycobot_communication) by extensions ['colcon_pkg']
[1.610s] Level 1:colcon.colcon_core.package_identification:_identify(mycobot_ros2/mycobot_communication) by extension 'colcon_pkg'
[1.610s] Level 1:colcon.colcon_core.package_identification:_identify(mycobot_ros2/mycobot_communication) by extensions ['colcon_meta']
[1.610s] Level 1:colcon.colcon_core.package_identification:_identify(mycobot_ros2/mycobot_communication) by extension 'colcon_meta'
[1.611s] Level 1:colcon.colcon_core.package_identification:_identify(mycobot_ros2/mycobot_communication) by extensions ['ros']
[1.611s] Level 1:colcon.colcon_core.package_identification:_identify(mycobot_ros2/mycobot_communication) by extension 'ros'
[1.612s] DEBUG:colcon.colcon_core.package_identification:Package 'mycobot_ros2/mycobot_communication' with type 'ros.ament_python' and name 'mycobot_communication'
[1.612s] Level 1:colcon.colcon_core.package_identification:_identify(mycobot_ros2/mycobot_description) by extensions ['ignore', 'ignore_ament_install']
[1.612s] Level 1:colcon.colcon_core.package_identification:_identify(mycobot_ros2/mycobot_description) by extension 'ignore'
[1.612s] Level 1:colcon.colcon_core.package_identification:_identify(mycobot_ros2/mycobot_description) by extension 'ignore_ament_install'
[1.613s] Level 1:colcon.colcon_core.package_identification:_identify(mycobot_ros2/mycobot_description) by extensions ['colcon_pkg']
[1.613s] Level 1:colcon.colcon_core.package_identification:_identify(mycobot_ros2/mycobot_description) by extension 'colcon_pkg'
[1.613s] Level 1:colcon.colcon_core.package_identification:_identify(mycobot_ros2/mycobot_description) by extensions ['colcon_meta']
[1.613s] Level 1:colcon.colcon_core.package_identification:_identify(mycobot_ros2/mycobot_description) by extension 'colcon_meta'
[1.613s] Level 1:colcon.colcon_core.package_identification:_identify(mycobot_ros2/mycobot_description) by extensions ['ros']
[1.613s] Level 1:colcon.colcon_core.package_identification:_identify(mycobot_ros2/mycobot_description) by extension 'ros'
[1.614s] DEBUG:colcon.colcon_core.package_identification:Package 'mycobot_ros2/mycobot_description' with type 'ros.ament_python' and name 'mycobot_description'
[1.614s] Level 1:colcon.colcon_core.package_identification:_identify(mycobot_ros2/mycobot_pro) by extensions ['ignore', 'ignore_ament_install']
[1.614s] Level 1:colcon.colcon_core.package_identification:_identify(mycobot_ros2/mycobot_pro) by extension 'ignore'
[1.615s] Level 1:colcon.colcon_core.package_identification:_identify(mycobot_ros2/mycobot_pro) by extension 'ignore_ament_install'
[1.615s] Level 1:colcon.colcon_core.package_identification:_identify(mycobot_ros2/mycobot_pro) by extensions ['colcon_pkg']
[1.615s] Level 1:colcon.colcon_core.package_identification:_identify(mycobot_ros2/mycobot_pro) by extension 'colcon_pkg'
[1.615s] Level 1:colcon.colcon_core.package_identification:_identify(mycobot_ros2/mycobot_pro) by extensions ['colcon_meta']
[1.615s] Level 1:colcon.colcon_core.package_identification:_identify(mycobot_ros2/mycobot_pro) by extension 'colcon_meta'
[1.615s] Level 1:colcon.colcon_core.package_identification:_identify(mycobot_ros2/mycobot_pro) by extensions ['ros']
[1.615s] Level 1:colcon.colcon_core.package_identification:_identify(mycobot_ros2/mycobot_pro) by extension 'ros'
[1.616s] Level 1:colcon.colcon_core.package_identification:_identify(mycobot_ros2/mycobot_pro) by extensions ['cmake', 'python']
[1.616s] Level 1:colcon.colcon_core.package_identification:_identify(mycobot_ros2/mycobot_pro) by extension 'cmake'
[1.616s] Level 1:colcon.colcon_core.package_identification:_identify(mycobot_ros2/mycobot_pro) by extension 'python'
[1.616s] Level 1:colcon.colcon_core.package_identification:_identify(mycobot_ros2/mycobot_pro) by extensions ['python_setup_py']
[1.616s] Level 1:colcon.colcon_core.package_identification:_identify(mycobot_ros2/mycobot_pro) by extension 'python_setup_py'
[1.616s] Level 1:colcon.colcon_core.package_identification:_identify(mycobot_ros2/mycobot_pro/mycobot_600) by extensions ['ignore', 'ignore_ament_install']
[1.617s] Level 1:colcon.colcon_core.package_identification:_identify(mycobot_ros2/mycobot_pro/mycobot_600) by extension 'ignore'
[1.617s] Level 1:colcon.colcon_core.package_identification:_identify(mycobot_ros2/mycobot_pro/mycobot_600) by extension 'ignore_ament_install'
[1.617s] Level 1:colcon.colcon_core.package_identification:_identify(mycobot_ros2/mycobot_pro/mycobot_600) by extensions ['colcon_pkg']
[1.617s] Level 1:colcon.colcon_core.package_identification:_identify(mycobot_ros2/mycobot_pro/mycobot_600) by extension 'colcon_pkg'
[1.617s] Level 1:colcon.colcon_core.package_identification:_identify(mycobot_ros2/mycobot_pro/mycobot_600) by extensions ['colcon_meta']
[1.617s] Level 1:colcon.colcon_core.package_identification:_identify(mycobot_ros2/mycobot_pro/mycobot_600) by extension 'colcon_meta'
[1.618s] Level 1:colcon.colcon_core.package_identification:_identify(mycobot_ros2/mycobot_pro/mycobot_600) by extensions ['ros']
[1.618s] Level 1:colcon.colcon_core.package_identification:_identify(mycobot_ros2/mycobot_pro/mycobot_600) by extension 'ros'
[1.619s] DEBUG:colcon.colcon_core.package_identification:Package 'mycobot_ros2/mycobot_pro/mycobot_600' with type 'ros.ament_python' and name 'mycobot_600'
[1.619s] Level 1:colcon.colcon_core.package_identification:_identify(mycobot_ros2/mycobot_pro/mycobot_630) by extensions ['ignore', 'ignore_ament_install']
[1.620s] Level 1:colcon.colcon_core.package_identification:_identify(mycobot_ros2/mycobot_pro/mycobot_630) by extension 'ignore'
[1.620s] Level 1:colcon.colcon_core.package_identification:_identify(mycobot_ros2/mycobot_pro/mycobot_630) by extension 'ignore_ament_install'
[1.620s] Level 1:colcon.colcon_core.package_identification:_identify(mycobot_ros2/mycobot_pro/mycobot_630) by extensions ['colcon_pkg']
[1.620s] Level 1:colcon.colcon_core.package_identification:_identify(mycobot_ros2/mycobot_pro/mycobot_630) by extension 'colcon_pkg'
[1.620s] Level 1:colcon.colcon_core.package_identification:_identify(mycobot_ros2/mycobot_pro/mycobot_630) by extensions ['colcon_meta']
[1.620s] Level 1:colcon.colcon_core.package_identification:_identify(mycobot_ros2/mycobot_pro/mycobot_630) by extension 'colcon_meta'
[1.621s] Level 1:colcon.colcon_core.package_identification:_identify(mycobot_ros2/mycobot_pro/mycobot_630) by extensions ['ros']
[1.621s] Level 1:colcon.colcon_core.package_identification:_identify(mycobot_ros2/mycobot_pro/mycobot_630) by extension 'ros'
[1.622s] DEBUG:colcon.colcon_core.package_identification:Package 'mycobot_ros2/mycobot_pro/mycobot_630' with type 'ros.ament_python' and name 'mycobot_630'
[1.622s] Level 1:colcon.colcon_core.package_identification:_identify(mycobot_ros2/mycobot_pro/mycobot_630_moveit2) by extensions ['ignore', 'ignore_ament_install']
[1.622s] Level 1:colcon.colcon_core.package_identification:_identify(mycobot_ros2/mycobot_pro/mycobot_630_moveit2) by extension 'ignore'
[1.623s] Level 1:colcon.colcon_core.package_identification:_identify(mycobot_ros2/mycobot_pro/mycobot_630_moveit2) by extension 'ignore_ament_install'
[1.623s] Level 1:colcon.colcon_core.package_identification:_identify(mycobot_ros2/mycobot_pro/mycobot_630_moveit2) by extensions ['colcon_pkg']
[1.623s] Level 1:colcon.colcon_core.package_identification:_identify(mycobot_ros2/mycobot_pro/mycobot_630_moveit2) by extension 'colcon_pkg'
[1.623s] Level 1:colcon.colcon_core.package_identification:_identify(mycobot_ros2/mycobot_pro/mycobot_630_moveit2) by extensions ['colcon_meta']
[1.623s] Level 1:colcon.colcon_core.package_identification:_identify(mycobot_ros2/mycobot_pro/mycobot_630_moveit2) by extension 'colcon_meta'
[1.623s] Level 1:colcon.colcon_core.package_identification:_identify(mycobot_ros2/mycobot_pro/mycobot_630_moveit2) by extensions ['ros']
[1.623s] Level 1:colcon.colcon_core.package_identification:_identify(mycobot_ros2/mycobot_pro/mycobot_630_moveit2) by extension 'ros'
[1.625s] DEBUG:colcon.colcon_core.package_identification:Package 'mycobot_ros2/mycobot_pro/mycobot_630_moveit2' with type 'ros.ament_cmake' and name 'mycobot_630_moveit2'
[1.625s] Level 1:colcon.colcon_core.package_identification:_identify(mycobot_ros2/mycobot_pro/mycobot_pro450_interfaces) by extensions ['ignore', 'ignore_ament_install']
[1.625s] Level 1:colcon.colcon_core.package_identification:_identify(mycobot_ros2/mycobot_pro/mycobot_pro450_interfaces) by extension 'ignore'
[1.626s] Level 1:colcon.colcon_core.package_identification:_identify(mycobot_ros2/mycobot_pro/mycobot_pro450_interfaces) by extension 'ignore_ament_install'
[1.626s] Level 1:colcon.colcon_core.package_identification:_identify(mycobot_ros2/mycobot_pro/mycobot_pro450_interfaces) by extensions ['colcon_pkg']
[1.626s] Level 1:colcon.colcon_core.package_identification:_identify(mycobot_ros2/mycobot_pro/mycobot_pro450_interfaces) by extension 'colcon_pkg'
[1.626s] Level 1:colcon.colcon_core.package_identification:_identify(mycobot_ros2/mycobot_pro/mycobot_pro450_interfaces) by extensions ['colcon_meta']
[1.626s] Level 1:colcon.colcon_core.package_identification:_identify(mycobot_ros2/mycobot_pro/mycobot_pro450_interfaces) by extension 'colcon_meta'
[1.626s] Level 1:colcon.colcon_core.package_identification:_identify(mycobot_ros2/mycobot_pro/mycobot_pro450_interfaces) by extensions ['ros']
[1.626s] Level 1:colcon.colcon_core.package_identification:_identify(mycobot_ros2/mycobot_pro/mycobot_pro450_interfaces) by extension 'ros'
[1.627s] DEBUG:colcon.colcon_core.package_identification:Package 'mycobot_ros2/mycobot_pro/mycobot_pro450_interfaces' with type 'ros.ament_cmake' and name 'mycobot_pro450_interfaces'
[1.628s] Level 1:colcon.colcon_core.package_identification:_identify(mycobot_ros2/mycobot_pro/mycobot_pro_450) by extensions ['ignore', 'ignore_ament_install']
[1.628s] Level 1:colcon.colcon_core.package_identification:_identify(mycobot_ros2/mycobot_pro/mycobot_pro_450) by extension 'ignore'
[1.628s] Level 1:colcon.colcon_core.package_identification:_identify(mycobot_ros2/mycobot_pro/mycobot_pro_450) by extension 'ignore_ament_install'
[1.628s] Level 1:colcon.colcon_core.package_identification:_identify(mycobot_ros2/mycobot_pro/mycobot_pro_450) by extensions ['colcon_pkg']
[1.628s] Level 1:colcon.colcon_core.package_identification:_identify(mycobot_ros2/mycobot_pro/mycobot_pro_450) by extension 'colcon_pkg'
[1.629s] Level 1:colcon.colcon_core.package_identification:_identify(mycobot_ros2/mycobot_pro/mycobot_pro_450) by extensions ['colcon_meta']
[1.629s] Level 1:colcon.colcon_core.package_identification:_identify(mycobot_ros2/mycobot_pro/mycobot_pro_450) by extension 'colcon_meta'
[1.629s] Level 1:colcon.colcon_core.package_identification:_identify(mycobot_ros2/mycobot_pro/mycobot_pro_450) by extensions ['ros']
[1.629s] Level 1:colcon.colcon_core.package_identification:_identify(mycobot_ros2/mycobot_pro/mycobot_pro_450) by extension 'ros'
[1.631s] DEBUG:colcon.colcon_core.package_identification:Package 'mycobot_ros2/mycobot_pro/mycobot_pro_450' with type 'ros.ament_python' and name 'mycobot_pro_450'
[1.631s] Level 1:colcon.colcon_core.package_identification:_identify(mycobot_ros2/mycobot_pro/pro450_moveit2) by extensions ['ignore', 'ignore_ament_install']
[1.631s] Level 1:colcon.colcon_core.package_identification:_identify(mycobot_ros2/mycobot_pro/pro450_moveit2) by extension 'ignore'
[1.631s] Level 1:colcon.colcon_core.package_identification:_identify(mycobot_ros2/mycobot_pro/pro450_moveit2) by extension 'ignore_ament_install'
[1.632s] Level 1:colcon.colcon_core.package_identification:_identify(mycobot_ros2/mycobot_pro/pro450_moveit2) by extensions ['colcon_pkg']
[1.632s] Level 1:colcon.colcon_core.package_identification:_identify(mycobot_ros2/mycobot_pro/pro450_moveit2) by extension 'colcon_pkg'
[1.632s] Level 1:colcon.colcon_core.package_identification:_identify(mycobot_ros2/mycobot_pro/pro450_moveit2) by extensions ['colcon_meta']
[1.632s] Level 1:colcon.colcon_core.package_identification:_identify(mycobot_ros2/mycobot_pro/pro450_moveit2) by extension 'colcon_meta'
[1.632s] Level 1:colcon.colcon_core.package_identification:_identify(mycobot_ros2/mycobot_pro/pro450_moveit2) by extensions ['ros']
[1.632s] Level 1:colcon.colcon_core.package_identification:_identify(mycobot_ros2/mycobot_pro/pro450_moveit2) by extension 'ros'
[1.634s] DEBUG:colcon.colcon_core.package_identification:Package 'mycobot_ros2/mycobot_pro/pro450_moveit2' with type 'ros.ament_cmake' and name 'pro450_moveit2'
[1.634s] Level 1:colcon.colcon_core.package_identification:_identify(mycobot_ros2/mycobot_pro/pro450_moveit2_control) by extensions ['ignore', 'ignore_ament_install']
[1.634s] Level 1:colcon.colcon_core.package_identification:_identify(mycobot_ros2/mycobot_pro/pro450_moveit2_control) by extension 'ignore'
[1.634s] Level 1:colcon.colcon_core.package_identification:_identify(mycobot_ros2/mycobot_pro/pro450_moveit2_control) by extension 'ignore_ament_install'
[1.635s] Level 1:colcon.colcon_core.package_identification:_identify(mycobot_ros2/mycobot_pro/pro450_moveit2_control) by extensions ['colcon_pkg']
[1.635s] Level 1:colcon.colcon_core.package_identification:_identify(mycobot_ros2/mycobot_pro/pro450_moveit2_control) by extension 'colcon_pkg'
[1.635s] Level 1:colcon.colcon_core.package_identification:_identify(mycobot_ros2/mycobot_pro/pro450_moveit2_control) by extensions ['colcon_meta']
[1.635s] Level 1:colcon.colcon_core.package_identification:_identify(mycobot_ros2/mycobot_pro/pro450_moveit2_control) by extension 'colcon_meta'
[1.635s] Level 1:colcon.colcon_core.package_identification:_identify(mycobot_ros2/mycobot_pro/pro450_moveit2_control) by extensions ['ros']
[1.635s] Level 1:colcon.colcon_core.package_identification:_identify(mycobot_ros2/mycobot_pro/pro450_moveit2_control) by extension 'ros'
[1.636s] DEBUG:colcon.colcon_core.package_identification:Package 'mycobot_ros2/mycobot_pro/pro450_moveit2_control' with type 'ros.ament_python' and name 'pro450_moveit2_control'
[1.637s] Level 1:colcon.colcon_core.package_identification:_identify(mycobot_ros2/mypalletizer_260) by extensions ['ignore', 'ignore_ament_install']
[1.637s] Level 1:colcon.colcon_core.package_identification:_identify(mycobot_ros2/mypalletizer_260) by extension 'ignore'
[1.637s] Level 1:colcon.colcon_core.package_identification:_identify(mycobot_ros2/mypalletizer_260) by extension 'ignore_ament_install'
[1.637s] Level 1:colcon.colcon_core.package_identification:_identify(mycobot_ros2/mypalletizer_260) by extensions ['colcon_pkg']
[1.637s] Level 1:colcon.colcon_core.package_identification:_identify(mycobot_ros2/mypalletizer_260) by extension 'colcon_pkg'
[1.638s] Level 1:colcon.colcon_core.package_identification:_identify(mycobot_ros2/mypalletizer_260) by extensions ['colcon_meta']
[1.638s] Level 1:colcon.colcon_core.package_identification:_identify(mycobot_ros2/mypalletizer_260) by extension 'colcon_meta'
[1.638s] Level 1:colcon.colcon_core.package_identification:_identify(mycobot_ros2/mypalletizer_260) by extensions ['ros']
[1.638s] Level 1:colcon.colcon_core.package_identification:_identify(mycobot_ros2/mypalletizer_260) by extension 'ros'
[1.638s] Level 1:colcon.colcon_core.package_identification:_identify(mycobot_ros2/mypalletizer_260) by extensions ['cmake', 'python']
[1.638s] Level 1:colcon.colcon_core.package_identification:_identify(mycobot_ros2/mypalletizer_260) by extension 'cmake'
[1.638s] Level 1:colcon.colcon_core.package_identification:_identify(mycobot_ros2/mypalletizer_260) by extension 'python'
[1.639s] Level 1:colcon.colcon_core.package_identification:_identify(mycobot_ros2/mypalletizer_260) by extensions ['python_setup_py']
[1.639s] Level 1:colcon.colcon_core.package_identification:_identify(mycobot_ros2/mypalletizer_260) by extension 'python_setup_py'
[1.639s] Level 1:colcon.colcon_core.package_identification:_identify(mycobot_ros2/mypalletizer_260/mypalletizer_260) by extensions ['ignore', 'ignore_ament_install']
[1.639s] Level 1:colcon.colcon_core.package_identification:_identify(mycobot_ros2/mypalletizer_260/mypalletizer_260) by extension 'ignore'
[1.639s] Level 1:colcon.colcon_core.package_identification:_identify(mycobot_ros2/mypalletizer_260/mypalletizer_260) by extension 'ignore_ament_install'
[1.640s] Level 1:colcon.colcon_core.package_identification:_identify(mycobot_ros2/mypalletizer_260/mypalletizer_260) by extensions ['colcon_pkg']
[1.640s] Level 1:colcon.colcon_core.package_identification:_identify(mycobot_ros2/mypalletizer_260/mypalletizer_260) by extension 'colcon_pkg'
[1.640s] Level 1:colcon.colcon_core.package_identification:_identify(mycobot_ros2/mypalletizer_260/mypalletizer_260) by extensions ['colcon_meta']
[1.640s] Level 1:colcon.colcon_core.package_identification:_identify(mycobot_ros2/mypalletizer_260/mypalletizer_260) by extension 'colcon_meta'
[1.640s] Level 1:colcon.colcon_core.package_identification:_identify(mycobot_ros2/mypalletizer_260/mypalletizer_260) by extensions ['ros']
[1.640s] Level 1:colcon.colcon_core.package_identification:_identify(mycobot_ros2/mypalletizer_260/mypalletizer_260) by extension 'ros'
[1.641s] DEBUG:colcon.colcon_core.package_identification:Package 'mycobot_ros2/mypalletizer_260/mypalletizer_260' with type 'ros.ament_python' and name 'mypalletizer_260'
[1.642s] Level 1:colcon.colcon_core.package_identification:_identify(mycobot_ros2/mypalletizer_260/mypalletizer_260_pi) by extensions ['ignore', 'ignore_ament_install']
[1.642s] Level 1:colcon.colcon_core.package_identification:_identify(mycobot_ros2/mypalletizer_260/mypalletizer_260_pi) by extension 'ignore'
[1.642s] Level 1:colcon.colcon_core.package_identification:_identify(mycobot_ros2/mypalletizer_260/mypalletizer_260_pi) by extension 'ignore_ament_install'
[1.642s] Level 1:colcon.colcon_core.package_identification:_identify(mycobot_ros2/mypalletizer_260/mypalletizer_260_pi) by extensions ['colcon_pkg']
[1.642s] Level 1:colcon.colcon_core.package_identification:_identify(mycobot_ros2/mypalletizer_260/mypalletizer_260_pi) by extension 'colcon_pkg'
[1.642s] Level 1:colcon.colcon_core.package_identification:_identify(mycobot_ros2/mypalletizer_260/mypalletizer_260_pi) by extensions ['colcon_meta']
[1.643s] Level 1:colcon.colcon_core.package_identification:_identify(mycobot_ros2/mypalletizer_260/mypalletizer_260_pi) by extension 'colcon_meta'
[1.643s] Level 1:colcon.colcon_core.package_identification:_identify(mycobot_ros2/mypalletizer_260/mypalletizer_260_pi) by extensions ['ros']
[1.643s] Level 1:colcon.colcon_core.package_identification:_identify(mycobot_ros2/mypalletizer_260/mypalletizer_260_pi) by extension 'ros'
[1.644s] DEBUG:colcon.colcon_core.package_identification:Package 'mycobot_ros2/mypalletizer_260/mypalletizer_260_pi' with type 'ros.ament_python' and name 'mypalletizer_260_pi'
[1.644s] Level 1:colcon.colcon_core.package_identification:_identify(mycobot_ros2/mypalletizer_260/mypalletizer_communication) by extensions ['ignore', 'ignore_ament_install']
[1.645s] Level 1:colcon.colcon_core.package_identification:_identify(mycobot_ros2/mypalletizer_260/mypalletizer_communication) by extension 'ignore'
[1.645s] Level 1:colcon.colcon_core.package_identification:_identify(mycobot_ros2/mypalletizer_260/mypalletizer_communication) by extension 'ignore_ament_install'
[1.645s] Level 1:colcon.colcon_core.package_identification:_identify(mycobot_ros2/mypalletizer_260/mypalletizer_communication) by extensions ['colcon_pkg']
[1.645s] Level 1:colcon.colcon_core.package_identification:_identify(mycobot_ros2/mypalletizer_260/mypalletizer_communication) by extension 'colcon_pkg'
[1.645s] Level 1:colcon.colcon_core.package_identification:_identify(mycobot_ros2/mypalletizer_260/mypalletizer_communication) by extensions ['colcon_meta']
[1.645s] Level 1:colcon.colcon_core.package_identification:_identify(mycobot_ros2/mypalletizer_260/mypalletizer_communication) by extension 'colcon_meta'
[1.646s] Level 1:colcon.colcon_core.package_identification:_identify(mycobot_ros2/mypalletizer_260/mypalletizer_communication) by extensions ['ros']
[1.646s] Level 1:colcon.colcon_core.package_identification:_identify(mycobot_ros2/mypalletizer_260/mypalletizer_communication) by extension 'ros'
[1.647s] DEBUG:colcon.colcon_core.package_identification:Package 'mycobot_ros2/mypalletizer_260/mypalletizer_communication' with type 'ros.ament_python' and name 'mypalletizer_communication'
[1.647s] Level 1:colcon.colcon_core.package_identification:_identify(mycobot_ros2/mypalletizer_260/mypalletizer_interfaces) by extensions ['ignore', 'ignore_ament_install']
[1.647s] Level 1:colcon.colcon_core.package_identification:_identify(mycobot_ros2/mypalletizer_260/mypalletizer_interfaces) by extension 'ignore'
[1.647s] Level 1:colcon.colcon_core.package_identification:_identify(mycobot_ros2/mypalletizer_260/mypalletizer_interfaces) by extension 'ignore_ament_install'
[1.648s] Level 1:colcon.colcon_core.package_identification:_identify(mycobot_ros2/mypalletizer_260/mypalletizer_interfaces) by extensions ['colcon_pkg']
[1.648s] Level 1:colcon.colcon_core.package_identification:_identify(mycobot_ros2/mypalletizer_260/mypalletizer_interfaces) by extension 'colcon_pkg'
[1.648s] Level 1:colcon.colcon_core.package_identification:_identify(mycobot_ros2/mypalletizer_260/mypalletizer_interfaces) by extensions ['colcon_meta']
[1.648s] Level 1:colcon.colcon_core.package_identification:_identify(mycobot_ros2/mypalletizer_260/mypalletizer_interfaces) by extension 'colcon_meta'
[1.648s] Level 1:colcon.colcon_core.package_identification:_identify(mycobot_ros2/mypalletizer_260/mypalletizer_interfaces) by extensions ['ros']
[1.648s] Level 1:colcon.colcon_core.package_identification:_identify(mycobot_ros2/mypalletizer_260/mypalletizer_interfaces) by extension 'ros'
[1.649s] DEBUG:colcon.colcon_core.package_identification:Package 'mycobot_ros2/mypalletizer_260/mypalletizer_interfaces' with type 'ros.ament_cmake' and name 'mypalletizer_interfaces'
[1.649s] Level 1:colcon.colcon_core.package_identification:_identify(mycobot_ros2/ultraArm) by extensions ['ignore', 'ignore_ament_install']
[1.650s] Level 1:colcon.colcon_core.package_identification:_identify(mycobot_ros2/ultraArm) by extension 'ignore'
[1.650s] Level 1:colcon.colcon_core.package_identification:_identify(mycobot_ros2/ultraArm) by extension 'ignore_ament_install'
[1.650s] Level 1:colcon.colcon_core.package_identification:_identify(mycobot_ros2/ultraArm) by extensions ['colcon_pkg']
[1.650s] Level 1:colcon.colcon_core.package_identification:_identify(mycobot_ros2/ultraArm) by extension 'colcon_pkg'
[1.650s] Level 1:colcon.colcon_core.package_identification:_identify(mycobot_ros2/ultraArm) by extensions ['colcon_meta']
[1.650s] Level 1:colcon.colcon_core.package_identification:_identify(mycobot_ros2/ultraArm) by extension 'colcon_meta'
[1.650s] Level 1:colcon.colcon_core.package_identification:_identify(mycobot_ros2/ultraArm) by extensions ['ros']
[1.651s] Level 1:colcon.colcon_core.package_identification:_identify(mycobot_ros2/ultraArm) by extension 'ros'
[1.651s] Level 1:colcon.colcon_core.package_identification:_identify(mycobot_ros2/ultraArm) by extensions ['cmake', 'python']
[1.651s] Level 1:colcon.colcon_core.package_identification:_identify(mycobot_ros2/ultraArm) by extension 'cmake'
[1.651s] Level 1:colcon.colcon_core.package_identification:_identify(mycobot_ros2/ultraArm) by extension 'python'
[1.651s] Level 1:colcon.colcon_core.package_identification:_identify(mycobot_ros2/ultraArm) by extensions ['python_setup_py']
[1.651s] Level 1:colcon.colcon_core.package_identification:_identify(mycobot_ros2/ultraArm) by extension 'python_setup_py'
[1.652s] Level 1:colcon.colcon_core.package_identification:_identify(mycobot_ros2/ultraArm/ultraArm_Testtool) by extensions ['ignore', 'ignore_ament_install']
[1.652s] Level 1:colcon.colcon_core.package_identification:_identify(mycobot_ros2/ultraArm/ultraArm_Testtool) by extension 'ignore'
[1.652s] Level 1:colcon.colcon_core.package_identification:_identify(mycobot_ros2/ultraArm/ultraArm_Testtool) by extension 'ignore_ament_install'
[1.652s] Level 1:colcon.colcon_core.package_identification:_identify(mycobot_ros2/ultraArm/ultraArm_Testtool) by extensions ['colcon_pkg']
[1.652s] Level 1:colcon.colcon_core.package_identification:_identify(mycobot_ros2/ultraArm/ultraArm_Testtool) by extension 'colcon_pkg'
[1.652s] Level 1:colcon.colcon_core.package_identification:_identify(mycobot_ros2/ultraArm/ultraArm_Testtool) by extensions ['colcon_meta']
[1.653s] Level 1:colcon.colcon_core.package_identification:_identify(mycobot_ros2/ultraArm/ultraArm_Testtool) by extension 'colcon_meta'
[1.653s] Level 1:colcon.colcon_core.package_identification:_identify(mycobot_ros2/ultraArm/ultraArm_Testtool) by extensions ['ros']
[1.653s] Level 1:colcon.colcon_core.package_identification:_identify(mycobot_ros2/ultraArm/ultraArm_Testtool) by extension 'ros'
[1.653s] Level 1:colcon.colcon_core.package_identification:_identify(mycobot_ros2/ultraArm/ultraArm_Testtool) by extensions ['cmake', 'python']
[1.653s] Level 1:colcon.colcon_core.package_identification:_identify(mycobot_ros2/ultraArm/ultraArm_Testtool) by extension 'cmake'
[1.653s] Level 1:colcon.colcon_core.package_identification:_identify(mycobot_ros2/ultraArm/ultraArm_Testtool) by extension 'python'
[1.653s] Level 1:colcon.colcon_core.package_identification:_identify(mycobot_ros2/ultraArm/ultraArm_Testtool) by extensions ['python_setup_py']
[1.653s] Level 1:colcon.colcon_core.package_identification:_identify(mycobot_ros2/ultraArm/ultraArm_Testtool) by extension 'python_setup_py'
[1.654s] Level 1:colcon.colcon_core.package_identification:_identify(mycobot_ros2/ultraArm/ultraArm_Testtool/__pycache__) by extensions ['ignore', 'ignore_ament_install']
[1.654s] Level 1:colcon.colcon_core.package_identification:_identify(mycobot_ros2/ultraArm/ultraArm_Testtool/__pycache__) by extension 'ignore'
[1.654s] Level 1:colcon.colcon_core.package_identification:_identify(mycobot_ros2/ultraArm/ultraArm_Testtool/__pycache__) by extension 'ignore_ament_install'
[1.654s] Level 1:colcon.colcon_core.package_identification:_identify(mycobot_ros2/ultraArm/ultraArm_Testtool/__pycache__) by extensions ['colcon_pkg']
[1.654s] Level 1:colcon.colcon_core.package_identification:_identify(mycobot_ros2/ultraArm/ultraArm_Testtool/__pycache__) by extension 'colcon_pkg'
[1.655s] Level 1:colcon.colcon_core.package_identification:_identify(mycobot_ros2/ultraArm/ultraArm_Testtool/__pycache__) by extensions ['colcon_meta']
[1.655s] Level 1:colcon.colcon_core.package_identification:_identify(mycobot_ros2/ultraArm/ultraArm_Testtool/__pycache__) by extension 'colcon_meta'
[1.655s] Level 1:colcon.colcon_core.package_identification:_identify(mycobot_ros2/ultraArm/ultraArm_Testtool/__pycache__) by extensions ['ros']
[1.655s] Level 1:colcon.colcon_core.package_identification:_identify(mycobot_ros2/ultraArm/ultraArm_Testtool/__pycache__) by extension 'ros'
[1.655s] Level 1:colcon.colcon_core.package_identification:_identify(mycobot_ros2/ultraArm/ultraArm_Testtool/__pycache__) by extensions ['cmake', 'python']
[1.655s] Level 1:colcon.colcon_core.package_identification:_identify(mycobot_ros2/ultraArm/ultraArm_Testtool/__pycache__) by extension 'cmake'
[1.655s] Level 1:colcon.colcon_core.package_identification:_identify(mycobot_ros2/ultraArm/ultraArm_Testtool/__pycache__) by extension 'python'
[1.656s] Level 1:colcon.colcon_core.package_identification:_identify(mycobot_ros2/ultraArm/ultraArm_Testtool/__pycache__) by extensions ['python_setup_py']
[1.656s] Level 1:colcon.colcon_core.package_identification:_identify(mycobot_ros2/ultraArm/ultraArm_Testtool/__pycache__) by extension 'python_setup_py'
[1.656s] Level 1:colcon.colcon_core.package_identification:_identify(mycobot_ros2/ultraArm/ultraarm) by extensions ['ignore', 'ignore_ament_install']
[1.656s] Level 1:colcon.colcon_core.package_identification:_identify(mycobot_ros2/ultraArm/ultraarm) by extension 'ignore'
[1.656s] Level 1:colcon.colcon_core.package_identification:_identify(mycobot_ros2/ultraArm/ultraarm) by extension 'ignore_ament_install'
[1.657s] Level 1:colcon.colcon_core.package_identification:_identify(mycobot_ros2/ultraArm/ultraarm) by extensions ['colcon_pkg']
[1.657s] Level 1:colcon.colcon_core.package_identification:_identify(mycobot_ros2/ultraArm/ultraarm) by extension 'colcon_pkg'
[1.657s] Level 1:colcon.colcon_core.package_identification:_identify(mycobot_ros2/ultraArm/ultraarm) by extensions ['colcon_meta']
[1.657s] Level 1:colcon.colcon_core.package_identification:_identify(mycobot_ros2/ultraArm/ultraarm) by extension 'colcon_meta'
[1.657s] Level 1:colcon.colcon_core.package_identification:_identify(mycobot_ros2/ultraArm/ultraarm) by extensions ['ros']
[1.657s] Level 1:colcon.colcon_core.package_identification:_identify(mycobot_ros2/ultraArm/ultraarm) by extension 'ros'
[1.658s] DEBUG:colcon.colcon_core.package_identification:Package 'mycobot_ros2/ultraArm/ultraarm' with type 'ros.ament_python' and name 'ultraarm'
[1.659s] Level 1:colcon.colcon_core.package_identification:_identify(src) by extensions ['ignore', 'ignore_ament_install']
[1.659s] Level 1:colcon.colcon_core.package_identification:_identify(src) by extension 'ignore'
[1.659s] Level 1:colcon.colcon_core.package_identification:_identify(src) by extension 'ignore_ament_install'
[1.659s] Level 1:colcon.colcon_core.package_identification:_identify(src) by extensions ['colcon_pkg']
[1.659s] Level 1:colcon.colcon_core.package_identification:_identify(src) by extension 'colcon_pkg'
[1.659s] Level 1:colcon.colcon_core.package_identification:_identify(src) by extensions ['colcon_meta']
[1.659s] Level 1:colcon.colcon_core.package_identification:_identify(src) by extension 'colcon_meta'
[1.660s] Level 1:colcon.colcon_core.package_identification:_identify(src) by extensions ['ros']
[1.660s] Level 1:colcon.colcon_core.package_identification:_identify(src) by extension 'ros'
[1.660s] Level 1:colcon.colcon_core.package_identification:_identify(src) by extensions ['cmake', 'python']
[1.660s] Level 1:colcon.colcon_core.package_identification:_identify(src) by extension 'cmake'
[1.660s] Level 1:colcon.colcon_core.package_identification:_identify(src) by extension 'python'
[1.660s] Level 1:colcon.colcon_core.package_identification:_identify(src) by extensions ['python_setup_py']
[1.660s] Level 1:colcon.colcon_core.package_identification:_identify(src) by extension 'python_setup_py'
[1.661s] Level 1:colcon.colcon_core.package_identification:_identify(src/robokpy) by extensions ['ignore', 'ignore_ament_install']
[1.661s] Level 1:colcon.colcon_core.package_identification:_identify(src/robokpy) by extension 'ignore'
[1.661s] Level 1:colcon.colcon_core.package_identification:_identify(src/robokpy) by extension 'ignore_ament_install'
[1.661s] Level 1:colcon.colcon_core.package_identification:_identify(src/robokpy) by extensions ['colcon_pkg']
[1.661s] Level 1:colcon.colcon_core.package_identification:_identify(src/robokpy) by extension 'colcon_pkg'
[1.662s] Level 1:colcon.colcon_core.package_identification:_identify(src/robokpy) by extensions ['colcon_meta']
[1.662s] Level 1:colcon.colcon_core.package_identification:_identify(src/robokpy) by extension 'colcon_meta'
[1.662s] Level 1:colcon.colcon_core.package_identification:_identify(src/robokpy) by extensions ['ros']
[1.662s] Level 1:colcon.colcon_core.package_identification:_identify(src/robokpy) by extension 'ros'
[1.663s] DEBUG:colcon.colcon_core.package_identification:Package 'src/robokpy' with type 'ros.ament_python' and name 'robokpy'
[1.663s] Level 1:colcon.colcon_core.package_identification:_identify(src/robokpy_controller) by extensions ['ignore', 'ignore_ament_install']
[1.663s] Level 1:colcon.colcon_core.package_identification:_identify(src/robokpy_controller) by extension 'ignore'
[1.663s] Level 1:colcon.colcon_core.package_identification:_identify(src/robokpy_controller) by extension 'ignore_ament_install'
[1.664s] Level 1:colcon.colcon_core.package_identification:_identify(src/robokpy_controller) by extensions ['colcon_pkg']
[1.664s] Level 1:colcon.colcon_core.package_identification:_identify(src/robokpy_controller) by extension 'colcon_pkg'
[1.664s] Level 1:colcon.colcon_core.package_identification:_identify(src/robokpy_controller) by extensions ['colcon_meta']
[1.664s] Level 1:colcon.colcon_core.package_identification:_identify(src/robokpy_controller) by extension 'colcon_meta'
[1.664s] Level 1:colcon.colcon_core.package_identification:_identify(src/robokpy_controller) by extensions ['ros']
[1.664s] Level 1:colcon.colcon_core.package_identification:_identify(src/robokpy_controller) by extension 'ros'
[1.666s] DEBUG:colcon.colcon_core.package_identification:Package 'src/robokpy_controller' with type 'ros.ament_python' and name 'robokpy_controller'
[1.667s] Level 1:colcon.colcon_core.package_identification:_identify(src/robokpy_interfaces) by extensions ['ignore', 'ignore_ament_install']
[1.667s] Level 1:colcon.colcon_core.package_identification:_identify(src/robokpy_interfaces) by extension 'ignore'
[1.667s] Level 1:colcon.colcon_core.package_identification:_identify(src/robokpy_interfaces) by extension 'ignore_ament_install'
[1.667s] Level 1:colcon.colcon_core.package_identification:_identify(src/robokpy_interfaces) by extensions ['colcon_pkg']
[1.667s] Level 1:colcon.colcon_core.package_identification:_identify(src/robokpy_interfaces) by extension 'colcon_pkg'
[1.667s] Level 1:colcon.colcon_core.package_identification:_identify(src/robokpy_interfaces) by extensions ['colcon_meta']
[1.668s] Level 1:colcon.colcon_core.package_identification:_identify(src/robokpy_interfaces) by extension 'colcon_meta'
[1.668s] Level 1:colcon.colcon_core.package_identification:_identify(src/robokpy_interfaces) by extensions ['ros']
[1.668s] Level 1:colcon.colcon_core.package_identification:_identify(src/robokpy_interfaces) by extension 'ros'
[1.669s] DEBUG:colcon.colcon_core.package_identification:Package 'src/robokpy_interfaces' with type 'ros.ament_cmake' and name 'robokpy_interfaces'
[1.669s] Level 1:colcon.colcon_core.package_identification:_identify(ur5e_real_test) by extensions ['ignore', 'ignore_ament_install']
[1.670s] Level 1:colcon.colcon_core.package_identification:_identify(ur5e_real_test) by extension 'ignore'
[1.670s] Level 1:colcon.colcon_core.package_identification:_identify(ur5e_real_test) by extension 'ignore_ament_install'
[1.670s] Level 1:colcon.colcon_core.package_identification:_identify(ur5e_real_test) by extensions ['colcon_pkg']
[1.670s] Level 1:colcon.colcon_core.package_identification:_identify(ur5e_real_test) by extension 'colcon_pkg'
[1.670s] Level 1:colcon.colcon_core.package_identification:_identify(ur5e_real_test) by extensions ['colcon_meta']
[1.670s] Level 1:colcon.colcon_core.package_identification:_identify(ur5e_real_test) by extension 'colcon_meta'
[1.671s] Level 1:colcon.colcon_core.package_identification:_identify(ur5e_real_test) by extensions ['ros']
[1.671s] Level 1:colcon.colcon_core.package_identification:_identify(ur5e_real_test) by extension 'ros'
[1.671s] Level 1:colcon.colcon_core.package_identification:_identify(ur5e_real_test) by extensions ['cmake', 'python']
[1.671s] Level 1:colcon.colcon_core.package_identification:_identify(ur5e_real_test) by extension 'cmake'
[1.671s] Level 1:colcon.colcon_core.package_identification:_identify(ur5e_real_test) by extension 'python'
[1.671s] Level 1:colcon.colcon_core.package_identification:_identify(ur5e_real_test) by extensions ['python_setup_py']
[1.671s] Level 1:colcon.colcon_core.package_identification:_identify(ur5e_real_test) by extension 'python_setup_py'
[1.672s] Level 1:colcon.colcon_core.package_identification:_identify(ur5e_real_test/src) by extensions ['ignore', 'ignore_ament_install']
[1.672s] Level 1:colcon.colcon_core.package_identification:_identify(ur5e_real_test/src) by extension 'ignore'
[1.672s] Level 1:colcon.colcon_core.package_identification:_identify(ur5e_real_test/src) by extension 'ignore_ament_install'
[1.672s] Level 1:colcon.colcon_core.package_identification:_identify(ur5e_real_test/src) by extensions ['colcon_pkg']
[1.672s] Level 1:colcon.colcon_core.package_identification:_identify(ur5e_real_test/src) by extension 'colcon_pkg'
[1.673s] Level 1:colcon.colcon_core.package_identification:_identify(ur5e_real_test/src) by extensions ['colcon_meta']
[1.673s] Level 1:colcon.colcon_core.package_identification:_identify(ur5e_real_test/src) by extension 'colcon_meta'
[1.673s] Level 1:colcon.colcon_core.package_identification:_identify(ur5e_real_test/src) by extensions ['ros']
[1.673s] Level 1:colcon.colcon_core.package_identification:_identify(ur5e_real_test/src) by extension 'ros'
[1.673s] Level 1:colcon.colcon_core.package_identification:_identify(ur5e_real_test/src) by extensions ['cmake', 'python']
[1.673s] Level 1:colcon.colcon_core.package_identification:_identify(ur5e_real_test/src) by extension 'cmake'
[1.673s] Level 1:colcon.colcon_core.package_identification:_identify(ur5e_real_test/src) by extension 'python'
[1.673s] Level 1:colcon.colcon_core.package_identification:_identify(ur5e_real_test/src) by extensions ['python_setup_py']
[1.674s] Level 1:colcon.colcon_core.package_identification:_identify(ur5e_real_test/src) by extension 'python_setup_py'
[1.674s] Level 1:colcon.colcon_core.package_identification:_identify(ur5e_real_test/src/ur5e_real_test_motus) by extensions ['ignore', 'ignore_ament_install']
[1.674s] Level 1:colcon.colcon_core.package_identification:_identify(ur5e_real_test/src/ur5e_real_test_motus) by extension 'ignore'
[1.674s] Level 1:colcon.colcon_core.package_identification:_identify(ur5e_real_test/src/ur5e_real_test_motus) by extension 'ignore_ament_install'
[1.675s] Level 1:colcon.colcon_core.package_identification:_identify(ur5e_real_test/src/ur5e_real_test_motus) by extensions ['colcon_pkg']
[1.675s] Level 1:colcon.colcon_core.package_identification:_identify(ur5e_real_test/src/ur5e_real_test_motus) by extension 'colcon_pkg'
[1.675s] Level 1:colcon.colcon_core.package_identification:_identify(ur5e_real_test/src/ur5e_real_test_motus) by extensions ['colcon_meta']
[1.675s] Level 1:colcon.colcon_core.package_identification:_identify(ur5e_real_test/src/ur5e_real_test_motus) by extension 'colcon_meta'
[1.675s] Level 1:colcon.colcon_core.package_identification:_identify(ur5e_real_test/src/ur5e_real_test_motus) by extensions ['ros']
[1.675s] Level 1:colcon.colcon_core.package_identification:_identify(ur5e_real_test/src/ur5e_real_test_motus) by extension 'ros'
[1.676s] DEBUG:colcon.colcon_core.package_identification:Package 'ur5e_real_test/src/ur5e_real_test_motus' with type 'ros.ament_python' and name 'ur5e_real_test_motus'
[1.676s] Level 1:colcon.colcon_core.package_discovery:discover_packages(recursive) using defaults
[1.676s] Level 1:colcon.colcon_core.package_discovery:discover_packages(ignore) discover
[1.676s] Level 1:colcon.colcon_core.package_discovery:discover_packages(ignore) using defaults
[1.677s] Level 1:colcon.colcon_core.package_discovery:discover_packages(path) discover
[1.677s] Level 1:colcon.colcon_core.package_discovery:discover_packages(path) using defaults
[1.738s] INFO:colcon.colcon_core.package_selection:Skipping not selected package 'mecharm_interfaces' in 'mycobot_ros2/mecharm/mecharm_interfaces'
[1.738s] INFO:colcon.colcon_core.package_selection:Skipping not selected package 'mycobot_description' in 'mycobot_ros2/mycobot_description'
[1.738s] INFO:colcon.colcon_core.package_selection:Skipping not selected package 'mycobot_interfaces' in 'mycobot_ros2/mycobot_280/mycobot_interfaces'
[1.738s] INFO:colcon.colcon_core.package_selection:Skipping not selected package 'mycobot_pro450_interfaces' in 'mycobot_ros2/mycobot_pro/mycobot_pro450_interfaces'
[1.738s] INFO:colcon.colcon_core.package_selection:Skipping not selected package 'mypalletizer_interfaces' in 'mycobot_ros2/mypalletizer_260/mypalletizer_interfaces'
[1.738s] INFO:colcon.colcon_core.package_selection:Skipping not selected package 'robokpy' in 'src/robokpy'
[1.738s] INFO:colcon.colcon_core.package_selection:Skipping not selected package 'robokpy_interfaces' in 'src/robokpy_interfaces'
[1.738s] INFO:colcon.colcon_core.package_selection:Skipping not selected package 'mecharm' in 'mycobot_ros2/mecharm/mecharm'
[1.738s] INFO:colcon.colcon_core.package_selection:Skipping not selected package 'mecharm_communication' in 'mycobot_ros2/mecharm/mecharm_communication'
[1.738s] INFO:colcon.colcon_core.package_selection:Skipping not selected package 'mecharm_pi' in 'mycobot_ros2/mecharm/mecharm_pi'
[1.738s] INFO:colcon.colcon_core.package_selection:Skipping not selected package 'myarm_300' in 'mycobot_ros2/myArm/myarm_300'
[1.739s] INFO:colcon.colcon_core.package_selection:Skipping not selected package 'mybuddy' in 'mycobot_ros2/Mybuddy/mybuddy'
[1.739s] INFO:colcon.colcon_core.package_selection:Skipping not selected package 'mycobot_280' in 'mycobot_ros2/mycobot_280/mycobot_280'
[1.739s] INFO:colcon.colcon_core.package_selection:Skipping not selected package 'mycobot_280_arduino' in 'mycobot_ros2/mycobot_280/mycobot_280_arduino'
[1.739s] INFO:colcon.colcon_core.package_selection:Skipping not selected package 'mycobot_280_moveit2' in 'mycobot_ros2/mycobot_280/mycobot_280_moveit2'
[1.739s] INFO:colcon.colcon_core.package_selection:Skipping not selected package 'mycobot_280_moveit2_control' in 'mycobot_ros2/mycobot_280/mycobot_280_moveit2_control'
[1.739s] INFO:colcon.colcon_core.package_selection:Skipping not selected package 'mycobot_280_riscv' in 'mycobot_ros2/mycobot_280/mycobot_280_riscv'
[1.739s] INFO:colcon.colcon_core.package_selection:Skipping not selected package 'mycobot_280_x3pi' in 'mycobot_ros2/mycobot_280/mycobot_280_x3pi'
[1.739s] INFO:colcon.colcon_core.package_selection:Skipping not selected package 'mycobot_280arduino_moveit2' in 'mycobot_ros2/mycobot_280/mycobot_280arduino_moveit2'
[1.739s] INFO:colcon.colcon_core.package_selection:Skipping not selected package 'mycobot_280jn' in 'mycobot_ros2/mycobot_280/mycobot_280jn'
[1.739s] INFO:colcon.colcon_core.package_selection:Skipping not selected package 'mycobot_280pi' in 'mycobot_ros2/mycobot_280/mycobot_280pi'
[1.739s] INFO:colcon.colcon_core.package_selection:Skipping not selected package 'mycobot_280rdkx5_moveit2' in 'mycobot_ros2/mycobot_280/mycobot_280rdkx5_moveit2'
[1.739s] INFO:colcon.colcon_core.package_selection:Skipping not selected package 'mycobot_320' in 'mycobot_ros2/mycobot_320/mycobot_320'
[1.739s] INFO:colcon.colcon_core.package_selection:Skipping not selected package 'mycobot_320_riscv' in 'mycobot_ros2/mycobot_320/mycobot_320_riscv'
[1.739s] INFO:colcon.colcon_core.package_selection:Skipping not selected package 'mycobot_320pi' in 'mycobot_ros2/mycobot_320/mycobot_320pi'
[1.740s] INFO:colcon.colcon_core.package_selection:Skipping not selected package 'mycobot_600' in 'mycobot_ros2/mycobot_pro/mycobot_600'
[1.740s] INFO:colcon.colcon_core.package_selection:Skipping not selected package 'mycobot_630' in 'mycobot_ros2/mycobot_pro/mycobot_630'
[1.740s] INFO:colcon.colcon_core.package_selection:Skipping not selected package 'mycobot_630_moveit2' in 'mycobot_ros2/mycobot_pro/mycobot_630_moveit2'
[1.740s] INFO:colcon.colcon_core.package_selection:Skipping not selected package 'mycobot_communication' in 'mycobot_ros2/mycobot_communication'
[1.740s] INFO:colcon.colcon_core.package_selection:Skipping not selected package 'mycobot_pro_450' in 'mycobot_ros2/mycobot_pro/mycobot_pro_450'
[1.740s] INFO:colcon.colcon_core.package_selection:Skipping not selected package 'mypalletizer_260' in 'mycobot_ros2/mypalletizer_260/mypalletizer_260'
[1.740s] INFO:colcon.colcon_core.package_selection:Skipping not selected package 'mypalletizer_260_pi' in 'mycobot_ros2/mypalletizer_260/mypalletizer_260_pi'
[1.740s] INFO:colcon.colcon_core.package_selection:Skipping not selected package 'mypalletizer_communication' in 'mycobot_ros2/mypalletizer_260/mypalletizer_communication'
[1.740s] INFO:colcon.colcon_core.package_selection:Skipping not selected package 'pro450_moveit2' in 'mycobot_ros2/mycobot_pro/pro450_moveit2'
[1.740s] INFO:colcon.colcon_core.package_selection:Skipping not selected package 'pro450_moveit2_control' in 'mycobot_ros2/mycobot_pro/pro450_moveit2_control'
[1.740s] INFO:colcon.colcon_core.package_selection:Skipping not selected package 'robokpy_controller' in 'src/robokpy_controller'
[1.740s] INFO:colcon.colcon_core.package_selection:Skipping not selected package 'ultraarm' in 'mycobot_ros2/ultraArm/ultraarm'
[1.740s] INFO:colcon.colcon_core.package_selection:Skipping not selected package 'myarm_c650' in 'mycobot_ros2/myArm/myarm_c650'
[1.741s] INFO:colcon.colcon_core.package_selection:Skipping not selected package 'myarm_m750' in 'mycobot_ros2/myArm/myarm_m750'
[1.741s] INFO:colcon.colcon_core.package_selection:Skipping not selected package 'mycobot_280_rdkx5' in 'mycobot_ros2/mycobot_280/mycobot_280_rdkx5'
[1.741s] INFO:colcon.colcon_core.package_selection:Skipping not selected package 'ur5e_real_test_motus' in 'ur5e_real_test/src/ur5e_real_test_motus'
[1.742s] Level 1:colcon.colcon_core.package_discovery:discover_packages(prefix_path) check parameters
[1.742s] Level 1:colcon.colcon_core.package_discovery:discover_packages(prefix_path) discover
[1.743s] WARNING:colcon.colcon_core.prefix_path.colcon:The path '/home/meta/Documents/robotics_workspace_new/ur5e_test/install' in the environment variable COLCON_PREFIX_PATH doesn't exist
[1.748s] WARNING:colcon.colcon_ros.prefix_path.ament:The path '/home/meta/Documents/robotics_workspace_new/ur5e_test/install/ur5e_test_motus' in the environment variable AMENT_PREFIX_PATH doesn't exist
[1.755s] DEBUG:colcon.colcon_installed_package_information.package_discovery:Found 43 installed packages in /home/meta/Documents/robotics_workspace_new/install
[1.760s] DEBUG:colcon.colcon_installed_package_information.package_discovery:Found 433 installed packages in /opt/ros/jazzy
[1.762s] Level 1:colcon.colcon_core.package_discovery:discover_packages(prefix_path) using defaults
[2.142s] Level 5:colcon.colcon_core.verb:set package 'motus_cli' build argument 'cmake_args' from command line to 'None'
[2.142s] Level 5:colcon.colcon_core.verb:set package 'motus_cli' build argument 'cmake_target' from command line to 'None'
[2.142s] Level 5:colcon.colcon_core.verb:set package 'motus_cli' build argument 'cmake_target_skip_unavailable' from command line to 'False'
[2.142s] Level 5:colcon.colcon_core.verb:set package 'motus_cli' build argument 'cmake_clean_cache' from command line to 'False'
[2.142s] Level 5:colcon.colcon_core.verb:set package 'motus_cli' build argument 'cmake_clean_first' from command line to 'False'
[2.142s] Level 5:colcon.colcon_core.verb:set package 'motus_cli' build argument 'cmake_force_configure' from command line to 'False'
[2.142s] Level 5:colcon.colcon_core.verb:set package 'motus_cli' build argument 'ament_cmake_args' from command line to 'None'
[2.142s] Level 5:colcon.colcon_core.verb:set package 'motus_cli' build argument 'catkin_cmake_args' from command line to 'None'
[2.143s] Level 5:colcon.colcon_core.verb:set package 'motus_cli' build argument 'catkin_skip_building_tests' from command line to 'False'
[2.143s] DEBUG:colcon.colcon_core.verb:Building package 'motus_cli' with the following arguments: {'ament_cmake_args': None, 'build_base': '/home/meta/Documents/robotics_workspace_new/build/motus_cli', 'catkin_cmake_args': None, 'catkin_skip_building_tests': False, 'cmake_args': None, 'cmake_clean_cache': False, 'cmake_clean_first': False, 'cmake_force_configure': False, 'cmake_target': None, 'cmake_target_skip_unavailable': False, 'install_base': '/home/meta/Documents/robotics_workspace_new/install/motus_cli', 'merge_install': False, 'path': '/home/meta/Documents/robotics_workspace_new/motus_cli', 'symlink_install': False, 'test_result_base': None}
[2.143s] INFO:colcon.colcon_core.executor:Executing jobs using 'parallel' executor
[2.145s] DEBUG:colcon.colcon_parallel_executor.executor.parallel:run_until_complete
[2.146s] INFO:colcon.colcon_core.task.python.build:Building Python package in '/home/meta/Documents/robotics_workspace_new/motus_cli'
[2.157s] INFO:colcon.colcon_core.plugin_system:Skipping extension 'colcon_core.shell.bat': Not used on non-Windows systems
[2.157s] INFO:colcon.colcon_core.shell:Skip shell extension 'powershell' for command environment: Not usable outside of PowerShell
[2.157s] DEBUG:colcon.colcon_core.shell:Skip shell extension 'dsv' for command environment
[5.906s] DEBUG:colcon.colcon_core.event_handler.log_command:Invoking command in '/home/meta/Documents/robotics_workspace_new/motus_cli': DEBUGINFOD_URLS=https://debuginfod.ubuntu.com PYTHONPATH=/home/meta/Documents/robotics_workspace_new/build/motus_cli/prefix_override:/usr/lib/python3/dist-packages/colcon_core/task/python/colcon_distutils_commands:/home/meta/Documents/robotics_workspace_new/install/motus_cli/lib/python3.12/site-packages:${PYTHONPATH} /usr/bin/python3 -W ignore:setup.py install is deprecated setup.py egg_info --egg-base ../build/motus_cli build --build-base /home/meta/Documents/robotics_workspace_new/build/motus_cli/build install --record /home/meta/Documents/robotics_workspace_new/build/motus_cli/install.log --single-version-externally-managed
[8.172s] DEBUG:colcon.colcon_core.event_handler.log_command:Invoked command in '/home/meta/Documents/robotics_workspace_new/motus_cli' returned '0': DEBUGINFOD_URLS=https://debuginfod.ubuntu.com PYTHONPATH=/home/meta/Documents/robotics_workspace_new/build/motus_cli/prefix_override:/usr/lib/python3/dist-packages/colcon_core/task/python/colcon_distutils_commands:/home/meta/Documents/robotics_workspace_new/install/motus_cli/lib/python3.12/site-packages:${PYTHONPATH} /usr/bin/python3 -W ignore:setup.py install is deprecated setup.py egg_info --egg-base ../build/motus_cli build --build-base /home/meta/Documents/robotics_workspace_new/build/motus_cli/build install --record /home/meta/Documents/robotics_workspace_new/build/motus_cli/install.log --single-version-externally-managed
[8.182s] Level 1:colcon.colcon_core.environment:checking '/home/meta/Documents/robotics_workspace_new/install/motus_cli' for CMake module files
[8.183s] Level 1:colcon.colcon_core.environment:checking '/home/meta/Documents/robotics_workspace_new/install/motus_cli' for CMake config files
[8.184s] Level 1:colcon.colcon_core.environment:checking '/home/meta/Documents/robotics_workspace_new/install/motus_cli/lib'
[8.185s] Level 1:colcon.colcon_core.environment:checking '/home/meta/Documents/robotics_workspace_new/install/motus_cli/bin'
[8.185s] Level 1:colcon.colcon_core.shell:create_environment_hook('motus_cli', 'path')
[8.186s] INFO:colcon.colcon_core.shell:Creating environment hook '/home/meta/Documents/robotics_workspace_new/install/motus_cli/share/motus_cli/hook/path.ps1'
[8.187s] INFO:colcon.colcon_core.shell:Creating environment descriptor '/home/meta/Documents/robotics_workspace_new/install/motus_cli/share/motus_cli/hook/path.dsv'
[8.188s] INFO:colcon.colcon_core.shell:Creating environment hook '/home/meta/Documents/robotics_workspace_new/install/motus_cli/share/motus_cli/hook/path.sh'
[8.190s] Level 1:colcon.colcon_core.environment:checking '/home/meta/Documents/robotics_workspace_new/install/motus_cli/lib/pkgconfig/motus_cli.pc'
[8.190s] Level 1:colcon.colcon_core.environment:checking '/home/meta/Documents/robotics_workspace_new/install/motus_cli/lib/python3.12/site-packages'
[8.191s] Level 1:colcon.colcon_core.shell:create_environment_hook('motus_cli', 'pythonpath')
[8.191s] INFO:colcon.colcon_core.shell:Creating environment hook '/home/meta/Documents/robotics_workspace_new/install/motus_cli/share/motus_cli/hook/pythonpath.ps1'
[8.192s] INFO:colcon.colcon_core.shell:Creating environment descriptor '/home/meta/Documents/robotics_workspace_new/install/motus_cli/share/motus_cli/hook/pythonpath.dsv'
[8.192s] INFO:colcon.colcon_core.shell:Creating environment hook '/home/meta/Documents/robotics_workspace_new/install/motus_cli/share/motus_cli/hook/pythonpath.sh'
[8.193s] Level 1:colcon.colcon_core.environment:checking '/home/meta/Documents/robotics_workspace_new/install/motus_cli/bin'
[8.193s] Level 1:colcon.colcon_core.shell:create_environment_hook('motus_cli', 'pythonscriptspath')
[8.194s] INFO:colcon.colcon_core.shell:Creating environment hook '/home/meta/Documents/robotics_workspace_new/install/motus_cli/share/motus_cli/hook/pythonscriptspath.ps1'
[8.194s] INFO:colcon.colcon_core.shell:Creating environment descriptor '/home/meta/Documents/robotics_workspace_new/install/motus_cli/share/motus_cli/hook/pythonscriptspath.dsv'
[8.195s] INFO:colcon.colcon_core.shell:Creating environment hook '/home/meta/Documents/robotics_workspace_new/install/motus_cli/share/motus_cli/hook/pythonscriptspath.sh'
[8.195s] Level 1:colcon.colcon_core.environment:create_environment_scripts_only(motus_cli)
[8.196s] INFO:colcon.colcon_core.shell:Creating package script '/home/meta/Documents/robotics_workspace_new/install/motus_cli/share/motus_cli/package.ps1'
[8.198s] INFO:colcon.colcon_core.shell:Creating package descriptor '/home/meta/Documents/robotics_workspace_new/install/motus_cli/share/motus_cli/package.dsv'
[8.199s] INFO:colcon.colcon_core.shell:Creating package script '/home/meta/Documents/robotics_workspace_new/install/motus_cli/share/motus_cli/package.sh'
[8.201s] INFO:colcon.colcon_core.shell:Creating package script '/home/meta/Documents/robotics_workspace_new/install/motus_cli/share/motus_cli/package.bash'
[8.203s] INFO:colcon.colcon_core.shell:Creating package script '/home/meta/Documents/robotics_workspace_new/install/motus_cli/share/motus_cli/package.zsh'
[8.204s] Level 1:colcon.colcon_core.environment:create_file_with_runtime_dependencies(/home/meta/Documents/robotics_workspace_new/install/motus_cli/share/colcon-core/packages/motus_cli)
[8.205s] DEBUG:colcon.colcon_parallel_executor.executor.parallel:closing loop
[8.206s] DEBUG:colcon.colcon_parallel_executor.executor.parallel:loop closed
[8.206s] DEBUG:colcon.colcon_parallel_executor.executor.parallel:run_until_complete finished with '0'
[8.207s] DEBUG:colcon.colcon_core.event_reactor:joining thread
[8.221s] INFO:colcon.colcon_core.plugin_system:Skipping extension 'colcon_notification.desktop_notification.terminal_notifier': Not used on non-Darwin systems
[8.221s] INFO:colcon.colcon_core.plugin_system:Skipping extension 'colcon_notification.desktop_notification.win32': Not used on non-Windows systems
[8.222s] INFO:colcon.colcon_notification.desktop_notification:Sending desktop notification using 'notify2'
[8.246s] DEBUG:colcon.colcon_core.event_reactor:joined thread
[8.246s] INFO:colcon.colcon_core.shell:Creating prefix script '/home/meta/Documents/robotics_workspace_new/install/local_setup.ps1'
[8.248s] INFO:colcon.colcon_core.shell:Creating prefix util module '/home/meta/Documents/robotics_workspace_new/install/_local_setup_util_ps1.py'
[8.250s] INFO:colcon.colcon_core.shell:Creating prefix chain script '/home/meta/Documents/robotics_workspace_new/install/setup.ps1'
[8.255s] INFO:colcon.colcon_core.shell:Creating prefix script '/home/meta/Documents/robotics_workspace_new/install/local_setup.sh'
[8.256s] INFO:colcon.colcon_core.shell:Creating prefix util module '/home/meta/Documents/robotics_workspace_new/install/_local_setup_util_sh.py'
[8.257s] INFO:colcon.colcon_core.shell:Creating prefix chain script '/home/meta/Documents/robotics_workspace_new/install/setup.sh'
[8.262s] INFO:colcon.colcon_core.shell:Creating prefix script '/home/meta/Documents/robotics_workspace_new/install/local_setup.bash'
[8.262s] INFO:colcon.colcon_core.shell:Creating prefix chain script '/home/meta/Documents/robotics_workspace_new/install/setup.bash'
[8.267s] INFO:colcon.colcon_core.shell:Creating prefix script '/home/meta/Documents/robotics_workspace_new/install/local_setup.zsh'
[8.268s] INFO:colcon.colcon_core.shell:Creating prefix chain script '/home/meta/Documents/robotics_workspace_new/install/setup.zsh'
